date,time,contest,numerone,n1,n2,n3,n4,n5,n6,n7,n8,n9,n10
2014-01-01,07:00,1,6,3,5,7,8,9,14,15,16,19,20
2014-01-01,08:00,2,5,1,2,3,5,8,9,14,15,17,18
2014-01-01,09:00,3,15,1,2,4,6,8,9,13,14,18,19
2014-01-01,10:00,4,12,3,5,6,9,10,12,13,16,18,20
2014-01-01,11:00,5,16,4,5,6,8,10,11,13,14,17,20
2014-01-01,12:00,6,3,4,5,7,8,10,11,12,13,14,19
2014-01-01,13:00,7,11,1,3,4,7,10,13,14,17,18,20
2014-01-01,14:00,8,8,1,2,5,8,9,12,14,15,17,19
2014-01-01,15:00,9,15,1,2,5,6,11,12,16,17,18,20
2014-01-01,16:00,10,13,2,3,4,5,7,9,15,16,19,20
2014-01-01,17:00,11,12,3,4,6,7,10,13,16,17,19,20
2014-01-01,18:00,12,4,1,2,3,4,6,7,8,10,13,16
2014-01-01,19:00,13,2,1,4,5,6,7,11,14,16,19,20
2014-01-01,20:00,14,15,5,7,8,9,10,16,17,18,19,20
2014-01-01,21:00,15,15,1,3,6,7,8,9,11,14,18,19
2014-01-01,22:00,16,10,3,4,6,8,9,10,11,17,19,20
2014-01-01,23:00,17,17,3,4,5,7,9,10,14,16,17,18
2014-01-02,07:00,18,20,3,4,5,7,8,9,11,13,19,20
2014-01-02,08:00,19,18,2,3,6,9,10,11,13,14,19,20
2014-01-02,09:00,20,12,1,4,5,9,14,15,16,18,19,20
2014-01-02,10:00,21,1,4,6,7,8,10,13,15,16,18,19
2014-01-02,11:00,22,5,2,3,4,6,10,11,14,15,16,17
2014-01-02,12:00,23,4,1,2,3,5,6,13,14,15,16,19
2014-01-02,13:00,24,14,1,2,5,8,10,11,14,15,16,20
2014-01-02,14:00,25,19,2,4,6,8,9,12,14,15,17,19
2014-01-02,15:00,26,4,1,4,7,8,10,11,12,13,17,18
2014-01-02,16:00,27,15,5,7,8,10,11,12,13,16,18,20
2014-01-02,17:00,28,10,2,3,5,7,8,9,10,13,15,16
2014-01-02,18:00,29,6,2,8,9,10,13,14,16,17,18,20
2014-01-02,19:00,30,16,2,5,8,10,13,15,16,17,18,19
2014-01-02,20:00,31,2,3,4,5,6,7,9,13,16,19,20
2014-01-02,21:00,32,19,1,4,5,12,14,15,16,17,18,20
2014-01-02,22:00,33,17,3,6,8,9,11,12,15,17,18,19
2014-01-02,23:00,34,9,1,2,3,4,5,9,11,18,19,20
2014-01-03,07:00,35,1,2,3,4,6,7,8,10,12,13,18
2014-01-03,08:00,36,19,3,4,5,8,9,10,11,12,16,19
2014-01-03,09:00,37,4,1,2,3,6,9,10,12,13,14,17
2014-01-03,10:00,38,6,1,3,6,8,10,11,15,17,18,20
2014-01-03,11:00,39,7,1,3,7,8,11,13,17,18,19,20
2014-01-03,12:00,40,14,5,6,10,11,12,13,14,17,19,20
2014-01-03,13:00,41,18,2,5,6,10,11,12,16,17,19,20
2014-01-03,14:00,42,6,1,2,6,10,11,14,15,17,19,20
2014-01-03,15:00,43,6,2,3,4,9,11,12,13,14,19,20
2014-01-03,16:00,44,19,1,2,3,7,8,9,10,11,15,17
2014-01-03,17:00,45,10,1,3,7,8,9,11,13,15,16,17
2014-01-03,18:00,46,2,3,5,9,10,11,12,14,16,19,20
2014-01-03,19:00,47,5,1,3,5,6,12,13,14,15,17,19
2014-01-03,20:00,48,16,2,3,6,7,8,10,17,18,19,20
2014-01-03,21:00,49,7,2,4,5,8,9,15,16,17,18,20
2014-01-03,22:00,50,13,5,6,9,11,12,13,15,17,18,20
2014-01-03,23:00,51,16,4,6,7,8,10,11,12,15,16,19
2014-01-04,07:00,52,5,2,3,9,11,12,13,14,16,17,20
2014-01-04,08:00,53,1,1,2,3,4,5,10,11,12,16,19
2014-01-04,09:00,54,2,1,2,3,4,8,9,12,15,17,19
2014-01-04,10:00,55,13,1,3,4,5,7,8,10,11,12,17
2014-01-04,11:00,56,20,1,2,3,5,8,11,12,13,16,18
2014-01-04,12:00,57,17,1,6,7,8,9,12,16,18,19,20
2014-01-04,13:00,58,17,3,4,6,8,11,12,13,16,19,20
2014-01-04,14:00,59,2,1,3,6,7,10,12,16,17,18,19
2014-01-04,15:00,60,15,1,3,4,5,8,9,10,12,16,17
2014-01-04,16:00,61,4,1,6,9,10,12,13,14,16,17,18
2014-01-04,17:00,62,12,4,5,6,7,10,11,12,14,15,17
2014-01-04,18:00,63,16,1,3,5,7,9,12,15,16,18,19
2014-01-04,19:00,64,10,1,2,8,11,12,13,15,16,18,19
2014-01-04,20:00,65,16,3,4,5,6,7,11,15,16,18,19
2014-01-04,21:00,66,4,2,5,6,8,9,11,12,14,16,17
2014-01-04,22:00,67,17,1,2,3,4,6,7,11,12,14,18
2014-01-04,23:00,68,16,1,5,6,7,9,10,11,18,19,20
2014-01-05,07:00,69,19,1,2,3,4,6,8,9,12,19,20
2014-01-05,08:00,70,6,2,4,5,8,10,12,13,14,17,20
2014-01-05,09:00,71,3,1,3,5,6,8,13,14,17,18,19
2014-01-05,10:00,72,2,2,3,4,5,7,9,13,17,18,20
2014-01-05,11:00,73,2,1,2,6,8,9,11,13,17,18,19
2014-01-05,12:00,74,2,1,3,6,7,9,10,14,16,18,20
2014-01-05,13:00,75,17,1,2,5,6,8,11,12,13,14,16
2014-01-05,14:00,76,7,3,4,7,8,9,10,15,16,17,19
2014-01-05,15:00,77,17,1,2,4,6,8,10,15,16,17,19
2014-01-05,16:00,78,9,4,8,11,12,13,15,16,17,18,19
2014-01-05,17:00,79,16,1,3,4,7,13,14,15,18,19,20
2014-01-05,18:00,80,19,1,4,5,8,10,12,13,15,17,19
2014-01-05,19:00,81,14,1,6,7,10,12,13,15,16,17,18
2014-01-05,20:00,82,7,2,5,8,11,12,14,15,16,17,18
2014-01-05,21:00,83,3,3,5,6,7,8,10,11,12,19,20
2014-01-05,22:00,84,16,2,4,7,10,12,14,15,17,18,20
2014-01-05,23:00,85,5,2,3,6,7,8,10,15,16,17,18
2014-01-06,07:00,86,20,1,4,7,8,11,13,14,16,17,20
2014-01-06,08:00,87,10,5,6,8,10,11,12,15,18,19,20
2014-01-06,09:00,88,4,1,2,8,10,11,13,16,17,18,19
2014-01-06,10:00,89,13,1,3,8,9,11,13,16,18,19,20
2014-01-06,11:00,90,14,1,2,3,4,5,9,12,15,17,20
2014-01-06,12:00,91,17,1,2,6,9,10,12,14,17,18,19
2014-01-06,13:00,92,2,3,7,8,9,10,11,14,18,19,20
2014-01-06,14:00,93,17,1,3,4,5,9,10,11,14,17,18
2014-01-06,15:00,94,5,2,3,4,7,8,10,11,15,16,17
2014-01-06,16:00,95,13,1,2,6,7,8,11,12,13,18,19
2014-01-06,17:00,96,19,2,3,4,5,6,10,11,13,15,16
2014-01-06,18:00,97,7,1,2,3,4,5,7,13,15,17,20
2014-01-06,19:00,98,4,3,4,9,11,12,13,14,15,16,20
2014-01-06,20:00,99,11,3,4,5,8,9,11,12,16,18,20
2014-01-06,21:00,100,14,2,3,5,7,8,9,10,13,15,17
2014-01-06,22:00,101,20,4,9,10,11,12,15,16,17,18,19
2014-01-06,23:00,102,12,1,2,3,5,6,9,10,13,14,18
2014-01-07,07:00,103,19,2,3,4,8,9,10,11,12,16,19
2014-01-07,08:00,104,5,2,3,4,7,11,13,14,16,17,18
2014-01-07,09:00,105,2,2,4,6,8,9,11,13,14,18,19
2014-01-07,10:00,106,1,1,3,6,10,12,13,16,17,19,20
2014-01-07,11:00,107,11,2,6,7,9,10,12,15,17,18,20
2014-01-07,12:00,108,3,2,5,6,8,9,11,14,16,17,19
2014-01-07,13:00,109,18,4,6,7,8,9,12,13,14,16,17
2014-01-07,14:00,110,2,2,8,11,12,15,16,17,18,19,20
2014-01-07,15:00,111,9,1,3,5,6,9,11,12,15,16,18
2014-01-07,16:00,112,12,2,3,4,9,10,11,12,16,19,20
2014-01-07,17:00,113,12,6,7,12,13,14,15,16,17,18,20
2014-01-07,18:00,114,6,3,7,8,10,11,12,15,16,17,18
2014-01-07,19:00,115,3,1,2,3,4,6,11,13,15,16,18
2014-01-07,20:00,116,13,3,4,5,9,13,14,15,16,17,20
2014-01-07,21:00,117,10,3,5,6,7,10,11,13,14,19,20
2014-01-07,22:00,118,1,2,3,4,7,10,11,15,16,18,19
2014-01-07,23:00,119,7,7,8,9,11,13,14,15,17,18,19
2014-01-08,07:00,120,19,3,6,7,9,11,15,17,18,19,20
2014-01-08,08:00,121,10,2,3,6,7,8,9,10,13,17,18
2014-01-08,09:00,122,17,1,3,6,8,10,11,12,15,18,20
2014-01-08,10:00,123,11,1,3,4,6,10,15,16,17,18,19
2014-01-08,11:00,124,4,5,6,7,10,11,13,15,18,19,20
2014-01-08,12:00,125,8,4,5,9,13,14,16,17,18,19,20
2014-01-08,13:00,126,1,1,3,4,7,9,11,12,13,16,17
2014-01-08,14:00,127,6,1,2,5,6,8,10,11,13,14,19
2014-01-08,15:00,128,9,1,2,3,7,8,9,14,15,17,19
2014-01-08,16:00,129,10,2,3,4,8,9,11,12,13,14,16
2014-01-08,17:00,130,16,1,3,4,6,8,14,16,17,18,19
2014-01-08,18:00,131,2,6,8,10,11,12,14,15,17,18,19
2014-01-08,19:00,132,14,1,5,9,10,12,14,15,16,18,20
2014-01-08,20:00,133,10,1,3,4,5,7,9,11,12,14,20
2014-01-08,21:00,134,2,2,3,8,11,12,13,16,17,18,19
2014-01-08,22:00,135,15,2,6,7,11,13,15,16,17,18,19
2014-01-08,23:00,136,12,2,4,5,6,7,8,11,17,18,20
2014-01-09,07:00,137,4,1,2,4,6,7,8,11,12,15,17
2014-01-09,08:00,138,15,3,6,7,9,14,15,16,17,18,20
2014-01-09,09:00,139,15,2,5,6,8,11,13,14,15,19,20
2014-01-09,10:00,140,2,1,3,9,11,12,13,15,17,18,20
2014-01-09,11:00,141,4,1,2,5,6,8,9,14,17,19,20
2014-01-09,12:00,142,9,2,6,8,10,14,15,16,17,18,19
2014-01-09,13:00,143,20,3,6,7,11,13,14,15,16,18,19
2014-01-09,14:00,144,9,1,6,8,9,10,13,14,15,17,18
2014-01-09,15:00,145,6,1,5,6,10,11,12,14,18,19,20
2014-01-09,16:00,146,19,1,5,7,10,12,13,15,16,17,18
2014-01-09,17:00,147,13,1,2,5,7,8,10,14,15,19,20
2014-01-09,18:00,148,20,1,2,4,5,11,12,13,16,18,19
2014-01-09,19:00,149,1,1,2,3,5,12,14,15,17,18,19
2014-01-09,20:00,150,19,2,5,6,7,9,12,16,18,19,20
2014-01-09,21:00,151,19,3,5,6,7,8,11,16,17,18,19
2014-01-09,22:00,152,6,1,2,3,6,10,11,12,13,14,18
2014-01-09,23:00,153,10,2,7,10,13,14,15,17,18,19,20
2014-01-10,07:00,154,19,2,3,7,8,9,10,12,13,16,19
2014-01-10,08:00,155,19,1,2,3,5,8,9,14,17,18,19
2014-01-10,09:00,156,15,1,2,3,4,5,6,9,10,12,16
2014-01-10,10:00,157,14,1,5,8,10,11,13,17,18,19,20
2014-01-10,11:00,158,10,3,4,6,7,8,10,14,18,19,20
2014-01-10,12:00,159,13,1,5,8,9,11,14,16,17,18,19
2014-01-10,13:00,160,4,2,3,4,7,10,11,14,15,18,19
2014-01-10,14:00,161,19,1,3,4,5,11,12,13,14,18,19
2014-01-10,15:00,162,1,3,6,9,10,11,12,13,16,17,19
2014-01-10,16:00,163,4,1,2,3,4,5,6,13,14,19,20
2014-01-10,17:00,164,9,1,4,5,6,8,10,11,16,19,20
2014-01-10,18:00,165,7,1,5,7,8,9,11,12,13,14,17
2014-01-10,19:00,166,18,1,3,6,8,9,12,13,15,16,18
2014-01-10,20:00,167,18,1,2,3,4,6,7,13,16,18,20
2014-01-10,21:00,168,17,1,3,5,6,7,11,12,13,15,16
2014-01-10,22:00,169,5,1,4,6,8,11,15,17,18,19,20
2014-01-10,23:00,170,9,1,2,4,5,6,7,8,12,14,20
2014-01-11,07:00,171,12,1,3,9,11,13,14,16,17,18,19
2014-01-11,08:00,172,8,1,2,4,9,10,11,14,17,18,20
2014-01-11,09:00,173,17,1,4,7,9,11,12,13,17,18,20
2014-01-11,10:00,174,19,2,3,4,5,6,8,12,13,15,19
2014-01-11,11:00,175,20,2,6,10,11,12,13,14,15,18,19
2014-01-11,12:00,176,17,2,3,4,5,12,13,14,15,17,19
2014-01-11,13:00,177,8,2,5,6,12,13,14,15,17,18,20
2014-01-11,14:00,178,20,2,3,4,6,8,10,13,14,16,18
2014-01-11,15:00,179,12,4,6,10,11,12,13,15,17,19,20
2014-01-11,16:00,180,6,2,3,4,12,13,14,16,17,18,20
2014-01-11,17:00,181,11,2,3,4,8,11,13,14,16,18,20
2014-01-11,18:00,182,3,3,5,6,7,8,9,12,15,17,19
2014-01-11,19:00,183,18,4,6,9,10,11,13,14,18,19,20
2014-01-11,20:00,184,12,1,2,3,5,11,13,14,18,19,20
2014-01-11,21:00,185,9,1,2,3,7,8,9,10,14,15,18
2014-01-11,22:00,186,20,3,4,6,7,8,10,11,12,18,19
2014-01-11,23:00,187,5,2,3,4,5,6,7,12,14,15,17
2014-01-12,07:00,188,3,1,3,4,8,11,12,13,17,18,20
2014-01-12,08:00,189,8,1,4,5,7,8,9,11,16,19,20
2014-01-12,09:00,190,2,1,5,6,7,9,11,15,16,18,19
2014-01-12,10:00,191,18,2,4,5,7,12,14,15,17,18,19
2014-01-12,11:00,192,11,1,2,4,6,7,11,12,15,16,17
2014-01-12,12:00,193,14,3,5,6,7,8,9,11,12,16,17
2014-01-12,13:00,194,10,1,2,3,4,5,6,8,10,11,20
2014-01-12,14:00,195,9,2,8,9,12,15,16,17,18,19,20
2014-01-12,15:00,196,16,1,3,5,6,8,9,12,13,14,16
2014-01-12,16:00,197,3,1,3,4,5,9,10,12,17,18,20
2014-01-12,17:00,198,1,2,5,6,8,9,11,12,15,19,20
2014-01-12,18:00,199,20,1,2,5,6,7,8,14,15,18,20
2014-01-12,19:00,200,7,1,2,4,5,7,11,14,15,16,18
2014-01-12,20:00,201,8,1,6,7,8,9,10,11,12,18,19
2014-01-12,21:00,202,12,2,5,7,8,10,15,16,17,18,20
2014-01-12,22:00,203,14,1,3,4,5,7,8,9,12,15,18
2014-01-12,23:00,204,18,1,3,7,8,10,12,13,15,18,20
2014-01-13,07:00,205,20,1,3,4,6,7,8,9,10,14,18
2014-01-13,08:00,206,12,3,7,8,9,12,13,16,18,19,20
2014-01-13,09:00,207,7,2,3,4,6,8,9,13,14,18,19
2014-01-13,10:00,208,4,1,2,3,5,8,9,10,14,15,17
2014-01-13,11:00,209,18,1,2,3,5,6,10,11,13,14,19
2014-01-13,12:00,210,7,1,2,3,4,5,13,16,17,19,20
2014-01-13,13:00,211,14,1,2,4,5,10,14,16,17,18,20
2014-01-13,14:00,212,11,2,3,4,6,7,9,11,13,14,18
2014-01-13,15:00,213,6,1,2,3,8,9,12,13,18,19,20
2014-01-13,16:00,214,9,1,2,3,9,11,14,15,16,17,20
2014-01-13,17:00,215,11,3,7,9,11,12,15,16,18,19,20
2014-01-13,18:00,216,15,3,5,9,11,14,15,16,17,18,19
2014-01-13,19:00,217,3,2,3,9,10,12,13,14,16,18,20
2014-01-13,20:00,218,11,4,7,9,12,13,14,17,18,19,20
2014-01-13,21:00,219,5,1,5,7,8,10,12,14,15,18,19
2014-01-13,22:00,220,14,2,3,4,9,10,12,14,16,19,20
2014-01-13,23:00,221,1,2,4,7,8,9,10,16,18,19,20
2014-01-14,07:00,222,6,4,5,7,8,10,11,12,14,15,16
2014-01-14,08:00,223,17,1,2,7,10,11,13,14,18,19,20
2014-01-14,09:00,224,8,1,3,5,7,8,10,14,17,19,20
2014-01-14,10:00,225,18,3,4,5,8,9,11,12,13,16,17
2014-01-14,11:00,226,4,2,5,7,9,10,11,13,15,18,19
2014-01-14,12:00,227,4,2,3,4,8,10,11,12,15,17,20
2014-01-14,13:00,228,14,1,4,6,7,9,10,15,16,18,19
2014-01-14,14:00,229,2,1,5,6,8,9,10,12,13,14,16
2014-01-14,15:00,230,6,1,5,8,9,10,11,12,13,14,15
2014-01-14,16:00,231,15,4,5,7,8,9,12,13,14,16,19
2014-01-14,17:00,232,4,1,2,4,9,12,13,14,15,19,20
2014-01-14,18:00,233,1,2,5,6,7,10,11,13,14,18,19
2014-01-14,19:00,234,20,4,7,8,9,10,11,14,15,18,20
2014-01-14,20:00,235,14,1,3,6,11,12,14,15,16,17,19
2014-01-14,21:00,236,15,4,7,8,9,10,12,13,14,16,17
2014-01-14,22:00,237,2,6,7,8,10,11,12,14,16,18,19
2014-01-14,23:00,238,20,2,4,6,9,12,14,15,16,17,20
2014-01-15,07:00,239,8,1,2,7,8,11,13,16,17,19,20
2014-01-15,08:00,240,14,2,5,9,10,12,13,15,16,19,20
2014-01-15,09:00,241,5,3,4,6,8,12,13,15,16,18,20
2014-01-15,10:00,242,7,1,3,5,8,11,12,13,16,17,20
2014-01-15,11:00,243,19,3,4,6,7,8,9,11,13,14,16
2014-01-15,12:00,244,18,2,3,4,7,10,15,17,18,19,20
2014-01-15,13:00,245,20,3,4,6,8,9,13,14,15,16,18
2014-01-15,14:00,246,17,1,3,4,7,9,10,15,16,17,18
2014-01-15,15:00,247,15,2,3,5,7,9,11,14,15,16,18
2014-01-15,16:00,248,4,2,3,4,6,8,9,12,14,15,19
2014-01-15,17:00,249,14,2,4,5,6,12,13,15,17,18,20
2014-01-15,18:00,250,9,1,2,8,10,13,15,16,17,19,20
2014-01-15,19:00,251,17,1,3,4,5,6,10,11,14,15,19
2014-01-15,20:00,252,20,1,5,6,7,8,12,15,16,17,19
2014-01-15,21:00,253,11,1,3,7,8,11,13,14,15,16,17
2014-01-15,22:00,254,15,3,4,6,8,11,12,17,18,19,20
2014-01-15,23:00,255,12,3,4,5,7,8,10,11,12,15,17
2014-01-16,07:00,256,12,2,5,6,7,9,10,11,12,14,18
2014-01-16,08:00,257,14,4,5,6,10,11,15,16,18,19,20
2014-01-16,09:00,258,16,4,8,12,13,15,16,17,18,19,20
2014-01-16,10:00,259,8,2,4,5,6,11,12,14,15,17,19
2014-01-16,11:00,260,11,1,2,3,6,8,9,12,15,17,20
2014-01-16,12:00,261,1,3,4,5,8,9,12,17,18,19,20
2014-01-16,13:00,262,9,1,2,3,6,8,9,10,13,15,20
2014-01-16,14:00,263,12,4,5,6,7,8,9,10,15,17,19
2014-01-16,15:00,264,3,1,2,3,4,8,10,13,15,17,20
2014-01-16,16:00,265,15,1,3,4,5,9,11,13,15,16,20
2014-01-16,17:00,266,1,1,2,3,4,9,10,12,18,19,20
2014-01-16,18:00,267,20,2,3,5,7,8,10,11,13,14,17
2014-01-16,19:00,268,4,5,6,7,8,12,13,15,16,18,20
2014-01-16,20:00,269,13,1,2,4,5,6,7,13,14,16,17
2014-01-16,21:00,270,7,1,3,5,10,12,14,15,17,19,20
2014-01-16,22:00,271,6,3,5,6,10,11,12,13,17,18,19
2014-01-16,23:00,272,17,1,3,4,6,7,9,12,13,17,19
2014-01-17,07:00,273,17,1,2,6,10,12,14,15,17,18,20
2014-01-17,08:00,274,12,2,3,5,7,10,13,16,17,18,19
2014-01-17,09:00,275,6,2,3,4,5,6,7,14,16,17,18
2014-01-17,10:00,276,18,1,2,3,4,5,6,7,11,12,14
2014-01-17,11:00,277,16,2,3,6,7,8,10,11,17,18,20
2014-01-17,12:00,278,5,1,2,4,5,6,9,12,16,17,20
2014-01-17,13:00,279,17,1,6,8,9,11,14,15,18,19,20
2014-01-17,14:00,280,14,2,4,5,6,7,12,13,15,16,17
2014-01-17,15:00,281,10,1,4,5,7,8,10,11,13,15,18
2014-01-17,16:00,282,2,1,2,4,7,8,11,13,14,17,19
2014-01-17,17:00,283,4,2,3,5,7,9,11,12,13,16,17
2014-01-17,18:00,284,2,1,2,3,5,10,12,14,17,19,20
2014-01-17,19:00,285,1,1,2,4,9,10,11,15,16,17,19
2014-01-17,20:00,286,11,2,3,5,8,10,11,14,15,18,20
2014-01-17,21:00,287,2,1,8,9,10,12,13,14,18,19,20
2014-01-17,22:00,288,20,1,3,6,12,13,15,16,17,18,19
2014-01-17,23:00,289,20,2,5,8,10,11,13,16,17,19,20
2014-01-18,07:00,290,4,1,4,6,7,8,9,13,15,18,20
2014-01-18,08:00,291,3,2,3,6,8,9,10,11,12,13,18
2014-01-18,09:00,292,2,3,5,6,8,9,11,14,15,16,19
2014-01-18,10:00,293,12,2,3,7,9,11,13,15,18,19,20
2014-01-18,11:00,294,4,3,7,9,11,13,14,15,16,19,20
2014-01-18,12:00,295,7,3,6,9,10,13,14,15,17,19,20
2014-01-18,13:00,296,3,2,3,4,6,7,8,10,11,12,17
2014-01-18,14:00,297,7,6,7,8,10,11,13,15,17,19,20
2014-01-18,15:00,298,12,3,5,6,7,9,11,14,17,19,20
2014-01-18,16:00,299,5,1,2,5,6,7,8,14,15,19,20
2014-01-18,17:00,300,12,2,3,4,5,6,7,13,15,19,20
2014-01-18,18:00,301,11,1,4,5,8,10,14,15,16,18,20
2014-01-18,19:00,302,20,4,6,7,8,10,12,13,16,19,20
2014-01-18,20:00,303,5,1,2,5,6,7,12,13,14,19,20
2014-01-18,21:00,304,13,1,2,4,6,8,10,12,13,14,16
2014-01-18,22:00,305,4,2,4,5,6,7,9,10,11,16,18
2014-01-18,23:00,306,11,2,4,5,7,8,10,11,12,17,19
2014-01-19,07:00,307,3,2,3,4,5,8,9,12,13,19,20
2014-01-19,08:00,308,17,1,3,4,6,10,11,12,16,17,19
2014-01-19,09:00,309,14,1,2,3,5,9,11,12,15,18,20
2014-01-19,10:00,310,12,1,4,9,11,12,13,14,15,16,20
2014-01-19,11:00,311,5,1,2,3,5,10,15,17,18,19,20
2014-01-19,12:00,312,18,1,4,7,11,12,13,15,17,18,20
2014-01-19,13:00,313,10,1,3,7,8,9,13,14,18,19,20
2014-01-19,14:00,314,9,2,5,9,10,11,14,15,17,19,20
2014-01-19,15:00,315,3,1,2,4,9,10,11,13,14,17,19
2014-01-19,16:00,316,6,3,4,9,10,11,13,15,16,18,19
2014-01-19,17:00,317,4,1,2,6,7,9,11,13,17,19,20
2014-01-19,18:00,318,16,1,2,3,4,9,12,13,15,16,18
2014-01-19,19:00,319,5,1,2,3,4,9,12,13,15,16,17
2014-01-19,20:00,320,17,1,2,3,5,7,8,11,13,17,20
2014-01-19,21:00,321,1,1,2,4,7,8,11,12,13,15,18
2014-01-19,22:00,322,2,1,3,9,11,12,13,14,16,17,19
2014-01-19,23:00,323,5,2,5,6,7,8,9,12,13,14,15
2014-01-20,07:00,324,15,1,2,5,10,11,12,14,15,17,20
2014-01-20,08:00,325,6,3,4,5,6,12,15,16,17,19,20
2014-01-20,09:00,326,18,1,7,10,11,12,13,15,16,18,20
2014-01-20,10:00,327,16,1,5,7,9,10,11,14,15,18,20
2014-01-20,11:00,328,9,4,5,7,11,12,14,15,17,18,20
2014-01-20,12:00,329,1,1,4,7,8,9,11,16,17,19,20
2014-01-20,13:00,330,3,1,2,3,10,11,13,14,15,18,19
2014-01-20,14:00,331,5,1,5,10,11,12,14,15,17,18,20
2014-01-20,15:00,332,9,1,8,9,11,14,16,17,18,19,20
2014-01-20,16:00,333,9,3,6,9,11,12,14,15,16,18,20
2014-01-20,17:00,334,4,2,4,5,8,10,13,14,17,19,20
2014-01-20,18:00,335,19,2,6,8,9,12,15,16,17,18,19
2014-01-20,19:00,336,1,1,2,4,7,8,9,11,17,18,19
2014-01-20,20:00,337,12,2,4,6,8,9,10,13,17,18,20
2014-01-20,21:00,338,14,1,5,6,7,8,10,11,13,15,18
2014-01-20,22:00,339,9,4,6,9,10,12,13,14,15,19,20
2014-01-20,23:00,340,14,1,8,10,12,14,15,16,17,19,20
2014-01-21,07:00,341,6,1,2,5,6,7,10,11,15,17,20
2014-01-21,08:00,342,18,1,4,6,7,13,14,16,17,19,20
2014-01-21,09:00,343,19,1,2,7,8,9,11,13,15,19,20
2014-01-21,10:00,344,1,1,3,5,7,8,10,14,15,18,20
2014-01-21,11:00,345,18,2,3,8,9,13,14,16,17,18,20
2014-01-21,12:00,346,9,1,2,6,7,11,14,16,17,18,19
2014-01-21,13:00,347,2,3,4,5,7,13,14,17,18,19,20
2014-01-21,14:00,348,19,1,3,6,7,8,10,12,15,18,19
2014-01-21,15:00,349,3,2,4,6,7,8,9,10,13,19,20
2014-01-21,16:00,350,18,2,4,5,9,10,14,16,18,19,20
2014-01-21,17:00,351,18,1,3,7,8,11,14,15,16,17,19
2014-01-21,18:00,352,2,3,4,5,6,7,8,9,11,12,13
2014-01-21,19:00,353,4,2,3,5,6,8,10,11,15,18,20
2014-01-21,20:00,354,4,2,3,4,6,9,10,11,15,17,20
2014-01-21,21:00,355,18,6,7,8,10,11,12,13,14,15,19
2014-01-21,22:00,356,14,1,2,4,8,9,11,14,16,18,20
2014-01-21,23:00,357,8,1,5,7,8,10,11,12,16,19,20
2014-01-22,07:00,358,16,1,4,5,6,11,12,14,18,19,20
2014-01-22,08:00,359,13,3,4,6,7,10,13,14,15,16,17
2014-01-22,09:00,360,4,1,3,4,7,8,9,12,13,16,20
2014-01-22,10:00,361,17,3,4,8,9,10,11,14,15,19,20
2014-01-22,11:00,362,14,1,5,6,8,9,10,12,17,18,19
2014-01-22,12:00,363,14,6,7,8,9,12,16,17,18,19,20
2014-01-22,13:00,364,13,3,6,7,9,10,11,12,14,15,20
2014-01-22,14:00,365,2,1,5,7,9,10,11,12,13,14,19
2014-01-22,15:00,366,9,4,9,11,12,13,15,16,17,18,20
2014-01-22,16:00,367,1,1,3,8,9,10,11,12,15,17,20
2014-01-22,17:00,368,5,2,3,6,7,8,9,10,12,15,16
2014-01-22,18:00,369,1,1,2,3,6,7,8,10,13,16,17
2014-01-22,19:00,370,8,6,7,8,11,12,14,17,18,19,20
2014-01-22,20:00,371,17,1,2,9,10,11,14,15,16,18,20
2014-01-22,21:00,372,19,1,2,4,5,6,7,9,16,17,18
2014-01-22,22:00,373,2,2,4,5,8,9,11,15,16,17,18
2014-01-22,23:00,374,7,1,2,5,8,10,12,13,15,17,18
2014-01-23,07:00,375,10,1,5,7,8,9,12,14,17,18,19
2014-01-23,08:00,376,9,1,3,4,11,14,15,16,17,18,20
2014-01-23,09:00,377,15,2,3,5,7,10,11,12,17,18,20
2014-01-23,10:00,378,13,1,2,3,9,12,14,16,17,18,19
2014-01-23,11:00,379,2,1,3,4,6,7,8,9,10,14,18
2014-01-23,12:00,380,9,2,3,4,8,12,14,15,16,17,18
2014-01-23,13:00,381,8,2,4,6,9,11,12,15,16,19,20
2014-01-23,14:00,382,10,1,2,3,10,12,13,14,15,16,17
2014-01-23,15:00,383,18,1,2,3,6,10,11,12,13,15,18
2014-01-23,16:00,384,5,1,2,3,4,6,8,11,15,17,19
2014-01-23,17:00,385,14,3,5,7,8,12,13,15,16,17,20
2014-01-23,18:00,386,9,2,4,5,8,9,13,15,16,17,20
2014-01-23,19:00,387,10,1,3,5,7,9,10,11,12,13,18
2014-01-23,20:00,388,15,1,4,5,6,9,12,15,16,17,19
2014-01-23,21:00,389,18,1,2,11,12,14,15,16,18,19,20
2014-01-23,22:00,390,5,2,3,4,9,10,12,13,14,17,20
2014-01-23,23:00,391,20,1,3,6,7,8,13,14,15,19,20
2014-01-24,07:00,392,15,1,2,4,6,11,12,13,16,17,19
2014-01-24,08:00,393,1,2,4,9,10,11,12,15,16,19,20
2014-01-24,09:00,394,17,5,6,7,8,9,10,11,17,18,20
2014-01-24,10:00,395,20,4,7,8,9,11,12,14,15,18,20
2014-01-24,11:00,396,6,1,2,3,5,9,10,12,13,14,16
2014-01-24,12:00,397,15,1,3,4,5,9,14,15,17,19,20
2014-01-24,13:00,398,14,1,6,7,8,9,10,14,16,18,19
2014-01-24,14:00,399,17,1,2,5,7,11,12,15,16,19,20
2014-01-24,15:00,400,8,1,2,4,5,7,8,9,12,17,20
2014-01-24,16:00,401,19,1,4,5,6,9,10,11,16,19,20
2014-01-24,17:00,402,8,2,3,4,8,9,12,13,14,18,19
2014-01-24,18:00,403,11,2,3,5,8,11,12,14,15,18,19
2014-01-24,19:00,404,6,1,3,4,8,9,12,13,14,15,18
2014-01-24,20:00,405,16,1,2,6,8,11,12,15,16,17,20
2014-01-24,21:00,406,12,1,2,4,8,9,10,13,14,16,17
2014-01-24,22:00,407,1,4,5,9,10,12,13,14,16,18,20
2014-01-24,23:00,408,2,4,5,7,9,10,12,15,16,18,20
2014-01-25,07:00,409,9,5,6,9,10,12,13,14,15,17,19
2014-01-25,08:00,410,2,1,6,7,11,12,13,14,15,17,20
2014-01-25,09:00,411,2,2,3,6,7,8,9,11,12,13,18
2014-01-25,10:00,412,17,3,4,7,8,9,11,12,15,18,20
2014-01-25,11:00,413,19,2,3,4,6,7,9,12,13,14,19
2014-01-25,12:00,414,11,1,3,7,9,14,15,16,18,19,20
2014-01-25,13:00,415,9,1,2,3,4,5,9,12,13,16,19
2014-01-25,14:00,416,16,1,6,8,11,13,14,15,18,19,20
2014-01-25,15:00,417,14,1,2,3,6,7,10,14,16,17,19
2014-01-25,16:00,418,8,1,3,4,6,7,10,15,16,17,20
2014-01-25,17:00,419,9,2,3,7,10,12,14,15,16,18,19
2014-01-25,18:00,420,18,2,5,7,8,9,12,13,15,18,20
2014-01-25,19:00,421,2,1,2,4,10,11,13,14,15,17,19
2014-01-25,20:00,422,6,1,2,5,6,7,10,12,18,19,20
2014-01-25,21:00,423,12,1,2,4,6,9,11,12,15,19,20
2014-01-25,22:00,424,1,2,5,6,7,8,10,11,12,19,20
2014-01-25,23:00,425,1,1,2,4,6,7,10,12,14,16,17
2014-01-26,07:00,426,11,1,2,3,4,5,8,15,16,19,20
2014-01-26,08:00,427,4,2,3,4,7,9,12,13,14,15,19
2014-01-26,09:00,428,8,2,3,6,7,8,9,11,14,15,19
2014-01-26,10:00,429,8,1,2,3,4,6,7,9,11,19,20
2014-01-26,11:00,430,15,1,2,8,10,11,12,14,17,19,20
2014-01-26,12:00,431,17,2,4,6,7,8,10,11,18,19,20
2014-01-26,13:00,432,19,1,2,5,9,11,14,16,17,18,19
2014-01-26,14:00,433,8,1,2,4,5,7,10,11,14,16,20
2014-01-26,15:00,434,16,1,4,6,10,12,13,14,15,16,20
2014-01-26,16:00,435,8,1,2,3,4,8,9,11,13,14,16
2014-01-26,17:00,436,10,1,5,8,9,10,11,13,14,18,20
2014-01-26,18:00,437,15,1,3,4,7,9,12,13,15,18,19
2014-01-26,19:00,438,16,2,3,5,7,8,15,17,18,19,20
2014-01-26,20:00,439,14,2,5,6,7,9,10,15,16,17,18
2014-01-26,21:00,440,5,1,4,5,6,8,11,12,14,15,16
2014-01-26,22:00,441,18,2,4,5,6,9,14,15,17,19,20
2014-01-26,23:00,442,7,1,10,11,12,13,14,16,17,19,20
2014-01-27,07:00,443,19,1,3,4,6,7,8,11,12,15,16
2014-01-27,08:00,444,19,3,4,10,12,13,14,15,16,18,20
2014-01-27,09:00,445,19,5,7,8,9,11,12,13,14,15,18
2014-01-27,10:00,446,20,2,3,6,8,9,14,15,16,18,19
2014-01-27,11:00,447,1,1,2,4,6,7,12,14,16,19,20
2014-01-27,12:00,448,20,1,3,4,5,6,7,8,9,12,13
2014-01-27,13:00,449,12,1,6,9,10,12,15,16,18,19,20
2014-01-27,14:00,450,12,1,3,8,9,10,11,12,16,17,18
2014-01-27,15:00,451,1,5,7,8,9,11,12,17,18,19,20
2014-01-27,16:00,452,12,1,2,3,7,9,10,15,16,19,20
2014-01-27,17:00,453,3,2,3,4,5,6,10,11,12,16,20
2014-01-27,18:00,454,6,2,3,5,7,11,12,13,17,18,20
2014-01-27,19:00,455,17,1,2,3,5,9,14,16,17,18,20
2014-01-27,20:00,456,5,3,4,6,7,9,10,11,12,14,20
2014-01-27,21:00,457,11,1,2,3,4,5,6,7,12,18,20
2014-01-27,22:00,458,19,4,5,6,8,9,10,11,15,18,19
2014-01-27,23:00,459,5,2,3,4,5,7,9,13,15,16,20
2014-01-28,07:00,460,7,2,3,7,8,9,10,11,13,16,20
2014-01-28,08:00,461,5,2,3,4,7,10,11,15,16,17,18
2014-01-28,09:00,462,12,1,3,4,6,11,12,13,14,15,20
2014-01-28,10:00,463,17,1,2,3,5,9,10,12,13,16,20
2014-01-28,11:00,464,12,2,5,7,8,9,10,11,16,19,20
2014-01-28,12:00,465,10,3,5,6,11,12,13,14,17,18,19
2014-01-28,13:00,466,12,2,4,7,11,13,14,15,16,19,20
2014-01-28,14:00,467,7,3,6,7,8,9,11,13,15,16,18
2014-01-28,15:00,468,16,1,5,6,7,8,13,14,15,17,19
2014-01-28,16:00,469,18,1,2,4,5,7,8,10,12,15,19
2014-01-28,17:00,470,4,5,6,7,8,12,13,14,16,17,20
2014-01-28,18:00,471,17,1,5,7,9,10,14,15,18,19,20
2014-01-28,19:00,472,14,1,6,7,10,11,13,14,17,18,19
2014-01-28,20:00,473,17,1,3,4,5,8,9,12,14,15,20
2014-01-28,21:00,474,16,3,4,5,7,9,13,14,15,19,20
2014-01-28,22:00,475,2,2,4,5,8,11,13,17,18,19,20
2014-01-28,23:00,476,19,1,2,8,11,13,15,17,18,19,20
2014-01-29,07:00,477,11,2,3,6,7,8,10,11,16,18,19
2014-01-29,08:00,478,19,1,4,5,7,14,16,17,18,19,20
2014-01-29,09:00,479,6,2,3,5,8,9,11,12,17,18,19
2014-01-29,10:00,480,18,1,2,4,7,9,11,17,18,19,20
2014-01-29,11:00,481,1,1,3,4,5,6,9,10,11,14,17
2014-01-29,12:00,482,9,2,3,4,5,8,10,11,12,17,19
2014-01-29,13:00,483,12,7,9,10,11,12,13,16,17,18,20
2014-01-29,14:00,484,8,1,2,3,8,10,11,13,14,15,16
2014-01-29,15:00,485,9,3,4,6,11,12,14,15,16,18,20
2014-01-29,16:00,486,7,4,6,9,11,13,14,15,16,17,19
2014-01-29,17:00,487,19,7,8,9,11,12,14,17,18,19,20
2014-01-29,18:00,488,20,3,4,6,8,12,14,15,17,18,20
2014-01-29,19:00,489,18,4,6,7,8,9,11,13,15,18,20
2014-01-29,20:00,490,5,4,6,8,9,10,12,13,17,18,20
2014-01-29,21:00,491,3,3,4,5,7,8,9,10,14,17,20
2014-01-29,22:00,492,14,3,4,5,6,12,13,17,18,19,20
2014-01-29,23:00,493,13,1,2,3,6,7,8,9,10,14,16
2014-01-30,07:00,494,15,2,3,5,9,14,15,16,18,19,20
2014-01-30,08:00,495,2,2,5,7,8,10,11,12,15,16,18
2014-01-30,09:00,496,9,2,4,6,7,8,9,16,18,19,20
2014-01-30,10:00,497,3,1,2,3,4,5,10,11,12,14,19
2014-01-30,11:00,498,12,1,4,5,7,11,12,14,16,18,20
2014-01-30,12:00,499,11,1,2,5,11,12,13,14,15,18,19
2014-01-30,13:00,500,16,1,5,9,11,12,14,15,17,18,19
2014-01-30,14:00,501,5,1,2,3,4,5,7,8,15,17,19
2014-01-30,15:00,502,5,2,4,8,9,10,13,14,16,17,18
2014-01-30,16:00,503,14,2,3,4,9,11,12,13,14,15,18
2014-01-30,17:00,504,4,2,4,6,8,9,11,12,14,17,20
2014-01-30,18:00,505,16,2,3,4,5,6,9,13,14,15,18
2014-01-30,19:00,506,12,1,6,7,10,12,13,15,16,18,20
2014-01-30,20:00,507,1,3,4,5,7,10,11,14,17,18,19
2014-01-30,21:00,508,7,4,5,7,9,10,11,13,15,16,20
2014-01-30,22:00,509,15,1,4,6,8,11,12,13,15,16,18
2014-01-30,23:00,510,9,1,2,3,4,5,8,10,12,13,16
2014-01-31,07:00,511,17,3,6,8,10,11,13,15,16,17,18
2014-01-31,08:00,512,11,1,5,7,8,9,11,12,13,14,17
2014-01-31,09:00,513,19,1,2,3,7,8,10,12,14,18,19
2014-01-31,10:00,514,16,1,2,7,10,12,15,16,17,18,19
2014-01-31,11:00,515,7,1,3,4,7,8,10,11,15,16,20
2014-01-31,12:00,516,14,3,5,8,11,14,15,16,18,19,20
2014-01-31,13:00,517,19,2,4,7,10,11,12,14,15,17,20
2014-01-31,14:00,518,20,2,3,4,7,9,12,13,16,18,19
2014-01-31,15:00,519,20,2,7,8,9,13,14,15,17,19,20
2014-01-31,16:00,520,9,1,3,5,6,7,8,9,13,14,16
2014-01-31,17:00,521,13,1,2,3,4,5,8,10,14,15,20
2014-01-31,18:00,522,17,2,3,4,7,9,14,15,16,17,19
2014-01-31,19:00,523,19,1,2,5,10,13,15,16,17,18,20
2014-01-31,20:00,524,1,4,6,7,8,12,13,14,17,18,19
2014-01-31,21:00,525,14,1,3,5,8,9,10,11,13,14,17
2014-01-31,22:00,526,10,2,3,4,7,8,9,13,18,19,20
2014-01-31,23:00,527,13,1,4,5,6,13,14,15,16,17,18
2014-02-01,07:00,528,2,3,8,9,12,13,14,16,18,19,20
2014-02-01,08:00,529,15,3,4,6,8,10,14,15,17,18,19
2014-02-01,09:00,530,7,4,5,7,9,12,13,15,16,17,20
2014-02-01,10:00,531,10,2,3,5,10,12,14,15,16,18,19
2014-02-01,11:00,532,2,3,4,10,11,12,13,16,18,19,20
2014-02-01,12:00,533,4,2,4,7,8,10,14,15,16,18,19
2014-02-01,13:00,534,2,4,6,7,8,9,13,15,16,18,20
2014-02-01,14:00,535,8,2,3,4,5,8,9,12,13,17,18
2014-02-01,15:00,536,13,1,4,7,8,11,12,13,15,17,20
2014-02-01,16:00,537,14,2,3,4,6,7,11,14,15,16,17
2014-02-01,17:00,538,17,1,3,4,5,8,11,14,15,18,19
2014-02-01,18:00,539,6,1,3,4,6,8,10,11,13,18,20
2014-02-01,19:00,540,2,2,5,6,7,9,10,12,13,16,17
2014-02-01,20:00,541,2,6,9,10,12,13,14,15,16,17,18
2014-02-01,21:00,542,16,4,5,6,8,10,13,15,18,19,20
2014-02-01,22:00,543,13,1,7,9,11,14,16,17,18,19,20
2014-02-01,23:00,544,9,1,5,6,7,8,9,13,14,15,17
2014-02-02,07:00,545,9,2,3,5,8,9,14,15,16,17,19
2014-02-02,08:00,546,15,1,2,3,4,8,12,13,14,15,20
2014-02-02,09:00,547,6,2,5,7,10,11,12,13,15,17,19
2014-02-02,10:00,548,15,1,2,4,6,7,9,14,16,17,20
2014-02-02,11:00,549,17,5,6,8,10,12,13,14,17,18,19
2014-02-02,12:00,550,2,1,3,8,9,10,11,12,13,17,18
2014-02-02,13:00,551,18,1,2,3,4,7,8,10,13,15,20
2014-02-02,14:00,552,7,1,2,4,10,13,15,16,17,18,20
2014-02-02,15:00,553,14,2,4,5,10,11,15,16,17,18,19
2014-02-02,16:00,554,6,1,2,4,5,8,11,12,15,19,20
2014-02-02,17:00,555,17,2,4,7,9,10,11,12,14,15,19
2014-02-02,18:00,556,6,4,7,8,11,13,14,15,16,17,19
2014-02-02,19:00,557,15,1,3,5,6,10,11,12,15,16,18
2014-02-02,20:00,558,2,5,8,10,11,12,13,14,16,18,20
2014-02-02,21:00,559,18,3,6,8,9,10,11,14,15,18,20
2014-02-02,22:00,560,19,1,3,4,5,6,8,10,14,15,16
2014-02-02,23:00,561,7,1,3,4,10,11,15,16,17,18,20
2014-02-03,07:00,562,14,1,3,4,9,11,14,15,16,18,19
2014-02-03,08:00,563,10,3,5,7,10,13,14,15,17,19,20
2014-02-03,09:00,564,12,2,3,4,5,6,7,14,16,17,19
2014-02-03,10:00,565,1,1,2,5,8,9,12,14,15,16,20
2014-02-03,11:00,566,15,2,3,5,6,8,10,11,15,16,19
2014-02-03,12:00,567,18,2,3,4,10,11,12,14,15,18,20
2014-02-03,13:00,568,5,2,4,10,11,12,13,14,15,17,19
2014-02-03,14:00,569,12,2,5,6,10,11,12,14,15,18,19
2014-02-03,15:00,570,20,1,2,6,7,8,9,10,14,18,20
2014-02-03,16:00,571,9,1,2,8,10,13,14,15,16,19,20
2014-02-03,17:00,572,7,5,6,8,9,11,13,14,15,16,17
2014-02-03,18:00,573,12,3,4,5,6,11,13,16,17,18,20
2014-02-03,19:00,574,5,1,2,4,6,8,10,12,15,16,20
2014-02-03,20:00,575,12,2,7,8,9,11,13,14,15,18,19
2014-02-03,21:00,576,8,1,4,6,7,8,10,12,15,16,17
2014-02-03,22:00,577,17,2,3,8,12,14,15,16,18,19,20
2014-02-03,23:00,578,19,3,5,7,8,9,10,15,18,19,20
2014-02-04,07:00,579,6,1,4,5,6,8,10,11,12,19,20
2014-02-04,08:00,580,1,4,5,7,8,11,12,13,14,16,17
2014-02-04,09:00,581,5,1,4,6,9,10,12,13,16,17,18
2014-02-04,10:00,582,7,4,5,7,9,12,13,14,17,18,19
2014-02-04,11:00,583,20,1,6,7,8,10,12,13,16,18,19
2014-02-04,12:00,584,13,1,3,5,9,10,11,13,14,15,19
2014-02-04,13:00,585,14,1,3,4,6,7,8,10,14,19,20
2014-02-04,14:00,586,13,4,6,7,9,10,11,15,16,17,20
2014-02-04,15:00,587,6,1,4,5,6,7,9,10,12,15,20
2014-02-04,16:00,588,20,4,6,7,11,12,14,15,17,19,20
2014-02-04,17:00,589,2,1,2,3,8,9,10,12,13,15,18
2014-02-04,18:00,590,11,1,3,4,5,8,10,12,15,18,19
2014-02-04,19:00,591,13,3,7,8,10,11,12,14,16,18,20
2014-02-04,20:00,592,1,2,3,5,9,10,12,13,16,17,20
2014-02-04,21:00,593,16,3,5,7,10,11,12,13,15,19,20
2014-02-04,22:00,594,19,2,3,4,6,10,15,16,18,19,20
2014-02-04,23:00,595,9,1,3,6,7,9,12,16,17,18,19
2014-02-05,07:00,596,9,2,3,4,5,6,14,15,16,18,20
2014-02-05,08:00,597,13,6,8,9,11,13,15,16,17,19,20
2014-02-05,09:00,598,1,1,3,4,5,10,12,13,16,17,18
2014-02-05,10:00,599,8,1,7,8,9,10,13,14,15,18,20
2014-02-05,11:00,600,18,2,4,6,9,11,12,14,15,16,18
2014-02-05,12:00,601,2,1,3,4,9,10,11,14,15,18,19
2014-02-05,13:00,602,8,2,3,6,7,8,12,13,14,17,20
2014-02-05,14:00,603,12,4,7,8,10,12,16,17,18,19,20
2014-02-05,15:00,604,4,3,5,6,7,8,9,10,11,17,18
2014-02-05,16:00,605,3,2,4,6,11,14,15,17,18,19,20
2014-02-05,17:00,606,19,1,3,4,5,7,11,14,15,17,19
2014-02-05,18:00,607,13,3,4,5,6,8,10,16,18,19,20
2014-02-05,19:00,608,2,1,3,5,6,7,10,11,12,17,18
2014-02-05,20:00,609,18,1,3,5,6,7,11,13,16,17,19
2014-02-05,21:00,610,6,1,2,7,8,9,10,12,13,14,18
2014-02-05,22:00,611,17,2,3,5,7,8,9,14,17,19,20
2014-02-05,23:00,612,15,1,2,4,5,11,12,14,17,18,20
2014-02-06,07:00,613,13,1,3,4,5,6,7,11,13,14,19
2014-02-06,08:00,614,8,3,5,6,7,10,12,13,14,15,20
2014-02-06,09:00,615,16,3,5,6,8,11,12,13,14,16,17
2014-02-06,10:00,616,20,2,4,5,7,9,14,17,18,19,20
2014-02-06,11:00,617,10,5,7,9,10,11,13,16,17,18,20
2014-02-06,12:00,618,8,1,2,3,5,8,10,11,14,16,20
2014-02-06,13:00,619,18,1,2,7,8,12,13,14,17,18,20
2014-02-06,14:00,620,14,1,4,8,9,11,12,14,15,18,20
2014-02-06,15:00,621,14,1,2,3,5,7,10,12,14,16,17
2014-02-06,16:00,622,17,2,6,7,8,9,11,13,14,16,19
2014-02-06,17:00,623,7,1,2,4,5,7,11,12,17,18,19
2014-02-06,18:00,624,1,2,4,5,7,9,12,15,16,17,19
2014-02-06,19:00,625,20,2,4,8,9,10,11,12,15,16,18
2014-02-06,20:00,626,17,2,4,5,6,10,11,13,14,17,20
2014-02-06,21:00,627,12,3,4,6,7,8,10,14,15,17,20
2014-02-06,22:00,628,10,1,4,8,9,11,12,13,14,17,18
2014-02-06,23:00,629,9,1,4,5,7,11,12,13,15,17,18
2014-02-07,07:00,630,1,1,2,5,7,12,13,16,17,18,19
2014-02-07,08:00,631,14,1,4,7,8,13,14,15,17,18,19
2014-02-07,09:00,632,20,3,5,6,7,8,10,13,16,17,20
2014-02-07,10:00,633,11,2,3,5,6,7,8,11,17,18,19
2014-02-07,11:00,634,10,2,4,7,8,9,12,13,18,19,20
2014-02-07,12:00,635,10,2,6,9,11,13,15,16,18,19,20
2014-02-07,13:00,636,20,6,7,8,11,13,14,16,18,19,20
2014-02-07,14:00,637,11,1,2,3,5,8,10,14,15,17,18
2014-02-07,15:00,638,12,1,2,6,8,9,10,13,14,15,18
2014-02-07,16:00,639,18,1,4,5,6,11,13,14,15,16,20
2014-02-07,17:00,640,6,4,7,8,9,10,11,12,13,17,18
2014-02-07,18:00,641,17,1,3,5,6,8,9,10,12,14,16
2014-02-07,19:00,642,10,4,7,8,10,12,13,14,16,17,19
2014-02-07,20:00,643,14,2,5,7,8,9,13,14,15,16,18
2014-02-07,21:00,644,3,3,6,9,10,11,12,13,15,17,19
2014-02-07,22:00,645,14,2,4,5,8,9,10,13,15,17,19
2014-02-07,23:00,646,16,1,2,3,6,10,12,13,16,18,19
2014-02-08,07:00,647,1,3,6,7,8,10,12,13,15,16,19
2014-02-08,08:00,648,20,1,2,3,5,9,14,15,18,19,20
2014-02-08,09:00,649,16,3,6,7,8,10,12,14,15,18,19
2014-02-08,10:00,650,10,2,3,4,7,9,12,14,15,18,20
2014-02-08,11:00,651,8,2,3,4,7,8,13,14,15,16,18
2014-02-08,12:00,652,10,1,2,3,5,7,9,12,13,16,17
2014-02-08,13:00,653,7,1,2,3,4,8,12,13,14,16,17
2014-02-08,14:00,654,3,2,4,5,7,8,10,12,14,19,20
2014-02-08,15:00,655,7,2,6,7,8,10,11,12,13,16,20
2014-02-08,16:00,656,13,1,2,3,7,8,11,12,16,17,19
2014-02-08,17:00,657,1,1,3,5,8,10,12,13,15,18,20
2014-02-08,18:00,658,17,1,5,6,9,10,12,13,17,18,19
2014-02-08,19:00,659,17,4,8,9,12,13,14,15,16,18,19
2014-02-08,20:00,660,5,1,4,8,9,12,15,16,17,19,20
2014-02-08,21:00,661,5,1,2,3,4,8,10,13,18,19,20
2014-02-08,22:00,662,1,1,6,7,8,9,11,13,14,18,20
2014-02-08,23:00,663,20,1,2,4,6,7,13,15,16,17,19
2014-02-09,07:00,664,9,1,3,5,8,9,10,14,15,17,18
2014-02-09,08:00,665,15,2,5,6,7,9,13,15,17,18,20
2014-02-09,09:00,666,1,1,2,4,9,10,11,13,16,17,20
2014-02-09,10:00,667,9,2,3,5,6,7,9,11,14,17,18
2014-02-09,11:00,668,19,1,2,4,5,6,10,14,17,18,20
2014-02-09,12:00,669,20,5,6,7,10,14,16,17,18,19,20
2014-02-09,13:00,670,6,2,3,5,7,10,14,16,17,18,19
2014-02-09,14:00,671,16,2,3,4,6,8,15,16,18,19,20
2014-02-09,15:00,672,16,2,3,6,7,8,10,11,13,16,20
2014-02-09,16:00,673,14,3,5,8,9,12,13,15,17,19,20
2014-02-09,17:00,674,16,1,2,6,7,11,12,15,16,18,20
2014-02-09,18:00,675,7,1,6,7,10,14,15,16,17,19,20
2014-02-09,19:00,676,8,3,5,7,8,10,12,13,15,16,20
2014-02-09,20:00,677,3,2,3,5,9,10,14,15,16,17,19
2014-02-09,21:00,678,19,3,4,9,12,13,14,16,18,19,20
2014-02-09,22:00,679,11,6,7,12,13,14,16,17,18,19,20
2014-02-09,23:00,680,6,1,2,3,4,6,9,11,13,17,18
2014-02-10,07:00,681,12,1,2,4,5,6,10,11,14,17,20
2014-02-10,08:00,682,5,1,4,6,7,8,9,10,13,18,20
2014-02-10,09:00,683,16,1,3,8,9,10,11,12,15,17,19
2014-02-10,10:00,684,6,2,3,4,8,9,12,13,17,18,19
2014-02-10,11:00,685,20,1,3,5,6,8,9,10,12,13,17
2014-02-10,12:00,686,2,1,6,7,11,12,13,14,15,19,20
2014-02-10,13:00,687,8,5,8,9,11,12,13,15,17,19,20
2014-02-10,14:00,688,1,2,3,4,5,11,14,17,18,19,20
2014-02-10,15:00,689,5,3,4,9,10,11,12,13,16,18,20
2014-02-10,16:00,690,14,1,2,3,4,6,9,10,14,18,19
2014-02-10,17:00,691,18,1,2,3,4,8,10,14,15,17,18
2014-02-10,18:00,692,3,1,2,6,10,11,12,13,14,17,18
2014-02-10,19:00,693,15,2,3,4,8,9,12,14,15,18,19
2014-02-10,20:00,694,13,2,6,7,9,11,14,15,17,18,19
2014-02-10,21:00,695,8,7,8,10,11,12,15,16,17,18,20
2014-02-10,22:00,696,1,2,3,6,8,11,12,16,17,18,20
2014-02-10,23:00,697,19,1,2,3,7,8,10,11,15,17,18
2014-02-11,07:00,698,10,3,4,5,8,10,11,14,16,17,18
2014-02-11,08:00,699,10,2,3,5,7,10,11,13,15,17,18
2014-02-11,09:00,700,19,3,5,6,7,9,10,11,12,13,16
2014-02-11,10:00,701,18,2,4,9,12,14,15,16,17,18,20
2014-02-11,11:00,702,17,2,3,5,6,7,8,10,12,14,18
2014-02-11,12:00,703,15,1,2,3,4,6,8,10,13,15,20
2014-02-11,13:00,704,8,4,5,6,7,8,10,11,17,18,19
2014-02-11,14:00,705,18,2,5,6,10,11,12,14,17,18,20
2014-02-11,15:00,706,11,1,4,5,6,10,11,12,15,16,18
2014-02-11,16:00,707,1,2,4,5,7,10,11,12,13,14,20
2014-02-11,17:00,708,14,1,3,4,6,7,8,9,10,18,20
2014-02-11,18:00,709,18,1,4,7,8,9,10,11,12,13,19
2014-02-11,19:00,710,20,1,2,4,5,6,7,9,11,12,20
2014-02-11,20:00,711,7,1,5,7,8,11,12,13,14,16,19
2014-02-11,21:00,712,10,2,4,7,8,10,13,15,16,17,20
2014-02-11,22:00,713,5,6,8,10,12,13,14,15,16,17,18
2014-02-11,23:00,714,15,1,2,3,6,11,12,13,17,18,19
2014-02-12,07:00,715,11,1,2,3,6,10,12,13,14,15,19
2014-02-12,08:00,716,2,3,4,6,7,9,10,13,14,18,20
2014-02-12,09:00,717,1,1,3,5,6,7,8,11,14,17,19
2014-02-12,10:00,718,10,1,4,6,8,10,11,13,16,17,19
2014-02-12,11:00,719,9,2,3,6,8,9,12,13,14,17,19
2014-02-12,12:00,720,8,1,2,7,8,11,12,13,14,15,18
2014-02-12,13:00,721,14,2,5,9,10,11,14,15,16,18,19
2014-02-12,14:00,722,2,4,5,6,8,10,12,13,14,15,20
2014-02-12,15:00,723,9,2,4,8,11,12,14,15,17,18,20
2014-02-12,16:00,724,8,1,2,3,5,6,13,14,15,16,18
2014-02-12,17:00,725,16,4,5,6,7,8,9,12,18,19,20
2014-02-12,18:00,726,5,1,5,6,11,12,13,16,18,19,20
2014-02-12,19:00,727,2,1,4,5,6,7,8,9,18,19,20
2014-02-12,20:00,728,12,1,3,8,10,11,12,14,15,17,20
2014-02-12,21:00,729,18,1,2,3,4,6,7,12,16,18,20
2014-02-12,22:00,730,11,2,6,7,8,11,12,13,15,17,19
2014-02-12,23:00,731,16,1,2,3,4,6,10,14,15,18,19
2014-02-13,07:00,732,8,1,5,6,7,9,11,14,16,17,19
2014-02-13,08:00,733,8,1,2,3,5,7,11,12,14,17,20
2014-02-13,09:00,734,17,3,5,6,10,13,14,15,17,18,19
2014-02-13,10:00,735,13,2,4,5,6,11,12,13,14,16,17
2014-02-13,11:00,736,3,1,3,5,8,9,10,11,16,17,18
2014-02-13,12:00,737,6,1,3,8,9,12,13,15,16,17,18
2014-02-13,13:00,738,16,2,4,5,6,7,9,14,17,18,19
2014-02-13,14:00,739,3,4,9,10,11,12,13,14,16,19,20
2014-02-13,15:00,740,3,3,4,7,9,11,14,15,17,18,19
2014-02-13,16:00,741,10,1,3,4,7,8,9,11,13,16,19
2014-02-13,17:00,742,8,1,2,4,6,8,9,12,18,19,20
2014-02-13,18:00,743,2,1,3,4,5,6,8,12,13,16,18
2014-02-13,19:00,744,5,1,2,6,7,12,13,16,17,18,20
2014-02-13,20:00,745,18,4,5,6,7,10,11,12,16,17,20
2014-02-13,21:00,746,11,1,2,4,6,12,13,15,17,18,20
2014-02-13,22:00,747,10,1,3,5,7,10,11,12,13,19,20
2014-02-13,23:00,748,19,1,3,4,5,9,10,13,15,16,20
2014-02-14,07:00,749,7,3,4,7,8,9,13,15,16,17,19
2014-02-14,08:00,750,4,2,3,4,6,7,8,11,14,17,20
2014-02-14,09:00,751,1,4,5,7,8,12,13,15,16,17,18
2014-02-14,10:00,752,12,1,3,4,6,7,8,9,14,15,17
2014-02-14,11:00,753,8,1,2,4,8,9,11,12,13,15,17
2014-02-14,12:00,754,12,3,5,7,8,9,10,11,13,19,20
2014-02-14,13:00,755,17,1,6,10,11,12,14,15,16,17,19
2014-02-14,14:00,756,15,2,4,6,9,10,11,12,13,17,18
2014-02-14,15:00,757,4,1,2,5,9,10,16,17,18,19,20
2014-02-14,16:00,758,6,1,5,6,7,9,11,14,15,16,20
2014-02-14,17:00,759,12,4,6,7,8,10,15,16,17,18,20
2014-02-14,18:00,760,11,4,5,8,9,10,12,13,15,19,20
2014-02-14,19:00,761,9,1,2,3,6,9,12,13,18,19,20
2014-02-14,20:00,762,17,2,4,6,7,8,9,10,17,19,20
2014-02-14,21:00,763,4,1,2,3,5,7,8,11,12,13,19
2014-02-14,22:00,764,13,1,2,4,6,7,8,9,10,14,20
2014-02-14,23:00,765,13,1,4,5,7,9,10,13,14,18,20
2014-02-15,07:00,766,10,6,8,10,13,14,16,17,18,19,20
2014-02-15,08:00,767,12,3,5,6,8,10,11,14,17,18,19
2014-02-15,09:00,768,1,3,6,10,12,13,14,16,17,19,20
2014-02-15,10:00,769,20,1,4,6,9,10,11,16,17,18,20
2014-02-15,11:00,770,20,3,4,5,8,10,11,14,17,18,19
2014-02-15,12:00,771,7,1,3,4,5,11,12,13,15,19,20
2014-02-15,13:00,772,4,2,3,7,8,12,14,16,18,19,20
2014-02-15,14:00,773,1,1,2,3,5,8,9,16,17,19,20
2014-02-15,15:00,774,8,1,2,6,7,10,11,12,13,16,17
2014-02-15,16:00,775,2,3,4,6,8,9,12,14,17,18,20
2014-02-15,17:00,776,2,1,2,4,7,8,12,14,17,18,19
2014-02-15,18:00,777,9,3,4,6,8,9,11,12,13,15,18
2014-02-15,19:00,778,2,3,4,6,7,8,9,11,15,18,19
2014-02-15,20:00,779,16,2,6,10,11,13,14,17,18,19,20
2014-02-15,21:00,780,11,1,2,7,8,9,11,16,18,19,20
2014-02-15,22:00,781,5,1,2,4,6,7,9,12,13,14,15
2014-02-15,23:00,782,5,3,5,6,8,9,12,15,16,17,20
2014-02-16,07:00,783,18,2,3,5,6,9,10,14,15,16,19
2014-02-16,08:00,784,16,1,2,8,9,10,12,15,16,17,18
2014-02-16,09:00,785,12,1,3,4,10,13,14,15,16,18,20
2014-02-16,10:00,786,14,1,4,8,9,10,13,14,17,18,19
2014-02-16,11:00,787,8,2,3,6,8,9,11,12,13,19,20
2014-02-16,12:00,788,5,2,3,6,8,9,12,13,16,17,20
2014-02-16,13:00,789,13,2,3,7,9,10,12,14,15,17,20
2014-02-16,14:00,790,10,4,5,6,8,9,10,11,14,18,19
2014-02-16,15:00,791,16,2,4,6,7,8,9,10,11,17,18
2014-02-16,16:00,792,18,2,3,5,7,8,12,13,17,18,19
2014-02-16,17:00,793,12,1,3,7,8,10,11,14,16,18,20
2014-02-16,18:00,794,9,1,4,5,8,10,12,14,15,19,20
2014-02-16,19:00,795,3,1,7,8,9,12,13,14,16,17,20
2014-02-16,20:00,796,17,1,7,9,11,12,13,15,16,17,19
2014-02-16,21:00,797,8,2,4,5,6,8,9,11,12,17,20
2014-02-16,22:00,798,9,1,3,4,5,8,9,13,14,15,18
2014-02-16,23:00,799,12,3,4,8,9,10,11,12,18,19,20
2014-02-17,07:00,800,16,1,2,10,11,14,15,16,17,18,20
2014-02-17,08:00,801,4,1,2,4,7,11,13,14,16,19,20
2014-02-17,09:00,802,14,3,4,6,7,8,9,13,14,16,17
2014-02-17,10:00,803,18,1,2,5,9,11,14,15,17,18,19
2014-02-17,11:00,804,17,7,8,10,11,12,13,15,17,18,19
2014-02-17,12:00,805,7,1,2,4,6,10,11,12,13,15,20
2014-02-17,13:00,806,12,1,9,10,11,12,14,16,17,18,19
2014-02-17,14:00,807,19,2,3,4,7,11,12,16,17,18,20
2014-02-17,15:00,808,15,2,4,5,7,8,11,12,15,18,20
2014-02-17,16:00,809,1,1,2,3,4,5,7,8,16,17,20
2014-02-17,17:00,810,20,2,3,4,6,7,10,13,15,17,18
2014-02-17,18:00,811,3,1,2,6,9,10,11,12,16,18,19
2014-02-17,19:00,812,5,1,3,4,10,12,15,16,17,18,19
2014-02-17,20:00,813,3,2,3,4,5,11,12,13,15,17,20
2014-02-17,21:00,814,15,1,3,4,7,8,9,10,14,18,19
2014-02-17,22:00,815,11,2,3,6,7,8,12,13,16,17,20
2014-02-17,23:00,816,20,1,3,10,11,12,14,16,18,19,20
2014-02-18,07:00,817,17,1,3,4,5,7,10,15,18,19,20
2014-02-18,08:00,818,17,1,2,5,6,9,16,17,18,19,20
2014-02-18,09:00,819,2,3,5,6,8,13,14,16,18,19,20
2014-02-18,10:00,820,1,2,4,5,6,7,10,11,12,16,18
2014-02-18,11:00,821,16,1,3,4,7,8,9,11,12,17,19
2014-02-18,12:00,822,5,1,3,4,7,8,9,11,14,16,18
2014-02-18,13:00,823,20,1,2,3,5,8,11,13,16,19,20
2014-02-18,14:00,824,13,1,6,8,9,10,13,15,17,18,20
2014-02-18,15:00,825,13,1,2,3,5,8,9,15,16,17,18
2014-02-18,16:00,826,18,1,2,5,10,13,15,16,17,18,19
2014-02-18,17:00,827,2,3,5,6,7,9,11,13,15,16,20
2014-02-18,18:00,828,5,3,4,6,7,8,10,12,14,16,19
2014-02-18,19:00,829,17,1,2,3,5,8,9,11,12,18,20
2014-02-18,20:00,830,15,1,2,3,5,6,7,8,11,16,19
2014-02-18,21:00,831,4,1,6,7,8,11,12,13,15,16,18
2014-02-18,22:00,832,7,1,2,3,6,7,8,9,11,17,18
2014-02-18,23:00,833,4,1,3,6,11,13,15,16,17,18,20
2014-02-19,07:00,834,7,3,4,10,11,12,15,16,18,19,20
2014-02-19,08:00,835,16,2,3,4,10,11,14,15,18,19,20
2014-02-19,09:00,836,8,2,3,7,8,9,10,13,14,15,17
2014-02-19,10:00,837,10,4,5,7,8,9,11,13,14,16,17
2014-02-19,11:00,838,4,3,5,6,8,9,15,16,17,18,20
2014-02-19,12:00,839,19,3,4,9,11,12,15,16,17,18,19
2014-02-19,13:00,840,8,3,4,5,7,8,10,11,12,15,17
2014-02-19,14:00,841,10,1,5,8,9,11,12,13,14,19,20
2014-02-19,15:00,842,18,1,2,3,5,8,10,12,13,19,20
2014-02-19,16:00,843,5,1,2,4,7,9,10,12,13,15,16
2014-02-19,17:00,844,5,1,2,4,6,8,9,12,13,16,17
2014-02-19,18:00,845,7,1,5,7,8,12,14,16,17,19,20
2014-02-19,19:00,846,8,1,2,3,10,11,12,13,17,18,19
2014-02-19,20:00,847,20,1,3,5,6,7,9,10,11,17,20
2014-02-19,21:00,848,13,2,6,7,9,10,13,15,17,19,20
2014-02-19,22:00,849,9,4,8,9,11,12,13,15,17,18,20
2014-02-19,23:00,850,18,1,2,3,5,10,12,14,16,17,18
2014-02-20,07:00,851,19,3,4,5,7,9,12,15,16,18,19
2014-02-20,08:00,852,14,2,3,5,8,10,13,14,18,19,20
2014-02-20,09:00,853,5,1,3,5,6,13,14,15,16,17,18
2014-02-20,10:00,854,12,1,6,7,8,9,10,11,14,15,16
2014-02-20,11:00,855,18,2,3,7,9,13,15,16,17,18,19
2014-02-20,12:00,856,10,1,2,4,5,6,7,16,17,18,19
2014-02-20,13:00,857,17,1,4,6,8,10,12,15,17,18,19
2014-02-20,14:00,858,9,4,5,6,7,8,10,12,13,14,18
2014-02-20,15:00,859,14,2,3,5,8,11,12,13,15,16,20
2014-02-20,16:00,860,16,3,4,6,8,10,11,14,17,18,20
2014-02-20,17:00,861,12,1,3,6,10,11,12,15,18,19,20
2014-02-20,18:00,862,8,1,8,10,11,12,13,14,17,18,19
2014-02-20,19:00,863,19,1,2,3,5,6,9,12,13,15,19
2014-02-20,20:00,864,20,6,8,9,10,14,15,16,17,18,19
2014-02-20,21:00,865,5,1,8,9,10,12,14,15,17,18,19
2014-02-20,22:00,866,3,3,4,8,10,12,13,14,16,18,20
2014-02-20,23:00,867,11,1,2,3,7,9,15,17,18,19,20
2014-02-21,07:00,868,20,3,4,6,7,11,13,14,18,19,20
2014-02-21,08:00,869,15,1,3,4,7,8,9,12,13,14,17
2014-02-21,09:00,870,6,3,7,8,10,11,12,13,14,17,19
2014-02-21,10:00,871,20,1,2,3,4,6,8,13,14,15,16
2014-02-21,11:00,872,19,1,2,3,5,6,9,12,15,16,17
2014-02-21,12:00,873,5,4,6,7,8,9,11,12,14,15,16
2014-02-21,13:00,874,1,1,2,3,7,11,13,14,17,19,20
2014-02-21,14:00,875,5,1,2,4,5,7,8,11,16,19,20
2014-02-21,15:00,876,19,2,3,4,6,8,9,11,12,13,17
2014-02-21,16:00,877,11,1,6,10,11,13,14,15,16,19,20
2014-02-21,17:00,878,16,1,2,5,8,11,13,14,15,16,19
2014-02-21,18:00,879,20,2,5,6,10,11,14,15,17,18,19
2014-02-21,19:00,880,12,1,3,5,6,7,10,13,14,16,18
2014-02-21,20:00,881,8,3,4,6,8,9,13,14,16,17,20
2014-02-21,21:00,882,11,3,4,6,7,9,11,15,16,18,19
2014-02-21,22:00,883,16,1,2,4,6,8,11,15,17,18,19
2014-02-21,23:00,884,10,3,6,7,9,11,13,16,17,19,20
2014-02-22,07:00,885,5,1,5,7,8,9,13,14,15,18,20
2014-02-22,08:00,886,7,1,2,3,10,11,12,13,15,17,19
2014-02-22,09:00,887,16,1,2,4,7,8,12,14,15,17,18
2014-02-22,10:00,888,5,4,7,10,13,14,15,16,17,18,20
2014-02-22,11:00,889,6,2,5,6,8,9,13,15,16,17,18
2014-02-22,12:00,890,12,2,4,6,7,8,9,11,14,17,18
2014-02-22,13:00,891,17,1,2,3,4,6,10,12,14,19,20
2014-02-22,14:00,892,3,4,5,6,7,10,12,13,15,17,19
2014-02-22,15:00,893,9,1,4,6,9,11,15,16,17,18,19
2014-02-22,16:00,894,9,1,2,4,8,9,11,12,16,18,20
2014-02-22,17:00,895,4,1,5,6,8,10,11,15,16,17,20
2014-02-22,18:00,896,18,3,4,7,9,11,14,15,17,18,20
2014-02-22,19:00,897,4,2,3,4,8,10,13,14,15,17,18
2014-02-22,20:00,898,18,1,2,3,4,6,8,12,16,17,18
2014-02-22,21:00,899,9,1,5,6,8,11,14,17,18,19,20
2014-02-22,22:00,900,11,1,2,7,9,11,12,13,14,17,19
2014-02-22,23:00,901,16,2,3,5,6,7,12,15,18,19,20
2014-02-23,07:00,902,18,1,2,4,8,9,10,12,13,18,19
2014-02-23,08:00,903,17,1,2,3,5,11,13,14,15,17,18
2014-02-23,09:00,904,2,6,7,10,11,12,13,14,15,17,19
2014-02-23,10:00,905,16,1,2,4,6,8,10,11,13,16,18
2014-02-23,11:00,906,17,3,4,5,9,13,14,15,16,17,19
2014-02-23,12:00,907,19,2,7,12,13,14,15,16,18,19,20
2014-02-23,13:00,908,10,2,4,6,7,9,10,11,12,15,18
2014-02-23,14:00,909,20,2,5,6,7,10,11,14,17,18,20
2014-02-23,15:00,910,20,3,6,7,10,11,13,15,17,19,20
2014-02-23,16:00,911,10,1,2,3,5,6,7,8,13,14,18
2014-02-23,17:00,912,11,1,2,5,9,13,14,15,16,18,20
2014-02-23,18:00,913,11,1,5,7,8,10,12,13,16,17,19
2014-02-23,19:00,914,17,1,2,3,4,7,10,16,18,19,20
2014-02-23,20:00,915,20,2,4,6,7,9,10,11,12,17,19
2014-02-23,21:00,916,17,3,4,5,7,9,10,13,14,15,18
2014-02-23,22:00,917,12,4,5,6,7,8,10,11,16,18,19
2014-02-23,23:00,918,5,2,3,5,6,7,9,12,17,19,20
2014-02-24,07:00,919,14,2,3,4,6,7,9,10,13,15,19
2014-02-24,08:00,920,15,6,8,9,10,12,14,15,17,18,20
2014-02-24,09:00,921,17,1,2,6,7,11,12,16,17,18,20
2014-02-24,10:00,922,1,2,6,8,9,13,14,15,16,17,20
2014-02-24,11:00,923,13,1,5,7,8,9,10,13,16,17,20
2014-02-24,12:00,924,2,1,2,4,5,9,10,15,16,19,20
2014-02-24,13:00,925,20,1,4,7,8,9,10,13,18,19,20
2014-02-24,14:00,926,15,1,5,7,8,9,11,15,18,19,20
2014-02-24,15:00,927,9,4,5,10,13,14,16,17,18,19,20
2014-02-24,16:00,928,5,1,5,6,7,10,12,15,16,18,19
2014-02-24,17:00,929,18,5,9,10,11,12,13,14,16,17,18
2014-02-24,18:00,930,5,1,3,4,6,8,10,11,12,14,18
2014-02-24,19:00,931,6,4,6,8,9,10,12,17,18,19,20
2014-02-24,20:00,932,1,2,3,5,7,8,11,12,14,15,16
2014-02-24,21:00,933,13,1,3,6,7,8,13,14,16,17,20
2014-02-24,22:00,934,3,1,6,7,9,11,12,16,17,18,19
2014-02-24,23:00,935,18,2,3,4,6,7,9,13,15,19,20
2014-02-25,07:00,936,4,1,3,5,6,8,9,11,12,14,18
2014-02-25,08:00,937,20,1,3,5,6,7,8,9,11,14,17
2014-02-25,09:00,938,10,1,2,3,6,7,9,11,13,14,15
2014-02-25,10:00,939,20,2,3,4,5,10,11,12,15,16,17
2014-02-25,11:00,940,15,2,3,4,6,7,8,12,15,18,19
2014-02-25,12:00,941,5,3,5,6,10,11,13,15,16,18,19
2014-02-25,13:00,942,12,1,6,7,8,9,10,11,12,17,19
2014-02-25,14:00,943,6,1,3,6,7,8,9,10,13,14,17
2014-02-25,15:00,944,5,1,3,4,6,7,8,10,11,16,20
2014-02-25,16:00,945,3,1,4,5,6,8,9,12,18,19,20
2014-02-25,17:00,946,16,1,2,3,5,9,10,13,15,16,20
2014-02-25,18:00,947,9,1,2,5,7,8,12,13,14,16,18
2014-02-25,19:00,948,15,1,3,4,7,8,13,14,16,18,20
2014-02-25,20:00,949,5,1,2,7,8,9,10,11,13,14,20
2014-02-25,21:00,950,5,2,7,11,12,13,14,15,16,17,20
2014-02-25,22:00,951,7,1,4,7,8,10,11,12,15,18,19
2014-02-25,23:00,952,11,1,2,3,4,6,9,12,13,14,18
2014-02-26,07:00,953,10,1,5,6,8,10,12,13,15,16,20
2014-02-26,08:00,954,14,1,3,4,12,13,14,15,17,18,19
2014-02-26,09:00,955,15,2,3,6,7,11,12,13,14,16,18
2014-02-26,10:00,956,16,2,6,8,9,11,12,17,18,19,20
2014-02-26,11:00,957,1,6,7,9,10,11,13,17,18,19,20
2014-02-26,12:00,958,19,1,2,6,7,8,9,14,16,19,20
2014-02-26,13:00,959,20,1,2,3,6,9,10,15,17,18,19
2014-02-26,14:00,960,17,2,3,4,6,8,14,15,16,17,20
2014-02-26,15:00,961,2,1,3,5,7,9,13,14,15,16,17
2014-02-26,16:00,962,2,1,2,3,4,6,10,11,14,18,19
2014-02-26,17:00,963,13,4,7,8,9,14,16,17,18,19,20
2014-02-26,18:00,964,6,7,8,10,12,13,15,16,17,18,20
2014-02-26,19:00,965,18,2,4,8,9,12,13,14,15,18,19
2014-02-26,20:00,966,5,1,4,7,8,11,12,16,17,18,20
2014-02-26,21:00,967,20,3,4,7,10,11,15,17,18,19,20
2014-02-26,22:00,968,5,1,2,3,6,7,8,10,12,17,20
2014-02-26,23:00,969,12,1,3,4,7,8,10,12,13,15,18
2014-02-27,07:00,970,17,2,4,5,8,10,11,13,15,16,19
2014-02-27,08:00,971,10,4,5,8,9,10,13,14,15,16,17
2014-02-27,09:00,972,2,1,2,7,9,13,14,16,17,18,19
2014-02-27,10:00,973,3,2,3,4,8,9,13,16,18,19,20
2014-02-27,11:00,974,16,2,3,4,5,7,10,13,16,18,20
2014-02-27,12:00,975,19,1,8,12,13,14,15,16,17,19,20
2014-02-27,13:00,976,13,4,5,7,8,9,10,11,12,14,17
2014-02-27,14:00,977,14,2,3,5,8,11,12,13,16,19,20
2014-02-27,15:00,978,17,3,6,9,10,13,14,16,17,19,20
2014-02-27,16:00,979,14,1,3,8,9,10,12,14,15,18,20
2014-02-27,17:00,980,1,3,4,5,11,12,13,14,16,18,20
2014-02-27,18:00,981,8,1,4,5,6,9,13,14,15,16,18
2014-02-27,19:00,982,13,3,4,5,6,8,9,16,17,18,19
2014-02-27,20:00,983,1,2,5,7,8,11,12,13,14,15,17
2014-02-27,21:00,984,12,2,4,10,11,12,13,14,15,17,18
2014-02-27,22:00,985,1,1,2,4,5,8,9,10,13,15,18
2014-02-27,23:00,986,13,1,2,4,6,10,11,15,16,19,20
2014-02-28,07:00,987,8,1,2,4,6,8,9,11,13,18,19
2014-02-28,08:00,988,13,1,3,4,5,6,10,11,12,13,20
2014-02-28,09:00,989,16,3,4,5,7,10,11,12,13,14,15
2014-02-28,10:00,990,8,2,3,4,9,13,14,16,17,18,20
2014-02-28,11:00,991,8,1,2,3,7,9,11,15,16,17,19
2014-02-28,12:00,992,12,3,4,5,6,8,11,14,15,17,20
2014-02-28,13:00,993,1,1,2,4,8,9,11,12,13,14,17
2014-02-28,14:00,994,12,2,7,10,11,12,13,14,15,16,19
2014-02-28,15:00,995,10,2,3,6,8,9,11,13,14,18,20
2014-02-28,16:00,996,14,2,4,7,8,9,10,14,15,16,19
2014-02-28,17:00,997,17,1,3,5,10,12,13,14,15,19,20
2014-02-28,18:00,998,20,2,3,4,6,8,10,14,15,16,18
2014-02-28,19:00,999,19,3,6,8,9,13,14,15,16,18,20
2014-02-28,20:00,1000,3,1,4,5,10,11,13,14,15,16,17
2014-02-28,21:00,1001,10,1,2,3,5,6,8,9,10,13,14
2014-02-28,22:00,1002,5,1,2,4,7,13,15,16,18,19,20
2014-02-28,23:00,1003,1,1,2,3,4,8,10,12,14,18,19
2014-03-01,07:00,1004,7,1,2,4,6,7,8,11,13,15,19
2014-03-01,08:00,1005,6,1,2,6,9,10,11,12,13,15,19
2014-03-01,09:00,1006,20,1,2,5,6,8,10,11,14,18,19
2014-03-01,10:00,1007,7,4,5,8,11,12,13,15,16,18,19
2014-03-01,11:00,1008,5,5,6,7,8,11,14,15,16,18,19
2014-03-01,12:00,1009,16,2,3,6,7,9,11,13,16,18,19
2014-03-01,13:00,1010,5,1,2,6,7,9,11,14,18,19,20
2014-03-01,14:00,1011,12,3,4,5,6,10,11,15,16,17,20
2014-03-01,15:00,1012,12,1,2,3,5,10,11,15,16,18,20
2014-03-01,16:00,1013,4,3,4,5,6,9,15,16,17,18,20
2014-03-01,17:00,1014,17,1,2,5,6,8,9,10,11,13,20
2014-03-01,18:00,1015,10,2,3,4,6,7,14,15,17,18,20
2014-03-01,19:00,1016,18,1,4,5,7,10,13,15,16,17,20
2014-03-01,20:00,1017,16,2,4,5,7,9,10,13,16,17,19
2014-03-01,21:00,1018,3,1,3,4,10,12,13,14,15,16,17
2014-03-01,22:00,1019,5,2,5,6,11,12,13,15,18,19,20
2014-03-01,23:00,1020,11,2,3,7,9,10,13,15,18,19,20
2014-03-02,07:00,1021,18,3,4,6,7,9,11,12,15,19,20
2014-03-02,08:00,1022,18,4,5,7,9,11,12,13,14,19,20
2014-03-02,09:00,1023,19,4,6,9,13,14,16,17,18,19,20
2014-03-02,10:00,1024,7,1,3,4,8,10,14,15,16,19,20
2014-03-02,11:00,1025,1,2,3,4,7,12,13,14,15,16,20
2014-03-02,12:00,1026,1,2,3,4,5,8,10,12,14,17,20
2014-03-02,13:00,1027,9,2,4,5,11,13,14,15,17,18,20
2014-03-02,14:00,1028,12,2,4,6,8,10,11,13,18,19,20
2014-03-02,15:00,1029,9,1,2,4,6,7,9,11,12,14,19
2014-03-02,16:00,1030,13,3,4,6,7,8,11,12,14,16,17
2014-03-02,17:00,1031,15,1,2,3,4,5,6,9,10,13,20
2014-03-02,18:00,1032,6,2,4,7,8,9,12,13,14,16,17
2014-03-02,19:00,1033,20,3,5,7,10,12,13,15,16,18,19
2014-03-02,20:00,1034,8,2,4,6,8,10,12,13,17,19,20
2014-03-02,21:00,1035,17,1,3,6,9,10,13,14,15,18,19
2014-03-02,22:00,1036,2,2,4,5,7,9,10,15,18,19,20
2014-03-02,23:00,1037,11,2,3,4,5,6,7,8,9,13,15
2014-03-03,07:00,1038,8,2,3,4,6,7,9,10,11,16,17
2014-03-03,08:00,1039,14,4,5,7,10,11,13,14,18,19,20
2014-03-03,09:00,1040,20,4,5,7,8,9,10,16,18,19,20
2014-03-03,10:00,1041,5,2,4,6,7,9,12,13,18,19,20
2014-03-03,11:00,1042,4,1,3,4,7,8,12,14,15,17,19
2014-03-03,12:00,1043,15,1,2,8,9,10,13,16,17,18,20
2014-03-03,13:00,1044,12,1,2,4,5,6,7,11,14,15,20
2014-03-03,14:00,1045,17,1,2,3,6,9,10,13,14,16,19
2014-03-03,15:00,1046,19,1,2,3,5,7,9,10,16,17,19
2014-03-03,16:00,1047,7,1,2,4,5,9,11,12,15,19,20
2014-03-03,17:00,1048,9,1,4,8,9,10,11,12,15,16,20
2014-03-03,18:00,1049,14,1,2,3,5,6,7,11,17,18,19
2014-03-03,19:00,1050,16,1,4,5,6,11,12,13,18,19,20
2014-03-03,20:00,1051,2,2,5,7,9,10,12,13,17,19,20
2014-03-03,21:00,1052,17,1,3,4,5,6,7,11,12,13,15
2014-03-03,22:00,1053,9,1,2,5,11,12,13,14,15,18,20
2014-03-03,23:00,1054,5,2,5,6,7,8,9,11,16,17,19
2014-03-04,07:00,1055,16,1,2,3,5,10,12,13,16,17,20
2014-03-04,08:00,1056,3,1,2,6,9,12,13,14,15,17,20
2014-03-04,09:00,1057,1,1,3,5,8,9,12,14,15,19,20
2014-03-04,10:00,1058,4,1,2,3,5,8,9,10,11,15,16
2014-03-04,11:00,1059,11,1,2,4,8,9,11,13,17,18,20
2014-03-04,12:00,1060,4,1,3,5,9,10,11,14,16,17,19
2014-03-04,13:00,1061,6,1,2,5,6,9,12,13,14,15,16
2014-03-04,14:00,1062,9,3,5,7,9,10,11,14,17,19,20
2014-03-04,15:00,1063,13,1,4,8,10,11,12,16,17,19,20
2014-03-04,16:00,1064,4,5,7,8,10,11,13,14,15,17,18
2014-03-04,17:00,1065,15,1,3,4,5,7,11,12,15,17,19
2014-03-04,18:00,1066,3,2,7,8,10,12,13,16,17,18,20
2014-03-04,19:00,1067,1,1,2,3,4,5,8,12,13,18,20
2014-03-04,20:00,1068,11,2,3,6,8,10,13,15,16,17,20
2014-03-04,21:00,1069,18,1,2,4,5,6,9,10,12,13,19
2014-03-04,22:00,1070,2,1,4,5,7,9,11,12,15,18,19
2014-03-04,23:00,1071,17,1,4,5,7,8,13,14,18,19,20
2014-03-05,07:00,1072,18,1,7,9,11,12,13,15,17,18,19
2014-03-05,08:00,1073,17,1,4,5,10,11,12,13,15,16,17
2014-03-05,09:00,1074,8,3,5,6,7,8,12,13,16,17,18
2014-03-05,10:00,1075,14,1,5,6,8,10,14,16,18,19,20
2014-03-05,11:00,1076,2,2,3,4,6,7,11,12,14,17,18
2014-03-05,12:00,1077,7,4,5,6,7,8,10,13,14,15,19
2014-03-05,13:00,1078,19,3,7,11,12,14,15,17,18,19,20
2014-03-05,14:00,1079,20,3,4,6,9,11,12,15,16,17,19
2014-03-05,15:00,1080,19,1,2,6,7,8,11,13,14,19,20
2014-03-05,16:00,1081,4,1,3,4,9,10,14,16,17,18,20
2014-03-05,17:00,1082,7,3,4,5,10,11,12,13,14,18,19
2014-03-05,18:00,1083,20,1,2,6,9,12,14,16,17,19,20
2014-03-05,19:00,1084,2,2,3,9,10,11,12,13,17,19,20
2014-03-05,20:00,1085,10,1,3,4,5,6,9,10,14,16,20
2014-03-05,21:00,1086,16,1,6,8,9,13,14,15,17,18,20
2014-03-05,22:00,1087,10,1,3,4,5,6,13,14,15,16,18
2014-03-05,23:00,1088,11,1,2,4,7,11,12,13,15,17,20
2014-03-06,07:00,1089,19,2,7,8,10,12,14,16,18,19,20
2014-03-06,08:00,1090,19,1,3,5,8,10,13,14,17,19,20
2014-03-06,09:00,1091,1,1,2,4,5,6,11,12,13,14,18
2014-03-06,10:00,1092,2,2,4,5,6,8,9,10,11,18,20
2014-03-06,11:00,1093,7,1,3,4,6,7,10,13,16,18,20
2014-03-06,12:00,1094,1,1,2,6,8,9,11,12,15,16,20
2014-03-06,13:00,1095,8,3,5,6,7,9,11,12,13,15,18
2014-03-06,14:00,1096,7,1,3,4,5,10,11,13,14,15,16
2014-03-06,15:00,1097,4,2,4,6,7,8,9,12,14,17,19
2014-03-06,16:00,1098,19,1,3,4,5,7,8,10,12,14,19
2014-03-06,17:00,1099,10,2,4,5,10,11,14,15,17,19,20
2014-03-06,18:00,1100,12,1,2,4,7,8,12,13,14,16,19
2014-03-06,19:00,1101,4,1,2,3,6,7,10,12,17,19,20
2014-03-06,20:00,1102,2,1,2,4,5,7,8,11,13,15,16
2014-03-06,21:00,1103,20,1,2,4,5,6,8,13,15,17,20
2014-03-06,22:00,1104,17,2,8,10,11,12,13,14,17,18,19
2014-03-06,23:00,1105,16,1,3,4,6,8,11,12,14,18,20
2014-03-07,07:00,1106,12,1,4,6,8,11,13,14,15,19,20
2014-03-07,08:00,1107,9,1,2,4,6,8,9,10,11,13,15
2014-03-07,09:00,1108,5,2,4,6,8,9,11,14,15,16,20
2014-03-07,10:00,1109,6,2,4,5,6,10,11,15,17,18,19
2014-03-07,11:00,1110,20,1,2,3,7,9,10,12,14,18,20
2014-03-07,12:00,1111,15,1,2,4,6,9,11,12,14,15,19
2014-03-07,13:00,1112,12,2,3,8,9,10,11,14,15,18,19
2014-03-07,14:00,1113,18,1,2,6,9,10,13,14,15,16,19
2014-03-07,15:00,1114,17,1,3,4,5,8,9,13,14,15,16
2014-03-07,16:00,1115,11,1,8,9,10,11,13,14,16,19,20
2014-03-07,17:00,1116,13,1,4,8,9,11,13,14,15,17,18
2014-03-07,18:00,1117,7,1,2,3,5,6,8,9,10,11,19
2014-03-07,19:00,1118,3,2,5,6,7,9,10,11,13,19,20
2014-03-07,20:00,1119,9,1,2,6,8,11,14,16,18,19,20
2014-03-07,21:00,1120,1,1,4,7,9,10,12,13,15,16,19
2014-03-07,22:00,1121,16,1,2,3,4,5,7,9,11,16,20
2014-03-07,23:00,1122,5,1,2,5,9,10,11,12,15,16,19
2014-03-08,07:00,1123,16,2,5,6,9,11,13,14,15,16,20
2014-03-08,08:00,1124,11,2,4,8,10,14,15,16,17,18,20
2014-03-08,09:00,1125,18,1,2,3,6,7,8,13,15,17,20
2014-03-08,10:00,1126,1,3,4,5,8,10,12,14,15,17,18
2014-03-08,11:00,1127,1,1,3,4,7,10,11,14,16,19,20
2014-03-08,12:00,1128,8,2,3,5,8,10,12,13,14,15,17
2014-03-08,13:00,1129,20,2,4,6,7,10,11,14,15,17,20
2014-03-08,14:00,1130,3,4,6,8,10,11,12,15,16,17,18
2014-03-08,15:00,1131,3,1,2,3,6,7,10,14,16,19,20
2014-03-08,16:00,1132,17,2,3,8,11,13,14,16,17,18,20
2014-03-08,17:00,1133,11,1,3,5,6,7,8,13,14,16,19
2014-03-08,18:00,1134,1,2,7,8,9,10,11,12,15,16,18
2014-03-08,19:00,1135,9,1,4,5,7,12,13,16,17,19,20
2014-03-08,20:00,1136,1,1,5,6,8,11,14,15,17,18,20
2014-03-08,21:00,1137,7,2,4,5,6,8,12,14,16,18,19
2014-03-08,22:00,1138,1,2,4,5,6,8,10,12,13,15,17
2014-03-08,23:00,1139,15,1,2,4,5,7,10,11,12,16,19
2014-03-09,07:00,1140,13,3,5,6,7,8,14,15,16,17,20
2014-03-09,08:00,1141,2,4,5,7,8,11,12,16,18,19,20
2014-03-09,09:00,1142,14,3,6,8,9,11,12,13,17,18,20
2014-03-09,10:00,1143,14,1,2,4,6,8,12,16,17,18,19
2014-03-09,11:00,1144,9,1,3,4,8,10,11,13,14,15,16
2014-03-09,12:00,1145,17,2,5,6,7,8,10,13,17,19,20
2014-03-09,13:00,1146,18,2,3,8,9,14,15,17,18,19,20
2014-03-09,14:00,1147,2,1,6,8,10,11,12,14,17,18,20
2014-03-09,15:00,1148,19,3,5,10,11,13,14,15,17,19,20
2014-03-09,16:00,1149,12,2,4,5,9,10,11,13,18,19,20
2014-03-09,17:00,1150,4,2,4,6,7,11,12,15,16,18,20
2014-03-09,18:00,1151,7,2,3,5,6,7,11,13,14,16,17
2014-03-09,19:00,1152,4,2,5,6,7,8,11,12,16,17,18
2014-03-09,20:00,1153,1,4,6,8,9,10,12,15,16,18,19
2014-03-09,21:00,1154,15,2,3,6,8,12,14,15,17,18,20
2014-03-09,22:00,1155,10,2,3,6,7,8,9,12,15,19,20
2014-03-09,23:00,1156,6,3,4,6,7,11,14,16,18,19,20
2014-03-10,07:00,1157,17,1,2,5,6,8,10,11,14,15,17
2014-03-10,08:00,1158,13,2,3,5,6,10,12,13,14,16,18
2014-03-10,09:00,1159,5,1,2,3,5,6,8,9,11,17,18
2014-03-10,10:00,1160,6,1,4,5,6,9,10,12,13,15,18
2014-03-10,11:00,1161,11,3,6,7,8,11,13,14,15,17,18
2014-03-10,12:00,1162,11,2,4,5,6,13,14,17,18,19,20
2014-03-10,13:00,1163,2,2,6,9,13,14,15,16,17,18,20
2014-03-10,14:00,1164,11,3,4,5,8,9,12,13,14,17,18
2014-03-10,15:00,1165,7,1,4,5,7,9,13,16,18,19,20
2014-03-10,16:00,1166,5,1,4,5,7,8,9,10,14,15,20
2014-03-10,17:00,1167,5,2,4,7,9,10,11,12,15,17,19
2014-03-10,18:00,1168,9,1,2,9,13,14,15,17,18,19,20
2014-03-10,19:00,1169,13,1,2,4,5,8,11,12,14,15,20
2014-03-10,20:00,1170,4,1,2,3,4,6,10,11,14,18,19
2014-03-10,21:00,1171,3,1,2,3,8,10,11,14,15,17,19
2014-03-10,22:00,1172,10,5,6,8,9,10,11,12,13,15,20
2014-03-10,23:00,1173,18,1,2,3,6,8,9,12,15,17,19
2014-03-11,07:00,1174,15,1,5,6,7,9,11,12,13,15,16
2014-03-11,08:00,1175,15,4,5,6,13,14,15,16,17,18,19
2014-03-11,09:00,1176,1,1,2,4,5,7,9,12,14,18,19
2014-03-11,10:00,1177,1,1,3,4,6,12,14,15,16,17,20
2014-03-11,11:00,1178,20,1,3,4,5,7,8,9,10,13,20
2014-03-11,12:00,1179,8,3,5,6,8,11,16,17,18,19,20
2014-03-11,13:00,1180,8,1,3,4,7,10,13,14,17,18,19
2014-03-11,14:00,1181,5,1,3,5,13,14,15,16,17,19,20
2014-03-11,15:00,1182,19,6,9,11,12,13,14,15,16,17,18
2014-03-11,16:00,1183,18,1,3,4,5,8,13,17,18,19,20
2014-03-11,17:00,1184,12,1,3,4,6,7,10,12,15,18,20
2014-03-11,18:00,1185,9,1,3,4,5,6,10,12,13,17,20
2014-03-11,19:00,1186,16,1,3,5,8,9,11,13,16,18,19
2014-03-11,20:00,1187,13,2,3,4,10,11,14,15,16,18,19
2014-03-11,21:00,1188,14,4,5,7,9,12,13,15,16,17,18
2014-03-11,22:00,1189,20,1,2,5,10,12,13,14,18,19,20
2014-03-11,23:00,1190,15,1,4,5,7,8,9,15,17,18,19
2014-03-12,07:00,1191,9,5,7,10,11,12,14,16,18,19,20
2014-03-12,08:00,1192,18,1,3,4,5,8,12,13,14,15,20
2014-03-12,09:00,1193,19,2,3,4,7,8,9,10,11,18,19
2014-03-12,10:00,1194,9,1,2,4,10,14,15,16,17,19,20
2014-03-12,11:00,1195,10,4,6,9,10,13,15,16,18,19,20
2014-03-12,12:00,1196,6,4,5,7,9,10,15,16,18,19,20
2014-03-12,13:00,1197,17,2,5,6,7,9,10,12,17,18,19
2014-03-12,14:00,1198,7,3,4,7,9,10,12,13,15,19,20
2014-03-12,15:00,1199,18,1,4,5,6,8,11,12,17,18,20
2014-03-12,16:00,1200,5,4,8,10,11,12,13,14,15,18,20
2014-03-12,17:00,1201,3,3,5,6,9,11,14,15,16,17,19
2014-03-12,18:00,1202,18,2,3,8,9,10,12,13,14,16,19
2014-03-12,19:00,1203,9,2,4,5,6,7,11,12,17,18,19
2014-03-12,20:00,1204,5,3,4,6,8,9,10,12,17,19,20
2014-03-12,21:00,1205,19,2,4,5,6,7,13,14,18,19,20
2014-03-12,22:00,1206,15,2,6,8,9,10,11,12,15,16,20
2014-03-12,23:00,1207,18,1,3,4,8,10,11,12,16,17,20
2014-03-13,07:00,1208,20,1,3,5,7,9,12,14,15,17,20
2014-03-13,08:00,1209,16,2,3,5,7,10,11,12,14,17,19
2014-03-13,09:00,1210,17,1,3,4,9,10,13,15,17,19,20
2014-03-13,10:00,1211,6,3,6,7,8,10,11,14,15,17,19
2014-03-13,11:00,1212,7,4,7,9,10,13,14,15,16,18,19
2014-03-13,12:00,1213,9,2,3,4,5,7,10,11,16,17,19
2014-03-13,13:00,1214,13,1,3,7,8,11,13,14,16,19,20
2014-03-13,14:00,1215,9,2,7,9,10,12,13,16,17,18,19
2014-03-13,15:00,1216,9,1,3,6,7,8,9,11,14,16,17
2014-03-13,16:00,1217,2,1,3,4,6,7,8,9,11,14,17
2014-03-13,17:00,1218,11,3,4,5,7,12,13,14,15,17,20
2014-03-13,18:00,1219,12,2,3,4,6,8,11,12,16,17,18
2014-03-13,19:00,1220,16,1,7,10,13,15,16,17,18,19,20
2014-03-13,20:00,1221,11,1,3,4,6,7,8,10,17,19,20
2014-03-13,21:00,1222,5,3,8,10,12,13,14,17,18,19,20
2014-03-13,22:00,1223,13,1,2,3,5,6,8,13,15,19,20
2014-03-13,23:00,1224,16,2,5,6,8,10,15,16,18,19,20
2014-03-14,07:00,1225,18,1,2,3,6,7,8,9,13,16,17
2014-03-14,08:00,1226,9,6,8,9,10,11,13,14,16,17,20
2014-03-14,09:00,1227,19,1,2,4,5,6,12,14,15,16,17
2014-03-14,10:00,1228,7,1,2,4,7,10,12,13,15,18,20
2014-03-14,11:00,1229,2,1,5,7,9,10,11,12,14,15,20
2014-03-14,12:00,1230,1,1,3,4,8,9,10,11,12,13,20
2014-03-14,13:00,1231,19,2,4,5,7,9,10,12,17,19,20
2014-03-14,14:00,1232,4,1,6,7,9,11,12,13,16,18,20
2014-03-14,15:00,1233,1,1,2,4,6,8,9,14,17,18,20
2014-03-14,16:00,1234,1,1,2,3,5,6,9,12,18,19,20
2014-03-14,17:00,1235,9,2,3,4,5,7,8,10,12,18,20
2014-03-14,18:00,1236,7,1,3,4,5,8,9,11,14,16,18
2014-03-14,19:00,1237,4,2,3,6,9,11,14,15,17,18,20
2014-03-14,20:00,1238,14,4,5,6,8,10,14,17,18,19,20
2014-03-14,21:00,1239,19,1,2,4,6,7,13,14,15,17,20
2014-03-14,22:00,1240,1,3,4,7,9,10,11,16,17,18,20
2014-03-14,23:00,1241,9,3,4,7,10,12,14,15,17,18,20
2014-03-15,07:00,1242,7,6,7,8,9,10,11,12,16,17,19
2014-03-15,08:00,1243,5,1,2,5,6,11,12,14,16,19,20
2014-03-15,09:00,1244,14,1,3,6,7,9,12,13,16,17,19
2014-03-15,10:00,1245,4,1,2,3,4,8,9,10,12,13,20
2014-03-15,11:00,1246,5,5,9,10,11,12,14,15,17,19,20
2014-03-15,12:00,1247,17,2,4,5,6,11,12,13,17,19,20
2014-03-15,13:00,1248,8,1,2,3,8,10,11,12,13,14,20
2014-03-15,14:00,1249,8,1,6,11,12,13,15,16,17,18,20
2014-03-15,15:00,1250,4,1,5,6,7,8,10,13,16,18,19
2014-03-15,16:00,1251,18,1,2,3,7,11,12,13,14,17,19
2014-03-15,17:00,1252,3,1,3,5,7,9,10,12,13,14,18
2014-03-15,18:00,1253,11,1,2,4,5,9,10,11,13,16,19
2014-03-15,19:00,1254,20,3,4,5,7,10,14,15,16,17,20
2014-03-15,20:00,1255,14,2,3,7,9,12,14,16,18,19,20
2014-03-15,21:00,1256,8,1,2,7,9,11,13,14,16,19,20
2014-03-15,22:00,1257,10,2,3,5,6,7,8,9,12,15,19
2014-03-15,23:00,1258,9,2,3,6,7,9,12,13,14,17,19
2014-03-16,07:00,1259,2,3,6,8,9,10,13,15,16,17,20
2014-03-16,08:00,1260,19,1,5,7,11,12,13,15,17,18,20
2014-03-16,09:00,1261,13,3,4,5,6,7,8,11,16,18,20
2014-03-16,10:00,1262,17,3,4,7,8,9,10,14,16,17,18
2014-03-16,11:00,1263,1,5,7,12,13,14,15,17,18,19,20
2014-03-16,12:00,1264,1,2,3,4,5,7,8,11,12,13,16
2014-03-16,13:00,1265,1,4,5,6,8,11,12,13,14,16,17
2014-03-16,14:00,1266,9,3,6,7,8,9,10,12,15,18,20
2014-03-16,15:00,1267,10,1,2,3,4,8,9,14,16,18,20
2014-03-16,16:00,1268,8,1,2,5,8,9,13,14,15,19,20
2014-03-16,17:00,1269,6,1,2,7,9,10,12,14,15,16,20
2014-03-16,18:00,1270,12,1,5,6,12,13,15,16,17,18,19
2014-03-16,19:00,1271,15,1,2,5,6,9,12,14,17,18,19
2014-03-16,20:00,1272,1,1,3,7,10,13,14,15,16,17,20
2014-03-16,21:00,1273,9,3,4,5,8,10,12,13,15,16,19
2014-03-16,22:00,1274,20,4,7,8,9,10,12,13,15,17,19
2014-03-16,23:00,1275,14,3,5,7,8,9,10,11,12,15,20
2014-03-17,07:00,1276,1,3,5,7,9,12,13,14,17,18,20
2014-03-17,08:00,1277,14,1,2,5,7,8,11,12,13,17,20
2014-03-17,09:00,1278,19,1,3,4,5,7,9,11,18,19,20
2014-03-17,10:00,1279,1,1,2,5,7,10,11,12,13,14,19
2014-03-17,11:00,1280,8,1,4,6,7,8,12,13,15,18,19
2014-03-17,12:00,1281,14,5,7,9,10,11,12,15,16,18,20
2014-03-17,13:00,1282,16,2,3,5,6,8,9,13,14,19,20
2014-03-17,14:00,1283,12,1,2,6,8,11,15,16,18,19,20
2014-03-17,15:00,1284,9,1,2,3,4,5,9,13,14,16,17
2014-03-17,16:00,1285,12,1,6,7,10,12,13,14,15,16,20
2014-03-17,17:00,1286,11,3,5,8,13,14,15,16,17,18,20
2014-03-17,18:00,1287,14,1,3,6,9,10,11,12,16,18,19
2014-03-17,19:00,1288,1,2,3,7,8,10,12,15,17,18,19
2014-03-17,20:00,1289,11,1,2,4,5,6,8,10,13,14,16
2014-03-17,21:00,1290,9,3,4,6,7,8,15,16,18,19,20
2014-03-17,22:00,1291,15,1,2,3,5,7,10,16,17,18,19
2014-03-17,23:00,1292,12,1,6,7,8,13,14,15,16,17,19
2014-03-18,07:00,1293,14,3,4,7,10,11,13,15,16,19,20
2014-03-18,08:00,1294,8,1,2,4,8,9,11,12,14,19,20
2014-03-18,09:00,1295,13,1,4,6,10,11,12,13,16,17,19
2014-03-18,10:00,1296,19,1,2,6,8,11,13,14,16,18,19
2014-03-18,11:00,1297,5,4,7,10,12,14,16,17,18,19,20
2014-03-18,12:00,1298,14,1,2,3,5,7,9,10,12,16,18
2014-03-18,13:00,1299,8,1,2,4,9,11,12,15,18,19,20
2014-03-18,14:00,1300,3,2,4,5,7,9,10,13,14,15,18
2014-03-18,15:00,1301,9,1,8,10,11,12,13,15,16,18,19
2014-03-18,16:00,1302,3,2,4,5,6,11,12,15,16,19,20
2014-03-18,17:00,1303,7,2,3,4,5,6,7,8,9,10,16
2014-03-18,18:00,1304,6,3,5,7,11,12,14,16,17,18,19
2014-03-18,19:00,1305,17,1,3,6,7,11,12,14,17,18,19
2014-03-18,20:00,1306,13,1,4,7,8,10,12,13,17,18,19
2014-03-18,21:00,1307,4,3,6,7,8,11,13,16,18,19,20
2014-03-18,22:00,1308,15,1,7,8,9,10,11,12,13,18,20
2014-03-18,23:00,1309,4,3,4,6,9,11,13,14,18,19,20
2014-03-19,07:00,1310,14,1,3,7,8,9,10,14,17,18,20
2014-03-19,08:00,1311,17,1,2,6,7,9,11,12,15,17,20
2014-03-19,09:00,1312,18,1,3,7,8,10,11,13,15,16,18
2014-03-19,10:00,1313,11,2,9,12,14,15,16,17,18,19,20
2014-03-19,11:00,1314,11,2,6,7,8,10,14,17,18,19,20
2014-03-19,12:00,1315,5,1,4,5,6,8,10,14,15,16,20
2014-03-19,13:00,1316,6,1,3,4,6,9,11,13,15,18,19
2014-03-19,14:00,1317,17,1,5,6,7,8,12,13,14,16,19
2014-03-19,15:00,1318,18,2,4,6,8,9,13,14,16,17,20
2014-03-19,16:00,1319,16,2,4,5,6,8,9,11,12,17,20
2014-03-19,17:00,1320,8,1,3,4,7,8,9,13,14,16,19
2014-03-19,18:00,1321,15,2,3,8,9,10,11,14,17,18,20
2014-03-19,19:00,1322,15,1,2,4,9,11,13,14,17,19,20
2014-03-19,20:00,1323,8,2,4,6,8,9,11,13,15,17,20
2014-03-19,21:00,1324,1,2,4,5,7,8,12,14,15,18,19
2014-03-19,22:00,1325,8,1,4,5,7,8,9,16,17,19,20
2014-03-19,23:00,1326,8,2,4,6,8,9,10,14,17,18,20
2014-03-20,07:00,1327,1,1,2,5,6,7,12,14,16,18,19
2014-03-20,08:00,1328,6,2,3,4,5,6,8,9,10,17,18
2014-03-20,09:00,1329,20,1,2,3,5,7,9,10,13,16,18
2014-03-20,10:00,1330,16,1,3,4,7,9,10,12,13,14,19
2014-03-20,11:00,1331,11,1,2,3,5,6,7,9,11,17,20
2014-03-20,12:00,1332,8,4,6,9,10,11,12,14,15,16,20
2014-03-20,13:00,1333,1,1,2,5,6,8,9,10,12,13,19
2014-03-20,14:00,1334,12,6,7,9,10,11,13,14,15,16,20
2014-03-20,15:00,1335,19,2,6,8,12,13,14,15,17,19,20
2014-03-20,16:00,1336,3,1,4,8,9,10,11,13,14,16,20
2014-03-20,17:00,1337,2,1,5,7,8,10,11,14,17,18,19
2014-03-20,18:00,1338,17,1,3,4,7,11,12,16,17,18,20
2014-03-20,19:00,1339,12,1,4,5,7,9,12,14,16,17,19
2014-03-20,20:00,1340,5,1,3,4,5,6,7,8,9,10,14
2014-03-20,21:00,1341,3,1,2,4,6,7,8,12,13,14,17
2014-03-20,22:00,1342,3,6,8,9,10,11,13,16,18,19,20
2014-03-20,23:00,1343,12,2,3,4,5,6,11,12,17,18,20
2014-03-21,07:00,1344,2,1,2,4,5,9,10,12,16,17,18
2014-03-21,08:00,1345,2,1,3,6,7,12,14,15,17,19,20
2014-03-21,09:00,1346,17,1,3,4,5,7,10,15,17,18,19
2014-03-21,10:00,1347,11,2,6,8,10,12,13,15,16,17,19
2014-03-21,11:00,1348,17,3,5,6,9,10,11,13,17,18,19
2014-03-21,12:00,1349,10,2,3,6,8,10,11,16,17,18,20
2014-03-21,13:00,1350,2,3,4,5,9,13,14,16,17,18,19
2014-03-21,14:00,1351,10,2,5,6,7,12,13,14,16,17,19
2014-03-21,15:00,1352,2,3,5,7,9,11,13,14,15,17,18
2014-03-21,16:00,1353,20,6,7,8,9,13,15,16,17,18,19
2014-03-21,17:00,1354,7,4,5,6,7,8,10,14,15,18,20
2014-03-21,18:00,1355,3,1,2,3,4,6,8,9,11,18,20
2014-03-21,19:00,1356,20,1,2,3,4,8,10,12,13,19,20
2014-03-21,20:00,1357,1,2,3,5,9,12,13,15,16,17,19
2014-03-21,21:00,1358,2,2,3,4,5,7,10,11,12,13,17
2014-03-21,22:00,1359,3,1,4,5,6,8,14,17,18,19,20
2014-03-21,23:00,1360,11,2,3,4,6,9,10,11,12,15,17
2014-03-22,07:00,1361,5,2,4,6,9,12,16,17,18,19,20
2014-03-22,08:00,1362,7,1,6,7,8,10,14,16,17,19,20
2014-03-22,09:00,1363,3,3,4,6,7,8,9,11,12,13,19
2014-03-22,10:00,1364,17,3,4,5,6,7,11,14,17,19,20
2014-03-22,11:00,1365,9,2,4,9,10,11,12,14,17,19,20
2014-03-22,12:00,1366,20,2,5,6,8,9,12,14,16,19,20
2014-03-22,13:00,1367,20,2,4,8,10,12,13,15,16,17,20
2014-03-22,14:00,1368,2,2,3,4,5,6,11,12,13,18,20
2014-03-22,15:00,1369,17,2,5,7,8,10,11,15,16,17,18
2014-03-22,16:00,1370,12,3,7,9,11,13,15,16,17,18,19
2014-03-22,17:00,1371,7,1,2,4,5,8,9,10,14,18,19
2014-03-22,18:00,1372,14,6,8,10,11,12,13,15,16,18,19
2014-03-22,19:00,1373,16,1,3,4,6,12,13,14,16,18,20
2014-03-22,20:00,1374,13,2,3,4,9,10,12,14,15,16,18
2014-03-22,21:00,1375,18,1,4,5,6,13,14,15,16,18,19
2014-03-22,22:00,1376,11,1,4,5,6,7,8,11,16,18,20
2014-03-22,23:00,1377,8,5,7,8,10,12,13,14,16,17,18
2014-03-23,07:00,1378,3,1,2,4,10,11,13,15,16,18,19
2014-03-23,08:00,1379,14,1,3,4,5,7,8,9,10,15,17
2014-03-23,09:00,1380,15,3,5,6,7,12,13,15,17,18,20
2014-03-23,10:00,1381,3,2,3,5,6,9,11,13,15,16,17
2014-03-23,11:00,1382,8,2,3,6,9,12,13,14,16,17,19
2014-03-23,12:00,1383,19,1,2,7,8,9,10,12,15,19,20
2014-03-23,13:00,1384,17,2,4,5,6,10,11,12,15,18,20
2014-03-23,14:00,1385,6,2,6,9,11,12,13,14,17,18,20
2014-03-23,15:00,1386,1,2,3,4,5,9,12,16,18,19,20
2014-03-23,16:00,1387,15,1,2,5,10,11,14,15,16,18,19
2014-03-23,17:00,1388,14,1,3,6,7,11,15,16,17,18,20
2014-03-23,18:00,1389,8,1,3,4,7,10,12,13,15,16,18
2014-03-23,19:00,1390,18,2,4,6,9,11,12,13,15,17,20
2014-03-23,20:00,1391,2,1,2,6,9,10,12,15,17,18,20
2014-03-23,21:00,1392,15,1,7,8,9,10,13,17,18,19,20
2014-03-23,22:00,1393,3,1,2,7,10,12,13,16,17,18,19
2014-03-23,23:00,1394,15,1,2,3,6,10,11,15,16,17,20
2014-03-24,07:00,1395,5,2,3,4,6,7,11,15,16,17,18
2014-03-24,08:00,1396,6,1,3,5,6,10,11,13,14,16,17
2014-03-24,09:00,1397,9,1,2,3,7,9,10,14,15,16,19
2014-03-24,10:00,1398,3,1,2,5,8,9,10,14,15,18,19
2014-03-24,11:00,1399,10,1,4,6,9,13,15,16,17,18,19
2014-03-24,12:00,1400,15,1,4,6,12,13,14,15,16,18,20
2014-03-24,13:00,1401,18,1,3,4,5,7,8,9,17,18,20
2014-03-24,14:00,1402,3,1,2,3,4,6,9,12,14,15,17
2014-03-24,15:00,1403,3,2,3,4,8,12,13,14,15,18,20
2014-03-24,16:00,1404,19,1,4,7,8,10,12,13,15,16,20
2014-03-24,17:00,1405,12,2,6,7,8,9,10,13,15,17,19
2014-03-24,18:00,1406,2,1,3,7,9,11,13,14,16,17,20
2014-03-24,19:00,1407,16,1,2,6,8,10,11,12,17,19,20
2014-03-24,20:00,1408,7,4,7,8,9,12,13,14,15,19,20
2014-03-24,21:00,1409,14,2,4,5,6,9,11,12,15,16,19
2014-03-24,22:00,1410,7,1,2,5,7,9,11,13,16,18,20
2014-03-24,23:00,1411,11,1,3,4,6,7,8,12,16,17,18
2014-03-25,07:00,1412,5,1,3,4,6,7,8,9,13,19,20
2014-03-25,08:00,1413,1,2,7,8,9,13,14,15,17,19,20
2014-03-25,09:00,1414,18,1,2,4,5,6,8,10,14,18,19
2014-03-25,10:00,1415,9,1,3,4,6,7,8,12,16,17,18
2014-03-25,11:00,1416,2,1,5,6,8,11,12,16,17,18,19
2014-03-25,12:00,1417,20,1,2,5,7,8,10,11,13,15,20
2014-03-25,13:00,1418,3,3,4,5,6,11,13,14,16,19,20
2014-03-25,14:00,1419,16,4,6,7,8,9,10,12,17,18,19
2014-03-25,15:00,1420,18,1,2,4,7,9,12,14,15,16,19
2014-03-25,16:00,1421,19,1,2,3,5,7,13,14,16,18,20
2014-03-25,17:00,1422,4,4,7,9,10,11,13,16,17,19,20
2014-03-25,18:00,1423,3,4,6,8,9,11,12,15,16,17,20
2014-03-25,19:00,1424,20,1,4,5,6,8,9,14,15,16,18
2014-03-25,20:00,1425,9,1,2,3,4,8,11,16,17,18,19
2014-03-25,21:00,1426,15,2,3,4,8,9,12,14,16,17,18
2014-03-25,22:00,1427,2,3,4,8,9,10,12,14,15,17,18
2014-03-25,23:00,1428,10,1,3,4,9,11,15,16,18,19,20
2014-03-26,07:00,1429,19,1,3,4,5,8,9,11,13,15,20
2014-03-26,08:00,1430,17,2,4,7,9,10,11,12,14,15,17
2014-03-26,09:00,1431,20,1,2,3,5,8,9,13,15,18,19
2014-03-26,10:00,1432,19,2,5,6,8,10,12,13,14,17,20
2014-03-26,11:00,1433,4,1,3,4,5,7,8,12,13,14,20
2014-03-26,12:00,1434,13,2,5,6,8,10,11,12,16,17,20
2014-03-26,13:00,1435,6,1,5,8,11,12,13,14,15,17,18
2014-03-26,14:00,1436,9,1,5,6,8,9,10,12,16,19,20
2014-03-26,15:00,1437,11,1,2,3,4,7,8,9,10,11,12
2014-03-26,16:00,1438,7,2,3,7,8,9,12,14,15,16,18
2014-03-26,17:00,1439,2,1,3,4,8,10,11,13,18,19,20
2014-03-26,18:00,1440,8,1,3,6,7,8,9,12,17,19,20
2014-03-26,19:00,1441,8,2,3,5,6,7,11,12,14,17,18
2014-03-26,20:00,1442,17,1,5,8,9,12,13,14,15,18,19
2014-03-26,21:00,1443,8,2,5,6,11,12,13,14,17,18,19
2014-03-26,22:00,1444,4,1,3,5,7,8,9,10,11,12,13
2014-03-26,23:00,1445,18,1,4,8,9,11,12,15,16,18,20
2014-03-27,07:00,1446,11,4,6,7,10,11,13,15,16,17,19
2014-03-27,08:00,1447,2,1,4,7,9,12,13,14,17,19,20
2014-03-27,09:00,1448,16,3,5,7,8,10,11,14,15,16,17
2014-03-27,10:00,1449,14,2,3,5,11,15,16,17,18,19,20
2014-03-27,11:00,1450,14,1,2,6,9,11,12,15,17,19,20
2014-03-27,12:00,1451,1,2,3,5,6,9,10,12,14,16,20
2014-03-27,13:00,1452,13,1,2,3,5,7,8,13,14,17,20
2014-03-27,14:00,1453,1,2,3,7,10,11,12,14,17,19,20
2014-03-27,15:00,1454,11,1,5,10,11,12,13,14,16,17,20
2014-03-27,16:00,1455,20,1,2,3,4,8,10,11,13,14,16
2014-03-27,17:00,1456,11,1,3,4,7,10,11,12,13,19,20
2014-03-27,18:00,1457,13,1,4,5,6,8,10,14,17,18,19
2014-03-27,19:00,1458,3,2,5,6,9,12,13,15,16,17,20
2014-03-27,20:00,1459,20,2,4,5,6,7,8,10,12,13,20
2014-03-27,21:00,1460,19,1,3,5,8,9,11,13,16,18,19
2014-03-27,22:00,1461,1,1,4,5,6,10,12,14,18,19,20
2014-03-27,23:00,1462,14,2,7,8,9,10,12,13,15,16,20
2014-03-28,07:00,1463,12,1,2,3,4,5,10,12,13,16,19
2014-03-28,08:00,1464,6,1,2,5,7,8,9,11,15,17,18
2014-03-28,09:00,1465,3,1,2,3,4,5,10,11,13,16,18
2014-03-28,10:00,1466,10,1,3,5,6,7,9,11,13,18,19
2014-03-28,11:00,1467,8,3,5,7,13,15,16,17,18,19,20
2014-03-28,12:00,1468,6,1,2,3,5,6,7,9,15,19,20
2014-03-28,13:00,1469,14,3,4,5,7,8,10,12,14,16,20
2014-03-28,14:00,1470,6,3,6,7,9,12,14,15,16,17,18
2014-03-28,15:00,1471,7,3,4,6,7,8,9,10,13,17,18
2014-03-28,16:00,1472,2,1,3,4,6,10,11,14,15,16,20
2014-03-28,17:00,1473,19,3,8,10,11,12,14,16,17,19,20
2014-03-28,18:00,1474,19,1,2,3,11,12,14,16,17,18,20
2014-03-28,19:00,1475,13,4,5,7,9,10,12,13,16,19,20
2014-03-28,20:00,1476,11,2,3,5,7,12,13,14,15,16,17
2014-03-28,21:00,1477,4,1,4,6,7,10,12,14,15,16,18
2014-03-28,22:00,1478,7,1,2,3,4,6,9,11,17,18,20
2014-03-28,23:00,1479,3,2,3,4,5,6,14,17,18,19,20
2014-03-29,07:00,1480,15,1,3,4,6,7,8,9,16,18,19
2014-03-29,08:00,1481,5,1,2,4,5,7,9,10,13,15,20
2014-03-29,09:00,1482,7,2,4,5,7,12,13,15,16,19,20
2014-03-29,10:00,1483,13,4,6,7,8,12,13,15,17,19,20
2014-03-29,11:00,1484,10,4,8,10,12,13,14,16,17,18,20
2014-03-29,12:00,1485,13,2,3,9,11,12,14,15,17,18,20
2014-03-29,13:00,1486,3,1,3,4,6,7,8,12,14,15,20
2014-03-29,14:00,1487,5,2,3,6,7,9,11,12,15,18,20
2014-03-29,15:00,1488,4,1,2,5,7,8,9,12,15,19,20
2014-03-29,16:00,1489,3,2,3,6,9,10,12,13,16,19,20
2014-03-29,17:00,1490,3,2,3,4,5,6,8,11,14,18,20
2014-03-29,18:00,1491,18,1,3,4,5,6,9,11,12,18,20
2014-03-29,19:00,1492,6,1,3,5,10,12,13,16,17,18,20
2014-03-29,20:00,1493,20,2,5,7,8,12,13,14,17,18,19
2014-03-29,21:00,1494,5,2,4,5,9,10,12,14,15,16,19
2014-03-29,22:00,1495,7,1,2,6,8,11,12,14,16,18,19
2014-03-29,23:00,1496,2,2,3,5,7,10,11,12,13,14,15
2014-03-30,07:00,1497,18,1,3,6,7,10,12,13,14,18,20
2014-03-30,08:00,1498,18,2,4,7,8,10,11,12,15,17,19
2014-03-30,09:00,1499,18,2,3,6,8,11,12,13,16,19,20
2014-03-30,10:00,1500,13,1,3,6,9,10,11,12,14,16,18
2014-03-30,11:00,1501,5,1,3,4,5,6,8,9,10,11,19
2014-03-30,12:00,1502,14,2,3,4,6,7,13,17,18,19,20
2014-03-30,13:00,1503,15,1,2,5,6,7,8,13,16,18,19
2014-03-30,14:00,1504,16,1,3,5,6,7,9,10,14,17,20
2014-03-30,15:00,1505,8,1,4,5,8,11,12,13,18,19,20
2014-03-30,16:00,1506,12,2,3,7,8,9,10,11,13,15,20
2014-03-30,17:00,1507,13,5,10,11,12,15,16,17,18,19,20
2014-03-30,18:00,1508,1,2,4,5,8,11,12,14,17,18,19
2014-03-30,19:00,1509,15,1,3,4,6,9,11,13,14,15,16
2014-03-30,20:00,1510,14,1,3,4,9,10,12,13,15,18,20
2014-03-30,21:00,1511,15,1,5,8,10,14,15,16,17,18,19
2014-03-30,22:00,1512,18,2,5,10,11,14,15,17,18,19,20
2014-03-30,23:00,1513,9,1,4,5,7,8,11,12,13,17,18
2014-03-31,07:00,1514,1,2,4,8,9,11,13,15,16,17,19
2014-03-31,08:00,1515,7,1,2,3,4,7,8,9,15,19,20
2014-03-31,09:00,1516,1,2,3,4,5,7,10,11,13,14,18
2014-03-31,10:00,1517,17,1,3,6,7,11,14,15,16,18,20
2014-03-31,11:00,1518,8,4,6,7,8,10,13,15,18,19,20
2014-03-31,12:00,1519,1,1,3,4,5,7,9,11,12,13,18
2014-03-31,13:00,1520,10,2,5,6,8,10,11,12,15,16,18
2014-03-31,14:00,1521,14,3,4,8,10,11,12,14,16,18,20
2014-03-31,15:00,1522,2,2,6,7,8,9,11,14,15,19,20
2014-03-31,16:00,1523,15,1,4,5,7,10,11,14,15,18,19
2014-03-31,17:00,1524,6,1,3,4,5,7,8,10,12,17,18
2014-03-31,18:00,1525,14,2,5,6,8,13,14,16,18,19,20
2014-03-31,19:00,1526,7,3,4,5,8,10,12,14,15,18,19
2014-03-31,20:00,1527,5,1,5,7,13,14,15,16,17,18,19
2014-03-31,21:00,1528,18,2,3,7,9,11,12,13,16,18,20
2014-03-31,22:00,1529,7,1,2,4,6,7,9,11,13,17,20
2014-03-31,23:00,1530,20,1,3,6,7,8,13,14,16,17,19
2014-04-01,07:00,1531,1,1,3,4,5,6,8,12,16,17,20
2014-04-01,08:00,1532,6,3,4,5,6,11,13,14,16,17,19
2014-04-01,09:00,1533,4,1,2,5,7,9,10,11,16,19,20
2014-04-01,10:00,1534,7,3,5,7,8,9,10,11,13,16,18
2014-04-01,11:00,1535,9,4,5,6,9,10,14,15,17,19,20
2014-04-01,12:00,1536,10,2,7,8,9,11,13,14,15,19,20
2014-04-01,13:00,1537,9,2,3,6,7,8,10,12,15,17,18
2014-04-01,14:00,1538,7,1,2,7,9,10,12,14,15,16,17
2014-04-01,15:00,1539,17,2,6,8,12,13,14,15,17,19,20
2014-04-01,16:00,1540,1,1,3,5,8,9,10,11,14,16,20
2014-04-01,17:00,1541,17,2,4,7,9,10,11,12,14,16,19
2014-04-01,18:00,1542,14,1,3,8,10,11,12,14,17,19,20
2014-04-01,19:00,1543,4,1,5,7,9,11,13,16,17,19,20
2014-04-01,20:00,1544,11,2,5,7,8,11,13,16,17,18,20
2014-04-01,21:00,1545,9,1,2,3,5,11,12,13,14,17,20
2014-04-01,22:00,1546,8,5,6,8,10,12,15,16,17,18,19
2014-04-01,23:00,1547,3,1,3,4,6,8,12,14,18,19,20
2014-04-02,07:00,1548,4,2,3,4,5,9,11,13,15,17,19
2014-04-02,08:00,1549,8,3,4,9,11,12,14,15,17,18,19
2014-04-02,09:00,1550,9,3,8,9,10,12,15,16,17,19,20
2014-04-02,10:00,1551,10,1,3,4,5,6,9,10,13,15,17
2014-04-02,11:00,1552,3,1,3,4,6,7,10,12,13,16,20
2014-04-02,12:00,1553,6,1,3,4,5,8,11,13,14,15,16
2014-04-02,13:00,1554,5,2,4,5,8,9,13,15,16,18,19
2014-04-02,14:00,1555,1,1,2,3,5,7,10,13,14,15,20
2014-04-02,15:00,1556,18,1,2,5,7,8,13,14,15,17,19
2014-04-02,16:00,1557,5,1,3,6,7,10,11,12,14,18,19
2014-04-02,17:00,1558,13,2,4,7,8,10,11,14,16,17,18
2014-04-02,18:00,1559,17,1,2,3,7,9,12,15,17,19,20
2014-04-02,19:00,1560,3,9,11,12,13,14,15,16,18,19,20
2014-04-02,20:00,1561,2,1,2,4,6,7,9,10,15,17,18
2014-04-02,21:00,1562,8,4,5,7,10,11,12,13,15,17,20
2014-04-02,22:00,1563,2,2,4,6,7,8,9,10,11,12,17
2014-04-02,23:00,1564,12,1,4,5,7,8,10,11,12,16,19
2014-04-03,07:00,1565,18,2,5,7,10,12,13,14,16,19,20
2014-04-03,08:00,1566,3,1,2,3,5,7,12,16,17,18,19
2014-04-03,09:00,1567,4,2,4,6,8,10,11,12,13,14,20
2014-04-03,10:00,1568,13,1,2,3,4,5,7,11,16,18,20
2014-04-03,11:00,1569,10,6,7,9,10,11,13,14,16,17,20
2014-04-03,12:00,1570,13,1,4,5,7,11,13,14,15,16,18
2014-04-03,13:00,1571,10,1,2,3,6,8,9,11,12,13,19
2014-04-03,14:00,1572,4,1,5,7,11,12,13,17,18,19,20
2014-04-03,15:00,1573,6,2,3,7,8,11,12,16,17,19,20
2014-04-03,16:00,1574,6,2,4,5,7,8,10,15,16,17,18
2014-04-03,17:00,1575,10,1,3,7,8,9,10,11,12,13,17
2014-04-03,18:00,1576,12,7,8,10,11,12,14,15,16,19,20
2014-04-03,19:00,1577,9,1,2,4,5,6,7,8,11,17,19
2014-04-03,20:00,1578,1,2,3,4,9,13,14,17,18,19,20
2014-04-03,21:00,1579,19,1,3,5,6,8,11,14,15,19,20
2014-04-03,22:00,1580,10,2,5,6,7,8,9,10,12,17,19
2014-04-03,23:00,1581,13,2,3,4,8,11,14,15,17,18,20
2014-04-04,07:00,1582,18,1,2,5,7,8,9,11,13,16,18
2014-04-04,08:00,1583,4,1,3,6,8,10,12,14,16,17,18
2014-04-04,09:00,1584,19,1,2,3,6,7,13,16,17,18,20
2014-04-04,10:00,1585,20,3,4,5,6,9,11,12,14,16,17
2014-04-04,11:00,1586,20,1,2,5,6,8,10,11,15,19,20
2014-04-04,12:00,1587,2,1,2,3,6,12,13,16,17,19,20
2014-04-04,13:00,1588,16,4,5,6,7,8,9,14,15,17,20
2014-04-04,14:00,1589,4,1,4,5,7,9,11,13,15,16,19
2014-04-04,15:00,1590,10,1,2,6,7,9,10,15,16,18,19
2014-04-04,16:00,1591,10,1,2,4,5,6,9,11,13,14,19
2014-04-04,17:00,1592,9,2,4,5,6,8,12,14,15,16,20
2014-04-04,18:00,1593,16,2,3,5,7,8,11,12,13,18,19
2014-04-04,19:00,1594,8,2,4,7,8,9,12,14,15,17,19
2014-04-04,20:00,1595,12,2,3,5,6,8,10,15,17,18,20
2014-04-04,21:00,1596,19,2,7,8,13,14,15,16,18,19,20
2014-04-04,22:00,1597,12,2,6,8,10,12,13,15,17,19,20
2014-04-04,23:00,1598,8,2,3,4,6,10,12,14,16,17,18
2014-04-05,07:00,1599,12,2,3,5,8,10,12,13,14,15,19
2014-04-05,08:00,1600,5,1,2,5,6,7,9,12,16,17,18
2014-04-05,09:00,1601,17,3,4,5,9,10,11,15,17,18,19
2014-04-05,10:00,1602,1,5,7,9,12,14,15,16,17,18,20
2014-04-05,11:00,1603,7,1,3,7,9,11,13,14,16,19,20
2014-04-05,12:00,1604,14,1,2,4,5,6,8,9,11,16,18
2014-04-05,13:00,1605,16,1,2,5,9,12,13,14,18,19,20
2014-04-05,14:00,1606,14,2,6,8,11,12,13,15,17,18,20
2014-04-05,15:00,1607,8,5,6,9,10,11,12,15,17,18,19
2014-04-05,16:00,1608,11,2,3,5,7,8,10,11,15,16,20
2014-04-05,17:00,1609,15,1,3,4,6,9,12,14,15,18,19
2014-04-05,18:00,1610,15,1,3,4,5,10,11,13,17,19,20
2014-04-05,19:00,1611,14,1,3,4,5,8,10,11,12,19,20
2014-04-05,20:00,1612,3,4,5,6,8,9,11,14,15,18,20
2014-04-05,21:00,1613,4,2,3,4,5,7,9,12,13,14,20
2014-04-05,22:00,1614,7,5,6,9,10,11,12,13,17,18,19
2014-04-05,23:00,1615,3,1,2,3,4,6,13,17,18,19,20
2014-04-06,07:00,1616,8,4,5,7,8,9,10,12,14,15,18
2014-04-06,08:00,1617,2,2,3,4,8,9,10,11,15,17,19
2014-04-06,09:00,1618,1,6,7,8,9,12,13,15,16,17,18
2014-04-06,10:00,1619,16,1,3,5,6,7,9,12,13,14,16
2014-04-06,11:00,1620,8,6,7,9,10,11,12,13,14,17,18
2014-04-06,12:00,1621,11,1,2,5,7,10,11,15,17,18,20
2014-04-06,13:00,1622,6,1,2,3,4,5,6,7,11,15,19
2014-04-06,14:00,1623,18,3,5,10,13,14,15,16,18,19,20
2014-04-06,15:00,1624,10,5,6,7,11,12,13,14,15,19,20
2014-04-06,16:00,1625,11,3,11,12,13,15,16,17,18,19,20
2014-04-06,17:00,1626,11,1,2,5,7,8,10,13,16,18,19
2014-04-06,18:00,1627,1,3,6,8,10,12,13,14,16,17,20
2014-04-06,19:00,1628,9,1,3,6,10,11,12,14,15,16,17
2014-04-06,20:00,1629,3,3,4,5,9,10,12,15,16,17,19
2014-04-06,21:00,1630,4,1,5,7,8,10,11,14,16,17,20
2014-04-06,22:00,1631,12,1,2,4,6,8,10,11,13,16,20
2014-04-06,23:00,1632,17,2,5,9,11,12,13,15,16,18,20
2014-04-07,07:00,1633,19,1,3,4,5,9,12,13,15,17,18
2014-04-07,08:00,1634,8,1,3,5,7,9,11,12,15,18,20
2014-04-07,09:00,1635,15,2,5,6,8,9,10,11,12,13,16
2014-04-07,10:00,1636,10,2,5,7,11,12,13,14,17,18,20
2014-04-07,11:00,1637,3,2,3,4,6,9,10,11,12,13,14
2014-04-07,12:00,1638,2,2,3,4,6,8,15,16,17,18,20
2014-04-07,13:00,1639,16,1,4,5,7,9,11,14,16,18,20
2014-04-07,14:00,1640,13,2,4,6,8,10,11,13,16,18,19
2014-04-07,15:00,1641,4,1,3,5,6,7,9,11,12,15,16
2014-04-07,16:00,1642,16,2,3,4,6,7,8,10,11,17,18
2014-04-07,17:00,1643,4,4,5,7,9,10,12,14,15,17,19
2014-04-07,18:00,1644,18,1,2,4,8,9,14,15,17,18,19
2014-04-07,19:00,1645,19,1,4,6,11,13,15,17,18,19,20
2014-04-07,20:00,1646,20,1,3,5,6,8,10,11,15,17,19
2014-04-07,21:00,1647,15,2,4,5,7,10,12,14,17,18,19
2014-04-07,22:00,1648,16,1,2,5,6,7,9,11,13,16,18
2014-04-07,23:00,1649,1,2,6,7,8,9,10,11,14,17,19
2014-04-08,07:00,1650,5,2,4,6,10,11,15,16,17,18,20
2014-04-08,08:00,1651,12,2,4,5,6,8,13,15,17,18,20
2014-04-08,09:00,1652,16,5,7,8,9,10,11,12,13,19,20
2014-04-08,10:00,1653,1,4,6,7,8,11,14,15,17,18,19
2014-04-08,11:00,1654,18,3,4,5,7,10,11,13,18,19,20
2014-04-08,12:00,1655,2,1,2,3,4,5,7,8,9,12,14
2014-04-08,13:00,1656,11,1,2,3,7,8,11,13,14,16,17
2014-04-08,14:00,1657,17,2,4,6,9,10,11,12,16,17,19
2014-04-08,15:00,1658,19,1,2,3,4,6,7,11,15,16,20
2014-04-08,16:00,1659,7,1,2,3,4,5,6,12,15,18,20
2014-04-08,17:00,1660,2,2,3,4,6,8,9,11,12,16,18
2014-04-08,18:00,1661,20,1,2,4,5,9,10,12,13,14,19
2014-04-08,19:00,1662,13,4,5,8,9,11,13,16,17,18,19
2014-04-08,20:00,1663,17,1,4,5,6,7,10,14,15,16,20
2014-04-08,21:00,1664,1,1,2,3,5,6,10,13,14,15,19
2014-04-08,22:00,1665,2,1,2,4,6,7,9,10,12,14,20
2014-04-08,23:00,1666,10,1,3,6,8,10,12,14,16,17,20
2014-04-09,07:00,1667,8,4,5,6,7,9,11,13,16,17,18
2014-04-09,08:00,1668,6,1,2,3,4,5,6,11,13,14,20
2014-04-09,09:00,1669,14,1,3,4,8,9,12,15,16,17,20
2014-04-09,10:00,1670,1,1,3,4,7,8,9,11,13,14,17
2014-04-09,11:00,1671,4,1,5,6,7,9,13,14,15,18,20
2014-04-09,12:00,1672,12,3,4,5,6,9,11,12,13,16,17
2014-04-09,13:00,1673,5,2,7,8,11,12,14,15,16,18,19
2014-04-09,14:00,1674,1,1,3,4,5,6,8,13,14,18,19
2014-04-09,15:00,1675,16,1,2,3,4,9,10,11,12,15,19
2014-04-09,16:00,1676,15,4,7,8,9,13,14,15,16,17,19
2014-04-09,17:00,1677,19,4,8,10,11,12,13,14,16,17,18
2014-04-09,18:00,1678,11,2,5,9,13,14,15,16,17,18,19
2014-04-09,19:00,1679,15,3,5,6,7,8,9,11,14,16,19
2014-04-09,20:00,1680,9,3,7,8,12,13,14,15,16,18,19
2014-04-09,21:00,1681,4,3,4,5,9,10,11,12,14,16,17
2014-04-09,22:00,1682,6,1,4,6,7,10,11,12,16,17,20
2014-04-09,23:00,1683,13,2,4,5,6,7,12,16,17,18,19
2014-04-10,07:00,1684,12,1,3,6,7,9,10,15,16,17,18
2014-04-10,08:00,1685,11,1,4,5,8,9,13,14,16,19,20
2014-04-10,09:00,1686,16,2,4,5,6,7,9,15,16,17,19
2014-04-10,10:00,1687,15,2,3,5,6,7,8,11,13,17,20
2014-04-10,11:00,1688,2,2,3,6,7,9,11,15,16,17,19
2014-04-10,12:00,1689,14,1,2,6,7,9,10,11,12,17,19
2014-04-10,13:00,1690,14,2,3,6,8,9,12,13,18,19,20
2014-04-10,14:00,1691,3,1,3,5,6,7,8,9,11,14,18
2014-04-10,15:00,1692,16,3,4,5,7,8,9,10,12,14,19
2014-04-10,16:00,1693,15,3,4,5,6,9,10,14,18,19,20
2014-04-10,17:00,1694,15,1,2,5,6,9,14,15,16,18,19
2014-04-10,18:00,1695,4,5,6,7,9,10,11,13,15,16,19
2014-04-10,19:00,1696,20,1,4,5,7,10,15,16,17,18,20
2014-04-10,20:00,1697,17,3,5,9,12,13,15,16,17,18,20
2014-04-10,21:00,1698,15,2,4,10,11,12,14,15,16,17,20
2014-04-10,22:00,1699,1,1,2,3,5,8,10,12,13,19,20
2014-04-10,23:00,1700,2,1,3,7,10,13,14,15,16,19,20
2014-04-11,07:00,1701,13,2,3,5,7,9,11,14,17,19,20
2014-04-11,08:00,1702,1,2,6,12,13,14,16,17,18,19,20
2014-04-11,09:00,1703,1,1,3,4,5,9,13,14,16,19,20
2014-04-11,10:00,1704,5,2,3,4,5,8,9,10,14,16,18
2014-04-11,11:00,1705,12,1,2,4,7,9,13,15,16,17,18
2014-04-11,12:00,1706,15,1,4,5,6,8,9,12,15,19,20
2014-04-11,13:00,1707,5,2,5,6,9,10,11,12,13,15,20
2014-04-11,14:00,1708,13,1,5,8,10,11,12,15,18,19,20
2014-04-11,15:00,1709,7,1,2,4,5,6,7,8,10,13,18
2014-04-11,16:00,1710,7,2,6,7,8,11,14,15,16,17,18
2014-04-11,17:00,1711,19,4,5,6,7,10,12,13,15,18,20
2014-04-11,18:00,1712,8,2,3,8,9,10,12,13,15,19,20
2014-04-11,19:00,1713,18,1,2,3,5,6,9,13,14,15,20
2014-04-11,20:00,1714,10,2,3,5,6,9,11,12,14,19,20
2014-04-11,21:00,1715,19,3,6,9,10,11,12,13,16,19,20
2014-04-11,22:00,1716,18,4,6,9,10,11,13,15,16,19,20
2014-04-11,23:00,1717,2,1,2,4,8,11,13,16,17,19,20
2014-04-12,07:00,1718,10,4,7,11,12,13,15,16,18,19,20
2014-04-12,08:00,1719,4,1,4,5,9,10,14,15,16,18,20
2014-04-12,09:00,1720,2,1,2,3,11,12,14,16,17,19,20
2014-04-12,10:00,1721,19,1,2,5,6,10,11,15,16,17,18
2014-04-12,11:00,1722,15,1,5,6,8,11,15,17,18,19,20
2014-04-12,12:00,1723,14,2,4,5,7,10,11,12,14,15,18
2014-04-12,13:00,1724,10,1,5,7,10,13,14,15,16,18,19
2014-04-12,14:00,1725,12,1,4,5,9,10,13,14,16,17,19
2014-04-12,15:00,1726,19,2,3,4,5,7,8,10,14,17,20
2014-04-12,16:00,1727,2,1,3,5,7,8,9,10,11,12,14
2014-04-12,17:00,1728,9,2,3,4,6,9,10,12,16,18,19
2014-04-12,18:00,1729,4,1,2,3,4,5,12,13,14,15,18
2014-04-12,19:00,1730,12,3,4,7,8,11,14,15,16,17,20
2014-04-12,20:00,1731,19,1,2,8,9,11,12,14,16,17,19
2014-04-12,21:00,1732,18,2,3,4,5,6,8,9,10,16,20
2014-04-12,22:00,1733,2,5,6,7,8,10,13,15,16,17,20
2014-04-12,23:00,1734,1,3,4,6,9,10,12,13,17,18,19
2014-04-13,07:00,1735,9,5,7,8,9,10,12,16,17,18,20
2014-04-13,08:00,1736,4,1,2,3,5,6,9,11,12,14,15
2014-04-13,09:00,1737,15,3,5,6,8,10,11,13,14,17,19
2014-04-13,10:00,1738,20,1,3,4,6,7,8,14,15,19,20
2014-04-13,11:00,1739,3,1,6,7,9,13,15,17,18,19,20
2014-04-13,12:00,1740,16,2,3,5,6,7,9,11,12,16,18
2014-04-13,13:00,1741,1,1,2,3,6,12,13,14,15,18,20
2014-04-13,14:00,1742,14,1,5,6,7,8,9,11,12,14,20
2014-04-13,15:00,1743,2,1,2,4,5,6,8,12,16,17,19
2014-04-13,16:00,1744,3,3,6,7,8,10,11,12,14,15,19
2014-04-13,17:00,1745,20,2,5,8,9,10,11,12,14,18,19
2014-04-13,18:00,1746,5,1,5,6,10,11,12,16,17,19,20
2014-04-13,19:00,1747,20,2,4,5,7,9,10,11,14,15,17
2014-04-13,20:00,1748,1,2,4,5,8,9,10,17,18,19,20
2014-04-13,21:00,1749,13,1,5,6,8,10,12,13,16,18,19
2014-04-13,22:00,1750,5,1,4,5,8,9,12,16,17,18,19
2014-04-13,23:00,1751,15,3,6,8,9,11,12,13,16,17,20
2014-04-14,07:00,1752,2,1,3,6,8,10,12,13,16,18,20
2014-04-14,08:00,1753,4,1,3,4,5,7,11,12,16,17,19
2014-04-14,09:00,1754,7,3,6,8,9,11,13,15,17,19,20
2014-04-14,10:00,1755,2,1,6,8,9,10,12,16,18,19,20
2014-04-14,11:00,1756,17,1,5,7,10,15,16,17,18,19,20
2014-04-14,12:00,1757,17,1,3,7,9,11,12,13,14,16,17
2014-04-14,13:00,1758,11,1,2,3,4,7,8,9,12,16,19
2014-04-14,14:00,1759,15,2,3,4,10,11,12,14,15,17,19
2014-04-14,15:00,1760,6,1,3,4,5,7,8,11,12,15,18
2014-04-14,16:00,1761,11,1,9,10,12,14,15,16,18,19,20
2014-04-14,17:00,1762,8,2,4,5,7,8,9,12,15,18,20
2014-04-14,18:00,1763,15,1,5,6,8,9,13,15,16,17,18
2014-04-14,19:00,1764,18,1,5,7,8,9,11,14,16,18,19
2014-04-14,20:00,1765,2,2,6,7,8,10,12,13,15,18,20
2014-04-14,21:00,1766,18,2,3,4,8,9,10,14,17,18,20
2014-04-14,22:00,1767,19,1,5,7,11,14,16,17,18,19,20
2014-04-14,23:00,1768,18,1,7,8,10,13,14,17,18,19,20
2014-04-15,07:00,1769,20,2,7,8,9,10,11,12,13,16,19
2014-04-15,08:00,1770,5,1,4,6,10,11,12,14,15,17,18
2014-04-15,09:00,1771,10,3,4,6,9,11,12,13,17,19,20
2014-04-15,10:00,1772,17,1,4,5,6,13,14,15,16,18,19
2014-04-15,11:00,1773,14,1,2,3,5,9,12,14,18,19,20
2014-04-15,12:00,1774,10,4,5,7,9,11,12,13,15,17,20
2014-04-15,13:00,1775,3,5,6,7,8,9,12,13,15,18,20
2014-04-15,14:00,1776,20,5,6,7,10,11,12,13,16,17,19
2014-04-15,15:00,1777,16,4,7,8,9,10,11,13,17,18,20
2014-04-15,16:00,1778,4,3,4,8,9,11,13,15,16,19,20
2014-04-15,17:00,1779,13,2,3,5,7,10,11,13,16,19,20
2014-04-15,18:00,1780,18,1,2,7,8,9,11,13,17,19,20
2014-04-15,19:00,1781,9,2,6,8,10,15,16,17,18,19,20
2014-04-15,20:00,1782,19,4,5,6,7,10,11,13,14,15,18
2014-04-15,21:00,1783,17,1,3,4,5,8,9,10,12,17,18
2014-04-15,22:00,1784,20,1,4,5,8,12,13,16,18,19,20
2014-04-15,23:00,1785,16,5,6,8,9,11,12,13,14,15,19
2014-04-16,07:00,1786,8,1,2,4,5,6,10,12,15,16,17
2014-04-16,08:00,1787,19,1,4,6,8,10,14,15,16,19,20
2014-04-16,09:00,1788,16,3,5,6,7,10,11,14,16,18,20
2014-04-16,10:00,1789,13,2,3,5,7,8,9,10,13,15,16
2014-04-16,11:00,1790,6,1,5,6,7,8,10,13,14,18,19
2014-04-16,12:00,1791,19,2,5,8,9,11,12,14,15,18,19
2014-04-16,13:00,1792,14,1,2,4,5,11,12,13,14,16,17
2014-04-16,14:00,1793,14,3,7,8,12,14,15,16,17,19,20
2014-04-16,15:00,1794,4,1,2,4,9,10,14,16,17,19,20
2014-04-16,16:00,1795,5,2,3,5,7,8,10,13,18,19,20
2014-04-16,17:00,1796,20,3,5,7,11,13,14,16,17,18,19
2014-04-16,18:00,1797,18,1,2,3,5,11,14,15,16,18,19
2014-04-16,19:00,1798,14,2,3,5,6,8,9,12,15,16,20
2014-04-16,20:00,1799,7,2,3,5,7,13,14,16,17,18,19
2014-04-16,21:00,1800,2,2,3,7,9,10,12,16,18,19,20
2014-04-16,22:00,1801,3,1,5,6,7,11,14,15,16,17,19
2014-04-16,23:00,1802,7,1,6,8,9,11,12,15,17,18,20
2014-04-17,07:00,1803,15,5,8,11,12,15,16,17,18,19,20
2014-04-17,08:00,1804,8,1,2,4,5,6,8,11,15,18,20
2014-04-17,09:00,1805,7,3,4,5,6,11,14,16,17,18,19
2014-04-17,10:00,1806,14,4,5,7,8,10,11,13,15,17,19
2014-04-17,11:00,1807,19,1,3,4,6,11,12,13,14,18,19
2014-04-17,12:00,1808,17,1,3,4,8,10,11,13,18,19,20
2014-04-17,13:00,1809,14,3,7,8,11,13,14,16,17,18,19
2014-04-17,14:00,1810,7,1,2,7,8,9,10,11,12,17,19
2014-04-17,15:00,1811,10,2,3,5,8,13,14,15,17,18,19
2014-04-17,16:00,1812,4,2,3,4,6,7,8,10,13,16,19
2014-04-17,17:00,1813,19,1,2,5,6,8,9,10,12,14,17
2014-04-17,18:00,1814,12,1,5,6,7,9,12,13,15,17,19
2014-04-17,19:00,1815,10,1,3,7,9,11,14,17,18,19,20
2014-04-17,20:00,1816,11,2,3,6,9,13,16,17,18,19,20
2014-04-17,21:00,1817,7,3,5,6,8,9,11,13,16,18,20
2014-04-17,22:00,1818,3,1,2,3,4,5,10,13,15,17,20
2014-04-17,23:00,1819,2,1,2,4,6,7,9,10,14,15,16
2014-04-18,07:00,1820,7,1,3,4,5,7,8,12,13,14,15
2014-04-18,08:00,1821,11,1,2,5,6,7,9,14,15,16,17
2014-04-18,09:00,1822,10,3,4,5,6,9,11,12,14,16,19
2014-04-18,10:00,1823,3,1,2,3,5,6,7,9,11,17,18
2014-04-18,11:00,1824,1,3,4,5,6,7,10,15,17,19,20
2014-04-18,12:00,1825,12,2,4,5,6,7,8,15,17,19,20
2014-04-18,13:00,1826,16,4,8,9,10,11,12,15,16,17,18
2014-04-18,14:00,1827,8,1,4,5,7,10,13,16,17,19,20
2014-04-18,15:00,1828,1,3,5,7,8,10,13,15,16,17,19
2014-04-18,16:00,1829,1,1,4,5,6,7,8,10,11,16,19
2014-04-18,17:00,1830,9,3,5,9,10,12,14,16,17,19,20
2014-04-18,18:00,1831,10,5,6,7,8,11,13,14,15,18,20
2014-04-18,19:00,1832,4,2,3,5,8,9,10,12,16,17,18
2014-04-18,20:00,1833,7,1,4,5,6,7,10,11,16,17,19
2014-04-18,21:00,1834,4,2,3,5,7,12,13,14,16,17,18
2014-04-18,22:00,1835,16,1,2,4,5,9,11,14,16,17,19
2014-04-18,23:00,1836,19,1,2,5,7,8,12,13,14,16,20
2014-04-19,07:00,1837,3,1,3,6,8,10,11,13,15,16,17
2014-04-19,08:00,1838,9,1,2,6,7,9,13,15,16,18,20
2014-04-19,09:00,1839,1,1,2,4,5,6,7,8,12,18,20
2014-04-19,10:00,1840,7,3,5,6,7,9,10,14,15,18,19
2014-04-19,11:00,1841,14,1,4,5,6,8,9,10,14,15,17
2014-04-19,12:00,1842,4,1,4,5,6,9,12,17,18,19,20
2014-04-19,13:00,1843,12,5,9,10,11,12,13,14,16,17,18
2014-04-19,14:00,1844,8,1,4,7,8,10,14,15,16,17,20
2014-04-19,15:00,1845,13,4,5,8,10,11,15,16,18,19,20
2014-04-19,16:00,1846,17,3,4,5,6,11,12,13,15,17,20
2014-04-19,17:00,1847,12,3,4,5,8,10,13,14,15,16,19
2014-04-19,18:00,1848,11,2,6,7,12,14,15,16,17,18,20
2014-04-19,19:00,1849,10,2,4,8,9,11,12,14,15,17,19
2014-04-19,20:00,1850,1,4,5,7,9,12,14,16,17,18,19
2014-04-19,21:00,1851,13,1,5,7,8,11,14,15,16,17,19
2014-04-19,22:00,1852,5,1,4,11,12,13,14,17,18,19,20
2014-04-19,23:00,1853,18,1,9,10,11,12,14,15,16,17,18
2014-04-20,07:00,1854,4,1,2,4,7,8,9,10,14,15,18
2014-04-20,08:00,1855,17,1,2,4,8,10,11,13,14,19,20
2014-04-20,09:00,1856,5,1,3,5,7,9,11,12,13,15,17
2014-04-20,10:00,1857,7,1,2,3,11,14,15,16,18,19,20
2014-04-20,11:00,1858,12,1,2,5,6,9,12,13,14,15,16
2014-04-20,12:00,1859,13,2,8,10,11,12,15,16,17,18,19
2014-04-20,13:00,1860,10,1,2,5,6,8,9,11,15,17,19
2014-04-20,14:00,1861,6,1,2,3,4,7,11,12,13,14,19
2014-04-20,15:00,1862,3,1,2,3,4,5,6,8,9,11,12
2014-04-20,16:00,1863,16,2,3,6,7,9,10,16,17,18,19
2014-04-20,17:00,1864,15,1,4,5,9,11,13,14,15,17,19
2014-04-20,18:00,1865,15,1,2,3,5,10,13,15,17,18,19
2014-04-20,19:00,1866,14,1,4,7,8,10,11,15,17,18,19
2014-04-20,20:00,1867,13,1,2,5,8,9,11,14,15,17,19
2014-04-20,21:00,1868,10,1,3,5,9,12,13,14,15,16,17
2014-04-20,22:00,1869,19,2,3,6,8,9,11,12,15,17,20
2014-04-20,23:00,1870,7,1,4,5,7,8,9,12,13,16,20
2014-04-21,07:00,1871,7,1,4,5,12,13,14,15,16,17,18
2014-04-21,08:00,1872,7,1,2,4,6,7,8,9,11,14,17
2014-04-21,09:00,1873,10,1,3,6,7,11,14,16,17,18,20
2014-04-21,10:00,1874,5,2,3,4,5,7,11,12,14,18,19
2014-04-21,11:00,1875,7,4,6,7,8,10,12,13,14,15,17
2014-04-21,12:00,1876,12,1,5,7,11,12,13,14,15,16,18
2014-04-21,13:00,1877,13,1,2,5,10,12,15,16,17,19,20
2014-04-21,14:00,1878,12,1,3,5,6,7,8,9,10,14,17
2014-04-21,15:00,1879,16,3,6,7,9,11,12,13,17,18,19
2014-04-21,16:00,1880,20,1,3,6,8,10,12,13,15,18,19
2014-04-21,17:00,1881,2,5,6,8,9,13,14,15,16,19,20
2014-04-21,18:00,1882,16,6,7,8,10,14,16,17,18,19,20
2014-04-21,19:00,1883,15,1,4,6,10,12,16,17,18,19,20
2014-04-21,20:00,1884,1,3,4,6,10,11,13,14,15,16,18
2014-04-21,21:00,1885,12,3,4,9,12,13,14,15,16,18,19
2014-04-21,22:00,1886,19,4,6,7,8,9,10,11,18,19,20
2014-04-21,23:00,1887,3,2,3,4,6,7,11,14,15,16,18
2014-04-22,07:00,1888,14,1,2,3,4,5,10,14,15,17,19
2014-04-22,08:00,1889,10,2,3,5,6,9,12,14,15,16,20
2014-04-22,09:00,1890,13,1,2,6,7,8,9,13,14,18,20
2014-04-22,10:00,1891,3,1,3,4,6,7,9,11,18,19,20
2014-04-22,11:00,1892,9,1,4,8,10,11,12,13,15,17,20
2014-04-22,12:00,1893,1,1,2,3,4,5,6,8,9,10,11
2014-04-22,13:00,1894,11,2,5,7,8,9,10,12,14,15,16
2014-04-22,14:00,1895,15,3,4,6,7,8,11,13,16,19,20
2014-04-22,15:00,1896,16,1,2,4,6,11,14,15,16,17,19
2014-04-22,16:00,1897,5,1,2,4,5,9,11,12,14,16,20
2014-04-22,17:00,1898,14,1,2,4,5,6,7,8,9,17,19
2014-04-22,18:00,1899,11,2,5,6,9,10,11,16,17,18,20
2014-04-22,19:00,1900,6,2,4,9,11,12,13,14,15,17,19
2014-04-22,20:00,1901,19,2,3,4,5,6,13,15,17,19,20
2014-04-22,21:00,1902,1,1,3,5,8,9,13,14,15,19,20
2014-04-22,22:00,1903,8,1,2,3,4,5,9,10,13,14,16
2014-04-22,23:00,1904,9,4,7,8,9,10,11,12,14,17,20
2014-04-23,07:00,1905,16,1,2,3,4,6,10,12,16,18,19
2014-04-23,08:00,1906,11,3,4,6,7,10,14,16,17,18,19
2014-04-23,09:00,1907,4,2,5,6,7,10,15,16,18,19,20
2014-04-23,10:00,1908,13,1,5,6,7,9,10,15,16,19,20
2014-04-23,11:00,1909,8,3,4,5,7,9,10,14,17,18,19
2014-04-23,12:00,1910,19,2,3,4,5,6,10,11,12,13,18
2014-04-23,13:00,1911,7,1,3,5,6,10,11,14,15,18,19
2014-04-23,14:00,1912,13,2,3,4,6,7,9,12,13,14,18
2014-04-23,15:00,1913,19,1,3,5,7,8,11,15,18,19,20
2014-04-23,16:00,1914,4,3,5,7,9,10,12,13,17,18,19
2014-04-23,17:00,1915,11,2,4,6,9,10,12,14,17,18,20
2014-04-23,18:00,1916,9,3,5,7,8,9,12,13,16,19,20
2014-04-23,19:00,1917,5,1,3,6,8,9,11,13,15,17,20
2014-04-23,20:00,1918,19,3,4,5,7,9,10,15,16,17,18
2014-04-23,21:00,1919,3,3,8,10,12,13,14,16,17,19,20
2014-04-23,22:00,1920,12,4,6,7,10,12,13,15,17,18,19
2014-04-23,23:00,1921,1,1,3,4,7,9,12,14,16,18,19
2014-04-24,07:00,1922,14,1,2,4,9,11,14,15,16,17,18
2014-04-24,08:00,1923,2,1,3,5,7,8,9,10,14,16,20
2014-04-24,09:00,1924,18,1,2,4,8,9,12,15,16,17,18
2014-04-24,10:00,1925,16,6,7,9,11,13,14,16,17,18,20
2014-04-24,11:00,1926,11,2,4,5,6,10,11,15,18,19,20
2014-04-24,12:00,1927,19,2,4,6,7,9,10,14,15,17,19
2014-04-24,13:00,1928,19,1,2,4,6,8,10,15,18,19,20
2014-04-24,14:00,1929,15,1,2,3,4,5,6,11,17,18,19
2014-04-24,15:00,1930,18,2,3,7,8,10,11,12,14,15,16
2014-04-24,16:00,1931,12,4,5,10,12,13,15,16,17,19,20
2014-04-24,17:00,1932,7,1,3,4,5,6,11,14,18,19,20
2014-04-24,18:00,1933,20,1,2,3,4,5,12,15,16,17,20
2014-04-24,19:00,1934,18,2,4,6,9,14,15,16,18,19,20
2014-04-24,20:00,1935,15,2,3,6,7,9,10,11,16,17,19
2014-04-24,21:00,1936,6,2,4,6,8,9,10,12,16,18,20
2014-04-24,22:00,1937,17,1,3,8,9,10,11,12,13,17,20
2014-04-24,23:00,1938,11,2,4,6,8,10,15,16,17,19,20
2014-04-25,07:00,1939,10,2,6,8,9,10,12,14,16,18,19
2014-04-25,08:00,1940,1,1,2,3,9,10,12,13,14,18,20
2014-04-25,09:00,1941,17,1,3,4,5,6,7,8,10,16,20
2014-04-25,10:00,1942,4,2,3,5,8,9,10,11,12,13,18
2014-04-25,11:00,1943,11,6,8,9,11,12,13,15,16,18,19
2014-04-25,12:00,1944,9,7,9,10,11,12,13,14,17,18,19
2014-04-25,13:00,1945,7,2,6,7,8,10,11,14,15,16,17
2014-04-25,14:00,1946,20,2,3,4,5,6,9,10,16,18,19
2014-04-25,15:00,1947,5,2,3,5,6,7,11,12,14,16,17
2014-04-25,16:00,1948,1,1,3,4,6,7,10,12,14,16,17
2014-04-25,17:00,1949,11,2,3,6,9,10,11,14,16,17,18
2014-04-25,18:00,1950,14,1,2,3,5,7,10,16,17,19,20
2014-04-25,19:00,1951,14,1,2,3,4,6,7,14,16,19,20
2014-04-25,20:00,1952,3,1,4,5,7,9,10,14,16,17,18
2014-04-25,21:00,1953,19,1,4,6,7,9,10,11,12,15,20
2014-04-25,22:00,1954,13,1,4,5,6,8,11,13,15,16,17
2014-04-25,23:00,1955,19,1,4,7,8,9,10,11,13,15,17
2014-04-26,07:00,1956,12,3,4,5,6,8,9,10,14,19,20
2014-04-26,08:00,1957,9,2,5,6,8,9,11,15,16,18,19
2014-04-26,09:00,1958,2,1,3,4,5,7,8,11,14,16,18
2014-04-26,10:00,1959,6,1,2,4,5,7,14,15,17,18,20
2014-04-26,11:00,1960,4,2,7,8,10,12,15,16,17,19,20
2014-04-26,12:00,1961,20,3,4,5,6,7,11,12,14,19,20
2014-04-26,13:00,1962,17,1,5,7,9,10,11,16,17,18,20
2014-04-26,14:00,1963,7,2,5,6,10,11,15,17,18,19,20
2014-04-26,15:00,1964,7,2,3,5,9,11,12,13,14,18,19
2014-04-26,16:00,1965,4,1,2,5,6,9,12,13,15,16,20
2014-04-26,17:00,1966,1,2,5,6,7,9,10,12,15,16,20
2014-04-26,18:00,1967,4,3,5,7,11,12,13,14,16,17,19
2014-04-26,19:00,1968,17,3,4,5,7,10,11,12,15,16,19
2014-04-26,20:00,1969,19,1,4,6,8,11,14,15,17,18,19
2014-04-26,21:00,1970,13,1,2,3,6,9,11,13,16,18,19
2014-04-26,22:00,1971,2,2,3,4,8,13,14,17,18,19,20
2014-04-26,23:00,1972,12,4,5,7,8,9,10,11,14,19,20
2014-04-27,07:00,1973,11,1,3,4,9,13,15,17,18,19,20
2014-04-27,08:00,1974,17,3,5,10,13,14,15,17,18,19,20
2014-04-27,09:00,1975,15,1,3,4,8,9,10,11,13,18,19
2014-04-27,10:00,1976,20,1,2,3,4,10,12,13,15,17,19
2014-04-27,11:00,1977,8,1,4,6,8,10,13,16,17,18,20
2014-04-27,12:00,1978,9,3,5,6,7,8,9,12,16,17,20
2014-04-27,13:00,1979,11,2,4,5,6,10,11,12,13,14,18
2014-04-27,14:00,1980,1,2,3,4,7,8,11,16,17,18,19
2014-04-27,15:00,1981,17,3,5,8,9,12,13,14,15,16,17
2014-04-27,16:00,1982,1,1,2,7,9,14,15,16,17,18,19
2014-04-27,17:00,1983,20,1,5,7,8,9,11,12,15,17,18
2014-04-27,18:00,1984,2,3,4,5,6,7,11,12,13,14,20
2014-04-27,19:00,1985,5,2,3,4,8,11,15,16,17,18,19
2014-04-27,20:00,1986,13,1,2,6,10,11,13,16,18,19,20
2014-04-27,21:00,1987,1,2,5,6,10,12,13,14,15,19,20
2014-04-27,22:00,1988,6,1,3,7,8,11,13,14,16,18,20
2014-04-27,23:00,1989,17,1,4,6,11,13,16,17,18,19,20
2014-04-28,07:00,1990,20,1,4,6,10,11,12,13,15,19,20
2014-04-28,08:00,1991,15,2,3,4,9,10,11,12,13,14,15
2014-04-28,09:00,1992,14,1,5,6,8,9,10,12,15,18,19
2014-04-28,10:00,1993,4,2,4,5,7,9,13,16,17,18,20
2014-04-28,11:00,1994,5,1,2,3,10,11,12,13,14,18,20
2014-04-28,12:00,1995,18,1,4,5,6,9,10,15,16,19,20
2014-04-28,13:00,1996,18,1,2,3,5,6,10,11,13,14,17
2014-04-28,14:00,1997,9,2,3,4,5,9,10,11,14,15,17
2014-04-28,15:00,1998,11,1,2,4,9,10,11,13,15,18,20
2014-04-28,16:00,1999,11,1,7,8,12,13,14,15,16,17,18
2014-04-28,17:00,2000,9,2,5,6,8,9,11,12,13,14,20
2014-04-28,18:00,2001,15,1,2,4,5,7,10,11,14,17,18
2014-04-28,19:00,2002,18,3,4,5,8,10,11,15,16,18,20
2014-04-28,20:00,2003,13,1,4,6,9,10,13,14,17,18,19
2014-04-28,21:00,2004,3,1,4,6,9,10,11,12,14,15,19
2014-04-28,22:00,2005,12,4,7,8,9,10,11,16,17,18,20
2014-04-28,23:00,2006,14,3,5,9,10,15,16,17,18,19,20
2014-04-29,07:00,2007,18,2,7,8,9,11,12,13,14,18,19
2014-04-29,08:00,2008,17,2,5,6,8,10,15,16,17,18,20
2014-04-29,09:00,2009,19,1,4,5,6,7,11,12,16,19,20
2014-04-29,10:00,2010,12,1,2,3,4,5,10,16,17,19,20
2014-04-29,11:00,2011,11,2,5,7,9,11,14,15,18,19,20
2014-04-29,12:00,2012,2,1,4,8,9,10,12,15,17,18,20
2014-04-29,13:00,2013,20,1,2,3,4,5,6,8,14,15,17
2014-04-29,14:00,2014,12,4,5,6,9,11,12,13,14,15,20
2014-04-29,15:00,2015,13,2,5,7,9,10,12,13,15,18,20
2014-04-29,16:00,2016,5,1,5,6,7,9,11,13,14,15,16
2014-04-29,17:00,2017,6,5,7,10,11,13,15,16,17,19,20
2014-04-29,18:00,2018,19,1,2,3,4,7,8,11,16,18,20
2014-04-29,19:00,2019,7,2,4,7,8,9,11,15,16,17,20
2014-04-29,20:00,2020,12,3,7,8,9,11,12,14,17,19,20
2014-04-29,21:00,2021,19,1,3,4,6,11,12,14,18,19,20
2014-04-29,22:00,2022,17,3,4,5,6,9,12,13,15,16,18
2014-04-29,23:00,2023,5,1,4,5,7,11,12,14,15,17,19
2014-04-30,07:00,2024,7,2,3,4,6,7,8,9,11,15,18
2014-04-30,08:00,2025,20,1,3,5,7,8,9,10,14,18,19
2014-04-30,09:00,2026,5,3,4,5,9,10,12,14,16,18,19
2014-04-30,10:00,2027,11,1,4,5,6,14,15,16,17,18,20
2014-04-30,11:00,2028,12,1,2,3,4,7,8,9,10,16,20
2014-04-30,12:00,2029,7,3,5,6,8,10,13,14,16,17,20
2014-04-30,13:00,2030,4,1,2,3,4,6,7,8,13,14,17
2014-04-30,14:00,2031,4,1,2,4,5,7,8,10,11,15,17
2014-04-30,15:00,2032,9,1,6,8,9,12,14,16,18,19,20
2014-04-30,16:00,2033,2,2,4,6,7,10,11,16,17,18,20
2014-04-30,17:00,2034,4,1,3,4,6,8,9,11,12,18,19
2014-04-30,18:00,2035,1,3,4,7,9,10,12,13,15,16,19
2014-04-30,19:00,2036,16,2,3,4,5,9,12,16,17,18,19
2014-04-30,20:00,2037,7,3,4,5,8,11,15,17,18,19,20
2014-04-30,21:00,2038,12,1,2,3,4,6,8,11,15,16,19
2014-04-30,22:00,2039,15,2,3,4,5,11,12,13,14,15,16
2014-04-30,23:00,2040,2,2,3,4,5,10,12,13,15,16,17
2014-05-01,07:00,2041,4,1,3,4,5,7,9,10,11,15,18
2014-05-01,08:00,2042,6,3,5,6,7,8,9,13,15,16,17
2014-05-01,09:00,2043,3,3,4,9,10,12,13,14,16,17,18
2014-05-01,10:00,2044,5,2,4,6,8,10,11,12,15,17,18
2014-05-01,11:00,2045,5,3,4,5,6,8,10,13,14,16,19
2014-05-01,12:00,2046,12,1,4,5,11,13,14,15,17,18,19
2014-05-01,13:00,2047,11,2,3,6,8,9,10,11,12,13,18
2014-05-01,14:00,2048,16,1,2,3,5,9,10,11,14,18,20
2014-05-01,15:00,2049,17,1,5,6,7,11,12,15,18,19,20
2014-05-01,16:00,2050,15,1,6,7,10,13,14,15,17,18,19
2014-05-01,17:00,2051,11,2,3,5,6,10,11,12,15,16,19
2014-05-01,18:00,2052,17,3,5,8,9,10,15,17,18,19,20
2014-05-01,19:00,2053,11,1,3,4,5,8,9,10,11,12,16
2014-05-01,20:00,2054,8,4,6,8,9,11,12,13,15,17,20
2014-05-01,21:00,2055,13,1,2,3,6,8,10,13,16,18,20
2014-05-01,22:00,2056,15,1,4,7,8,9,10,11,14,15,18
2014-05-01,23:00,2057,12,1,2,4,5,8,9,12,13,15,18
2014-05-02,07:00,2058,10,5,7,9,10,11,12,14,16,17,19
2014-05-02,08:00,2059,6,1,2,3,4,7,8,10,12,15,17
2014-05-02,09:00,2060,18,1,2,3,6,8,9,11,14,17,19
2014-05-02,10:00,2061,8,2,5,7,10,11,13,14,15,17,20
2014-05-02,11:00,2062,6,1,3,4,7,11,12,13,16,17,19
2014-05-02,12:00,2063,6,1,4,6,8,13,14,16,17,18,20
2014-05-02,13:00,2064,15,1,3,4,7,8,10,11,14,17,18
2014-05-02,14:00,2065,8,3,4,8,10,11,15,16,17,18,20
2014-05-02,15:00,2066,18,3,5,6,8,9,11,14,16,19,20
2014-05-02,16:00,2067,12,1,2,3,5,8,12,13,17,18,20
2014-05-02,17:00,2068,17,2,4,6,10,11,12,13,14,15,20
2014-05-02,18:00,2069,15,1,3,4,5,6,9,12,13,15,17
2014-05-02,19:00,2070,18,1,2,3,5,6,10,12,14,16,19
2014-05-02,20:00,2071,5,1,2,4,6,8,10,13,15,18,20
2014-05-02,21:00,2072,18,3,5,6,8,9,11,13,18,19,20
2014-05-02,22:00,2073,10,1,4,5,7,8,11,14,16,17,18
2014-05-02,23:00,2074,7,1,2,7,9,10,11,12,15,17,20
2014-05-03,07:00,2075,17,2,3,4,5,6,10,11,12,15,20
2014-05-03,08:00,2076,10,1,3,6,7,8,10,11,13,19,20
2014-05-03,09:00,2077,5,1,2,6,9,10,11,12,14,15,20
2014-05-03,10:00,2078,17,1,2,3,4,6,11,12,13,19,20
2014-05-03,11:00,2079,8,2,5,9,10,11,12,13,14,19,20
2014-05-03,12:00,2080,14,1,2,4,5,7,8,9,12,15,16
2014-05-03,13:00,2081,7,1,2,6,8,9,10,14,17,18,19
2014-05-03,14:00,2082,16,2,4,5,7,8,12,15,16,17,18
2014-05-03,15:00,2083,8,2,4,5,6,8,10,12,14,19,20
2014-05-03,16:00,2084,7,2,6,8,10,12,13,15,17,18,19
2014-05-03,17:00,2085,8,1,3,4,9,11,12,13,15,17,18
2014-05-03,18:00,2086,9,2,3,6,9,10,12,13,15,16,17
2014-05-03,19:00,2087,17,1,2,7,8,10,11,12,15,17,20
2014-05-03,20:00,2088,9,5,6,8,9,11,13,14,18,19,20
2014-05-03,21:00,2089,18,6,7,8,10,13,15,16,18,19,20
2014-05-03,22:00,2090,12,3,4,7,8,9,11,13,17,18,20
2014-05-03,23:00,2091,12,4,5,7,8,9,12,13,17,18,20
2014-05-04,07:00,2092,8,4,6,8,10,13,14,15,16,18,20
2014-05-04,08:00,2093,15,3,6,8,9,11,12,14,15,18,19
2014-05-04,09:00,2094,12,1,3,4,5,6,10,11,13,14,19
2014-05-04,10:00,2095,14,1,8,10,11,13,15,16,17,19,20
2014-05-04,11:00,2096,16,4,9,10,11,12,13,14,15,16,19
2014-05-04,12:00,2097,1,1,2,3,10,11,12,13,15,17,20
2014-05-04,13:00,2098,12,1,2,3,7,8,10,11,15,18,19
2014-05-04,14:00,2099,8,4,5,7,8,9,10,13,16,17,19
2014-05-04,15:00,2100,11,1,3,9,10,11,13,15,18,19,20
2014-05-04,16:00,2101,17,1,2,4,6,9,10,11,13,14,15
2014-05-04,17:00,2102,6,3,4,7,10,11,12,13,16,17,20
2014-05-04,18:00,2103,17,2,3,4,5,6,10,11,13,15,20
2014-05-04,19:00,2104,8,2,3,4,5,6,10,11,12,13,17
2014-05-04,20:00,2105,17,2,3,6,7,8,11,13,16,17,18
2014-05-04,21:00,2106,6,3,4,6,7,8,11,13,14,18,20
2014-05-04,22:00,2107,16,3,5,6,7,10,13,14,16,18,19
2014-05-04,23:00,2108,10,3,5,6,7,8,9,11,12,17,20
2014-05-05,07:00,2109,11,4,7,8,9,14,15,16,18,19,20
2014-05-05,08:00,2110,7,3,4,5,8,10,11,16,17,18,19
2014-05-05,09:00,2111,4,5,10,12,14,15,16,17,18,19,20
2014-05-05,10:00,2112,1,2,3,4,6,7,9,12,14,15,17
2014-05-05,11:00,2113,17,5,7,9,10,12,14,15,16,18,19
2014-05-05,12:00,2114,2,1,3,6,8,11,12,14,18,19,20
2014-05-05,13:00,2115,1,1,5,6,8,9,13,15,16,17,18
2014-05-05,14:00,2116,17,3,4,7,8,12,13,15,16,18,19
2014-05-05,15:00,2117,5,1,3,5,7,9,11,12,13,18,20
2014-05-05,16:00,2118,15,1,2,4,6,7,10,14,15,18,20
2014-05-05,17:00,2119,20,3,4,5,7,8,11,13,15,16,18
2014-05-05,18:00,2120,4,3,4,6,7,8,9,10,12,13,15
2014-05-05,19:00,2121,1,2,5,7,10,12,13,14,17,19,20
2014-05-05,20:00,2122,15,2,5,6,7,8,10,14,17,18,20
2014-05-05,21:00,2123,3,1,2,4,7,14,15,16,18,19,20
2014-05-05,22:00,2124,14,3,5,6,8,13,14,15,18,19,20
2014-05-05,23:00,2125,18,2,3,4,5,6,7,8,10,15,17
2014-05-06,07:00,2126,5,1,3,5,6,7,8,9,13,16,20
2014-05-06,08:00,2127,2,1,4,5,7,8,11,14,16,18,20
2014-05-06,09:00,2128,20,1,2,3,7,8,9,11,14,16,18
2014-05-06,10:00,2129,2,3,4,5,6,11,12,14,15,16,18
2014-05-06,11:00,2130,20,2,4,5,6,9,11,12,14,17,18
2014-05-06,12:00,2131,16,3,4,5,8,9,12,15,16,17,20
2014-05-06,13:00,2132,17,2,5,6,7,10,11,13,14,16,20
2014-05-06,14:00,2133,4,4,5,8,10,11,12,13,17,19,20
2014-05-06,15:00,2134,14,3,4,5,6,7,13,16,17,18,19
2014-05-06,16:00,2135,6,1,3,5,7,8,9,10,11,15,20
2014-05-06,17:00,2136,20,3,4,5,6,7,9,11,14,16,19
2014-05-06,18:00,2137,8,1,2,3,9,10,12,14,16,18,19
2014-05-06,19:00,2138,1,2,3,6,7,9,11,14,16,19,20
2014-05-06,20:00,2139,9,2,3,5,7,8,9,13,14,16,20
2014-05-06,21:00,2140,4,2,3,4,6,8,9,10,11,12,16
2014-05-06,22:00,2141,9,1,3,4,6,7,11,12,15,16,17
2014-05-06,23:00,2142,12,1,2,7,11,13,14,15,18,19,20
2014-05-07,07:00,2143,9,5,6,7,10,11,12,14,15,16,17
2014-05-07,08:00,2144,17,1,3,4,5,7,12,13,15,17,18
2014-05-07,09:00,2145,6,1,6,7,8,11,13,14,17,18,20
2014-05-07,10:00,2146,12,4,5,7,8,9,12,13,16,17,18
2014-05-07,11:00,2147,4,1,5,7,9,11,12,13,14,17,20
2014-05-07,12:00,2148,9,2,5,6,9,10,11,15,18,19,20
2014-05-07,13:00,2149,10,1,2,4,7,8,11,12,13,18,20
2014-05-07,14:00,2150,2,3,5,7,10,11,12,13,16,18,20
2014-05-07,15:00,2151,16,1,3,4,8,9,10,16,17,18,20
2014-05-07,16:00,2152,2,1,6,7,8,11,14,15,16,18,19
2014-05-07,17:00,2153,12,5,6,7,8,9,11,13,16,18,20
2014-05-07,18:00,2154,1,1,3,4,6,7,8,10,11,13,20
2014-05-07,19:00,2155,10,1,2,4,5,8,10,12,13,17,19
2014-05-07,20:00,2156,20,1,4,5,9,10,11,14,16,18,20
2014-05-07,21:00,2157,2,3,4,5,9,13,14,16,17,18,20
2014-05-07,22:00,2158,12,1,2,3,5,8,12,13,14,15,17
2014-05-07,23:00,2159,16,2,3,6,7,8,9,10,11,12,14
2014-05-08,07:00,2160,13,1,4,5,10,12,13,14,15,19,20
2014-05-08,08:00,2161,18,2,4,5,6,11,12,15,16,17,20
2014-05-08,09:00,2162,14,2,5,7,8,10,13,14,17,18,19
2014-05-08,10:00,2163,14,1,3,5,6,11,12,13,14,17,18
2014-05-08,11:00,2164,13,1,4,6,7,9,12,15,16,18,20
2014-05-08,12:00,2165,7,1,5,6,7,8,9,12,13,19,20
2014-05-08,13:00,2166,10,3,5,6,7,8,13,15,16,18,19
2014-05-08,14:00,2167,4,1,2,5,7,13,14,15,17,18,19
2014-05-08,15:00,2168,18,2,3,4,6,11,15,17,18,19,20
2014-05-08,16:00,2169,6,3,5,6,10,11,14,15,16,17,18
2014-05-08,17:00,2170,3,3,8,12,13,14,15,16,17,19,20
2014-05-08,18:00,2171,12,4,6,7,8,9,11,12,15,19,20
2014-05-08,19:00,2172,11,1,3,6,7,8,9,10,13,15,20
2014-05-08,20:00,2173,4,1,3,4,5,7,10,15,18,19,20
2014-05-08,21:00,2174,12,1,5,7,8,11,12,15,16,17,18
2014-05-08,22:00,2175,3,4,5,7,8,9,10,11,12,17,18
2014-05-08,23:00,2176,7,3,4,9,10,12,14,16,17,18,20
2014-05-09,07:00,2177,12,3,4,6,9,11,12,14,16,18,19
2014-05-09,08:00,2178,19,2,4,7,8,10,11,12,13,14,16
2014-05-09,09:00,2179,10,1,5,6,7,8,11,12,13,15,20
2014-05-09,10:00,2180,17,2,3,4,5,6,7,8,9,10,18
2014-05-09,11:00,2181,7,2,3,4,6,7,8,14,15,17,19
2014-05-09,12:00,2182,15,1,3,7,8,9,12,13,14,15,16
2014-05-09,13:00,2183,8,1,2,5,7,8,11,13,17,18,19
2014-05-09,14:00,2184,2,2,4,6,8,9,11,12,13,14,16
2014-05-09,15:00,2185,5,2,3,6,8,9,11,12,15,16,18
2014-05-09,16:00,2186,1,1,4,6,8,9,10,13,14,15,16
2014-05-09,17:00,2187,11,2,7,11,13,14,15,16,17,19,20
2014-05-09,18:00,2188,20,2,3,4,5,9,12,14,15,19,20
2014-05-09,19:00,2189,4,1,3,7,9,10,12,13,14,19,20
2014-05-09,20:00,2190,11,1,2,5,6,7,12,13,14,15,20
2014-05-09,21:00,2191,14,5,7,8,9,10,13,15,17,18,20
2014-05-09,22:00,2192,17,4,5,7,8,9,10,14,17,19,20
2014-05-09,23:00,2193,3,1,2,3,8,12,13,15,16,17,18
2014-05-10,07:00,2194,13,2,5,6,7,8,12,13,14,19,20
2014-05-10,08:00,2195,16,1,2,3,7,10,14,15,17,18,19
2014-05-10,09:00,2196,2,1,2,3,4,8,10,11,14,17,20
2014-05-10,10:00,2197,16,1,2,6,7,11,13,14,15,16,19
2014-05-10,11:00,2198,1,4,5,6,8,10,11,12,15,17,18
2014-05-10,12:00,2199,9,1,3,7,10,11,12,13,14,18,20
2014-05-10,13:00,2200,5,2,4,5,6,7,8,11,15,19,20
2014-05-10,14:00,2201,17,1,2,4,5,7,8,11,14,15,17
2014-05-10,15:00,2202,9,1,2,3,4,6,10,14,15,16,17
2014-05-10,16:00,2203,7,1,3,5,9,10,11,12,15,19,20
2014-05-10,17:00,2204,11,1,2,7,8,9,10,13,15,18,20
2014-05-10,18:00,2205,19,1,8,11,12,13,14,15,18,19,20
2014-05-10,19:00,2206,7,1,3,5,9,10,11,13,14,15,20
2014-05-10,20:00,2207,4,4,6,7,8,9,12,13,15,16,17
2014-05-10,21:00,2208,15,5,8,9,10,11,12,13,16,17,20
2014-05-10,22:00,2209,11,2,5,8,9,11,12,13,16,17,20
2014-05-10,23:00,2210,14,1,3,6,8,9,12,14,16,17,20
2014-05-11,07:00,2211,16,1,2,6,14,15,16,17,18,19,20
2014-05-11,08:00,2212,15,2,4,7,10,12,13,17,18,19,20
2014-05-11,09:00,2213,20,2,3,4,7,8,9,11,16,18,20
2014-05-11,10:00,2214,1,1,5,6,7,8,13,16,17,19,20
2014-05-11,11:00,2215,3,1,2,4,5,9,12,13,18,19,20
2014-05-11,12:00,2216,6,1,3,4,5,8,9,10,11,15,19
2014-05-11,13:00,2217,17,2,4,5,6,7,13,14,15,16,18
2014-05-11,14:00,2218,6,2,5,6,7,8,11,13,14,17,20
2014-05-11,15:00,2219,15,1,3,4,6,10,11,13,14,15,19
2014-05-11,16:00,2220,3,2,3,4,9,11,14,16,17,18,19
2014-05-11,17:00,2221,10,1,2,4,5,8,9,10,12,19,20
2014-05-11,18:00,2222,18,1,2,6,8,9,11,13,16,17,18
2014-05-11,19:00,2223,6,2,4,8,9,10,11,14,15,19,20
2014-05-11,20:00,2224,17,2,3,8,12,13,14,15,16,18,19
2014-05-11,21:00,2225,4,1,3,5,6,8,9,13,14,18,20
2014-05-11,22:00,2226,4,1,4,8,12,14,15,17,18,19,20
2014-05-11,23:00,2227,17,2,5,6,8,9,13,14,16,17,20
2014-05-12,07:00,2228,2,3,5,6,8,10,12,13,14,17,20
2014-05-12,08:00,2229,2,3,4,6,7,9,10,14,15,19,20
2014-05-12,09:00,2230,17,2,3,4,6,7,10,13,14,16,18
2014-05-12,10:00,2231,8,1,7,8,9,14,15,16,18,19,20
2014-05-12,11:00,2232,13,1,2,3,4,6,8,11,18,19,20
2014-05-12,12:00,2233,19,3,6,10,11,12,13,14,18,19,20
2014-05-12,13:00,2234,20,1,3,10,13,15,16,17,18,19,20
2014-05-12,14:00,2235,16,2,3,6,7,10,12,13,14,15,18
2014-05-12,15:00,2236,2,1,5,6,7,10,11,13,14,19,20
2014-05-12,16:00,2237,16,3,4,5,7,10,12,14,17,19,20
2014-05-12,17:00,2238,5,1,2,6,7,9,11,14,15,16,17
2014-05-12,18:00,2239,13,6,7,9,10,11,12,14,17,19,20
2014-05-12,19:00,2240,10,4,6,7,10,11,12,13,17,18,20
2014-05-12,20:00,2241,6,1,2,4,6,7,9,15,16,18,19
2014-05-12,21:00,2242,15,1,3,9,11,12,13,14,16,17,20
2014-05-12,22:00,2243,4,2,3,5,7,8,10,11,12,13,18
2014-05-12,23:00,2244,5,2,4,6,7,8,9,11,15,19,20
2014-05-13,07:00,2245,13,3,5,6,7,8,9,10,12,13,20
2014-05-13,08:00,2246,13,5,7,8,10,12,13,14,16,17,20
2014-05-13,09:00,2247,15,4,5,7,10,11,13,16,17,18,20
2014-05-13,10:00,2248,17,2,3,6,8,11,12,15,17,18,19
2014-05-13,11:00,2249,14,1,4,5,7,8,10,14,15,16,18
2014-05-13,12:00,2250,7,2,5,8,9,10,15,16,17,18,19
2014-05-13,13:00,2251,18,1,5,8,10,11,13,14,15,16,20
2014-05-13,14:00,2252,13,1,5,7,8,12,13,17,18,19,20
2014-05-13,15:00,2253,13,2,4,7,9,11,14,15,17,18,19
2014-05-13,16:00,2254,3,3,4,5,6,9,10,11,14,16,17
2014-05-13,17:00,2255,6,1,4,5,9,11,13,14,17,18,19
2014-05-13,18:00,2256,7,1,2,3,4,10,11,13,14,17,18
2014-05-13,19:00,2257,18,1,4,5,6,7,11,12,15,18,20
2014-05-13,20:00,2258,5,3,6,7,9,12,15,16,17,18,19
2014-05-13,21:00,2259,16,1,5,8,10,13,14,15,17,19,20
2014-05-13,22:00,2260,3,2,4,7,8,9,11,12,15,18,20
2014-05-13,23:00,2261,4,1,2,5,7,8,10,11,12,14,18
2014-05-14,07:00,2262,11,2,4,5,6,7,10,13,14,15,19
2014-05-14,08:00,2263,20,1,4,5,9,11,12,13,15,18,20
2014-05-14,09:00,2264,19,1,2,4,7,8,10,12,13,14,18
2014-05-14,10:00,2265,2,1,2,5,7,10,14,15,16,18,19
2014-05-14,11:00,2266,4,2,3,6,8,9,10,11,12,14,19
2014-05-14,12:00,2267,1,1,2,8,11,12,15,16,17,18,19
2014-05-14,13:00,2268,14,2,3,5,6,9,12,15,16,18,19
2014-05-14,14:00,2269,15,4,7,8,10,11,12,13,14,15,19
2014-05-14,15:00,2270,14,2,3,8,9,11,12,13,17,18,20
2014-05-14,16:00,2271,20,3,4,6,7,9,11,13,14,15,18
2014-05-14,17:00,2272,8,2,4,6,7,8,10,15,17,19,20
2014-05-14,18:00,2273,19,1,4,6,7,10,12,13,17,19,20
2014-05-14,19:00,2274,12,1,5,7,9,10,11,13,14,17,19
2014-05-14,20:00,2275,20,2,3,6,9,11,12,15,17,18,19
2014-05-14,21:00,2276,5,4,5,8,10,12,14,16,17,18,20
2014-05-14,22:00,2277,16,1,4,7,9,11,13,14,17,19,20
2014-05-14,23:00,2278,19,3,4,5,9,10,11,12,14,17,19
2014-05-15,07:00,2279,19,2,3,4,6,7,8,9,11,16,18
2014-05-15,08:00,2280,8,3,4,6,10,12,13,14,16,19,20
2014-05-15,09:00,2281,11,1,4,5,8,9,10,13,15,16,19
2014-05-15,10:00,2282,19,6,7,8,10,11,12,13,16,18,19
2014-05-15,11:00,2283,11,1,3,4,7,8,10,12,18,19,20
2014-05-15,12:00,2284,7,1,3,5,6,7,8,11,14,17,18
2014-05-15,13:00,2285,5,1,2,3,8,12,14,15,16,17,20
2014-05-15,14:00,2286,2,2,11,12,13,14,15,17,18,19,20
2014-05-15,15:00,2287,6,1,3,4,5,6,9,10,12,15,20
2014-05-15,16:00,2288,10,1,4,7,10,11,13,14,15,16,20
2014-05-15,17:00,2289,20,2,3,4,6,8,9,10,13,15,18
2014-05-15,18:00,2290,15,3,5,6,7,9,10,11,12,18,20
2014-05-15,19:00,2291,4,1,2,3,4,8,11,14,15,17,20
2014-05-15,20:00,2292,9,1,3,5,6,7,9,10,12,17,20
2014-05-15,21:00,2293,5,1,2,5,7,8,9,10,15,17,18
2014-05-15,22:00,2294,18,2,6,8,9,10,11,12,14,18,19
2014-05-15,23:00,2295,19,5,7,9,13,14,15,17,18,19,20
2014-05-16,07:00,2296,2,1,2,4,5,7,9,10,11,19,20
2014-05-16,08:00,2297,11,2,5,6,8,11,13,15,17,18,20
2014-05-16,09:00,2298,15,2,4,5,6,7,8,9,16,17,20
2014-05-16,10:00,2299,7,1,4,5,6,8,10,14,15,16,20
2014-05-16,11:00,2300,20,1,3,4,8,13,14,15,16,17,19
2014-05-16,12:00,2301,13,1,3,4,5,6,7,9,14,16,19
2014-05-16,13:00,2302,18,1,2,3,6,7,11,12,13,15,17
2014-05-16,14:00,2303,20,4,6,10,11,13,15,17,18,19,20
2014-05-16,15:00,2304,12,1,3,4,7,8,12,17,18,19,20
2014-05-16,16:00,2305,19,1,2,6,8,9,11,14,15,16,17
2014-05-16,17:00,2306,14,2,3,4,5,8,10,11,14,19,20
2014-05-16,18:00,2307,8,1,3,5,6,10,14,16,17,19,20
2014-05-16,19:00,2308,7,2,3,6,7,8,9,11,13,15,19
2014-05-16,20:00,2309,4,2,3,6,8,9,10,12,15,17,18
2014-05-16,21:00,2310,17,2,3,4,5,7,8,10,11,12,16
2014-05-16,22:00,2311,3,1,2,6,11,12,13,16,17,19,20
2014-05-16,23:00,2312,14,1,3,4,5,7,8,9,10,16,19
2014-05-17,07:00,2313,1,1,3,6,7,11,12,13,15,19,20
2014-05-17,08:00,2314,17,4,6,7,8,9,10,11,18,19,20
2014-05-17,09:00,2315,20,1,3,4,7,9,11,12,16,17,20
2014-05-17,10:00,2316,3,1,2,6,8,10,14,15,17,18,19
2014-05-17,11:00,2317,20,1,6,7,9,10,11,12,17,19,20
2014-05-17,12:00,2318,13,2,4,5,9,10,11,13,16,18,19
2014-05-17,13:00,2319,18,1,3,4,7,12,15,16,18,19,20
2014-05-17,14:00,2320,18,4,9,10,11,12,14,17,18,19,20
2014-05-17,15:00,2321,3,3,4,8,10,11,15,16,18,19,20
2014-05-17,16:00,2322,2,1,2,4,8,11,16,17,18,19,20
2014-05-17,17:00,2323,14,1,2,4,5,6,11,13,17,18,20
2014-05-17,18:00,2324,20,2,6,10,13,14,15,16,18,19,20
2014-05-17,19:00,2325,8,1,5,7,10,12,13,14,18,19,20
2014-05-17,20:00,2326,16,3,4,5,8,10,11,12,17,18,19
2014-05-17,21:00,2327,19,2,3,5,7,8,10,16,17,18,20
2014-05-17,22:00,2328,19,2,4,5,7,8,11,12,14,16,17
2014-05-17,23:00,2329,17,2,4,6,7,10,13,14,15,16,17
2014-05-18,07:00,2330,15,1,4,5,6,10,11,13,15,16,18
2014-05-18,08:00,2331,5,1,3,7,8,12,15,17,18,19,20
2014-05-18,09:00,2332,10,1,3,4,5,6,9,10,13,18,20
2014-05-18,10:00,2333,15,1,4,5,6,10,13,14,16,17,19
2014-05-18,11:00,2334,18,2,4,6,7,10,11,13,17,19,20
2014-05-18,12:00,2335,8,1,2,3,8,9,10,13,15,16,17
2014-05-18,13:00,2336,11,2,3,5,7,8,14,16,17,18,19
2014-05-18,14:00,2337,10,1,2,5,6,7,8,10,12,19,20
2014-05-18,15:00,2338,16,3,5,6,8,10,12,15,17,19,20
2014-05-18,16:00,2339,5,1,5,6,7,10,11,12,14,15,18
2014-05-18,17:00,2340,11,1,2,3,5,8,10,12,13,14,15
2014-05-18,18:00,2341,3,1,3,9,12,13,14,17,18,19,20
2014-05-18,19:00,2342,5,2,3,4,6,7,9,13,14,16,20
2014-05-18,20:00,2343,5,2,4,5,6,9,12,13,14,15,20
2014-05-18,21:00,2344,3,1,2,6,7,8,11,12,13,14,15
2014-05-18,22:00,2345,4,1,3,4,5,6,7,13,15,16,20
2014-05-18,23:00,2346,18,1,3,4,5,9,10,12,14,16,20
2014-05-19,07:00,2347,13,1,4,8,10,11,12,13,14,18,20
2014-05-19,08:00,2348,19,1,4,8,9,11,12,13,16,19,20
2014-05-19,09:00,2349,11,1,2,4,5,7,9,14,15,19,20
2014-05-19,10:00,2350,3,1,6,10,12,13,14,15,17,19,20
2014-05-19,11:00,2351,14,4,5,9,11,12,13,14,17,18,19
2014-05-19,12:00,2352,6,3,4,7,8,10,12,13,16,19,20
2014-05-19,13:00,2353,16,1,2,3,8,10,12,13,16,17,18
2014-05-19,14:00,2354,1,4,5,6,11,12,14,15,17,18,20
2014-05-19,15:00,2355,10,1,2,5,6,7,12,14,16,17,18
2014-05-19,16:00,2356,1,1,4,5,7,9,10,11,17,19,20
2014-05-19,17:00,2357,10,1,2,6,7,8,12,13,14,18,20
2014-05-19,18:00,2358,3,4,6,8,9,11,12,14,16,17,19
2014-05-19,19:00,2359,5,2,3,5,8,9,10,11,12,15,16
2014-05-19,20:00,2360,14,2,3,5,6,8,9,11,17,18,19
2014-05-19,21:00,2361,13,4,5,6,9,12,14,15,16,18,20
2014-05-19,22:00,2362,4,6,8,9,10,11,12,14,17,19,20
2014-05-19,23:00,2363,18,1,2,4,5,6,13,15,17,19,20
2014-05-20,07:00,2364,2,1,3,7,11,12,13,14,15,17,19
2014-05-20,08:00,2365,14,2,3,5,6,11,13,16,17,18,19
2014-05-20,09:00,2366,16,2,4,6,8,10,12,14,16,18,19
2014-05-20,10:00,2367,5,3,4,5,6,7,11,12,13,16,17
2014-05-20,11:00,2368,3,3,5,9,10,11,12,13,14,16,18
2014-05-20,12:00,2369,12,1,7,8,9,10,11,12,15,16,18
2014-05-20,13:00,2370,2,1,3,5,6,8,9,14,15,18,20
2014-05-20,14:00,2371,8,2,3,5,6,8,9,10,14,16,20
2014-05-20,15:00,2372,12,7,8,9,10,11,12,13,14,16,17
2014-05-20,16:00,2373,5,1,2,4,6,8,10,13,14,16,19
2014-05-20,17:00,2374,2,1,3,10,13,15,16,17,18,19,20
2014-05-20,18:00,2375,19,1,2,3,4,6,7,11,16,18,20
2014-05-20,19:00,2376,6,3,4,5,10,11,12,15,16,17,19
2014-05-20,20:00,2377,8,1,4,5,7,8,10,11,15,17,18
2014-05-20,21:00,2378,16,2,3,4,7,10,11,12,13,15,18
2014-05-20,22:00,2379,18,1,5,9,10,11,12,15,16,17,18
2014-05-20,23:00,2380,19,3,6,7,11,12,14,15,17,19,20
2014-05-21,07:00,2381,13,2,3,6,8,9,12,14,15,18,20
2014-05-21,08:00,2382,10,5,6,7,8,9,11,13,15,18,19
2014-05-21,09:00,2383,9,1,4,7,9,11,12,15,17,18,19
2014-05-21,10:00,2384,16,1,5,7,8,11,13,16,17,18,19
2014-05-21,11:00,2385,19,2,3,5,6,9,11,15,16,17,19
2014-05-21,12:00,2386,12,1,3,4,5,7,9,10,12,17,20
2014-05-21,13:00,2387,20,1,2,4,5,6,10,11,12,19,20
2014-05-21,14:00,2388,6,2,3,4,5,8,9,10,13,16,19
2014-05-21,15:00,2389,12,2,3,5,6,8,11,15,16,17,18
2014-05-21,16:00,2390,16,2,3,5,7,9,10,15,17,18,19
2014-05-21,17:00,2391,15,3,5,6,7,8,10,11,17,18,19
2014-05-21,18:00,2392,7,3,5,7,8,10,12,13,14,15,19
2014-05-21,19:00,2393,4,1,4,6,7,8,15,17,18,19,20
2014-05-21,20:00,2394,12,1,2,5,6,7,8,11,13,14,18
2014-05-21,21:00,2395,11,2,5,6,7,8,12,14,15,16,19
2014-05-21,22:00,2396,20,1,2,4,7,9,10,11,12,14,19
2014-05-21,23:00,2397,19,2,4,5,7,9,10,11,14,16,18
2014-05-22,07:00,2398,14,5,8,9,11,12,13,14,16,19,20
2014-05-22,08:00,2399,15,1,5,6,8,9,10,12,16,19,20
2014-05-22,09:00,2400,3,1,2,6,9,10,11,12,15,19,20
2014-05-22,10:00,2401,11,2,5,6,8,10,11,12,14,18,20
2014-05-22,11:00,2402,13,2,5,6,8,9,12,13,14,18,19
2014-05-22,12:00,2403,8,1,4,5,6,7,12,15,16,17,18
2014-05-22,13:00,2404,6,2,3,6,7,8,10,13,15,18,19
2014-05-22,14:00,2405,6,1,2,3,5,6,10,11,15,16,18
2014-05-22,15:00,2406,6,1,3,7,8,10,11,12,13,15,20
2014-05-22,16:00,2407,4,2,3,4,6,9,11,14,16,17,18
2014-05-22,17:00,2408,8,4,5,11,13,14,15,16,17,18,19
2014-05-22,18:00,2409,10,3,4,8,10,11,12,15,17,19,20
2014-05-22,19:00,2410,7,2,6,7,9,10,11,12,15,17,18
2014-05-22,20:00,2411,11,1,2,4,5,7,8,12,14,18,19
2014-05-22,21:00,2412,3,3,4,7,13,14,15,16,17,18,19
2014-05-22,22:00,2413,18,1,2,6,10,11,12,17,18,19,20
2014-05-22,23:00,2414,1,2,4,5,9,10,11,13,14,17,18
2014-05-23,07:00,2415,8,2,3,6,8,11,13,15,17,19,20
2014-05-23,08:00,2416,20,1,3,5,6,8,9,10,12,14,19
2014-05-23,09:00,2417,14,4,6,7,8,10,11,13,15,16,19
2014-05-23,10:00,2418,3,1,3,5,6,7,8,11,17,19,20
2014-05-23,11:00,2419,3,1,4,5,6,7,9,14,15,18,20
2014-05-23,12:00,2420,17,1,2,4,10,12,13,14,17,19,20
2014-05-23,13:00,2421,3,1,2,6,7,10,12,14,15,16,19
2014-05-23,14:00,2422,14,4,6,7,9,10,13,15,18,19,20
2014-05-23,15:00,2423,2,3,4,5,9,10,12,13,14,15,16
2014-05-23,16:00,2424,3,1,2,3,4,6,7,9,10,15,20
2014-05-23,17:00,2425,12,2,3,7,8,12,14,17,18,19,20
2014-05-23,18:00,2426,8,1,2,3,4,7,9,11,14,15,18
2014-05-23,19:00,2427,19,1,8,12,13,15,16,17,18,19,20
2014-05-23,20:00,2428,1,2,3,5,6,9,11,15,17,19,20
2014-05-23,21:00,2429,8,1,3,5,8,9,10,11,12,14,20
2014-05-23,22:00,2430,19,2,6,7,8,9,10,13,15,17,20
2014-05-23,23:00,2431,17,4,7,8,9,10,11,12,13,19,20
2014-05-24,07:00,2432,10,2,3,6,7,9,10,12,13,14,16
2014-05-24,08:00,2433,7,1,4,8,9,10,12,13,14,15,18
2014-05-24,09:00,2434,20,1,3,4,5,8,9,12,17,18,19
2014-05-24,10:00,2435,17,2,3,5,8,9,10,11,16,18,19
2014-05-24,11:00,2436,15,5,7,8,9,11,14,16,17,18,19
2014-05-24,12:00,2437,15,1,6,8,12,13,15,16,18,19,20
2014-05-24,13:00,2438,12,2,3,4,5,8,10,11,12,14,16
2014-05-24,14:00,2439,4,1,2,7,8,10,12,13,15,19,20
2014-05-24,15:00,2440,16,1,2,5,7,8,9,11,13,18,20
2014-05-24,16:00,2441,20,2,4,5,10,12,13,14,15,18,20
2014-05-24,17:00,2442,10,3,4,5,7,9,12,13,14,18,20
2014-05-24,18:00,2443,13,3,5,6,7,9,10,11,13,16,18
2014-05-24,19:00,2444,8,1,2,5,10,11,12,13,14,17,19
2014-05-24,20:00,2445,20,1,2,4,7,8,10,11,12,17,20
2014-05-24,21:00,2446,18,1,4,7,8,9,11,13,14,18,19
2014-05-24,22:00,2447,6,1,2,3,8,10,11,12,13,18,20
2014-05-24,23:00,2448,4,1,2,5,7,9,10,11,16,17,19
2014-05-25,07:00,2449,7,3,4,6,7,8,11,12,13,15,19
2014-05-25,08:00,2450,2,2,3,4,8,11,13,15,16,17,19
2014-05-25,09:00,2451,20,2,3,5,6,7,10,11,13,16,19
2014-05-25,10:00,2452,19,3,4,5,7,8,13,14,15,18,19
2014-05-25,11:00,2453,7,2,3,5,7,10,11,12,13,17,19
2014-05-25,12:00,2454,5,1,2,4,6,8,9,13,14,17,20
2014-05-25,13:00,2455,4,1,2,3,6,7,9,11,12,14,19
2014-05-25,14:00,2456,18,1,2,6,7,8,9,12,14,17,18
2014-05-25,15:00,2457,8,1,2,5,6,9,10,12,14,18,20
2014-05-25,16:00,2458,16,1,3,5,7,9,10,12,16,17,20
2014-05-25,17:00,2459,3,4,5,7,8,9,11,13,16,18,19
2014-05-25,18:00,2460,9,5,6,8,9,10,11,15,16,17,18
2014-05-25,19:00,2461,1,1,4,5,6,7,10,13,14,18,19
2014-05-25,20:00,2462,8,2,5,6,7,11,14,15,16,17,20
2014-05-25,21:00,2463,20,1,2,6,7,8,9,12,14,18,19
2014-05-25,22:00,2464,19,2,5,7,8,9,11,12,14,15,18
2014-05-25,23:00,2465,5,2,3,6,7,9,10,11,13,14,16
2014-05-26,07:00,2466,10,2,5,6,11,12,14,15,17,18,20
2014-05-26,08:00,2467,12,3,6,7,8,9,10,12,14,15,19
2014-05-26,09:00,2468,14,1,2,4,6,8,10,13,14,15,19
2014-05-26,10:00,2469,4,2,6,10,11,12,14,15,16,18,20
2014-05-26,11:00,2470,3,3,5,6,9,10,11,12,18,19,20
2014-05-26,12:00,2471,1,2,5,6,10,13,14,16,17,18,19
2014-05-26,13:00,2472,20,1,2,3,4,5,7,10,15,17,18
2014-05-26,14:00,2473,17,1,4,5,6,7,12,13,16,19,20
2014-05-26,15:00,2474,8,1,4,7,8,9,14,17,18,19,20
2014-05-26,16:00,2475,14,6,7,8,9,10,11,13,17,18,20
2014-05-26,17:00,2476,20,1,2,6,7,8,10,11,14,19,20
2014-05-26,18:00,2477,5,1,2,3,5,6,7,12,18,19,20
2014-05-26,19:00,2478,20,1,6,8,10,11,12,13,16,17,18
2014-05-26,20:00,2479,8,1,2,4,5,8,9,11,12,17,20
2014-05-26,21:00,2480,6,3,5,7,10,11,13,14,15,17,20
2014-05-26,22:00,2481,5,1,5,6,8,9,13,16,17,19,20
2014-05-26,23:00,2482,10,1,2,5,6,9,11,14,15,18,20
2014-05-27,07:00,2483,3,1,2,3,6,7,10,14,17,18,20
2014-05-27,08:00,2484,4,4,6,7,9,10,11,15,16,19,20
2014-05-27,09:00,2485,20,3,4,5,6,8,9,10,11,12,16
2014-05-27,10:00,2486,18,1,7,9,11,12,14,15,16,19,20
2014-05-27,11:00,2487,9,3,6,8,11,14,15,16,17,18,19
2014-05-27,12:00,2488,13,4,5,6,7,9,12,13,14,16,20
2014-05-27,13:00,2489,1,1,3,4,6,9,10,13,16,18,20
2014-05-27,14:00,2490,7,8,9,10,12,13,14,15,16,19,20
2014-05-27,15:00,2491,2,4,5,9,10,11,12,14,15,16,17
2014-05-27,16:00,2492,17,3,4,5,6,8,9,11,15,16,19
2014-05-27,17:00,2493,1,1,2,4,8,11,13,14,15,17,19
2014-05-27,18:00,2494,6,2,3,4,7,8,9,12,18,19,20
2014-05-27,19:00,2495,12,1,3,6,7,9,11,13,16,17,19
2014-05-27,20:00,2496,3,4,5,8,9,11,12,13,15,18,20
2014-05-27,21:00,2497,17,4,5,6,8,9,11,12,14,15,16
2014-05-27,22:00,2498,7,1,2,5,6,10,11,14,15,18,20
2014-05-27,23:00,2499,20,4,9,11,12,15,16,17,18,19,20
2014-05-28,07:00,2500,18,1,3,4,6,10,11,13,14,18,20
2014-05-28,08:00,2501,19,2,4,6,8,9,10,11,14,18,19
2014-05-28,09:00,2502,6,1,2,3,4,9,10,11,12,13,17
2014-05-28,10:00,2503,9,2,3,6,7,9,12,14,15,18,20
2014-05-28,11:00,2504,17,1,3,4,5,11,13,14,17,18,20
2014-05-28,12:00,2505,16,1,2,3,4,6,7,9,12,18,19
2014-05-28,13:00,2506,4,1,2,7,8,9,11,12,13,19,20
2014-05-28,14:00,2507,16,2,3,4,6,7,10,11,16,17,19
2014-05-28,15:00,2508,10,1,4,7,9,10,12,14,16,17,20
2014-05-28,16:00,2509,10,2,3,4,5,6,10,15,17,18,20
2014-05-28,17:00,2510,20,2,3,5,6,9,10,11,16,17,18
2014-05-28,18:00,2511,1,1,4,5,9,13,14,16,17,18,19
2014-05-28,19:00,2512,17,2,4,7,8,9,10,11,13,15,20
2014-05-28,20:00,2513,5,3,5,6,7,8,10,12,16,17,19
2014-05-28,21:00,2514,14,1,5,6,7,11,13,16,17,18,19
2014-05-28,22:00,2515,9,2,3,5,8,11,12,13,16,19,20
2014-05-28,23:00,2516,16,1,2,3,7,10,13,14,15,18,19
2014-05-29,07:00,2517,2,1,5,7,9,10,13,14,15,16,20
2014-05-29,08:00,2518,13,1,3,4,5,8,11,13,15,17,19
2014-05-29,09:00,2519,6,1,2,5,7,8,10,11,13,14,16
2014-05-29,10:00,2520,7,1,2,3,4,9,11,13,14,15,20
2014-05-29,11:00,2521,13,1,3,7,8,10,11,12,13,14,17
2014-05-29,12:00,2522,11,2,3,4,8,9,12,14,16,18,20
2014-05-29,13:00,2523,4,2,3,4,7,10,11,14,16,17,18
2014-05-29,14:00,2524,16,2,3,5,7,10,11,14,16,17,19
2014-05-29,15:00,2525,3,1,5,6,7,8,10,13,16,18,19
2014-05-29,16:00,2526,6,1,3,5,8,9,10,12,16,17,18
2014-05-29,17:00,2527,19,1,3,4,7,9,11,12,14,16,20
2014-05-29,18:00,2528,8,2,5,8,9,11,12,13,16,19,20
2014-05-29,19:00,2529,17,2,4,8,9,10,12,15,16,19,20
2014-05-29,20:00,2530,15,2,4,7,9,10,11,13,16,18,20
2014-05-29,21:00,2531,11,2,6,8,9,10,12,13,15,17,18
2014-05-29,22:00,2532,6,1,2,3,4,5,9,12,15,16,19
2014-05-29,23:00,2533,10,2,5,6,10,11,13,14,18,19,20
2014-05-30,07:00,2534,2,2,3,6,7,8,11,14,17,18,19
2014-05-30,08:00,2535,16,3,4,5,7,10,11,15,16,18,19
2014-05-30,09:00,2536,5,2,6,8,11,15,16,17,18,19,20
2014-05-30,10:00,2537,17,1,2,3,5,6,9,11,12,14,16
2014-05-30,11:00,2538,11,2,3,4,5,8,9,13,15,16,19
2014-05-30,12:00,2539,20,2,3,4,6,7,8,9,14,15,17
2014-05-30,13:00,2540,9,1,2,4,5,7,8,11,16,17,18
2014-05-30,14:00,2541,10,1,2,7,8,12,14,15,16,18,19
2014-05-30,15:00,2542,19,2,4,7,10,13,16,17,18,19,20
2014-05-30,16:00,2543,7,5,7,8,9,12,13,15,16,18,19
2014-05-30,17:00,2544,17,2,5,8,9,12,13,15,17,19,20
2014-05-30,18:00,2545,9,1,2,3,4,11,13,14,16,19,20
2014-05-30,19:00,2546,8,2,7,9,10,11,12,13,14,15,17
2014-05-30,20:00,2547,5,2,3,4,5,8,9,11,12,14,16
2014-05-30,21:00,2548,11,3,4,5,7,9,11,12,13,15,20
2014-05-30,22:00,2549,19,5,6,7,8,10,11,13,14,18,19
2014-05-30,23:00,2550,16,1,5,7,8,9,12,14,15,19,20
2014-05-31,07:00,2551,9,2,5,7,8,10,12,14,16,17,20
2014-05-31,08:00,2552,1,1,2,4,6,9,10,12,15,19,20
2014-05-31,09:00,2553,1,1,6,7,11,12,13,14,16,18,19
2014-05-31,10:00,2554,8,1,5,6,7,8,9,12,13,15,20
2014-05-31,11:00,2555,17,5,6,7,9,11,12,14,15,17,18
2014-05-31,12:00,2556,18,2,4,5,6,12,13,15,16,17,19
2014-05-31,13:00,2557,18,1,2,5,6,8,11,13,16,17,19
2014-05-31,14:00,2558,6,2,3,7,8,14,15,16,18,19,20
2014-05-31,15:00,2559,3,4,5,8,10,13,14,16,18,19,20
2014-05-31,16:00,2560,1,1,2,3,4,7,9,13,14,15,16
2014-05-31,17:00,2561,14,3,5,6,7,8,10,11,16,18,20
2014-05-31,18:00,2562,2,5,6,7,8,10,11,14,15,16,19
2014-05-31,19:00,2563,20,1,5,7,9,11,14,15,16,18,19
2014-05-31,20:00,2564,17,2,3,4,6,9,14,15,16,19,20
2014-05-31,21:00,2565,3,1,2,3,8,10,12,13,14,17,19
2014-05-31,22:00,2566,12,1,2,7,8,9,10,12,15,18,19
2014-05-31,23:00,2567,18,2,3,4,6,7,8,12,15,16,18
2014-06-01,07:00,2568,7,2,4,6,7,8,9,12,15,16,20
2014-06-01,08:00,2569,5,3,6,8,12,14,16,17,18,19,20
2014-06-01,09:00,2570,9,2,4,7,10,11,13,14,15,18,20
2014-06-01,10:00,2571,2,2,4,5,8,11,14,15,16,17,20
2014-06-01,11:00,2572,6,2,6,7,8,11,13,16,18,19,20
2014-06-01,12:00,2573,2,1,3,5,6,7,9,11,12,13,14
2014-06-01,13:00,2574,1,2,4,5,9,11,12,16,18,19,20
2014-06-01,14:00,2575,6,1,2,3,5,8,11,12,13,19,20
2014-06-01,15:00,2576,9,3,4,6,7,10,13,14,15,16,18
2014-06-01,16:00,2577,12,5,6,8,9,11,13,14,18,19,20
2014-06-01,17:00,2578,12,1,2,4,7,10,13,14,16,18,20
2014-06-01,18:00,2579,12,2,4,5,10,11,13,14,16,18,19
2014-06-01,19:00,2580,17,6,7,8,9,11,12,13,15,19,20
2014-06-01,20:00,2581,2,2,4,5,8,10,12,14,15,18,20
2014-06-01,21:00,2582,11,2,3,5,6,7,9,12,13,14,20
2014-06-01,22:00,2583,11,1,2,3,7,9,10,11,14,15,17
2014-06-01,23:00,2584,9,1,4,5,8,9,11,15,17,19,20
2014-06-02,07:00,2585,17,3,6,8,11,13,14,17,18,19,20
2014-06-02,08:00,2586,2,1,3,4,6,8,12,15,18,19,20
2014-06-02,09:00,2587,8,3,4,8,9,11,12,13,14,18,20
2014-06-02,10:00,2588,5,2,10,11,12,14,15,16,17,18,19
2014-06-02,11:00,2589,5,2,3,9,10,12,13,14,15,16,20
2014-06-02,12:00,2590,8,1,2,3,4,5,7,8,11,17,20
2014-06-02,13:00,2591,16,1,2,5,6,8,10,11,12,14,16
2014-06-02,14:00,2592,19,5,7,9,10,11,13,17,18,19,20
2014-06-02,15:00,2593,11,2,4,5,6,7,8,13,17,19,20
2014-06-02,16:00,2594,11,2,3,8,9,11,12,13,15,16,18
2014-06-02,17:00,2595,1,2,3,4,5,7,9,12,16,17,19
2014-06-02,18:00,2596,2,5,6,7,12,13,14,16,17,18,19
2014-06-02,19:00,2597,14,1,5,7,8,10,14,15,17,19,20
2014-06-02,20:00,2598,16,1,4,7,9,11,12,13,14,18,20
2014-06-02,21:00,2599,20,2,4,5,6,8,9,10,15,16,20
2014-06-02,22:00,2600,9,1,4,5,11,12,13,14,17,18,19
2014-06-02,23:00,2601,4,1,5,7,8,11,12,13,15,16,19
2014-06-03,07:00,2602,4,3,5,7,9,11,12,14,16,18,20
2014-06-03,08:00,2603,3,1,4,5,7,10,15,16,17,18,19
2014-06-03,09:00,2604,9,1,2,4,8,9,10,11,13,14,18
2014-06-03,10:00,2605,5,3,5,8,9,10,11,13,14,15,20
2014-06-03,11:00,2606,5,1,2,7,8,9,10,13,16,17,18
2014-06-03,12:00,2607,6,5,7,8,10,11,12,13,15,17,20
2014-06-03,13:00,2608,16,3,4,5,6,8,14,15,17,18,19
2014-06-03,14:00,2609,11,1,2,3,6,9,13,14,15,16,17
2014-06-03,15:00,2610,15,3,4,6,7,8,11,12,15,19,20
2014-06-03,16:00,2611,3,1,4,6,7,8,9,10,17,19,20
2014-06-03,17:00,2612,13,1,6,7,10,11,12,16,18,19,20
2014-06-03,18:00,2613,11,2,3,4,6,11,13,15,16,19,20
2014-06-03,19:00,2614,9,1,2,4,7,8,9,12,14,15,18
2014-06-03,20:00,2615,7,4,5,6,8,12,14,16,18,19,20
2014-06-03,21:00,2616,10,1,2,3,6,10,12,14,17,18,20
2014-06-03,22:00,2617,20,5,6,7,9,10,12,15,17,19,20
2014-06-03,23:00,2618,16,3,4,5,7,9,12,13,15,19,20
2014-06-04,07:00,2619,1,3,4,5,6,7,8,9,10,13,19
2014-06-04,08:00,2620,17,1,3,4,6,8,9,11,14,18,19
2014-06-04,09:00,2621,8,1,2,4,5,6,11,13,16,17,19
2014-06-04,10:00,2622,16,3,5,7,10,11,12,16,17,18,19
2014-06-04,11:00,2623,13,1,3,5,6,7,9,15,16,17,18
2014-06-04,12:00,2624,15,1,2,4,7,8,10,14,16,17,18
2014-06-04,13:00,2625,6,2,3,5,8,10,11,13,14,16,20
2014-06-04,14:00,2626,10,1,2,4,6,7,14,16,17,18,20
2014-06-04,15:00,2627,1,3,6,7,8,9,15,17,18,19,20
2014-06-04,16:00,2628,5,2,4,7,8,10,14,16,17,19,20
2014-06-04,17:00,2629,12,2,8,9,10,12,14,16,18,19,20
2014-06-04,18:00,2630,7,1,2,3,4,5,9,16,18,19,20
2014-06-04,19:00,2631,4,1,2,3,4,5,6,13,15,19,20
2014-06-04,20:00,2632,1,1,2,5,7,9,10,11,16,18,19
2014-06-04,21:00,2633,11,2,3,4,7,8,9,10,12,15,19
2014-06-04,22:00,2634,2,2,3,7,8,9,10,14,15,16,17
2014-06-04,23:00,2635,19,1,4,5,6,7,8,9,13,19,20
2014-06-05,07:00,2636,3,2,3,5,6,9,10,11,14,15,16
2014-06-05,08:00,2637,16,1,2,3,4,6,7,12,13,16,18
2014-06-05,09:00,2638,16,1,2,5,6,7,8,10,11,14,18
2014-06-05,10:00,2639,5,5,6,7,13,14,15,16,18,19,20
2014-06-05,11:00,2640,16,3,5,7,9,10,11,12,15,17,19
2014-06-05,12:00,2641,8,1,3,4,7,9,11,13,15,16,18
2014-06-05,13:00,2642,2,1,2,3,8,10,11,14,16,18,19
2014-06-05,14:00,2643,13,1,2,3,4,10,12,14,16,17,18
2014-06-05,15:00,2644,15,3,6,8,11,12,13,15,17,18,20
2014-06-05,16:00,2645,11,2,4,5,7,8,13,14,15,19,20
2014-06-05,17:00,2646,19,1,2,3,5,8,10,11,15,17,18
2014-06-05,18:00,2647,17,3,6,8,10,11,13,15,16,17,19
2014-06-05,19:00,2648,2,1,3,6,11,12,13,15,17,19,20
2014-06-05,20:00,2649,1,1,2,4,5,7,12,13,14,15,17
2014-06-05,21:00,2650,8,1,3,5,7,10,14,16,17,18,20
2014-06-05,22:00,2651,18,3,5,6,7,8,9,12,13,16,17
2014-06-05,23:00,2652,7,1,5,6,8,9,10,12,14,16,19
2014-06-06,07:00,2653,10,1,2,3,4,5,7,9,10,11,15
2014-06-06,08:00,2654,10,3,5,8,9,10,13,15,16,18,19
2014-06-06,09:00,2655,4,2,4,5,6,7,8,10,12,13,18
2014-06-06,10:00,2656,17,3,4,6,7,9,10,14,15,16,19
2014-06-06,11:00,2657,8,2,4,9,10,11,12,13,17,19,20
2014-06-06,12:00,2658,11,1,4,6,7,8,12,13,14,15,17
2014-06-06,13:00,2659,5,4,5,6,7,9,10,13,14,18,19
2014-06-06,14:00,2660,14,1,8,9,12,13,15,16,17,18,19
2014-06-06,15:00,2661,9,3,4,5,7,8,9,10,12,14,19
2014-06-06,16:00,2662,4,4,6,8,10,12,13,14,17,19,20
2014-06-06,17:00,2663,6,1,5,7,8,11,13,15,16,17,20
2014-06-06,18:00,2664,13,3,4,5,8,10,12,13,17,18,19
2014-06-06,19:00,2665,16,1,3,6,7,11,14,15,16,18,20
2014-06-06,20:00,2666,16,2,3,5,6,7,8,10,16,17,18
2014-06-06,21:00,2667,16,3,4,5,7,8,11,12,13,15,16
2014-06-06,22:00,2668,18,1,5,6,8,9,10,13,14,15,19
2014-06-06,23:00,2669,18,1,2,3,4,5,8,9,10,14,20
2014-06-07,07:00,2670,4,1,6,7,10,11,14,16,17,18,20
2014-06-07,08:00,2671,14,6,10,11,12,13,14,16,17,19,20
2014-06-07,09:00,2672,18,3,4,6,8,10,13,15,16,17,19
2014-06-07,10:00,2673,12,1,3,4,5,6,8,9,11,14,15
2014-06-07,11:00,2674,1,2,5,6,7,8,12,13,16,18,19
2014-06-07,12:00,2675,13,1,2,7,8,10,11,15,16,17,20
2014-06-07,13:00,2676,5,1,2,6,7,11,12,15,16,17,19
2014-06-07,14:00,2677,11,2,3,5,6,7,8,10,11,16,18
2014-06-07,15:00,2678,20,2,3,5,7,9,12,14,15,17,19
2014-06-07,16:00,2679,1,2,3,5,6,7,11,12,15,16,18
2014-06-07,17:00,2680,20,4,8,9,10,11,12,13,14,15,16
2014-06-07,18:00,2681,6,7,8,9,12,13,16,17,18,19,20
2014-06-07,19:00,2682,11,5,6,9,10,11,12,13,14,15,20
2014-06-07,20:00,2683,13,1,4,5,7,12,13,14,16,18,20
2014-06-07,21:00,2684,12,6,7,8,9,12,13,15,16,17,20
2014-06-07,22:00,2685,9,2,3,5,6,9,10,14,15,16,17
2014-06-07,23:00,2686,3,1,4,8,9,10,12,14,15,16,18
2014-06-08,07:00,2687,2,2,4,6,7,8,9,10,11,15,18
2014-06-08,08:00,2688,12,1,4,5,6,9,11,12,13,15,20
2014-06-08,09:00,2689,17,1,3,5,8,13,14,15,16,17,20
2014-06-08,10:00,2690,16,6,8,12,13,14,15,16,17,19,20
2014-06-08,11:00,2691,13,3,4,5,7,8,10,12,15,17,20
2014-06-08,12:00,2692,10,1,2,4,5,6,9,10,14,17,18
2014-06-08,13:00,2693,12,1,3,6,8,11,12,13,16,18,20
2014-06-08,14:00,2694,9,1,2,4,5,6,9,10,12,16,17
2014-06-08,15:00,2695,12,2,3,6,7,10,12,13,14,17,20
2014-06-08,16:00,2696,13,1,6,8,9,11,12,13,14,17,19
2014-06-08,17:00,2697,1,4,6,9,11,12,14,17,18,19,20
2014-06-08,18:00,2698,8,3,5,6,7,8,10,16,18,19,20
2014-06-08,19:00,2699,8,3,4,11,13,14,15,16,17,18,19
2014-06-08,20:00,2700,10,3,4,5,6,7,10,12,14,17,19
2014-06-08,21:00,2701,14,1,4,6,8,11,12,16,17,18,19
2014-06-08,22:00,2702,7,3,4,6,7,9,10,11,12,17,19
2014-06-08,23:00,2703,12,2,6,8,9,12,14,15,16,17,18
2014-06-09,07:00,2704,17,1,3,6,9,10,14,15,17,19,20
2014-06-09,08:00,2705,1,1,2,3,4,7,8,12,13,14,18
2014-06-09,09:00,2706,15,2,5,7,10,11,12,13,14,16,20
2014-06-09,10:00,2707,9,2,4,7,11,12,15,16,17,19,20
2014-06-09,11:00,2708,9,3,5,6,7,10,11,14,15,16,17
2014-06-09,12:00,2709,11,3,7,8,9,10,11,12,14,15,18
2014-06-09,13:00,2710,12,1,3,4,8,9,11,14,15,16,19
2014-06-09,14:00,2711,8,2,4,5,6,8,13,14,15,16,18
2014-06-09,15:00,2712,5,1,3,6,9,10,11,13,16,18,20
2014-06-09,16:00,2713,1,1,5,6,10,12,14,15,16,18,20
2014-06-09,17:00,2714,15,1,5,7,10,11,12,13,17,18,19
2014-06-09,18:00,2715,14,1,8,9,11,12,13,14,17,18,20
2014-06-09,19:00,2716,10,2,7,9,13,14,16,17,18,19,20
2014-06-09,20:00,2717,14,1,3,4,6,7,8,11,14,19,20
2014-06-09,21:00,2718,19,1,8,9,10,13,14,16,17,18,20
2014-06-09,22:00,2719,14,3,4,7,9,10,11,13,14,16,19
2014-06-09,23:00,2720,16,1,5,8,9,12,13,14,16,19,20
2014-06-10,07:00,2721,2,3,4,5,6,8,9,13,15,16,19
2014-06-10,08:00,2722,2,1,4,5,6,12,13,17,18,19,20
2014-06-10,09:00,2723,7,3,5,6,8,9,10,11,12,13,18
2014-06-10,10:00,2724,20,1,2,4,7,10,13,14,15,16,17
2014-06-10,11:00,2725,20,1,2,8,10,12,13,14,16,17,18
2014-06-10,12:00,2726,4,1,4,6,8,9,12,13,17,18,19
2014-06-10,13:00,2727,14,1,2,3,9,12,13,14,15,18,20
2014-06-10,14:00,2728,3,2,3,6,8,9,10,12,14,18,19
2014-06-10,15:00,2729,10,1,2,3,4,6,7,8,11,12,19
2014-06-10,16:00,2730,13,1,2,3,8,9,11,12,14,15,16
2014-06-10,17:00,2731,13,2,5,6,13,15,16,17,18,19,20
2014-06-10,18:00,2732,19,2,4,5,6,11,12,17,18,19,20
2014-06-10,19:00,2733,14,3,5,6,8,9,10,11,14,16,17
2014-06-10,20:00,2734,11,3,5,8,9,11,12,14,15,16,18
2014-06-10,21:00,2735,18,1,3,4,6,7,10,11,16,17,19
2014-06-10,22:00,2736,15,3,5,6,7,8,9,11,13,16,18
2014-06-10,23:00,2737,4,4,5,6,7,11,12,14,16,18,19
2014-06-11,07:00,2738,9,3,4,6,8,9,13,14,16,17,18
2014-06-11,08:00,2739,2,1,4,6,9,10,12,14,17,18,20
2014-06-11,09:00,2740,20,2,3,4,5,7,11,12,13,14,20
2014-06-11,10:00,2741,2,1,3,4,8,9,10,12,13,14,20
2014-06-11,11:00,2742,14,2,3,4,5,6,7,8,11,14,16
2014-06-11,12:00,2743,1,1,3,6,8,10,12,13,14,15,16
2014-06-11,13:00,2744,13,2,4,6,8,9,14,15,17,18,20
2014-06-11,14:00,2745,4,1,4,5,8,9,10,13,14,18,20
2014-06-11,15:00,2746,2,2,6,7,9,13,15,16,17,19,20
2014-06-11,16:00,2747,20,3,4,6,8,10,12,13,18,19,20
2014-06-11,17:00,2748,3,3,5,9,10,11,12,13,15,16,17
2014-06-11,18:00,2749,9,1,2,8,10,11,12,13,17,19,20
2014-06-11,19:00,2750,12,3,4,6,7,10,11,12,14,17,18
2014-06-11,20:00,2751,11,4,7,9,13,14,15,16,17,18,19
2014-06-11,21:00,2752,20,1,2,5,7,8,10,11,13,14,15
2014-06-11,22:00,2753,3,1,2,6,9,11,13,15,16,19,20
2014-06-11,23:00,2754,12,3,5,6,10,12,13,15,16,18,20
2014-06-12,07:00,2755,7,1,7,8,10,11,13,14,15,19,20
2014-06-12,08:00,2756,14,5,6,7,8,9,10,12,14,15,20
2014-06-12,09:00,2757,19,1,4,6,10,11,12,15,16,17,18
2014-06-12,10:00,2758,19,1,3,4,7,9,11,12,18,19,20
2014-06-12,11:00,2759,17,2,3,6,8,9,10,12,14,16,18
2014-06-12,12:00,2760,17,1,4,6,8,11,12,17,18,19,20
2014-06-12,13:00,2761,5,4,5,7,8,12,13,16,17,19,20
2014-06-12,14:00,2762,8,4,7,8,10,11,12,14,16,18,20
2014-06-12,15:00,2763,17,2,3,5,9,10,12,15,16,17,18
2014-06-12,16:00,2764,18,3,6,8,9,13,14,15,18,19,20
2014-06-12,17:00,2765,7,6,7,8,9,11,12,14,15,16,17
2014-06-12,18:00,2766,19,1,2,3,4,6,12,13,15,16,20
2014-06-12,19:00,2767,5,2,4,5,7,9,10,15,16,18,20
2014-06-12,20:00,2768,9,1,2,6,9,10,11,13,14,17,18
2014-06-12,21:00,2769,11,1,3,4,5,8,9,13,15,16,18
2014-06-12,22:00,2770,5,1,2,6,8,9,10,12,14,18,19
2014-06-12,23:00,2771,1,1,2,6,9,10,12,13,14,15,20
2014-06-13,07:00,2772,11,1,5,6,8,9,10,11,15,16,20
2014-06-13,08:00,2773,13,5,6,7,10,11,16,17,18,19,20
2014-06-13,09:00,2774,9,3,5,6,9,12,14,15,16,17,20
2014-06-13,10:00,2775,12,2,5,8,9,10,11,14,18,19,20
2014-06-13,11:00,2776,20,1,5,6,7,8,12,14,15,18,19
2014-06-13,12:00,2777,4,3,4,6,9,11,12,14,16,18,19
2014-06-13,13:00,2778,14,4,6,7,8,9,11,12,13,18,20
2014-06-13,14:00,2779,4,1,2,5,7,9,11,13,15,16,18
2014-06-13,15:00,2780,2,1,2,5,8,10,11,12,15,16,18
2014-06-13,16:00,2781,6,4,6,7,8,9,12,14,16,18,19
2014-06-13,17:00,2782,9,1,2,4,8,9,11,15,16,18,20
2014-06-13,18:00,2783,15,1,6,7,8,10,12,13,16,17,19
2014-06-13,19:00,2784,1,2,4,5,8,10,11,12,15,19,20
2014-06-13,20:00,2785,3,1,3,5,6,8,9,10,13,15,19
2014-06-13,21:00,2786,6,1,3,7,9,11,12,13,14,18,19
2014-06-13,22:00,2787,7,2,4,6,10,11,13,14,16,17,18
2014-06-13,23:00,2788,1,1,4,5,7,8,11,13,14,16,19
2014-06-14,07:00,2789,14,2,4,5,7,10,11,13,14,15,16
2014-06-14,08:00,2790,6,4,6,7,8,9,10,14,15,16,19
2014-06-14,09:00,2791,13,1,3,6,9,10,11,12,13,15,20
2014-06-14,10:00,2792,10,4,5,8,9,10,11,14,17,19,20
2014-06-14,11:00,2793,11,1,2,5,6,7,9,13,14,16,20
2014-06-14,12:00,2794,10,2,3,4,9,10,11,15,16,17,20
2014-06-14,13:00,2795,9,2,3,6,7,9,10,11,13,14,18
2014-06-14,14:00,2796,7,3,4,6,11,12,13,15,18,19,20
2014-06-14,15:00,2797,9,1,2,7,8,9,10,13,18,19,20
2014-06-14,16:00,2798,15,2,3,5,9,10,11,12,13,15,19
2014-06-14,17:00,2799,6,1,3,4,5,7,9,10,15,18,20
2014-06-14,18:00,2800,10,2,3,4,7,9,11,13,15,16,18
2014-06-14,19:00,2801,8,2,3,4,6,12,13,16,17,19,20
2014-06-14,20:00,2802,5,2,3,11,12,13,15,16,18,19,20
2014-06-14,21:00,2803,3,2,3,4,6,8,12,13,17,18,19
2014-06-14,22:00,2804,14,1,2,3,9,10,11,16,17,18,19
2014-06-14,23:00,2805,6,1,2,3,7,9,11,13,15,17,18
2014-06-15,07:00,2806,3,2,4,5,6,8,12,15,17,19,20
2014-06-15,08:00,2807,12,1,2,3,4,10,11,14,15,17,20
2014-06-15,09:00,2808,2,1,4,6,7,12,13,14,17,18,20
2014-06-15,10:00,2809,8,3,4,5,9,10,15,16,18,19,20
2014-06-15,11:00,2810,17,3,7,8,11,13,14,15,17,18,20
2014-06-15,12:00,2811,5,3,4,5,7,10,12,13,16,17,19
2014-06-15,13:00,2812,7,1,2,4,6,7,11,13,16,17,19
2014-06-15,14:00,2813,1,6,9,10,11,12,13,14,16,18,20
2014-06-15,15:00,2814,13,2,3,5,6,8,10,14,15,16,19
2014-06-15,16:00,2815,7,1,3,4,6,8,13,15,16,17,20
2014-06-15,17:00,2816,4,1,4,7,8,10,11,12,13,19,20
2014-06-15,18:00,2817,17,4,5,6,7,8,9,12,16,18,20
2014-06-15,19:00,2818,3,1,2,6,7,9,10,11,14,16,18
2014-06-15,20:00,2819,2,1,2,4,6,7,15,17,18,19,20
2014-06-15,21:00,2820,18,3,4,7,8,11,12,13,17,18,20
2014-06-15,22:00,2821,14,2,4,5,8,9,12,14,15,19,20
2014-06-15,23:00,2822,2,1,3,6,7,8,15,16,18,19,20
2014-06-16,07:00,2823,15,2,3,6,7,11,12,13,16,18,20
2014-06-16,08:00,2824,9,7,8,10,11,12,14,15,16,19,20
2014-06-16,09:00,2825,2,1,6,8,10,11,12,13,14,16,20
2014-06-16,10:00,2826,8,1,3,4,6,7,10,12,16,18,19
2014-06-16,11:00,2827,16,2,3,4,8,13,14,15,17,18,20
2014-06-16,12:00,2828,10,1,2,4,5,9,10,12,14,16,17
2014-06-16,13:00,2829,10,1,2,8,9,10,12,13,15,17,20
2014-06-16,14:00,2830,15,1,4,5,10,11,12,13,14,17,20
2014-06-16,15:00,2831,18,3,5,6,8,9,12,16,17,19,20
2014-06-16,16:00,2832,8,3,5,7,11,12,13,14,16,18,20
2014-06-16,17:00,2833,3,4,5,6,9,12,14,15,18,19,20
2014-06-16,18:00,2834,19,3,5,8,9,10,11,12,13,14,15
2014-06-16,19:00,2835,12,3,7,9,10,11,12,15,17,19,20
2014-06-16,20:00,2836,9,1,3,7,9,10,11,12,13,14,15
2014-06-16,21:00,2837,5,1,2,5,7,8,12,15,16,19,20
2014-06-16,22:00,2838,15,1,3,9,12,13,14,16,17,18,19
2014-06-16,23:00,2839,20,1,6,9,11,12,16,17,18,19,20
2014-06-17,07:00,2840,3,2,3,4,5,6,10,12,15,16,19
2014-06-17,08:00,2841,20,2,5,6,7,10,11,15,16,17,19
2014-06-17,09:00,2842,1,3,5,7,11,12,13,14,16,17,20
2014-06-17,10:00,2843,4,1,3,6,7,8,10,11,14,18,20
2014-06-17,11:00,2844,8,5,6,7,9,10,12,13,16,17,18
2014-06-17,12:00,2845,20,1,2,4,6,9,11,13,15,17,18
2014-06-17,13:00,2846,18,1,5,6,12,13,14,16,17,19,20
2014-06-17,14:00,2847,20,1,2,5,6,7,8,10,11,17,19
2014-06-17,15:00,2848,1,2,7,8,9,11,13,15,16,18,19
2014-06-17,16:00,2849,17,1,3,4,5,6,10,11,12,15,19
2014-06-17,17:00,2850,19,2,3,4,5,8,9,10,13,18,19
2014-06-17,18:00,2851,10,1,3,4,7,11,14,15,16,18,20
2014-06-17,19:00,2852,6,4,5,6,11,12,14,15,18,19,20
2014-06-17,20:00,2853,13,1,4,6,7,9,14,15,17,19,20
2014-06-17,21:00,2854,4,2,3,4,7,9,11,13,17,18,19
2014-06-17,22:00,2855,8,2,3,4,6,8,9,10,13,14,20
2014-06-17,23:00,2856,4,5,6,7,8,11,13,17,18,19,20
2014-06-18,07:00,2857,3,1,2,6,7,11,13,14,18,19,20
2014-06-18,08:00,2858,8,1,2,7,8,10,11,14,17,18,20
2014-06-18,09:00,2859,11,2,5,6,7,9,10,11,13,15,20
2014-06-18,10:00,2860,18,1,5,7,9,11,13,16,17,18,20
2014-06-18,11:00,2861,2,2,3,4,5,6,8,9,12,16,20
2014-06-18,12:00,2862,12,1,2,4,7,8,12,15,16,18,19
2014-06-18,13:00,2863,10,1,2,3,4,7,8,10,15,16,18
2014-06-18,14:00,2864,18,3,4,5,6,11,13,14,16,17,19
2014-06-18,15:00,2865,8,1,3,4,7,8,9,10,13,14,15
2014-06-18,16:00,2866,4,1,2,4,6,7,13,14,15,17,18
2014-06-18,17:00,2867,2,2,6,7,8,10,13,16,18,19,20
2014-06-18,18:00,2868,19,1,2,5,6,7,9,15,18,19,20
2014-06-18,19:00,2869,9,4,5,7,8,10,11,12,14,18,19
2014-06-18,20:00,2870,19,1,2,4,10,12,14,15,17,19,20
2014-06-18,21:00,2871,20,6,7,10,11,12,15,16,17,19,20
2014-06-18,22:00,2872,13,3,5,7,9,10,12,14,16,17,20
2014-06-18,23:00,2873,15,1,3,4,6,7,11,13,14,15,17
2014-06-19,07:00,2874,16,1,4,6,8,9,14,15,16,17,20
2014-06-19,08:00,2875,19,1,4,6,8,9,10,11,13,15,19
2014-06-19,09:00,2876,5,1,5,8,9,11,12,13,15,17,18
2014-06-19,10:00,2877,17,2,5,6,7,11,12,13,14,17,20
2014-06-19,11:00,2878,14,1,2,4,5,12,13,15,18,19,20
2014-06-19,12:00,2879,11,1,2,7,9,10,12,14,15,17,19
2014-06-19,13:00,2880,15,4,5,10,12,13,15,16,17,18,19
2014-06-19,14:00,2881,10,6,8,10,11,12,13,16,18,19,20
2014-06-19,15:00,2882,19,1,2,4,10,11,12,14,16,17,20
2014-06-19,16:00,2883,8,1,4,6,7,8,12,14,15,19,20
2014-06-19,17:00,2884,18,1,2,4,5,6,7,8,10,12,15
2014-06-19,18:00,2885,6,5,6,9,10,11,13,14,16,18,20
2014-06-19,19:00,2886,10,2,3,5,7,10,13,15,16,18,20
2014-06-19,20:00,2887,10,2,4,5,7,9,13,15,16,19,20
2014-06-19,21:00,2888,7,1,4,5,7,9,10,11,15,16,20
2014-06-19,22:00,2889,1,1,3,5,6,11,15,16,18,19,20
2014-06-19,23:00,2890,19,6,7,9,11,12,13,15,16,17,18
2014-06-20,07:00,2891,20,3,4,7,8,14,15,16,17,18,20
2014-06-20,08:00,2892,5,3,6,8,9,10,12,13,15,16,20
2014-06-20,09:00,2893,6,1,3,5,7,8,10,15,17,19,20
2014-06-20,10:00,2894,1,3,4,5,8,11,15,16,17,18,20
2014-06-20,11:00,2895,2,1,5,7,9,10,11,13,16,18,20
2014-06-20,12:00,2896,18,4,5,8,9,10,13,14,16,18,20
2014-06-20,13:00,2897,13,2,3,4,7,9,10,11,14,19,20
2014-06-20,14:00,2898,9,1,5,7,10,14,15,16,17,18,19
2014-06-20,15:00,2899,9,1,2,3,5,6,8,9,10,11,19
2014-06-20,16:00,2900,20,6,7,10,11,15,16,17,18,19,20
2014-06-20,17:00,2901,8,2,5,6,7,8,10,12,18,19,20
2014-06-20,18:00,2902,7,2,3,4,5,9,11,12,14,15,19
2014-06-20,19:00,2903,5,1,3,5,8,10,12,15,16,18,19
2014-06-20,20:00,2904,11,1,3,4,5,6,12,13,14,16,17
2014-06-20,21:00,2905,16,4,6,7,10,11,13,14,15,19,20
2014-06-20,22:00,2906,10,1,5,6,7,9,10,11,12,19,20
2014-06-20,23:00,2907,9,4,6,7,8,12,13,14,15,19,20
2014-06-21,07:00,2908,13,2,3,6,9,11,12,13,15,18,20
2014-06-21,08:00,2909,17,4,5,8,9,10,13,14,15,16,20
2014-06-21,09:00,2910,10,4,5,6,9,11,12,13,17,19,20
2014-06-21,10:00,2911,4,1,4,5,6,7,9,10,16,19,20
2014-06-21,11:00,2912,14,2,4,7,8,10,13,15,16,17,19
2014-06-21,12:00,2913,20,3,4,6,9,10,12,13,15,16,18
2014-06-21,13:00,2914,9,3,4,7,9,11,12,13,15,16,18
2014-06-21,14:00,2915,10,2,4,5,7,10,11,14,16,18,20
2014-06-21,15:00,2916,11,1,2,6,9,13,14,15,17,18,20
2014-06-21,16:00,2917,8,2,5,6,7,8,9,11,12,17,19
2014-06-21,17:00,2918,9,4,7,8,9,10,11,13,14,15,19
2014-06-21,18:00,2919,7,1,3,7,8,10,14,15,17,18,20
2014-06-21,19:00,2920,9,1,4,6,11,12,14,15,16,18,19
2014-06-21,20:00,2921,3,1,2,5,10,11,12,14,16,18,19
2014-06-21,21:00,2922,7,1,2,3,4,6,8,11,12,16,20
2014-06-21,22:00,2923,16,2,4,6,9,10,11,13,15,18,19
2014-06-21,23:00,2924,10,1,3,5,7,9,11,12,13,16,20
2014-06-22,07:00,2925,16,2,4,6,8,9,10,11,13,16,18
2014-06-22,08:00,2926,17,2,3,5,7,8,11,13,14,17,18
2014-06-22,09:00,2927,8,1,5,6,9,11,12,13,15,17,20
2014-06-22,10:00,2928,5,1,3,5,6,7,10,12,14,16,20
2014-06-22,11:00,2929,15,1,3,9,10,11,12,15,16,17,19
2014-06-22,12:00,2930,17,3,4,6,7,9,11,16,17,19,20
2014-06-22,13:00,2931,6,2,3,4,5,6,8,13,17,19,20
2014-06-22,14:00,2932,4,1,3,6,8,9,11,12,14,17,19
2014-06-22,15:00,2933,15,1,2,8,9,10,11,12,15,17,20
2014-06-22,16:00,2934,14,2,3,5,9,11,13,14,15,18,19
2014-06-22,17:00,2935,4,1,2,3,4,9,12,13,14,17,19
2014-06-22,18:00,2936,12,2,3,4,6,7,9,11,14,15,20
2014-06-22,19:00,2937,18,2,6,7,9,10,11,15,16,19,20
2014-06-22,20:00,2938,10,2,3,5,7,10,13,14,16,17,20
2014-06-22,21:00,2939,13,2,4,5,7,9,10,11,13,14,15
2014-06-22,22:00,2940,2,4,6,7,8,9,11,13,15,17,20
2014-06-22,23:00,2941,16,1,3,7,12,13,15,16,17,19,20
2014-06-23,07:00,2942,20,1,2,4,6,7,9,10,11,17,18
2014-06-23,08:00,2943,3,1,3,4,7,8,12,13,14,15,16
2014-06-23,09:00,2944,12,1,3,4,7,9,10,14,17,19,20
2014-06-23,10:00,2945,7,2,8,12,13,14,15,16,17,19,20
2014-06-23,11:00,2946,16,1,3,4,5,7,11,13,14,18,20
2014-06-23,12:00,2947,1,2,5,6,8,9,13,14,15,19,20
2014-06-23,13:00,2948,16,3,4,6,8,11,13,15,17,18,20
2014-06-23,14:00,2949,8,1,2,6,9,11,14,15,16,18,19
2014-06-23,15:00,2950,11,1,3,5,7,9,11,13,14,18,19
2014-06-23,16:00,2951,16,3,4,5,8,12,14,15,16,19,20
2014-06-23,17:00,2952,13,2,3,4,6,7,8,13,15,16,19
2014-06-23,18:00,2953,1,2,3,4,5,7,8,10,15,17,20
2014-06-23,19:00,2954,6,1,3,4,7,9,12,13,15,16,17
2014-06-23,20:00,2955,13,1,5,8,9,10,13,16,18,19,20
2014-06-23,21:00,2956,5,3,5,7,8,9,10,16,18,19,20
2014-06-23,22:00,2957,8,1,2,4,5,6,9,10,13,14,17
2014-06-23,23:00,2958,17,1,3,4,6,7,12,15,16,18,20
2014-06-24,07:00,2959,5,2,3,5,8,9,10,13,15,16,17
2014-06-24,08:00,2960,19,2,3,4,6,7,10,14,15,16,19
2014-06-24,09:00,2961,8,1,5,7,8,9,11,12,14,17,20
2014-06-24,10:00,2962,18,2,3,4,8,11,12,13,14,16,18
2014-06-24,11:00,2963,13,3,4,5,9,11,13,14,15,19,20
2014-06-24,12:00,2964,12,1,4,6,7,9,11,14,16,18,19
2014-06-24,13:00,2965,2,1,3,8,11,12,13,14,15,18,19
2014-06-24,14:00,2966,13,1,2,3,4,7,9,11,12,13,15
2014-06-24,15:00,2967,8,1,4,5,6,9,10,13,15,17,19
2014-06-24,16:00,2968,11,1,2,3,4,5,6,8,12,17,18
2014-06-24,17:00,2969,17,1,2,4,5,6,10,13,14,17,19
2014-06-24,18:00,2970,12,1,4,5,8,9,11,12,14,16,18
2014-06-24,19:00,2971,16,1,2,5,6,7,8,15,16,18,20
2014-06-24,20:00,2972,8,2,5,6,7,8,10,11,12,16,18
2014-06-24,21:00,2973,19,1,4,7,9,12,16,17,18,19,20
2014-06-24,22:00,2974,9,1,2,4,9,10,13,15,17,18,19
2014-06-24,23:00,2975,12,1,2,3,5,6,8,10,12,14,17
2014-06-25,07:00,2976,6,2,6,7,9,15,16,17,18,19,20
2014-06-25,08:00,2977,18,4,5,6,8,9,10,12,15,16,20
2014-06-25,09:00,2978,4,5,6,7,8,9,11,12,16,17,20
2014-06-25,10:00,2979,14,3,4,5,6,9,10,14,15,18,19
2014-06-25,11:00,2980,13,5,7,8,9,11,12,13,14,15,16
2014-06-25,12:00,2981,16,4,5,6,7,8,9,11,12,14,16
2014-06-25,13:00,2982,13,2,3,6,9,10,12,15,16,18,20
2014-06-25,14:00,2983,17,5,6,8,10,12,13,16,18,19,20
2014-06-25,15:00,2984,13,3,4,8,9,12,14,15,16,18,20
2014-06-25,16:00,2985,1,1,4,7,8,9,11,16,17,19,20
2014-06-25,17:00,2986,11,1,4,5,11,14,15,16,17,19,20
2014-06-25,18:00,2987,15,4,8,9,11,13,14,15,17,18,19
2014-06-25,19:00,2988,1,2,3,6,8,9,10,12,14,15,16
2014-06-25,20:00,2989,9,1,2,4,5,6,8,9,11,14,15
2014-06-25,21:00,2990,14,1,4,5,6,7,10,14,15,18,19
2014-06-25,22:00,2991,1,1,3,7,8,9,10,11,12,15,17
2014-06-25,23:00,2992,19,1,4,7,8,14,15,16,17,18,19
2014-06-26,07:00,2993,15,5,6,8,9,11,13,14,15,16,19
2014-06-26,08:00,2994,11,2,5,10,11,12,14,15,16,17,18
2014-06-26,09:00,2995,6,1,3,4,5,7,9,12,14,19,20
2014-06-26,10:00,2996,9,2,5,6,9,10,11,12,15,16,18
2014-06-26,11:00,2997,1,5,7,8,10,11,13,14,15,16,17
2014-06-26,12:00,2998,17,1,4,5,9,11,12,13,14,15,19
2014-06-26,13:00,2999,13,2,4,5,9,12,14,17,18,19,20
2014-06-26,14:00,3000,19,1,4,5,10,11,12,13,14,16,18
2014-06-26,15:00,3001,14,1,2,5,9,10,12,14,15,17,20
2014-06-26,16:00,3002,13,1,3,4,11,12,13,14,16,17,18
2014-06-26,17:00,3003,10,1,3,4,6,8,9,11,13,17,19
2014-06-26,18:00,3004,18,1,6,7,8,12,14,15,17,19,20
2014-06-26,19:00,3005,18,2,6,8,11,12,14,15,16,18,20
2014-06-26,20:00,3006,3,2,7,8,9,10,11,15,16,17,18
2014-06-26,21:00,3007,20,2,3,4,7,9,10,14,17,18,20
2014-06-26,22:00,3008,20,1,5,7,8,9,11,12,16,17,19
2014-06-26,23:00,3009,13,2,3,8,9,15,16,17,18,19,20
2014-06-27,07:00,3010,3,1,2,5,6,8,9,12,15,18,20
2014-06-27,08:00,3011,14,1,3,4,6,14,15,16,17,18,19
2014-06-27,09:00,3012,12,3,4,5,7,9,10,12,13,15,20
2014-06-27,10:00,3013,11,1,4,6,9,10,11,12,15,16,18
2014-06-27,11:00,3014,4,1,2,3,10,11,12,13,14,15,17
2014-06-27,12:00,3015,15,1,3,9,11,13,14,15,16,19,20
2014-06-27,13:00,3016,10,3,4,8,9,13,14,15,16,19,20
2014-06-27,14:00,3017,13,1,3,4,5,6,11,13,15,18,20
2014-06-27,15:00,3018,8,1,3,4,5,9,10,11,14,17,18
2014-06-27,16:00,3019,7,3,5,7,8,9,13,15,16,17,18
2014-06-27,17:00,3020,9,1,4,5,8,11,12,14,16,17,18
2014-06-27,18:00,3021,15,1,3,5,9,11,12,15,16,19,20
2014-06-27,19:00,3022,14,4,5,6,9,10,11,14,15,19,20
2014-06-27,20:00,3023,9,1,2,3,6,7,8,9,16,18,19
2014-06-27,21:00,3024,12,1,2,5,9,10,13,15,16,17,19
2014-06-27,22:00,3025,19,2,4,7,9,12,13,15,18,19,20
2014-06-27,23:00,3026,19,1,2,4,5,7,10,12,13,15,20
2014-06-28,07:00,3027,17,3,5,6,7,8,9,10,13,17,18
2014-06-28,08:00,3028,8,1,2,4,5,8,13,16,18,19,20
2014-06-28,09:00,3029,16,1,2,4,5,8,11,16,17,19,20
2014-06-28,10:00,3030,5,2,3,4,7,9,12,14,15,18,19
2014-06-28,11:00,3031,11,4,5,6,7,9,12,13,15,16,17
2014-06-28,12:00,3032,17,1,4,5,7,10,11,12,14,15,16
2014-06-28,13:00,3033,13,5,6,7,11,12,13,14,15,16,18
2014-06-28,14:00,3034,11,3,6,7,8,11,13,15,16,17,18
2014-06-28,15:00,3035,20,1,2,3,6,8,9,13,14,15,16
2014-06-28,16:00,3036,10,2,3,4,7,9,10,12,13,15,20
2014-06-28,17:00,3037,17,2,5,6,7,8,11,12,13,15,16
2014-06-28,18:00,3038,19,3,4,5,8,10,13,15,17,19,20
2014-06-28,19:00,3039,15,1,2,4,6,7,9,10,11,17,19
2014-06-28,20:00,3040,12,1,3,6,8,11,12,14,15,17,20
2014-06-28,21:00,3041,10,2,3,6,7,8,9,11,17,19,20
2014-06-28,22:00,3042,15,3,5,7,8,9,10,12,14,15,20
2014-06-28,23:00,3043,18,4,6,7,10,11,15,17,18,19,20
2014-06-29,07:00,3044,8,1,5,6,7,10,11,13,14,18,19
2014-06-29,08:00,3045,9,2,3,4,5,8,10,13,15,18,20
2014-06-29,09:00,3046,20,5,6,7,8,10,11,15,17,19,20
2014-06-29,10:00,3047,3,1,2,8,9,11,14,16,18,19,20
2014-06-29,11:00,3048,12,1,7,9,10,12,13,14,15,18,19
2014-06-29,12:00,3049,4,1,2,3,6,8,10,12,14,16,19
2014-06-29,13:00,3050,16,2,5,7,8,9,10,13,14,16,20
2014-06-29,14:00,3051,12,1,2,3,9,10,12,14,16,17,18
2014-06-29,15:00,3052,14,1,2,3,6,9,11,12,15,18,19
2014-06-29,16:00,3053,7,1,3,4,5,6,10,12,13,14,17
2014-06-29,17:00,3054,4,2,4,5,7,9,14,15,16,19,20
2014-06-29,18:00,3055,9,2,3,4,5,7,8,12,14,15,17
2014-06-29,19:00,3056,8,2,3,4,6,8,9,14,16,18,19
2014-06-29,20:00,3057,13,3,5,6,9,10,11,13,15,17,20
2014-06-29,21:00,3058,17,1,3,4,9,13,14,15,16,17,18
2014-06-29,22:00,3059,7,1,3,4,10,11,12,13,14,17,20
2014-06-29,23:00,3060,7,2,4,7,8,12,13,14,15,16,20
2014-06-30,07:00,3061,12,2,4,5,6,9,10,14,15,18,20
2014-06-30,08:00,3062,9,1,2,5,6,9,12,13,14,17,20
2014-06-30,09:00,3063,20,4,6,7,10,11,13,14,15,18,19
2014-06-30,10:00,3064,9,1,3,4,7,10,12,13,16,18,20
2014-06-30,11:00,3065,16,2,4,6,10,11,12,14,18,19,20
2014-06-30,12:00,3066,18,2,3,6,7,9,11,13,14,15,16
2014-06-30,13:00,3067,9,1,2,6,7,8,11,12,14,15,17
2014-06-30,14:00,3068,11,1,5,8,9,10,11,14,17,19,20
2014-06-30,15:00,3069,13,1,3,7,11,12,13,16,18,19,20
2014-06-30,16:00,3070,12,1,2,5,8,9,10,16,17,19,20
2014-06-30,17:00,3071,19,2,3,7,8,9,10,12,14,15,18
2014-06-30,18:00,3072,4,1,2,4,5,11,12,14,17,18,19
2014-06-30,19:00,3073,5,1,2,5,6,9,10,13,14,16,17
2014-06-30,20:00,3074,7,1,4,6,10,11,12,13,14,19,20
2014-06-30,21:00,3075,11,3,6,7,8,9,10,13,15,18,19
2014-06-30,22:00,3076,13,1,3,4,6,8,11,12,13,14,15
2014-06-30,23:00,3077,14,1,5,6,7,8,12,14,15,18,19
2014-07-01,07:00,3078,19,2,5,6,7,10,12,15,16,18,19
2014-07-01,08:00,3079,19,2,3,4,5,12,13,14,16,18,19
2014-07-01,09:00,3080,15,7,9,10,13,14,15,16,18,19,20
2014-07-01,10:00,3081,6,1,4,5,6,7,9,10,13,18,20
2014-07-01,11:00,3082,12,1,5,6,7,12,14,15,17,18,19
2014-07-01,12:00,3083,1,1,4,5,8,10,11,12,13,15,16
2014-07-01,13:00,3084,8,1,2,4,7,8,11,17,18,19,20
2014-07-01,14:00,3085,18,1,2,3,6,7,12,13,14,16,17
2014-07-01,15:00,3086,17,4,5,6,8,11,12,14,15,18,20
2014-07-01,16:00,3087,6,1,2,3,6,9,12,13,14,15,16
2014-07-01,17:00,3088,8,2,3,4,6,8,9,14,16,17,19
2014-07-01,18:00,3089,5,1,4,5,8,10,13,17,18,19,20
2014-07-01,19:00,3090,19,2,3,5,7,8,9,17,18,19,20
2014-07-01,20:00,3091,19,2,3,4,5,6,7,9,10,12,16
2014-07-01,21:00,3092,7,1,4,6,7,8,9,12,13,19,20
2014-07-01,22:00,3093,4,1,3,4,5,6,7,10,11,12,15
2014-07-01,23:00,3094,15,1,5,7,10,12,13,14,15,18,20
2014-07-02,07:00,3095,13,3,5,6,10,11,13,14,15,18,19
2014-07-02,08:00,3096,17,2,4,6,7,12,14,15,16,17,18
2014-07-02,09:00,3097,5,3,5,6,7,11,12,13,17,18,19
2014-07-02,10:00,3098,13,6,7,8,9,10,13,15,16,17,20
2014-07-02,11:00,3099,13,1,5,7,10,11,12,14,17,19,20
2014-07-02,12:00,3100,3,2,4,10,12,13,14,17,18,19,20
2014-07-02,13:00,3101,3,1,2,5,6,7,10,12,13,16,17
2014-07-02,14:00,3102,14,1,2,3,6,8,9,12,13,14,20
2014-07-02,15:00,3103,6,1,6,8,9,10,12,13,14,15,18
2014-07-02,16:00,3104,10,2,4,5,7,8,14,15,16,17,19
2014-07-02,17:00,3105,8,3,4,9,10,12,13,15,16,19,20
2014-07-02,18:00,3106,17,4,10,11,12,14,15,16,17,18,19
2014-07-02,19:00,3107,9,1,3,4,8,11,13,14,17,18,20
2014-07-02,20:00,3108,14,2,4,6,7,10,11,13,14,16,19
2014-07-02,21:00,3109,15,2,4,5,6,8,11,12,13,16,17
2014-07-02,22:00,3110,18,3,4,5,7,8,11,12,16,17,18
2014-07-02,23:00,3111,20,1,5,6,7,8,12,13,14,16,18
2014-07-03,07:00,3112,12,2,3,6,8,10,11,12,13,14,17
2014-07-03,08:00,3113,5,2,4,6,7,8,9,10,14,16,18
2014-07-03,09:00,3114,13,1,2,3,6,8,11,13,16,19,20
2014-07-03,10:00,3115,7,1,3,8,13,15,16,17,18,19,20
2014-07-03,11:00,3116,14,1,2,3,7,10,12,15,16,18,20
2014-07-03,12:00,3117,3,1,4,5,9,11,14,17,18,19,20
2014-07-03,13:00,3118,4,3,5,9,11,12,13,15,16,18,20
2014-07-03,14:00,3119,11,1,3,8,9,10,11,13,14,16,19
2014-07-03,15:00,3120,7,1,3,5,6,8,11,12,14,15,17
2014-07-03,16:00,3121,16,1,2,3,5,6,7,9,10,17,18
2014-07-03,17:00,3122,1,1,5,6,7,8,9,12,13,16,17
2014-07-03,18:00,3123,19,7,8,12,13,14,16,17,18,19,20
2014-07-03,19:00,3124,7,1,2,4,5,6,7,12,13,14,15
2014-07-03,20:00,3125,12,3,4,10,12,13,15,16,17,19,20
2014-07-03,21:00,3126,11,1,5,8,9,10,11,14,17,18,20
2014-07-03,22:00,3127,16,1,3,6,14,15,16,17,18,19,20
2014-07-03,23:00,3128,17,1,3,4,5,7,9,14,17,19,20
2014-07-04,07:00,3129,3,3,4,8,10,11,12,13,14,15,17
2014-07-04,08:00,3130,18,5,8,9,11,12,13,15,16,17,18
2014-07-04,09:00,3131,12,1,2,5,6,8,11,14,15,17,20
2014-07-04,10:00,3132,1,1,2,3,7,8,11,12,18,19,20
2014-07-04,11:00,3133,13,4,7,9,11,12,15,16,17,18,20
2014-07-04,12:00,3134,2,1,2,4,5,10,12,14,15,18,20
2014-07-04,13:00,3135,7,1,2,5,6,7,9,10,14,18,19
2014-07-04,14:00,3136,14,1,3,4,5,7,11,14,16,17,19
2014-07-04,15:00,3137,7,1,2,5,8,9,10,11,13,15,18
2014-07-04,16:00,3138,5,1,3,5,6,7,10,12,14,17,18
2014-07-04,17:00,3139,12,4,5,7,8,9,14,16,18,19,20
2014-07-04,18:00,3140,6,3,6,7,8,9,11,15,16,17,20
2014-07-04,19:00,3141,16,1,4,5,6,7,8,13,14,19,20
2014-07-04,20:00,3142,16,2,4,6,11,13,15,16,18,19,20
2014-07-04,21:00,3143,20,1,2,5,6,9,12,13,14,16,18
2014-07-04,22:00,3144,1,1,3,4,7,10,14,15,16,17,20
2014-07-04,23:00,3145,18,1,3,5,7,8,10,15,17,19,20
2014-07-05,07:00,3146,4,1,3,4,6,9,10,12,15,16,17
2014-07-05,08:00,3147,13,2,5,6,7,9,11,12,13,17,20
2014-07-05,09:00,3148,8,1,2,3,5,6,8,12,14,15,19
2014-07-05,10:00,3149,4,3,4,6,7,9,10,14,16,18,20
2014-07-05,11:00,3150,10,1,5,8,11,12,15,16,17,19,20
2014-07-05,12:00,3151,2,4,5,8,9,10,11,14,17,19,20
2014-07-05,13:00,3152,16,1,2,7,8,9,11,12,13,14,17
2014-07-05,14:00,3153,18,1,2,3,5,8,9,12,16,19,20
2014-07-05,15:00,3154,3,3,4,6,11,12,13,14,16,17,19
2014-07-05,16:00,3155,10,2,5,6,7,11,13,14,15,16,18
2014-07-05,17:00,3156,16,1,2,4,10,11,12,15,16,18,20
2014-07-05,18:00,3157,15,3,4,5,7,8,11,13,17,19,20
2014-07-05,19:00,3158,15,1,2,3,4,9,10,13,14,17,19
2014-07-05,20:00,3159,16,1,4,8,9,12,13,15,16,17,20
2014-07-05,21:00,3160,17,3,4,7,8,10,13,15,16,18,20
2014-07-05,22:00,3161,1,2,6,8,9,10,12,14,16,19,20
2014-07-05,23:00,3162,8,1,3,8,9,11,13,14,16,17,18
2014-07-06,07:00,3163,13,1,4,6,7,8,12,13,16,18,19
2014-07-06,08:00,3164,8,2,3,5,7,8,9,13,15,16,18
2014-07-06,09:00,3165,6,3,6,7,8,10,12,15,18,19,20
2014-07-06,10:00,3166,9,1,2,3,6,7,8,9,11,12,14
2014-07-06,11:00,3167,2,1,3,4,5,7,8,9,13,15,19
2014-07-06,12:00,3168,8,4,5,6,8,11,13,14,15,16,18
2014-07-06,13:00,3169,15,3,5,6,12,13,16,17,18,19,20
2014-07-06,14:00,3170,10,1,4,7,8,10,13,15,16,17,20
2014-07-06,15:00,3171,14,1,2,3,5,9,11,14,15,17,19
2014-07-06,16:00,3172,19,3,5,8,12,13,16,17,18,19,20
2014-07-06,17:00,3173,12,2,4,5,7,8,9,10,11,17,18
2014-07-06,18:00,3174,1,3,5,6,8,10,12,13,14,17,19
2014-07-06,19:00,3175,20,1,2,4,7,9,10,11,14,16,19
2014-07-06,20:00,3176,19,4,5,6,9,11,13,16,18,19,20
2014-07-06,21:00,3177,12,2,5,6,8,10,13,15,16,19,20
2014-07-06,22:00,3178,18,2,3,4,6,8,9,11,12,15,17
2014-07-06,23:00,3179,3,1,5,6,7,8,9,13,14,17,19
2014-07-07,07:00,3180,7,2,3,9,11,13,15,16,18,19,20
2014-07-07,08:00,3181,4,3,4,6,7,11,13,14,15,17,19
2014-07-07,09:00,3182,17,2,4,7,8,11,13,15,18,19,20
2014-07-07,10:00,3183,10,2,4,5,7,8,10,13,18,19,20
2014-07-07,11:00,3184,12,1,3,4,6,7,9,15,16,17,18
2014-07-07,12:00,3185,10,1,2,3,4,8,10,11,15,17,19
2014-07-07,13:00,3186,19,1,3,4,7,9,10,14,16,17,18
2014-07-07,14:00,3187,17,1,2,3,4,7,10,12,13,14,16
2014-07-07,15:00,3188,16,1,2,3,6,9,13,14,15,18,19
2014-07-07,16:00,3189,10,3,9,10,12,13,16,17,18,19,20
2014-07-07,17:00,3190,3,1,3,4,6,9,10,11,14,17,20
2014-07-07,18:00,3191,11,3,4,9,11,12,13,15,16,18,19
2014-07-07,19:00,3192,20,1,2,3,4,5,6,7,15,16,17
2014-07-07,20:00,3193,11,1,3,4,5,9,12,13,16,18,20
2014-07-07,21:00,3194,6,3,5,6,7,8,10,12,15,16,20
2014-07-07,22:00,3195,5,3,4,5,6,8,10,13,14,16,20
2014-07-07,23:00,3196,7,4,6,8,9,11,12,13,15,18,20
2014-07-08,07:00,3197,11,4,6,8,11,13,14,15,16,18,19
2014-07-08,08:00,3198,14,1,2,4,6,8,10,13,16,19,20
2014-07-08,09:00,3199,4,1,4,5,8,9,13,14,16,17,18
2014-07-08,10:00,3200,13,1,4,5,6,7,9,11,12,14,19
2014-07-08,11:00,3201,3,3,4,5,7,10,11,12,15,16,17
2014-07-08,12:00,3202,2,1,2,5,8,9,13,14,16,19,20
2014-07-08,13:00,3203,1,1,2,4,7,9,10,11,13,16,17
2014-07-08,14:00,3204,19,2,4,10,11,12,14,16,17,19,20
2014-07-08,15:00,3205,20,2,4,5,6,9,11,12,13,16,19
2014-07-08,16:00,3206,1,1,2,3,5,7,9,13,18,19,20
2014-07-08,17:00,3207,12,2,3,4,5,8,12,13,15,16,19
2014-07-08,18:00,3208,10,1,4,6,7,9,12,13,14,16,17
2014-07-08,19:00,3209,4,1,4,6,8,10,11,15,16,18,19
2014-07-08,20:00,3210,1,2,3,7,9,10,11,12,17,18,20
2014-07-08,21:00,3211,14,2,3,8,11,12,13,14,15,17,20
2014-07-08,22:00,3212,3,1,2,3,4,5,12,13,14,15,18
2014-07-08,23:00,3213,10,3,5,7,10,11,12,13,15,16,19
2014-07-09,07:00,3214,6,3,5,7,8,10,13,14,15,17,18
2014-07-09,08:00,3215,3,1,2,6,7,11,14,16,17,18,19
2014-07-09,09:00,3216,19,2,4,7,9,10,11,13,14,17,20
2014-07-09,10:00,3217,4,3,4,6,9,10,13,15,16,17,19
2014-07-09,11:00,3218,13,2,5,6,8,9,10,11,15,17,20
2014-07-09,12:00,3219,9,1,2,8,9,10,13,14,15,16,18
2014-07-09,13:00,3220,9,1,2,3,4,5,11,15,16,17,18
2014-07-09,14:00,3221,7,5,6,7,9,10,13,16,17,19,20
2014-07-09,15:00,3222,18,2,3,6,7,8,10,11,14,17,18
2014-07-09,16:00,3223,8,1,2,3,4,6,7,8,11,13,19
2014-07-09,17:00,3224,12,1,3,4,9,10,11,12,13,16,18
2014-07-09,18:00,3225,11,2,4,6,8,13,14,15,16,17,18
2014-07-09,19:00,3226,17,3,4,5,7,11,12,14,17,19,20
2014-07-09,20:00,3227,18,1,2,3,4,6,9,11,15,16,20
2014-07-09,21:00,3228,4,1,4,6,8,9,10,13,14,16,19
2014-07-09,22:00,3229,3,1,3,4,6,9,13,14,17,18,20
2014-07-09,23:00,3230,1,1,9,10,11,12,13,14,16,17,18
2014-07-10,07:00,3231,7,1,2,3,5,8,10,14,16,18,19
2014-07-10,08:00,3232,19,3,5,7,10,13,14,16,17,18,20
2014-07-10,09:00,3233,14,2,3,6,8,12,13,15,17,18,19
2014-07-10,10:00,3234,9,3,5,6,7,9,10,11,15,18,19
2014-07-10,11:00,3235,19,1,4,5,8,9,10,11,15,16,19
2014-07-10,12:00,3236,15,2,3,5,6,7,9,13,14,18,19
2014-07-10,13:00,3237,6,2,3,7,8,10,11,13,15,16,18
2014-07-10,14:00,3238,19,1,2,3,5,6,7,10,12,13,19
2014-07-10,15:00,3239,10,2,4,6,7,8,10,14,16,18,20
2014-07-10,16:00,3240,16,4,5,6,7,9,10,11,12,13,15
2014-07-10,17:00,3241,12,3,4,5,7,9,10,12,16,18,19
2014-07-10,18:00,3242,8,1,2,3,8,10,11,13,14,17,19
2014-07-10,19:00,3243,1,1,3,4,5,8,9,10,11,19,20
2014-07-10,20:00,3244,10,3,8,9,11,12,14,15,17,18,20
2014-07-10,21:00,3245,18,2,4,7,9,10,12,14,16,17,19
2014-07-10,22:00,3246,12,4,5,7,11,12,13,16,17,18,19
2014-07-10,23:00,3247,10,2,6,10,11,12,13,15,16,17,20
2014-07-11,07:00,3248,13,1,2,4,5,6,12,13,14,18,19
2014-07-11,08:00,3249,17,1,3,4,7,8,14,15,17,18,19
2014-07-11,09:00,3250,19,1,2,3,4,5,10,11,15,16,20
2014-07-11,10:00,3251,3,1,4,5,6,7,10,12,13,14,15
2014-07-11,11:00,3252,15,1,3,5,10,11,12,17,18,19,20
2014-07-11,12:00,3253,5,1,3,5,6,7,8,9,10,11,18
2014-07-11,13:00,3254,17,1,5,6,7,9,11,12,13,14,15
2014-07-11,14:00,3255,15,2,3,4,5,8,11,12,16,18,19
2014-07-11,15:00,3256,11,2,3,4,5,7,9,10,12,14,18
2014-07-11,16:00,3257,13,3,7,8,9,10,13,14,15,17,20
2014-07-11,17:00,3258,18,2,4,5,6,7,10,11,12,14,16
2014-07-11,18:00,3259,13,1,3,4,5,6,7,8,14,17,19
2014-07-11,19:00,3260,9,2,4,5,6,8,9,10,11,14,19
2014-07-11,20:00,3261,14,1,2,3,5,6,10,11,15,18,20
2014-07-11,21:00,3262,14,2,4,5,8,9,10,11,16,18,19
2014-07-11,22:00,3263,14,4,6,7,10,11,13,15,17,18,20
2014-07-11,23:00,3264,12,1,2,5,6,7,10,11,14,19,20
2014-07-12,07:00,3265,10,2,6,7,8,11,12,14,15,18,20
2014-07-12,08:00,3266,5,3,7,8,12,13,15,17,18,19,20
2014-07-12,09:00,3267,18,1,5,6,7,8,11,13,15,16,19
2014-07-12,10:00,3268,2,4,5,7,8,9,10,11,13,14,17
2014-07-12,11:00,3269,12,3,4,7,8,9,10,11,14,16,18
2014-07-12,12:00,3270,11,2,4,5,9,11,12,13,16,18,20
2014-07-12,13:00,3271,3,1,3,5,10,11,12,13,15,19,20
2014-07-12,14:00,3272,11,4,5,7,8,13,16,17,18,19,20
2014-07-12,15:00,3273,17,2,4,5,9,10,13,15,16,17,18
2014-07-12,16:00,3274,14,1,2,4,5,7,8,10,12,15,19
2014-07-12,17:00,3275,13,2,5,6,11,12,13,14,15,18,19
2014-07-12,18:00,3276,18,1,2,3,7,11,13,15,16,17,18
2014-07-12,19:00,3277,2,1,3,7,9,10,12,13,15,19,20
2014-07-12,20:00,3278,9,1,2,3,4,5,10,15,17,18,19
2014-07-12,21:00,3279,11,3,8,9,11,12,13,15,16,19,20
2014-07-12,22:00,3280,9,1,2,5,7,11,12,15,17,19,20
2014-07-12,23:00,3281,12,1,3,5,6,10,12,14,17,18,20
2014-07-13,07:00,3282,5,2,4,5,6,7,9,11,12,13,16
2014-07-13,08:00,3283,19,1,2,5,6,12,14,15,16,17,18
2014-07-13,09:00,3284,6,2,4,6,7,8,9,12,15,16,17
2014-07-13,10:00,3285,4,2,5,6,11,14,16,17,18,19,20
2014-07-13,11:00,3286,18,3,4,6,9,10,11,12,13,16,18
2014-07-13,12:00,3287,9,1,5,8,9,10,13,15,16,19,20
2014-07-13,13:00,3288,3,2,3,7,10,13,15,16,17,19,20
2014-07-13,14:00,3289,14,4,5,6,7,8,9,10,12,13,17
2014-07-13,15:00,3290,15,1,2,3,4,7,8,11,14,15,16
2014-07-13,16:00,3291,7,1,2,5,6,8,11,12,13,14,16
2014-07-13,17:00,3292,20,5,7,8,9,10,12,13,14,15,16
2014-07-13,18:00,3293,13,1,2,5,7,10,12,13,15,16,19
2014-07-13,19:00,3294,5,1,3,4,5,6,13,15,16,17,20
2014-07-13,20:00,3295,13,3,5,7,8,12,14,15,16,17,20
2014-07-13,21:00,3296,16,3,6,7,8,10,11,17,18,19,20
2014-07-13,22:00,3297,2,4,5,6,7,8,9,14,16,18,20
2014-07-13,23:00,3298,6,2,3,4,5,6,10,12,13,17,20
2014-07-14,07:00,3299,4,2,3,4,7,12,14,15,16,17,18
2014-07-14,08:00,3300,11,1,3,4,5,8,10,11,16,18,19
2014-07-14,09:00,3301,6,1,3,4,7,8,9,15,17,18,19
2014-07-14,10:00,3302,18,2,3,6,8,11,12,13,14,15,18
2014-07-14,11:00,3303,11,3,4,5,7,8,12,14,16,17,18
2014-07-14,12:00,3304,15,2,3,6,7,8,9,12,16,17,19
2014-07-14,13:00,3305,12,1,2,3,5,8,9,11,15,18,19
2014-07-14,14:00,3306,3,1,3,6,7,8,9,10,13,17,19
2014-07-14,15:00,3307,17,2,3,6,8,10,13,15,16,18,20
2014-07-14,16:00,3308,18,4,5,7,12,13,14,16,17,18,20
2014-07-14,17:00,3309,4,1,2,4,9,10,11,15,18,19,20
2014-07-14,18:00,3310,10,1,2,3,4,9,14,15,17,18,20
2014-07-14,19:00,3311,19,1,3,5,6,7,8,13,14,15,20
2014-07-14,20:00,3312,3,1,2,4,6,8,9,10,14,16,19
2014-07-14,21:00,3313,12,3,5,6,7,11,14,15,16,18,20
2014-07-14,22:00,3314,15,1,2,3,4,5,8,9,10,16,20
2014-07-14,23:00,3315,18,1,3,5,6,7,9,11,15,17,20
2014-07-15,07:00,3316,9,1,3,4,5,10,11,13,17,18,19
2014-07-15,08:00,3317,6,1,3,4,7,9,12,15,17,19,20
2014-07-15,09:00,3318,7,3,4,6,7,8,11,14,16,17,18
2014-07-15,10:00,3319,6,1,2,4,5,6,7,9,11,14,16
2014-07-15,11:00,3320,11,1,6,7,9,12,13,14,16,17,19
2014-07-15,12:00,3321,10,1,2,5,6,12,13,14,15,17,18
2014-07-15,13:00,3322,1,1,2,5,8,10,12,14,15,17,20
2014-07-15,14:00,3323,14,2,4,5,9,10,12,14,15,16,19
2014-07-15,15:00,3324,6,2,5,8,9,10,12,16,17,18,20
2014-07-15,16:00,3325,17,2,3,7,8,9,14,16,18,19,20
2014-07-15,17:00,3326,8,1,2,4,7,11,13,14,15,17,19
2014-07-15,18:00,3327,9,1,5,6,8,10,14,16,17,19,20
2014-07-15,19:00,3328,11,4,5,7,8,9,14,17,18,19,20
2014-07-15,20:00,3329,1,2,7,9,10,11,12,14,15,18,20
2014-07-15,21:00,3330,17,3,5,7,9,11,12,13,15,17,20
2014-07-15,22:00,3331,10,2,3,6,7,10,11,12,16,18,20
2014-07-15,23:00,3332,18,3,4,6,7,9,11,12,14,16,19
2014-07-16,07:00,3333,5,6,7,8,9,13,14,15,16,18,19
2014-07-16,08:00,3334,3,2,7,8,10,11,12,14,15,17,20
2014-07-16,09:00,3335,19,1,2,5,7,9,14,15,17,19,20
2014-07-16,10:00,3336,6,1,5,6,7,9,10,12,13,16,18
2014-07-16,11:00,3337,7,1,5,6,7,8,15,16,17,19,20
2014-07-16,12:00,3338,8,4,5,7,8,10,11,12,16,19,20
2014-07-16,13:00,3339,18,3,6,8,9,11,13,14,15,16,18
2014-07-16,14:00,3340,13,2,3,4,7,8,11,16,17,18,19
2014-07-16,15:00,3341,3,1,2,3,4,8,15,17,18,19,20
2014-07-16,16:00,3342,20,1,8,11,12,14,15,17,18,19,20
2014-07-16,17:00,3343,1,2,3,4,7,8,11,14,15,18,20
2014-07-16,18:00,3344,2,2,3,5,7,8,10,11,12,19,20
2014-07-16,19:00,3345,6,4,6,8,9,10,13,14,16,18,20
2014-07-16,20:00,3346,14,1,2,3,6,7,13,14,15,16,19
2014-07-16,21:00,3347,3,2,4,7,8,9,11,14,15,19,20
2014-07-16,22:00,3348,8,1,3,4,5,6,9,11,14,15,19
2014-07-16,23:00,3349,17,1,3,4,5,7,8,15,16,18,20
2014-07-17,07:00,3350,17,1,2,9,11,12,16,17,18,19,20
2014-07-17,08:00,3351,3,2,3,4,10,11,13,14,16,18,20
2014-07-17,09:00,3352,12,4,6,7,9,10,13,16,17,19,20
2014-07-17,10:00,3353,15,1,2,3,9,10,12,14,15,16,18
2014-07-17,11:00,3354,9,1,3,5,6,9,11,13,15,18,19
2014-07-17,12:00,3355,19,1,3,4,7,9,14,15,16,19,20
2014-07-17,13:00,3356,18,5,7,8,10,13,14,15,16,17,18
2014-07-17,14:00,3357,13,1,2,6,9,10,11,12,15,16,20
2014-07-17,15:00,3358,9,2,3,6,7,12,14,16,17,19,20
2014-07-17,16:00,3359,13,2,5,7,8,9,10,14,16,17,20
2014-07-17,17:00,3360,4,1,5,7,9,10,13,14,17,18,19
2014-07-17,18:00,3361,6,4,5,9,10,13,14,15,18,19,20
2014-07-17,19:00,3362,15,1,4,5,7,11,12,13,14,18,20
2014-07-17,20:00,3363,16,1,3,4,5,7,9,10,13,14,17
2014-07-17,21:00,3364,13,1,2,3,9,10,12,16,17,18,20
2014-07-17,22:00,3365,13,6,7,9,11,12,14,15,16,17,19
2014-07-17,23:00,3366,11,2,3,4,6,8,9,11,13,18,19
2014-07-18,07:00,3367,3,2,3,4,9,12,13,14,15,16,18
2014-07-18,08:00,3368,2,1,4,5,7,10,11,12,16,17,19
2014-07-18,09:00,3369,9,1,5,7,12,13,14,17,18,19,20
2014-07-18,10:00,3370,4,1,2,6,12,13,14,15,18,19,20
2014-07-18,11:00,3371,2,2,3,8,10,12,14,15,17,19,20
2014-07-18,12:00,3372,1,1,6,10,12,13,14,16,17,18,20
2014-07-18,13:00,3373,20,1,2,3,5,10,11,12,17,18,20
2014-07-18,14:00,3374,12,1,4,6,7,8,9,11,12,13,18
2014-07-18,15:00,3375,7,1,2,3,4,5,6,7,13,14,15
2014-07-18,16:00,3376,6,2,3,5,9,11,14,16,17,18,19
2014-07-18,17:00,3377,17,2,7,8,9,11,12,15,16,17,19
2014-07-18,18:00,3378,12,1,2,7,10,12,16,17,18,19,20
2014-07-18,19:00,3379,11,2,3,4,5,8,10,11,12,13,14
2014-07-18,20:00,3380,18,2,4,5,7,8,9,10,12,19,20
2014-07-18,21:00,3381,15,1,2,3,4,7,9,11,13,14,17
2014-07-18,22:00,3382,1,1,2,6,8,9,10,11,17,18,19
2014-07-18,23:00,3383,13,1,3,4,7,11,12,13,15,19,20
2014-07-19,07:00,3384,13,4,6,8,9,11,12,15,16,17,18
2014-07-19,08:00,3385,4,2,4,5,8,11,12,14,16,17,19
2014-07-19,09:00,3386,19,4,5,6,8,12,13,14,15,16,18
2014-07-19,10:00,3387,6,1,2,3,5,7,9,11,12,13,16
2014-07-19,11:00,3388,14,1,2,3,5,12,14,15,17,19,20
2014-07-19,12:00,3389,3,1,6,7,8,11,12,13,16,17,20
2014-07-19,13:00,3390,6,5,7,9,10,12,13,14,18,19,20
2014-07-19,14:00,3391,17,2,3,5,7,10,11,16,17,19,20
2014-07-19,15:00,3392,13,1,2,7,8,10,11,13,14,15,20
2014-07-19,16:00,3393,19,1,2,4,9,10,12,13,15,16,20
2014-07-19,17:00,3394,4,1,3,5,6,9,15,17,18,19,20
2014-07-19,18:00,3395,13,1,2,4,6,10,13,14,18,19,20
2014-07-19,19:00,3396,17,4,5,9,10,11,13,14,15,17,19
2014-07-19,20:00,3397,13,2,4,5,7,8,10,12,13,15,20
2014-07-19,21:00,3398,4,1,2,5,6,10,11,13,14,16,19
2014-07-19,22:00,3399,5,1,3,4,7,9,11,15,16,17,18
2014-07-19,23:00,3400,15,2,4,6,8,9,14,15,18,19,20
2014-07-20,07:00,3401,6,4,6,7,8,9,10,12,13,17,18
2014-07-20,08:00,3402,6,2,3,5,6,7,8,11,16,17,19
2014-07-20,09:00,3403,14,1,3,5,6,10,13,14,16,18,20
2014-07-20,10:00,3404,9,1,2,4,8,9,12,13,15,16,18
2014-07-20,11:00,3405,7,6,7,8,9,10,11,13,14,15,19
2014-07-20,12:00,3406,10,1,4,7,8,9,10,14,15,16,19
2014-07-20,13:00,3407,3,5,8,9,11,14,15,16,17,18,19
2014-07-20,14:00,3408,2,1,3,5,8,9,11,12,13,14,16
2014-07-20,15:00,3409,10,2,8,12,14,15,16,17,18,19,20
2014-07-20,16:00,3410,1,3,4,7,11,14,15,16,17,18,19
2014-07-20,17:00,3411,3,2,4,7,9,10,11,13,16,18,19
2014-07-20,18:00,3412,20,3,5,6,8,9,11,14,16,17,19
2014-07-20,19:00,3413,8,3,6,7,8,9,10,11,14,15,19
2014-07-20,20:00,3414,8,1,3,4,5,8,11,14,15,18,19
2014-07-20,21:00,3415,18,3,4,5,6,9,13,14,16,19,20
2014-07-20,22:00,3416,6,1,2,8,9,13,14,15,16,17,19
2014-07-20,23:00,3417,17,3,5,6,8,11,12,13,15,17,18
2014-07-21,07:00,3418,20,2,3,4,5,8,12,17,18,19,20
2014-07-21,08:00,3419,6,3,4,5,6,10,15,16,17,19,20
2014-07-21,09:00,3420,3,2,3,5,6,7,9,12,13,17,19
2014-07-21,10:00,3421,10,1,4,6,9,11,15,17,18,19,20
2014-07-21,11:00,3422,15,2,3,5,6,7,9,11,13,14,17
2014-07-21,12:00,3423,13,1,3,4,5,6,7,10,16,18,20
2014-07-21,13:00,3424,3,3,6,7,10,12,13,15,16,18,19
2014-07-21,14:00,3425,10,2,5,6,7,8,12,13,14,17,20
2014-07-21,15:00,3426,18,1,2,3,7,9,11,16,17,19,20
2014-07-21,16:00,3427,16,1,2,5,6,10,12,17,18,19,20
2014-07-21,17:00,3428,2,1,2,3,4,5,8,11,16,18,19
2014-07-21,18:00,3429,20,2,4,9,10,11,14,16,18,19,20
2014-07-21,19:00,3430,2,1,2,3,6,7,9,10,13,17,20
2014-07-21,20:00,3431,13,2,4,5,6,8,9,10,12,13,17
2014-07-21,21:00,3432,1,3,4,5,8,11,14,16,18,19,20
2014-07-21,22:00,3433,5,1,3,5,6,9,11,12,14,17,20
2014-07-21,23:00,3434,14,1,2,5,6,7,11,12,13,14,18
2014-07-22,07:00,3435,3,2,3,4,5,6,9,11,12,13,18
2014-07-22,08:00,3436,18,1,4,8,9,11,14,15,17,18,19
2014-07-22,09:00,3437,4,1,2,5,7,10,11,12,13,14,19
2014-07-22,10:00,3438,15,3,4,6,7,10,11,12,16,18,20
2014-07-22,11:00,3439,18,1,3,4,8,10,11,12,13,14,20
2014-07-22,12:00,3440,14,3,4,5,7,8,11,12,14,17,19
2014-07-22,13:00,3441,7,1,2,6,7,8,9,10,12,13,17
2014-07-22,14:00,3442,9,2,5,10,11,12,14,15,16,18,20
2014-07-22,15:00,3443,1,1,3,4,10,11,13,14,15,17,20
2014-07-22,16:00,3444,18,3,4,5,10,11,12,13,14,17,19
2014-07-22,17:00,3445,16,1,2,7,9,10,15,17,18,19,20
2014-07-22,18:00,3446,11,1,4,6,8,9,14,16,17,18,20
2014-07-22,19:00,3447,6,1,4,5,7,8,9,11,13,17,20
2014-07-22,20:00,3448,1,4,6,7,9,10,11,14,17,18,20
2014-07-22,21:00,3449,2,2,4,6,7,9,10,12,13,14,15
2014-07-22,22:00,3450,2,1,3,6,9,10,11,12,13,16,20
2014-07-22,23:00,3451,9,1,6,7,10,12,13,15,16,18,19
2014-07-23,07:00,3452,9,4,6,8,11,12,13,14,15,16,17
2014-07-23,08:00,3453,9,1,2,3,4,5,9,11,15,16,20
2014-07-23,09:00,3454,12,3,6,9,11,12,13,15,17,19,20
2014-07-23,10:00,3455,19,1,2,3,8,10,13,15,17,19,20
2014-07-23,11:00,3456,16,2,3,4,5,6,8,10,11,13,19
2014-07-23,12:00,3457,16,1,2,3,5,8,13,14,15,18,20
2014-07-23,13:00,3458,11,1,10,11,13,14,15,16,17,18,20
2014-07-23,14:00,3459,15,3,4,5,6,7,8,14,16,18,20
2014-07-23,15:00,3460,17,3,5,11,12,14,16,17,18,19,20
2014-07-23,16:00,3461,13,2,3,4,6,8,11,12,14,15,18
2014-07-23,17:00,3462,13,2,3,4,6,10,14,15,17,19,20
2014-07-23,18:00,3463,13,1,2,3,4,5,10,15,16,17,18
2014-07-23,19:00,3464,1,3,6,7,8,12,14,15,16,19,20
2014-07-23,20:00,3465,4,4,6,8,10,13,14,15,16,17,20
2014-07-23,21:00,3466,1,1,3,4,7,8,10,11,12,13,15
2014-07-23,22:00,3467,5,3,5,6,9,12,13,14,17,18,20
2014-07-23,23:00,3468,8,2,5,6,9,11,13,15,18,19,20
2014-07-24,07:00,3469,16,2,3,4,7,10,13,14,15,16,20
2014-07-24,08:00,3470,16,2,3,4,5,9,10,12,14,19,20
2014-07-24,09:00,3471,15,6,8,9,10,11,12,13,14,19,20
2014-07-24,10:00,3472,16,2,3,4,5,9,10,13,15,17,18
2014-07-24,11:00,3473,13,1,3,5,7,10,12,16,18,19,20
2014-07-24,12:00,3474,11,1,2,3,7,9,11,15,17,19,20
2014-07-24,13:00,3475,20,2,3,4,5,6,8,9,11,17,18
2014-07-24,14:00,3476,17,1,4,5,9,13,14,15,16,17,19
2014-07-24,15:00,3477,19,1,2,5,8,10,11,12,14,15,19
2014-07-24,16:00,3478,8,2,5,6,7,12,14,16,17,18,20
2014-07-24,17:00,3479,8,3,6,10,12,13,14,15,17,19,20
2014-07-24,18:00,3480,15,1,5,7,8,9,12,13,15,18,19
2014-07-24,19:00,3481,7,1,3,5,6,9,11,13,17,18,19
2014-07-24,20:00,3482,7,1,3,7,8,10,14,15,17,18,20
2014-07-24,21:00,3483,1,1,4,6,8,9,10,12,14,15,16
2014-07-24,22:00,3484,15,3,5,8,9,10,12,13,16,17,19
2014-07-24,23:00,3485,18,1,3,5,8,10,11,12,13,15,18
2014-07-25,07:00,3486,5,3,4,5,9,11,13,14,16,18,20
2014-07-25,08:00,3487,6,2,3,4,7,10,11,16,17,18,19
2014-07-25,09:00,3488,7,3,4,6,7,10,12,15,16,17,19
2014-07-25,10:00,3489,17,1,2,8,9,10,11,13,14,17,20
2014-07-25,11:00,3490,2,6,7,8,9,11,12,16,17,18,20
2014-07-25,12:00,3491,3,1,2,9,10,12,15,16,17,18,20
2014-07-25,13:00,3492,9,2,4,7,8,9,12,13,14,19,20
2014-07-25,14:00,3493,10,7,8,11,12,13,14,16,17,18,19
2014-07-25,15:00,3494,20,1,3,5,12,14,16,17,18,19,20
2014-07-25,16:00,3495,4,2,4,6,9,10,11,12,14,17,18
2014-07-25,17:00,3496,10,1,3,6,7,11,13,14,15,17,18
2014-07-25,18:00,3497,17,2,4,5,10,11,12,13,14,16,18
2014-07-25,19:00,3498,5,1,2,3,4,5,6,7,8,9,19
2014-07-25,20:00,3499,11,1,2,3,4,5,7,8,13,14,15
2014-07-25,21:00,3500,5,3,4,7,8,10,11,12,13,16,17
2014-07-25,22:00,3501,18,1,4,6,7,8,9,12,15,16,19
2014-07-25,23:00,3502,10,1,2,3,4,6,8,9,10,17,20
2014-07-26,07:00,3503,7,1,2,5,7,9,10,11,12,13,14
2014-07-26,08:00,3504,13,2,5,8,9,11,15,16,18,19,20
2014-07-26,09:00,3505,13,1,2,8,11,13,14,15,16,17,20
2014-07-26,10:00,3506,10,1,6,7,8,9,10,11,15,19,20
2014-07-26,11:00,3507,9,4,5,7,8,9,13,15,16,17,20
2014-07-26,12:00,3508,15,2,4,6,7,9,11,13,14,16,20
2014-07-26,13:00,3509,12,2,4,6,12,14,15,17,18,19,20
2014-07-26,14:00,3510,13,1,3,4,5,6,7,14,16,18,20
2014-07-26,15:00,3511,2,2,4,5,7,8,9,11,13,14,16
2014-07-26,16:00,3512,20,1,4,5,6,8,10,13,17,18,19
2014-07-26,17:00,3513,20,4,5,6,7,11,13,14,15,17,20
2014-07-26,18:00,3514,15,1,2,5,7,8,12,13,14,18,20
2014-07-26,19:00,3515,11,1,6,7,11,12,14,15,17,18,19
2014-07-26,20:00,3516,4,1,3,5,8,9,11,13,15,17,20
2014-07-26,21:00,3517,20,2,4,5,6,7,9,12,16,18,19
2014-07-26,22:00,3518,6,2,3,4,7,9,12,16,18,19,20
2014-07-26,23:00,3519,15,3,4,5,6,8,9,12,14,19,20
2014-07-27,07:00,3520,20,1,4,6,7,8,11,12,14,18,20
2014-07-27,08:00,3521,5,2,4,5,8,9,12,14,16,17,19
2014-07-27,09:00,3522,14,2,3,4,6,8,9,10,15,16,20
2014-07-27,10:00,3523,18,3,4,5,7,8,9,11,13,14,18
2014-07-27,11:00,3524,10,1,2,4,6,8,10,13,16,18,19
2014-07-27,12:00,3525,20,1,2,6,7,8,9,11,12,13,14
2014-07-27,13:00,3526,16,2,3,4,7,8,9,12,13,14,16
2014-07-27,14:00,3527,6,1,2,3,6,10,15,16,18,19,20
2014-07-27,15:00,3528,8,1,2,3,8,9,12,13,15,16,17
2014-07-27,16:00,3529,20,1,3,4,5,7,10,11,13,15,20
2014-07-27,17:00,3530,13,2,5,8,9,10,11,13,15,16,17
2014-07-27,18:00,3531,18,2,5,8,9,12,13,15,18,19,20
2014-07-27,19:00,3532,18,2,4,6,7,8,10,13,14,16,18
2014-07-27,20:00,3533,11,1,3,6,7,8,9,10,13,16,19
2014-07-27,21:00,3534,11,1,2,3,4,5,9,10,11,17,19
2014-07-27,22:00,3535,12,3,4,5,9,12,14,15,16,18,19
2014-07-27,23:00,3536,7,1,2,3,4,7,9,11,15,17,18
2014-07-28,07:00,3537,4,1,3,4,6,10,14,15,16,17,19
2014-07-28,08:00,3538,20,1,3,4,5,7,10,13,16,19,20
2014-07-28,09:00,3539,13,1,3,4,6,7,13,15,16,17,20
2014-07-28,10:00,3540,15,6,7,9,11,13,15,16,18,19,20
2014-07-28,11:00,3541,7,2,4,5,7,11,12,13,14,16,19
2014-07-28,12:00,3542,10,3,4,5,6,9,11,13,16,17,19
2014-07-28,13:00,3543,14,1,4,7,8,12,14,17,18,19,20
2014-07-28,14:00,3544,13,1,2,4,6,7,9,11,18,19,20
2014-07-28,15:00,3545,17,1,3,6,7,8,15,16,17,18,19
2014-07-28,16:00,3546,10,2,9,10,11,12,15,16,17,18,19
2014-07-28,17:00,3547,4,2,5,9,10,11,14,15,17,18,19
2014-07-28,18:00,3548,13,5,6,10,11,12,13,14,18,19,20
2014-07-28,19:00,3549,17,1,3,9,10,12,14,15,18,19,20
2014-07-28,20:00,3550,11,1,2,3,4,6,12,13,14,15,19
2014-07-28,21:00,3551,20,2,3,4,9,12,13,14,16,17,20
2014-07-28,22:00,3552,5,3,5,6,7,9,10,12,14,15,19
2014-07-28,23:00,3553,15,3,4,5,8,13,14,16,17,18,20
2014-07-29,07:00,3554,8,1,4,5,6,8,9,12,16,17,18
2014-07-29,08:00,3555,4,6,7,9,10,12,13,14,15,17,19
2014-07-29,09:00,3556,16,1,2,5,6,9,15,16,17,18,20
2014-07-29,10:00,3557,17,1,3,4,7,8,9,10,15,17,19
2014-07-29,11:00,3558,7,1,4,6,7,8,9,11,13,17,18
2014-07-29,12:00,3559,10,3,4,8,10,11,13,14,15,17,19
2014-07-29,13:00,3560,5,1,4,7,8,9,11,15,16,18,19
2014-07-29,14:00,3561,2,3,4,6,8,12,14,17,18,19,20
2014-07-29,15:00,3562,10,1,5,6,8,9,12,16,17,18,19
2014-07-29,16:00,3563,12,4,5,6,9,10,12,13,14,19,20
2014-07-29,17:00,3564,5,5,6,7,9,10,11,13,16,18,20
2014-07-29,18:00,3565,4,2,3,4,6,8,12,14,16,18,20
2014-07-29,19:00,3566,19,3,4,5,6,7,8,13,16,17,20
2014-07-29,20:00,3567,1,2,5,6,7,8,9,10,14,15,20
2014-07-29,21:00,3568,12,1,2,3,6,8,13,14,15,16,19
2014-07-29,22:00,3569,12,4,5,9,10,11,12,14,15,17,18
2014-07-29,23:00,3570,19,2,3,5,6,7,11,12,13,15,18
2014-07-30,07:00,3571,2,2,4,5,6,8,11,13,14,15,16
2014-07-30,08:00,3572,11,1,2,4,6,7,8,13,14,18,20
2014-07-30,09:00,3573,14,3,4,7,10,13,15,16,18,19,20
2014-07-30,10:00,3574,4,6,7,8,9,11,13,15,16,18,19
2014-07-30,11:00,3575,4,1,4,6,7,8,10,16,17,18,19
2014-07-30,12:00,3576,18,2,3,5,8,9,11,13,14,16,18
2014-07-30,13:00,3577,19,1,2,3,12,14,15,17,18,19,20
2014-07-30,14:00,3578,18,2,6,7,9,11,12,13,15,18,20
2014-07-30,15:00,3579,11,2,5,6,7,9,10,11,12,16,17
2014-07-30,16:00,3580,5,1,3,4,6,7,8,9,10,12,14
2014-07-30,17:00,3581,1,1,2,4,5,7,10,15,17,18,19
2014-07-30,18:00,3582,6,4,5,7,8,9,14,15,16,19,20
2014-07-30,19:00,3583,3,4,6,8,11,13,15,16,18,19,20
2014-07-30,20:00,3584,12,2,4,7,9,13,14,15,16,18,19
2014-07-30,21:00,3585,9,1,2,4,6,12,14,15,16,19,20
2014-07-30,22:00,3586,16,1,6,8,9,10,11,15,16,18,20
2014-07-30,23:00,3587,2,1,5,8,9,12,13,14,16,19,20
2014-07-31,07:00,3588,2,1,8,9,10,11,12,14,15,16,19
2014-07-31,08:00,3589,5,3,4,6,8,9,10,13,17,19,20
2014-07-31,09:00,3590,2,1,2,4,9,10,12,15,16,17,20
2014-07-31,10:00,3591,14,8,10,11,12,13,15,16,17,19,20
2014-07-31,11:00,3592,5,2,3,4,10,11,13,17,18,19,20
2014-07-31,12:00,3593,10,3,4,5,6,7,8,10,13,17,19
2014-07-31,13:00,3594,6,1,4,10,11,13,15,16,17,18,20
2014-07-31,14:00,3595,9,2,4,5,7,9,10,12,15,17,19
2014-07-31,15:00,3596,8,4,5,6,8,9,10,11,14,19,20
2014-07-31,16:00,3597,20,2,3,6,7,9,11,13,16,17,19
2014-07-31,17:00,3598,4,4,6,9,10,11,13,14,15,18,20
2014-07-31,18:00,3599,18,4,7,8,9,15,16,17,18,19,20
2014-07-31,19:00,3600,15,1,3,4,5,6,9,10,16,18,20
2014-07-31,20:00,3601,20,2,3,4,7,9,10,11,13,14,16
2014-07-31,21:00,3602,3,1,3,5,7,10,12,13,14,17,20
2014-07-31,22:00,3603,14,3,5,6,7,8,11,12,16,18,20
2014-07-31,23:00,3604,3,2,4,5,6,7,8,10,13,15,19
2014-08-01,07:00,3605,20,1,2,3,6,7,9,12,16,17,20
2014-08-01,08:00,3606,13,1,2,6,7,8,13,14,15,17,20
2014-08-01,09:00,3607,17,3,4,6,9,11,12,14,15,16,20
2014-08-01,10:00,3608,12,1,4,9,11,14,15,16,17,18,19
2014-08-01,11:00,3609,12,1,2,4,5,6,7,9,12,14,16
2014-08-01,12:00,3610,2,1,2,3,11,12,13,15,16,17,18
2014-08-01,13:00,3611,9,1,3,6,10,11,12,13,17,18,19
2014-08-01,14:00,3612,6,2,3,5,6,8,9,11,12,15,18
2014-08-01,15:00,3613,10,1,3,5,6,7,10,12,13,15,17
2014-08-01,16:00,3614,2,1,2,3,7,9,13,15,17,18,19
2014-08-01,17:00,3615,3,1,2,3,9,11,12,14,15,17,19
2014-08-01,18:00,3616,4,3,4,5,6,7,8,9,13,14,17
2014-08-01,19:00,3617,10,1,3,6,8,9,10,12,14,18,19
2014-08-01,20:00,3618,3,1,3,4,5,8,9,11,16,18,19
2014-08-01,21:00,3619,7,2,5,8,9,11,12,16,17,19,20
2014-08-01,22:00,3620,4,2,3,4,8,9,10,12,17,19,20
2014-08-01,23:00,3621,15,4,5,11,12,13,14,17,18,19,20
2014-08-02,07:00,3622,18,1,2,4,5,6,12,15,16,17,18
2014-08-02,08:00,3623,4,1,2,5,6,8,9,10,12,14,18
2014-08-02,09:00,3624,13,2,5,8,9,12,14,15,16,18,20
2014-08-02,10:00,3625,13,3,4,6,7,9,11,12,13,17,19
2014-08-02,11:00,3626,3,2,4,5,6,7,11,14,17,18,20
2014-08-02,12:00,3627,5,4,6,7,8,9,10,11,12,16,18
2014-08-02,13:00,3628,18,1,2,3,4,6,10,12,14,18,19
2014-08-02,14:00,3629,14,3,4,5,7,11,13,14,15,16,19
2014-08-02,15:00,3630,17,1,5,7,9,10,11,16,17,18,20
2014-08-02,16:00,3631,3,2,3,4,8,11,13,14,16,18,19
2014-08-02,17:00,3632,16,3,4,10,13,14,16,17,18,19,20
2014-08-02,18:00,3633,20,9,10,12,13,14,15,16,17,18,20
2014-08-02,19:00,3634,7,1,3,4,5,11,13,16,18,19,20
2014-08-02,20:00,3635,5,1,2,3,7,8,9,11,12,15,18
2014-08-02,21:00,3636,9,1,3,5,6,8,11,15,16,18,19
2014-08-02,22:00,3637,17,1,3,4,8,11,13,15,17,18,19
2014-08-02,23:00,3638,14,2,3,5,7,8,11,12,13,16,18
2014-08-03,07:00,3639,5,1,6,7,8,11,13,14,15,16,18
2014-08-03,08:00,3640,17,1,3,7,8,10,11,14,15,16,18
2014-08-03,09:00,3641,16,2,3,7,8,10,11,13,16,17,18
2014-08-03,10:00,3642,11,2,3,4,6,10,14,15,17,18,19
2014-08-03,11:00,3643,20,2,4,6,7,9,10,12,14,16,20
2014-08-03,12:00,3644,8,1,5,7,9,12,13,15,16,18,20
2014-08-03,13:00,3645,4,1,3,4,6,7,8,10,13,14,19
2014-08-03,14:00,3646,19,2,3,4,6,9,10,14,15,16,18
2014-08-03,15:00,3647,3,4,7,8,9,11,12,13,14,16,18
2014-08-03,16:00,3648,20,1,2,3,4,5,6,9,14,18,20
2014-08-03,17:00,3649,6,3,4,5,7,8,9,15,16,18,19
2014-08-03,18:00,3650,19,4,6,8,10,11,12,13,16,18,20
2014-08-03,19:00,3651,1,2,5,6,7,8,9,10,17,18,20
2014-08-03,20:00,3652,8,3,6,8,9,12,13,16,18,19,20
2014-08-03,21:00,3653,7,1,2,3,7,8,9,10,11,14,15
2014-08-03,22:00,3654,20,1,3,4,10,11,13,14,16,17,20
2014-08-03,23:00,3655,3,3,8,9,10,12,13,16,17,18,19
2014-08-04,07:00,3656,3,2,6,7,9,11,13,14,17,19,20
2014-08-04,08:00,3657,16,2,3,4,5,9,10,11,14,16,20
2014-08-04,09:00,3658,5,4,5,6,9,10,11,13,14,18,19
2014-08-04,10:00,3659,2,2,4,6,7,10,12,15,16,18,20
2014-08-04,11:00,3660,9,1,4,6,7,10,14,15,16,19,20
2014-08-04,12:00,3661,17,1,2,7,13,14,16,17,18,19,20
2014-08-04,13:00,3662,6,1,7,9,10,12,16,17,18,19,20
2014-08-04,14:00,3663,17,3,5,7,10,15,16,17,18,19,20
2014-08-04,15:00,3664,3,1,4,6,7,9,10,11,17,18,20
2014-08-04,16:00,3665,18,1,2,3,5,7,8,14,18,19,20
2014-08-04,17:00,3666,2,3,5,6,9,12,13,14,15,19,20
2014-08-04,18:00,3667,9,2,3,5,7,9,10,11,14,16,18
2014-08-04,19:00,3668,2,1,4,5,6,8,10,13,15,17,20
2014-08-04,20:00,3669,16,4,6,7,10,12,15,16,17,18,20
2014-08-04,21:00,3670,17,3,6,7,12,13,14,15,17,18,19
2014-08-04,22:00,3671,4,3,4,6,8,13,14,15,17,18,20
2014-08-04,23:00,3672,16,1,3,4,5,8,9,10,12,14,15
2014-08-05,07:00,3673,11,4,9,11,12,13,15,16,17,19,20
2014-08-05,08:00,3674,15,1,3,6,9,11,13,14,15,17,20
2014-08-05,09:00,3675,1,1,4,6,9,11,12,15,17,18,20
2014-08-05,10:00,3676,10,2,3,4,7,10,11,12,14,16,20
2014-08-05,11:00,3677,5,1,2,6,8,9,13,14,17,18,19
2014-08-05,12:00,3678,3,4,6,7,9,10,11,13,14,17,20
2014-08-05,13:00,3679,10,2,3,5,6,7,12,15,17,18,19
2014-08-05,14:00,3680,14,1,3,8,9,11,12,13,18,19,20
2014-08-05,15:00,3681,14,1,3,4,5,6,10,11,15,17,19
2014-08-05,16:00,3682,18,1,4,7,10,11,13,14,17,18,20
2014-08-05,17:00,3683,5,4,5,7,9,11,12,13,14,15,16
2014-08-05,18:00,3684,17,3,4,5,8,11,12,14,17,19,20
2014-08-05,19:00,3685,2,2,4,8,9,10,12,15,18,19,20
2014-08-05,20:00,3686,6,3,7,8,10,11,12,15,17,18,19
2014-08-05,21:00,3687,16,1,2,4,5,7,9,11,13,14,16
2014-08-05,22:00,3688,7,1,2,4,5,9,11,12,15,17,20
2014-08-05,23:00,3689,19,1,2,4,6,8,11,13,15,16,17
2014-08-06,07:00,3690,7,2,3,4,9,10,14,15,16,17,20
2014-08-06,08:00,3691,9,1,3,5,6,7,10,11,15,18,19
2014-08-06,09:00,3692,12,2,3,5,9,10,11,13,16,17,18
2014-08-06,10:00,3693,16,2,3,4,10,12,13,15,18,19,20
2014-08-06,11:00,3694,20,1,2,4,5,6,8,9,11,12,16
2014-08-06,12:00,3695,3,1,2,3,4,5,8,13,15,18,19
2014-08-06,13:00,3696,17,2,3,7,9,10,14,15,16,18,20
2014-08-06,14:00,3697,3,2,3,4,6,8,9,12,13,17,18
2014-08-06,15:00,3698,6,2,4,5,6,8,10,15,17,19,20
2014-08-06,16:00,3699,14,2,5,6,7,8,9,10,13,17,19
2014-08-06,17:00,3700,5,4,5,6,7,11,12,13,14,17,18
2014-08-06,18:00,3701,13,1,2,3,4,5,6,9,10,16,19
2014-08-06,19:00,3702,10,1,3,7,9,11,12,13,14,18,19
2014-08-06,20:00,3703,1,3,4,5,7,9,11,12,13,14,16
2014-08-06,21:00,3704,12,1,2,3,6,9,10,11,12,13,20
2014-08-06,22:00,3705,15,1,2,3,4,10,12,13,14,16,20
2014-08-06,23:00,3706,6,5,7,8,10,14,15,16,17,18,19
2014-08-07,07:00,3707,6,1,3,6,7,8,10,13,14,19,20
2014-08-07,08:00,3708,11,2,3,8,9,10,13,15,16,18,19
2014-08-07,09:00,3709,10,5,6,7,8,12,14,15,17,18,19
2014-08-07,10:00,3710,5,1,2,3,4,10,12,13,14,16,17
2014-08-07,11:00,3711,14,5,6,7,9,10,11,12,13,16,17
2014-08-07,12:00,3712,9,1,3,6,11,13,14,15,17,19,20
2014-08-07,13:00,3713,10,3,5,7,8,9,10,11,18,19,20
2014-08-07,14:00,3714,7,1,2,4,8,9,10,12,15,17,19
2014-08-07,15:00,3715,5,1,2,9,10,11,12,15,16,17,19
2014-08-07,16:00,3716,2,4,5,6,7,8,9,10,12,14,19
2014-08-07,17:00,3717,10,1,4,6,7,10,12,15,16,17,20
2014-08-07,18:00,3718,5,1,2,3,6,10,11,12,14,15,17
2014-08-07,19:00,3719,10,2,4,6,7,8,10,13,14,16,19
2014-08-07,20:00,3720,16,1,4,5,10,11,12,14,15,16,17
2014-08-07,21:00,3721,6,3,7,8,9,10,11,13,15,16,19
2014-08-07,22:00,3722,8,2,5,7,8,9,13,15,17,18,20
2014-08-07,23:00,3723,20,1,2,3,4,5,7,8,9,12,17
2014-08-08,07:00,3724,13,1,2,3,5,10,11,12,14,15,17
2014-08-08,08:00,3725,3,2,3,7,8,10,12,14,15,17,19
2014-08-08,09:00,3726,5,3,4,7,10,11,12,13,18,19,20
2014-08-08,10:00,3727,17,1,2,7,9,10,12,13,14,15,19
2014-08-08,11:00,3728,18,1,4,6,8,10,11,14,17,18,20
2014-08-08,12:00,3729,12,1,3,5,7,9,11,13,14,15,18
2014-08-08,13:00,3730,16,1,4,5,6,10,11,12,13,14,19
2014-08-08,14:00,3731,1,1,3,5,6,9,13,14,15,17,20
2014-08-08,15:00,3732,18,6,7,8,10,11,13,14,17,18,20
2014-08-08,16:00,3733,16,2,4,5,9,10,11,13,14,18,19
2014-08-08,17:00,3734,20,1,3,5,7,8,9,10,14,15,17
2014-08-08,18:00,3735,15,2,3,6,7,8,10,13,14,19,20
2014-08-08,19:00,3736,5,3,4,7,8,9,12,13,16,18,19
2014-08-08,20:00,3737,8,3,4,5,7,8,9,10,11,17,19
2014-08-08,21:00,3738,17,1,4,5,9,10,13,16,18,19,20
2014-08-08,22:00,3739,10,1,3,4,6,7,8,10,12,16,19
2014-08-08,23:00,3740,10,2,3,4,9,10,11,12,13,16,17
2014-08-09,07:00,3741,18,5,8,9,10,11,12,13,15,16,20
2014-08-09,08:00,3742,20,1,2,3,4,7,11,15,17,18,19
2014-08-09,09:00,3743,7,1,3,4,7,8,9,12,15,17,20
2014-08-09,10:00,3744,5,2,3,8,9,11,12,14,15,16,20
2014-08-09,11:00,3745,2,3,4,6,7,8,10,14,15,16,19
2014-08-09,12:00,3746,8,2,3,5,6,9,10,12,14,17,18
2014-08-09,13:00,3747,13,1,4,6,8,9,11,15,16,18,20
2014-08-09,14:00,3748,19,3,4,7,9,10,12,13,14,16,19
2014-08-09,15:00,3749,18,2,3,5,6,9,10,12,14,15,17
2014-08-09,16:00,3750,14,1,2,4,7,10,13,14,15,18,20
2014-08-09,17:00,3751,5,1,2,6,8,10,11,12,13,15,17
2014-08-09,18:00,3752,18,1,2,3,7,10,11,12,13,14,18
2014-08-09,19:00,3753,18,6,9,12,13,14,16,17,18,19,20
2014-08-09,20:00,3754,20,2,4,7,10,12,13,14,16,19,20
2014-08-09,21:00,3755,11,1,2,4,5,7,8,9,10,11,12
2014-08-09,22:00,3756,19,3,4,5,6,7,8,15,17,18,20
2014-08-09,23:00,3757,17,3,5,7,8,9,11,13,14,18,19
2014-08-10,07:00,3758,4,1,2,5,6,9,11,14,17,18,19
2014-08-10,08:00,3759,2,2,4,5,7,9,12,13,14,16,18
2014-08-10,09:00,3760,6,3,4,6,7,8,9,11,16,17,18
2014-08-10,10:00,3761,15,9,10,11,12,13,14,15,16,18,20
2014-08-10,11:00,3762,16,2,4,7,8,10,11,13,14,19,20
2014-08-10,12:00,3763,9,4,5,6,7,13,14,17,18,19,20
2014-08-10,13:00,3764,8,1,2,5,6,7,14,15,16,18,19
2014-08-10,14:00,3765,1,4,5,6,10,12,13,16,17,18,19
2014-08-10,15:00,3766,19,1,3,4,5,6,11,14,15,16,20
2014-08-10,16:00,3767,12,7,11,12,13,14,15,17,18,19,20
2014-08-10,17:00,3768,20,7,8,9,11,12,13,15,17,18,19
2014-08-10,18:00,3769,17,2,5,7,8,9,11,13,16,17,20
2014-08-10,19:00,3770,7,1,2,4,5,12,14,15,16,17,20
2014-08-10,20:00,3771,19,1,3,5,6,8,11,12,14,15,17
2014-08-10,21:00,3772,2,1,4,7,8,9,12,14,16,18,19
2014-08-10,22:00,3773,1,4,5,6,9,10,13,14,17,18,20
2014-08-10,23:00,3774,15,1,2,5,6,9,10,12,14,15,17
2014-08-11,07:00,3775,2,2,8,9,12,13,14,15,17,19,20
2014-08-11,08:00,3776,16,2,3,7,8,9,11,16,17,18,19
2014-08-11,09:00,3777,7,1,4,7,8,9,11,12,13,18,20
2014-08-11,10:00,3778,19,1,3,7,9,10,12,14,16,17,20
2014-08-11,11:00,3779,15,1,2,4,8,10,13,17,18,19,20
2014-08-11,12:00,3780,14,2,3,7,9,11,14,15,16,19,20
2014-08-11,13:00,3781,18,1,2,6,9,11,15,16,17,18,20
2014-08-11,14:00,3782,5,2,3,4,5,9,14,15,17,18,19
2014-08-11,15:00,3783,12,1,2,3,7,9,11,13,15,16,20
2014-08-11,16:00,3784,14,5,8,9,10,12,14,15,18,19,20
2014-08-11,17:00,3785,12,2,3,4,10,12,13,14,16,17,18
2014-08-11,18:00,3786,16,1,2,3,7,9,12,13,15,16,19
2014-08-11,19:00,3787,4,1,2,4,5,6,8,9,13,18,19
2014-08-11,20:00,3788,18,2,4,6,7,12,13,14,16,19,20
2014-08-11,21:00,3789,19,1,3,5,6,9,12,16,18,19,20
2014-08-11,22:00,3790,3,2,3,5,6,7,13,15,16,17,19
2014-08-11,23:00,3791,14,2,4,5,7,10,11,13,15,17,19
2014-08-12,07:00,3792,12,1,2,3,8,10,11,16,18,19,20
2014-08-12,08:00,3793,2,2,5,6,7,10,11,13,16,19,20
2014-08-12,09:00,3794,13,2,3,4,5,6,8,11,12,14,18
2014-08-12,10:00,3795,12,1,3,4,5,6,7,10,11,13,17
2014-08-12,11:00,3796,9,2,4,6,7,10,13,14,15,16,17
2014-08-12,12:00,3797,7,2,4,5,8,12,13,14,16,17,18
2014-08-12,13:00,3798,17,2,4,5,6,8,9,10,15,17,20
2014-08-12,14:00,3799,19,4,5,8,9,11,13,14,15,16,19
2014-08-12,15:00,3800,19,2,3,4,7,10,11,13,16,18,19
2014-08-12,16:00,3801,16,1,5,7,10,12,13,14,16,19,20
2014-08-12,17:00,3802,13,1,3,4,6,7,8,11,13,16,18
2014-08-12,18:00,3803,8,1,4,6,7,12,13,15,18,19,20
2014-08-12,19:00,3804,18,3,4,6,7,13,15,17,18,19,20
2014-08-12,20:00,3805,16,2,3,5,8,11,13,14,16,17,18
2014-08-12,21:00,3806,19,3,5,6,7,11,12,15,17,19,20
2014-08-12,22:00,3807,3,3,5,7,11,12,13,14,16,18,19
2014-08-12,23:00,3808,15,2,3,6,7,9,10,11,14,15,16
2014-08-13,07:00,3809,18,7,8,11,12,13,15,16,18,19,20
2014-08-13,08:00,3810,15,3,5,7,9,10,11,13,14,15,20
2014-08-13,09:00,3811,2,2,3,5,6,9,13,15,17,18,20
2014-08-13,10:00,3812,15,1,2,6,8,10,12,13,15,19,20
2014-08-13,11:00,3813,5,3,4,6,7,8,10,14,15,16,20
2014-08-13,12:00,3814,15,1,3,4,5,6,8,9,11,14,20
2014-08-13,13:00,3815,8,2,4,6,8,14,16,17,18,19,20
2014-08-13,14:00,3816,2,1,3,4,6,7,10,13,14,15,16
2014-08-13,15:00,3817,16,1,2,3,4,10,11,12,16,17,20
2014-08-13,16:00,3818,11,1,4,5,7,8,10,11,13,17,19
2014-08-13,17:00,3819,7,3,5,7,8,9,10,11,16,17,18
2014-08-13,18:00,3820,16,1,2,3,4,6,9,10,12,13,15
2014-08-13,19:00,3821,9,1,2,3,7,8,9,12,18,19,20
2014-08-13,20:00,3822,15,1,3,4,7,8,10,11,16,17,20
2014-08-13,21:00,3823,18,2,5,7,9,11,14,17,18,19,20
2014-08-13,22:00,3824,20,3,5,7,8,12,16,17,18,19,20
2014-08-13,23:00,3825,18,1,2,3,6,7,9,11,13,15,20
2014-08-14,07:00,3826,9,1,4,7,12,14,15,16,17,18,20
2014-08-14,08:00,3827,2,2,3,6,7,8,9,10,12,15,16
2014-08-14,09:00,3828,11,4,5,8,9,12,13,14,17,18,20
2014-08-14,10:00,3829,4,2,7,8,9,11,12,14,15,17,20
2014-08-14,11:00,3830,17,3,7,8,11,13,14,16,17,18,20
2014-08-14,12:00,3831,4,2,3,4,7,9,11,13,17,18,20
2014-08-14,13:00,3832,9,1,7,9,10,12,13,14,17,18,19
2014-08-14,14:00,3833,10,1,2,3,6,7,8,10,13,18,19
2014-08-14,15:00,3834,1,2,3,5,7,9,11,14,15,16,20
2014-08-14,16:00,3835,5,3,4,7,10,11,14,15,16,18,20
2014-08-14,17:00,3836,2,5,8,10,12,13,16,17,18,19,20
2014-08-14,18:00,3837,5,2,3,5,7,10,11,12,13,18,20
2014-08-14,19:00,3838,17,1,2,3,4,6,11,14,16,17,18
2014-08-14,20:00,3839,18,1,2,4,6,9,10,11,13,17,19
2014-08-14,21:00,3840,6,3,5,8,9,10,11,12,13,17,20
2014-08-14,22:00,3841,1,1,2,3,4,6,7,15,16,18,20
2014-08-14,23:00,3842,9,1,2,4,6,7,10,12,13,14,18
2014-08-15,07:00,3843,14,1,2,4,6,7,8,9,12,13,18
2014-08-15,08:00,3844,2,2,7,8,9,10,11,14,15,16,19
2014-08-15,09:00,3845,11,1,3,7,9,12,13,16,18,19,20
2014-08-15,10:00,3846,7,2,3,4,7,9,12,14,16,18,20
2014-08-15,11:00,3847,5,1,2,3,4,6,9,11,15,17,20
2014-08-15,12:00,3848,11,2,4,5,6,8,9,13,15,16,17
2014-08-15,13:00,3849,12,1,3,4,8,9,13,16,17,19,20
2014-08-15,14:00,3850,19,1,2,4,7,8,11,12,15,19,20
2014-08-15,15:00,3851,7,1,2,3,5,9,10,11,15,16,20
2014-08-15,16:00,3852,20,2,3,5,7,11,12,14,15,17,20
2014-08-15,17:00,3853,7,1,4,6,8,9,11,12,13,17,18
2014-08-15,18:00,3854,7,1,2,3,4,5,9,10,11,17,18
2014-08-15,19:00,3855,1,3,5,6,9,10,11,12,13,17,18
2014-08-15,20:00,3856,16,1,2,6,7,8,9,12,15,16,19
2014-08-15,21:00,3857,5,1,4,9,10,11,13,14,17,19,20
2014-08-15,22:00,3858,17,1,2,3,4,5,7,11,12,17,20
2014-08-15,23:00,3859,15,1,2,9,11,13,14,16,18,19,20
2014-08-16,07:00,3860,15,9,12,13,14,15,16,17,18,19,20
2014-08-16,08:00,3861,10,1,5,6,10,13,14,15,18,19,20
2014-08-16,09:00,3862,2,6,7,10,11,12,13,15,17,19,20
2014-08-16,10:00,3863,2,1,3,4,5,8,9,11,18,19,20
2014-08-16,11:00,3864,9,1,2,3,5,6,8,13,14,16,19
2014-08-16,12:00,3865,12,2,3,4,5,8,10,11,16,18,20
2014-08-16,13:00,3866,19,3,4,5,7,8,9,10,11,14,19
2014-08-16,14:00,3867,20,1,4,6,7,8,10,14,15,16,17
2014-08-16,15:00,3868,6,1,2,7,8,11,12,13,14,17,20
2014-08-16,16:00,3869,4,1,2,5,7,8,10,11,13,18,20
2014-08-16,17:00,3870,11,2,3,5,8,9,10,12,15,18,19
2014-08-16,18:00,3871,6,1,6,7,10,11,13,15,17,18,19
2014-08-16,19:00,3872,2,5,6,9,10,11,13,16,18,19,20
2014-08-16,20:00,3873,10,2,3,5,6,7,10,13,15,16,17
2014-08-16,21:00,3874,5,3,4,5,7,10,11,13,14,15,20
2014-08-16,22:00,3875,3,2,3,5,6,10,14,15,17,18,20
2014-08-16,23:00,3876,5,1,6,7,8,10,11,12,15,16,19
2014-08-17,07:00,3877,19,1,5,7,9,12,13,15,16,17,20
2014-08-17,08:00,3878,13,1,3,5,6,13,14,15,16,19,20
2014-08-17,09:00,3879,2,2,5,6,9,11,12,15,17,18,20
2014-08-17,10:00,3880,16,1,3,8,11,12,13,14,15,16,18
2014-08-17,11:00,3881,4,2,5,7,8,10,11,12,14,15,17
2014-08-17,12:00,3882,15,1,4,5,7,8,10,11,15,17,20
2014-08-17,13:00,3883,17,1,2,5,6,7,9,10,12,14,15
2014-08-17,14:00,3884,7,1,2,4,5,6,9,12,13,15,17
2014-08-17,15:00,3885,4,2,4,5,10,13,15,16,18,19,20
2014-08-17,16:00,3886,10,1,2,3,5,6,13,14,15,19,20
2014-08-17,17:00,3887,1,1,3,6,9,10,12,14,17,18,20
2014-08-17,18:00,3888,1,2,3,4,5,7,8,15,16,19,20
2014-08-17,19:00,3889,18,1,3,5,7,11,13,16,18,19,20
2014-08-17,20:00,3890,13,3,4,5,10,11,13,14,15,16,18
2014-08-17,21:00,3891,11,1,6,7,8,11,12,13,15,16,19
2014-08-17,22:00,3892,12,1,2,7,8,11,12,13,14,16,17
2014-08-17,23:00,3893,5,3,4,5,9,10,13,14,15,16,19
2014-08-18,07:00,3894,4,3,5,8,9,11,16,17,18,19,20
2014-08-18,08:00,3895,4,3,4,7,11,13,14,15,16,17,18
2014-08-18,09:00,3896,7,4,7,9,10,11,12,13,15,17,18
2014-08-18,10:00,3897,19,4,5,6,8,9,13,14,15,17,18
2014-08-18,11:00,3898,1,1,2,4,8,9,10,11,13,15,20
2014-08-18,12:00,3899,5,2,3,5,7,8,10,13,15,16,19
2014-08-18,13:00,3900,3,2,4,5,9,10,13,14,18,19,20
2014-08-18,14:00,3901,3,2,5,6,7,8,10,11,12,17,18
2014-08-18,15:00,3902,10,1,4,6,8,9,10,11,13,17,19
2014-08-18,16:00,3903,5,1,3,5,6,8,11,12,13,14,15
2014-08-18,17:00,3904,15,2,4,5,6,8,9,11,14,15,20
2014-08-18,18:00,3905,11,1,2,3,6,7,10,12,13,18,19
2014-08-18,19:00,3906,2,1,2,9,10,11,14,17,18,19,20
2014-08-18,20:00,3907,10,2,5,7,9,10,11,12,14,15,19
2014-08-18,21:00,3908,5,1,2,3,7,9,10,16,18,19,20
2014-08-18,22:00,3909,1,1,5,6,7,13,14,15,16,18,19
2014-08-18,23:00,3910,10,1,2,3,7,9,10,13,16,17,19
2014-08-19,07:00,3911,2,1,5,7,8,12,13,14,16,17,20
2014-08-19,08:00,3912,19,3,4,5,6,7,8,12,14,16,20
2014-08-19,09:00,3913,20,3,4,5,6,9,12,15,16,18,20
2014-08-19,10:00,3914,5,3,4,6,12,13,14,15,16,17,18
2014-08-19,11:00,3915,3,1,5,8,9,13,14,16,17,18,20
2014-08-19,12:00,3916,6,1,2,5,7,8,11,13,14,18,20
2014-08-19,13:00,3917,1,1,3,5,6,10,11,12,14,15,18
2014-08-19,14:00,3918,3,1,4,5,7,8,9,13,14,19,20
2014-08-19,15:00,3919,12,4,6,7,8,9,10,11,13,14,15
2014-08-19,16:00,3920,19,4,5,6,9,11,12,14,15,16,20
2014-08-19,17:00,3921,20,5,6,10,11,12,13,14,15,16,19
2014-08-19,18:00,3922,5,1,4,7,9,11,13,14,16,17,20
2014-08-19,19:00,3923,17,2,3,5,6,7,11,16,17,19,20
2014-08-19,20:00,3924,9,5,6,7,10,11,13,15,16,17,19
2014-08-19,21:00,3925,10,2,3,4,6,7,10,12,15,17,18
2014-08-19,22:00,3926,6,1,2,3,4,10,12,13,15,16,18
2014-08-19,23:00,3927,6,3,6,7,8,9,11,13,16,17,19
2014-08-20,07:00,3928,14,2,6,7,8,10,11,12,15,17,19
2014-08-20,08:00,3929,16,1,3,9,10,11,13,15,16,17,19
2014-08-20,09:00,3930,9,1,2,5,6,9,11,13,15,16,18
2014-08-20,10:00,3931,2,1,2,6,7,8,9,10,11,17,18
2014-08-20,11:00,3932,11,2,3,5,9,10,11,12,15,18,20
2014-08-20,12:00,3933,8,1,3,5,6,8,9,13,14,15,19
2014-08-20,13:00,3934,8,1,2,6,7,9,10,11,14,15,17
2014-08-20,14:00,3935,2,1,2,4,5,6,10,12,16,17,19
2014-08-20,15:00,3936,7,1,2,4,5,6,8,12,16,17,19
2014-08-20,16:00,3937,6,3,4,6,9,10,11,12,13,14,19
2014-08-20,17:00,3938,17,1,2,3,4,7,9,11,14,18,20
2014-08-20,18:00,3939,18,1,6,9,10,11,14,16,17,18,20
2014-08-20,19:00,3940,1,2,6,8,9,10,14,15,17,18,20
2014-08-20,20:00,3941,2,2,3,6,8,10,12,13,14,19,20
2014-08-20,21:00,3942,5,2,5,7,8,10,12,13,14,17,19
2014-08-20,22:00,3943,11,1,3,4,5,8,9,11,13,19,20
2014-08-20,23:00,3944,9,4,5,8,9,14,15,16,17,18,20
2014-08-21,07:00,3945,17,1,3,4,6,10,11,13,15,16,18
2014-08-21,08:00,3946,1,1,4,8,9,12,14,16,17,18,19
2014-08-21,09:00,3947,11,1,3,4,6,8,9,10,11,15,17
2014-08-21,10:00,3948,15,2,4,6,7,10,13,16,17,18,20
2014-08-21,11:00,3949,3,1,2,6,7,8,10,15,18,19,20
2014-08-21,12:00,3950,11,3,4,6,8,9,10,11,14,15,17
2014-08-21,13:00,3951,10,2,3,4,9,10,11,12,14,16,18
2014-08-21,14:00,3952,11,2,4,5,6,7,11,14,15,19,20
2014-08-21,15:00,3953,7,1,3,5,6,8,9,11,12,15,17
2014-08-21,16:00,3954,11,2,4,5,6,7,11,13,15,16,20
2014-08-21,17:00,3955,8,1,2,4,7,8,13,15,16,18,19
2014-08-21,18:00,3956,18,1,2,3,4,5,10,11,12,14,17
2014-08-21,19:00,3957,17,1,2,8,9,11,12,14,15,16,20
2014-08-21,20:00,3958,16,3,5,11,12,13,15,16,17,18,20
2014-08-21,21:00,3959,10,1,2,3,6,8,11,13,16,17,18
2014-08-21,22:00,3960,9,1,3,9,12,13,14,15,16,17,18
2014-08-21,23:00,3961,10,4,5,7,10,12,13,15,17,18,20
2014-08-22,07:00,3962,14,1,4,7,10,11,13,14,17,19,20
2014-08-22,08:00,3963,13,2,3,4,5,8,9,12,16,18,20
2014-08-22,09:00,3964,13,3,4,6,9,10,11,12,15,17,19
2014-08-22,10:00,3965,4,2,4,6,7,8,9,12,15,18,20
2014-08-22,11:00,3966,16,2,6,7,9,10,12,13,14,18,20
2014-08-22,12:00,3967,15,1,2,4,6,8,10,11,13,19,20
2014-08-22,13:00,3968,8,1,2,3,5,12,13,14,16,17,18
2014-08-22,14:00,3969,9,2,4,7,8,9,10,11,13,15,18
2014-08-22,15:00,3970,5,3,5,6,12,13,14,16,18,19,20
2014-08-22,16:00,3971,5,1,3,5,9,10,12,13,14,17,19
2014-08-22,17:00,3972,19,1,2,4,8,11,13,14,16,18,19
2014-08-22,18:00,3973,2,1,7,8,10,12,13,14,18,19,20
2014-08-22,19:00,3974,3,1,2,4,5,6,10,11,12,15,17
2014-08-22,20:00,3975,8,2,5,7,10,12,15,16,17,18,20
2014-08-22,21:00,3976,4,1,2,4,5,8,9,12,14,19,20
2014-08-22,22:00,3977,9,1,3,7,8,10,13,15,16,18,19
2014-08-22,23:00,3978,17,3,4,6,7,9,10,11,14,15,20
2014-08-23,07:00,3979,4,1,4,8,10,11,15,17,18,19,20
2014-08-23,08:00,3980,16,1,5,8,9,12,13,14,18,19,20
2014-08-23,09:00,3981,4,1,3,8,9,11,14,15,16,17,20
2014-08-23,10:00,3982,19,1,2,4,7,9,10,11,14,15,16
2014-08-23,11:00,3983,16,1,3,4,9,10,11,13,17,19,20
2014-08-23,12:00,3984,13,1,4,6,8,10,11,14,15,17,18
2014-08-23,13:00,3985,15,1,5,6,8,11,12,14,15,16,17
2014-08-23,14:00,3986,9,1,3,5,7,9,12,13,16,19,20
2014-08-23,15:00,3987,14,3,4,6,7,9,11,13,15,16,19
2014-08-23,16:00,3988,13,1,3,4,7,8,10,13,15,16,20
2014-08-23,17:00,3989,5,1,3,5,7,8,10,12,15,16,17
2014-08-23,18:00,3990,5,2,4,5,7,11,14,15,16,17,19
2014-08-23,19:00,3991,12,2,3,4,6,7,9,10,11,15,19
2014-08-23,20:00,3992,7,1,2,4,5,6,11,12,17,18,20
2014-08-23,21:00,3993,4,1,4,8,9,10,11,13,14,16,20
2014-08-23,22:00,3994,5,2,5,6,7,8,9,13,14,15,20
2014-08-23,23:00,3995,19,1,5,6,7,8,9,11,12,15,18
2014-08-24,07:00,3996,13,1,3,6,7,9,10,15,17,18,20
2014-08-24,08:00,3997,14,2,3,4,5,6,8,12,13,17,19
2014-08-24,09:00,3998,2,2,3,5,6,9,12,13,14,16,17
2014-08-24,10:00,3999,18,2,3,4,7,10,12,14,15,16,20
2014-08-24,11:00,4000,20,3,4,7,8,10,11,15,16,17,20
2014-08-24,12:00,4001,1,2,3,7,11,12,13,15,16,18,20
2014-08-24,13:00,4002,12,2,3,5,9,10,12,14,15,17,20
2014-08-24,14:00,4003,6,2,3,4,12,13,14,16,17,19,20
2014-08-24,15:00,4004,11,5,8,10,11,12,14,15,16,17,18
2014-08-24,16:00,4005,3,1,3,4,6,7,8,9,10,12,16
2014-08-24,17:00,4006,10,2,3,7,12,13,14,15,17,18,19
2014-08-24,18:00,4007,17,1,2,3,4,6,7,9,10,11,20
2014-08-24,19:00,4008,6,1,2,4,7,9,10,11,13,17,20
2014-08-24,20:00,4009,2,1,2,4,7,8,9,10,12,14,16
2014-08-24,21:00,4010,1,4,5,6,7,8,11,12,13,16,17
2014-08-24,22:00,4011,3,4,6,8,9,11,13,15,16,17,18
2014-08-24,23:00,4012,4,5,9,10,11,12,13,14,16,17,20
2014-08-25,07:00,4013,20,1,2,3,8,10,15,16,17,19,20
2014-08-25,08:00,4014,2,1,2,4,5,9,10,13,14,15,20
2014-08-25,09:00,4015,1,1,2,6,7,8,11,13,14,15,18
2014-08-25,10:00,4016,17,2,4,6,7,10,13,14,16,18,20
2014-08-25,11:00,4017,4,2,3,4,8,11,12,13,14,17,18
2014-08-25,12:00,4018,14,2,3,5,6,9,10,11,12,17,19
2014-08-25,13:00,4019,6,2,4,7,10,11,12,15,16,19,20
2014-08-25,14:00,4020,1,1,2,4,5,8,9,11,13,17,20
2014-08-25,15:00,4021,1,1,2,4,7,8,9,12,13,16,20
2014-08-25,16:00,4022,13,1,2,3,6,11,13,15,16,19,20
2014-08-25,17:00,4023,19,1,4,5,6,7,9,11,15,18,19
2014-08-25,18:00,4024,2,1,3,4,6,7,8,10,13,16,17
2014-08-25,19:00,4025,18,2,3,4,5,9,11,12,15,18,20
2014-08-25,20:00,4026,13,4,6,9,10,11,12,14,16,17,18
2014-08-25,21:00,4027,2,2,3,4,5,6,7,11,12,13,15
2014-08-25,22:00,4028,8,2,3,6,7,8,10,13,14,15,20
2014-08-25,23:00,4029,5,1,4,5,6,7,10,11,12,13,18
2014-08-26,07:00,4030,13,4,6,7,8,10,13,15,16,18,19
2014-08-26,08:00,4031,8,2,3,5,7,8,11,12,14,18,19
2014-08-26,09:00,4032,10,1,3,5,8,9,10,11,13,16,20
2014-08-26,10:00,4033,16,2,3,5,7,8,11,12,14,17,20
2014-08-26,11:00,4034,12,2,5,6,8,10,14,15,16,17,20
2014-08-26,12:00,4035,9,2,3,5,6,7,9,16,17,19,20
2014-08-26,13:00,4036,12,2,4,6,7,9,12,13,15,17,19
2014-08-26,14:00,4037,20,2,3,5,7,10,13,14,15,17,18
2014-08-26,15:00,4038,11,4,6,7,8,9,10,11,13,19,20
2014-08-26,16:00,4039,9,1,2,7,10,11,14,17,18,19,20
2014-08-26,17:00,4040,2,2,3,4,5,6,9,14,16,19,20
2014-08-26,18:00,4041,19,3,4,5,11,12,13,14,17,18,19
2014-08-26,19:00,4042,5,1,2,6,12,13,14,15,16,17,18
2014-08-26,20:00,4043,15,2,3,4,5,6,7,10,11,18,20
2014-08-26,21:00,4044,3,5,6,9,10,11,13,14,15,17,19
2014-08-26,22:00,4045,8,1,3,5,8,10,12,16,18,19,20
2014-08-26,23:00,4046,13,1,2,7,9,11,12,14,15,16,17
2014-08-27,07:00,4047,20,3,4,5,6,9,12,13,16,19,20
2014-08-27,08:00,4048,19,2,3,4,5,6,8,16,17,18,20
2014-08-27,09:00,4049,11,1,3,4,6,8,12,13,14,16,17
2014-08-27,10:00,4050,9,1,4,5,6,7,12,13,17,18,20
2014-08-27,11:00,4051,15,1,3,6,8,11,12,16,17,18,20
2014-08-27,12:00,4052,4,4,5,6,8,11,12,13,15,19,20
2014-08-27,13:00,4053,17,4,5,7,8,9,13,14,18,19,20
2014-08-27,14:00,4054,8,1,2,4,6,8,11,15,16,18,19
2014-08-27,15:00,4055,14,1,3,9,12,14,16,17,18,19,20
2014-08-27,16:00,4056,6,1,4,6,7,8,9,17,18,19,20
2014-08-27,17:00,4057,11,2,3,4,5,6,8,12,13,17,18
2014-08-27,18:00,4058,2,2,3,5,7,9,14,15,17,19,20
2014-08-27,19:00,4059,5,1,3,5,6,9,11,12,13,14,15
2014-08-27,20:00,4060,11,2,4,6,9,10,11,12,14,16,20
2014-08-27,21:00,4061,1,1,3,4,6,9,10,11,15,18,20
2014-08-27,22:00,4062,13,1,3,4,5,6,7,10,14,15,18
2014-08-27,23:00,4063,10,4,5,7,10,11,13,14,15,16,20
2014-08-28,07:00,4064,12,1,3,4,6,7,10,11,12,17,18
2014-08-28,08:00,4065,1,3,4,6,7,8,9,13,14,15,16
2014-08-28,09:00,4066,15,3,9,10,12,13,14,16,17,19,20
2014-08-28,10:00,4067,18,1,2,4,5,8,9,10,15,18,19
2014-08-28,11:00,4068,7,1,5,7,8,9,13,15,16,17,20
2014-08-28,12:00,4069,7,1,2,6,8,9,10,11,12,18,19
2014-08-28,13:00,4070,20,5,6,9,10,12,14,15,16,17,18
2014-08-28,14:00,4071,5,1,4,5,6,7,8,9,12,13,16
2014-08-28,15:00,4072,1,2,4,5,8,9,10,11,15,17,19
2014-08-28,16:00,4073,20,1,7,8,9,10,11,15,17,19,20
2014-08-28,17:00,4074,7,1,2,3,8,11,14,15,16,19,20
2014-08-28,18:00,4075,8,4,5,8,9,10,11,12,13,14,15
2014-08-28,19:00,4076,9,1,7,11,12,13,14,15,17,18,20
2014-08-28,20:00,4077,9,3,5,7,9,10,11,14,15,17,18
2014-08-28,21:00,4078,8,3,4,5,8,10,11,12,14,18,19
2014-08-28,22:00,4079,10,1,2,3,6,10,11,14,17,18,19
2014-08-28,23:00,4080,18,1,2,4,5,6,8,9,12,14,18
2014-08-29,07:00,4081,8,2,5,6,7,9,10,11,12,16,17
2014-08-29,08:00,4082,6,1,2,5,7,8,12,15,16,17,20
2014-08-29,09:00,4083,18,1,3,6,7,8,12,13,15,18,19
2014-08-29,10:00,4084,7,1,5,6,7,12,15,16,17,18,20
2014-08-29,11:00,4085,10,1,7,8,9,11,13,14,17,18,19
2014-08-29,12:00,4086,17,2,3,4,5,6,10,13,15,17,19
2014-08-29,13:00,4087,12,7,8,9,10,12,13,15,16,17,19
2014-08-29,14:00,4088,4,6,7,11,13,14,15,16,17,18,19
2014-08-29,15:00,4089,20,1,2,4,6,7,8,11,13,16,18
2014-08-29,16:00,4090,6,1,2,5,7,13,15,16,17,18,19
2014-08-29,17:00,4091,4,1,2,5,6,7,8,13,15,18,20
2014-08-29,18:00,4092,10,5,8,10,11,12,15,16,18,19,20
2014-08-29,19:00,4093,7,1,2,4,5,6,7,9,11,12,16
2014-08-29,20:00,4094,8,1,3,4,5,6,8,9,10,11,14
2014-08-29,21:00,4095,18,1,5,7,10,12,13,16,17,18,19
2014-08-29,22:00,4096,17,2,3,6,10,11,12,13,17,18,19
2014-08-29,23:00,4097,10,4,5,6,7,9,10,11,13,16,18
2014-08-30,07:00,4098,15,2,4,5,6,7,8,13,15,17,20
2014-08-30,08:00,4099,1,1,5,9,10,12,13,14,17,19,20
2014-08-30,09:00,4100,16,4,6,7,9,10,13,14,15,16,18
2014-08-30,10:00,4101,16,2,3,6,7,9,10,12,13,17,18
2014-08-30,11:00,4102,17,2,4,7,10,11,14,15,17,19,20
2014-08-30,12:00,4103,16,1,4,5,6,7,11,12,15,18,20
2014-08-30,13:00,4104,5,1,2,4,7,12,14,15,16,17,19
2014-08-30,14:00,4105,14,1,4,6,7,10,12,13,14,18,20
2014-08-30,15:00,4106,12,1,2,4,7,8,10,12,13,16,20
2014-08-30,16:00,4107,13,3,6,7,8,11,14,16,17,18,19
2014-08-30,17:00,4108,12,1,3,6,7,8,9,13,14,19,20
2014-08-30,18:00,4109,7,1,2,6,7,8,10,15,16,17,20
2014-08-30,19:00,4110,10,4,6,8,9,10,11,13,16,18,19
2014-08-30,20:00,4111,15,1,2,3,4,6,12,13,16,18,19
2014-08-30,21:00,4112,8,3,6,8,9,10,14,16,17,19,20
2014-08-30,22:00,4113,3,1,6,9,10,12,13,14,16,18,20
2014-08-30,23:00,4114,19,1,2,4,5,9,10,13,15,16,18
2014-08-31,07:00,4115,3,3,4,8,9,12,13,15,17,18,19
2014-08-31,08:00,4116,5,4,5,7,8,10,11,13,14,16,19
2014-08-31,09:00,4117,17,1,4,6,7,8,10,13,14,16,17
2014-08-31,10:00,4118,17,1,5,6,7,8,9,10,13,15,16
2014-08-31,11:00,4119,5,2,3,5,7,9,10,11,12,13,16
2014-08-31,12:00,4120,10,1,3,4,8,10,11,13,15,16,17
2014-08-31,13:00,4121,1,4,5,6,7,8,11,12,16,18,19
2014-08-31,14:00,4122,4,1,2,3,5,7,11,14,16,17,20
2014-08-31,15:00,4123,17,3,4,5,6,8,11,14,15,18,19
2014-08-31,16:00,4124,6,1,2,4,6,11,14,15,16,18,20
2014-08-31,17:00,4125,5,3,4,5,6,11,12,16,17,18,20
2014-08-31,18:00,4126,4,2,3,4,9,10,13,14,16,18,19
2014-08-31,19:00,4127,15,2,3,7,8,9,11,12,16,17,19
2014-08-31,20:00,4128,17,1,3,4,6,9,11,12,15,16,18
2014-08-31,21:00,4129,7,3,4,6,7,11,12,14,15,17,20
2014-08-31,22:00,4130,2,2,3,9,10,12,13,17,18,19,20
2014-08-31,23:00,4131,12,2,4,5,6,9,14,15,16,18,19
2014-09-01,07:00,4132,13,1,3,7,9,10,11,12,13,17,18
2014-09-01,08:00,4133,5,2,3,7,8,10,11,14,15,18,20
2014-09-01,09:00,4134,8,1,2,3,4,6,9,10,11,15,16
2014-09-01,10:00,4135,4,1,2,5,8,9,12,14,17,18,20
2014-09-01,11:00,4136,15,1,2,4,5,8,11,14,18,19,20
2014-09-01,12:00,4137,20,3,4,6,7,8,9,10,15,18,20
2014-09-01,13:00,4138,1,1,2,3,5,10,14,16,17,18,20
2014-09-01,14:00,4139,11,3,5,6,7,8,9,10,15,19,20
2014-09-01,15:00,4140,20,2,3,4,5,10,12,13,14,18,19
2014-09-01,16:00,4141,5,5,8,9,10,11,13,17,18,19,20
2014-09-01,17:00,4142,10,2,3,5,6,11,12,15,17,18,19
2014-09-01,18:00,4143,2,1,3,5,11,12,15,16,17,18,19
2014-09-01,19:00,4144,6,2,4,5,7,9,13,14,15,17,19
2014-09-01,20:00,4145,12,1,2,3,4,5,10,12,13,15,20
2014-09-01,21:00,4146,6,2,4,8,9,10,11,13,14,19,20
2014-09-01,22:00,4147,2,2,3,6,8,12,13,14,15,17,20
2014-09-01,23:00,4148,10,1,2,4,8,10,11,12,13,15,20
2014-09-02,07:00,4149,18,1,4,5,7,9,12,13,14,17,18
2014-09-02,08:00,4150,9,1,6,7,10,11,12,15,16,17,18
2014-09-02,09:00,4151,5,1,4,5,8,9,10,12,16,17,18
2014-09-02,10:00,4152,20,1,2,3,8,10,14,15,16,18,19
2014-09-02,11:00,4153,13,1,2,3,4,6,9,12,17,18,20
2014-09-02,12:00,4154,15,1,2,7,8,12,14,15,16,17,18
2014-09-02,13:00,4155,17,1,2,6,7,8,11,17,18,19,20
2014-09-02,14:00,4156,8,1,7,9,10,11,12,14,15,16,17
2014-09-02,15:00,4157,18,1,3,4,5,8,10,11,12,16,20
2014-09-02,16:00,4158,16,4,5,8,11,12,13,14,16,17,20
2014-09-02,17:00,4159,12,1,3,8,9,11,13,15,16,18,20
2014-09-02,18:00,4160,8,2,3,4,6,8,10,12,15,16,18
2014-09-02,19:00,4161,3,1,2,4,8,11,13,15,16,18,19
2014-09-02,20:00,4162,17,2,3,4,10,12,13,14,16,18,19
2014-09-02,21:00,4163,7,1,2,3,4,11,12,13,16,19,20
2014-09-02,22:00,4164,8,1,3,4,6,7,10,11,15,19,20
2014-09-02,23:00,4165,6,4,5,6,7,8,10,13,14,16,17
2014-09-03,07:00,4166,15,1,7,9,11,13,14,15,16,18,19
2014-09-03,08:00,4167,18,2,3,4,6,9,10,11,16,18,20
2014-09-03,09:00,4168,4,1,4,6,7,8,12,13,16,17,20
2014-09-03,10:00,4169,4,1,3,4,5,7,8,9,10,14,15
2014-09-03,11:00,4170,17,2,3,4,7,15,16,17,18,19,20
2014-09-03,12:00,4171,13,1,2,4,9,12,13,14,16,18,20
2014-09-03,13:00,4172,11,3,4,5,10,11,12,14,17,18,19
2014-09-03,14:00,4173,19,3,4,6,8,9,10,13,15,18,19
2014-09-03,15:00,4174,10,4,8,9,10,11,14,15,17,19,20
2014-09-03,16:00,4175,20,2,6,7,9,10,12,16,17,18,19
2014-09-03,17:00,4176,2,1,6,8,10,11,13,14,16,19,20
2014-09-03,18:00,4177,5,4,5,6,8,10,11,12,14,16,18
2014-09-03,19:00,4178,17,2,3,4,7,8,9,11,13,14,16
2014-09-03,20:00,4179,16,3,5,6,9,11,12,13,14,17,19
2014-09-03,21:00,4180,18,2,5,6,7,9,10,14,15,18,19
2014-09-03,22:00,4181,19,1,4,10,11,13,14,15,18,19,20
2014-09-03,23:00,4182,19,3,7,8,9,11,12,13,14,16,18
2014-09-04,07:00,4183,11,2,3,6,7,8,9,11,15,16,19
2014-09-04,08:00,4184,10,1,2,5,7,8,12,14,15,19,20
2014-09-04,09:00,4185,19,1,2,4,5,6,7,12,14,15,20
2014-09-04,10:00,4186,1,1,5,6,7,9,11,13,14,15,19
2014-09-04,11:00,4187,8,3,4,5,7,9,10,11,12,14,18
2014-09-04,12:00,4188,7,1,3,5,9,11,12,13,14,18,19
2014-09-04,13:00,4189,15,2,4,6,7,9,10,11,14,16,20
2014-09-04,14:00,4190,20,1,3,9,10,13,15,16,17,18,20
2014-09-04,15:00,4191,4,2,3,9,11,12,13,16,17,19,20
2014-09-04,16:00,4192,12,1,2,4,5,9,12,14,16,17,19
2014-09-04,17:00,4193,12,2,3,6,8,11,12,13,14,18,20
2014-09-04,18:00,4194,18,1,2,6,7,9,11,15,17,18,20
2014-09-04,19:00,4195,8,2,3,4,5,6,8,10,11,13,16
2014-09-04,20:00,4196,5,1,2,3,5,7,10,11,15,16,19
2014-09-04,21:00,4197,1,1,3,6,10,11,12,14,15,18,19
2014-09-04,22:00,4198,1,3,5,7,8,10,11,13,15,16,19
2014-09-04,23:00,4199,14,1,2,3,5,6,8,14,17,18,20
2014-09-05,07:00,4200,19,1,2,3,4,8,9,11,12,13,19
2014-09-05,08:00,4201,14,1,2,3,8,9,13,15,18,19,20
2014-09-05,09:00,4202,8,3,4,5,7,8,9,11,14,16,17
2014-09-05,10:00,4203,8,1,2,4,11,12,13,15,18,19,20
2014-09-05,11:00,4204,4,1,2,4,6,8,13,15,16,18,20
2014-09-05,12:00,4205,10,2,3,6,7,11,12,14,15,16,17
2014-09-05,13:00,4206,7,4,5,8,9,10,11,13,14,16,20
2014-09-05,14:00,4207,6,2,5,8,9,12,15,16,18,19,20
2014-09-05,15:00,4208,18,2,3,4,8,11,14,17,18,19,20
2014-09-05,16:00,4209,8,2,3,6,7,8,9,15,18,19,20
2014-09-05,17:00,4210,14,2,4,6,7,9,10,13,16,17,19
2014-09-05,18:00,4211,4,1,2,3,5,10,13,14,15,16,18
2014-09-05,19:00,4212,14,1,2,4,5,6,7,10,12,13,16
2014-09-05,20:00,4213,6,2,4,6,10,11,12,13,15,16,20
2014-09-05,21:00,4214,13,1,5,6,7,9,10,11,14,16,18
2014-09-05,22:00,4215,18,1,2,6,7,8,9,10,12,17,19
2014-09-05,23:00,4216,5,5,7,8,9,14,15,16,17,19,20
2014-09-06,07:00,4217,20,1,3,4,8,9,11,13,15,16,18
2014-09-06,08:00,4218,9,2,5,6,7,8,9,15,17,19,20
2014-09-06,09:00,4219,16,3,4,5,8,9,11,13,16,18,19
2014-09-06,10:00,4220,4,2,3,7,11,12,15,17,18,19,20
2014-09-06,11:00,4221,20,1,2,6,7,9,15,16,17,19,20
2014-09-06,12:00,4222,11,1,3,8,9,10,12,14,16,17,20
2014-09-06,13:00,4223,15,1,3,5,6,7,8,14,15,18,19
2014-09-06,14:00,4224,9,2,3,4,5,8,12,13,18,19,20
2014-09-06,15:00,4225,16,1,3,4,5,8,9,12,14,18,19
2014-09-06,16:00,4226,17,2,4,6,7,8,13,14,16,18,19
2014-09-06,17:00,4227,8,1,3,4,6,9,10,13,14,18,19
2014-09-06,18:00,4228,19,1,2,4,9,10,12,16,17,19,20
2014-09-06,19:00,4229,11,1,2,5,6,8,11,15,17,18,20
2014-09-06,20:00,4230,6,2,4,7,8,9,14,15,16,17,18
2014-09-06,21:00,4231,20,2,7,8,13,14,15,16,17,18,20
2014-09-06,22:00,4232,20,1,4,5,8,9,10,11,13,15,17
2014-09-06,23:00,4233,18,2,3,10,11,12,14,15,16,18,19
2014-09-07,07:00,4234,10,1,3,4,5,6,10,11,12,13,18
2014-09-07,08:00,4235,1,1,4,5,8,9,11,14,15,17,19
2014-09-07,09:00,4236,6,2,3,6,7,9,11,16,17,18,20
2014-09-07,10:00,4237,6,1,2,5,8,11,12,15,16,17,20
2014-09-07,11:00,4238,20,2,3,4,5,7,10,11,14,18,19
2014-09-07,12:00,4239,2,4,6,7,10,12,13,16,17,18,19
2014-09-07,13:00,4240,14,3,5,6,7,9,10,11,15,18,20
2014-09-07,14:00,4241,7,3,5,6,7,11,13,15,16,17,20
2014-09-07,15:00,4242,16,1,4,6,9,12,13,14,15,16,18
2014-09-07,16:00,4243,2,2,6,8,10,11,12,13,14,15,18
2014-09-07,17:00,4244,15,4,5,6,7,8,9,11,12,14,20
2014-09-07,18:00,4245,12,1,2,4,8,13,15,16,17,18,20
2014-09-07,19:00,4246,11,1,2,5,11,12,13,14,16,18,20
2014-09-07,20:00,4247,2,1,3,8,9,12,14,17,18,19,20
2014-09-07,21:00,4248,8,1,3,4,8,10,11,12,13,19,20
2014-09-07,22:00,4249,20,2,5,7,8,10,11,12,15,16,19
2014-09-07,23:00,4250,19,3,4,5,7,8,9,11,15,18,20
2014-09-08,07:00,4251,20,2,3,7,8,10,12,13,17,18,19
2014-09-08,08:00,4252,5,1,5,6,7,10,12,13,16,17,18
2014-09-08,09:00,4253,11,3,4,6,7,8,10,12,13,18,19
2014-09-08,10:00,4254,3,1,3,4,5,7,12,14,15,16,20
2014-09-08,11:00,4255,8,1,4,5,6,7,11,12,13,15,19
2014-09-08,12:00,4256,20,1,2,3,4,6,8,11,12,13,15
2014-09-08,13:00,4257,17,4,5,7,8,9,10,12,16,18,19
2014-09-08,14:00,4258,7,1,2,3,4,5,6,7,10,12,16
2014-09-08,15:00,4259,10,1,2,4,7,9,10,11,12,17,20
2014-09-08,16:00,4260,12,5,8,10,12,14,15,16,18,19,20
2014-09-08,17:00,4261,11,1,2,6,7,8,12,14,16,17,20
2014-09-08,18:00,4262,5,3,4,5,7,8,10,12,16,17,18
2014-09-08,19:00,4263,16,1,2,3,8,9,11,12,13,16,18
2014-09-08,20:00,4264,20,2,3,4,5,6,10,12,14,18,20
2014-09-08,21:00,4265,15,4,5,7,8,11,12,13,15,18,20
2014-09-08,22:00,4266,11,1,4,6,7,8,13,14,15,17,18
2014-09-08,23:00,4267,15,2,5,6,7,9,11,12,16,18,19
2014-09-09,07:00,4268,13,1,2,4,6,8,9,10,12,15,18
2014-09-09,08:00,4269,14,2,3,4,5,6,8,10,11,13,14
2014-09-09,09:00,4270,10,1,3,4,7,11,12,13,14,15,19
2014-09-09,10:00,4271,13,9,10,11,12,14,15,16,17,18,19
2014-09-09,11:00,4272,20,1,2,6,7,11,12,13,16,19,20
2014-09-09,12:00,4273,9,2,3,5,7,10,12,15,17,18,20
2014-09-09,13:00,4274,12,1,2,6,7,10,13,14,15,16,19
2014-09-09,14:00,4275,13,1,2,4,5,7,10,11,13,15,19
2014-09-09,15:00,4276,8,5,6,7,8,10,11,12,15,16,17
2014-09-09,16:00,4277,16,1,3,4,6,8,14,15,16,18,20
2014-09-09,17:00,4278,19,2,3,6,7,13,15,17,18,19,20
2014-09-09,18:00,4279,8,1,4,9,11,12,13,14,15,18,19
2014-09-09,19:00,4280,19,4,5,6,8,10,12,13,14,17,20
2014-09-09,20:00,4281,2,3,6,8,9,10,11,12,15,16,17
2014-09-09,21:00,4282,1,1,2,7,8,10,11,12,13,14,16
2014-09-09,22:00,4283,1,1,4,7,10,11,12,13,15,18,20
2014-09-09,23:00,4284,20,1,2,3,5,8,9,13,14,16,18
2014-09-10,07:00,4285,20,1,3,4,6,9,10,13,15,17,20
2014-09-10,08:00,4286,4,1,3,4,9,11,12,14,15,17,20
2014-09-10,09:00,4287,4,4,5,6,7,8,12,14,15,19,20
2014-09-10,10:00,4288,4,1,3,6,7,8,11,12,15,18,20
2014-09-10,11:00,4289,4,1,2,4,5,6,7,9,13,14,17
2014-09-10,12:00,4290,3,5,6,7,8,9,10,15,16,18,19
2014-09-10,13:00,4291,3,1,2,5,6,8,10,11,13,17,20
2014-09-10,14:00,4292,14,5,8,9,10,11,12,13,14,15,16
2014-09-10,15:00,4293,13,3,5,6,7,8,11,12,14,15,17
2014-09-10,16:00,4294,9,1,2,5,6,7,8,10,11,14,17
2014-09-10,17:00,4295,7,2,3,4,5,8,9,13,14,15,16
2014-09-10,18:00,4296,19,4,5,7,8,9,11,14,16,18,20
2014-09-10,19:00,4297,9,3,4,5,6,7,8,10,12,15,18
2014-09-10,20:00,4298,6,1,4,7,9,13,14,17,18,19,20
2014-09-10,21:00,4299,5,2,3,4,5,11,14,16,17,18,20
2014-09-10,22:00,4300,19,1,2,3,4,5,8,12,14,15,18
2014-09-10,23:00,4301,2,1,3,4,5,8,9,11,13,15,20
2014-09-11,07:00,4302,10,1,2,7,8,10,11,16,18,19,20
2014-09-11,08:00,4303,16,1,2,5,6,9,10,13,15,19,20
2014-09-11,09:00,4304,17,1,2,3,4,6,9,11,13,15,18
2014-09-11,10:00,4305,16,1,2,7,8,9,11,14,17,19,20
2014-09-11,11:00,4306,14,1,3,5,6,7,10,11,14,15,19
2014-09-11,12:00,4307,4,1,2,8,10,12,15,16,18,19,20
2014-09-11,13:00,4308,15,1,2,4,6,7,11,13,15,17,19
2014-09-11,14:00,4309,17,3,4,5,10,12,13,15,18,19,20
2014-09-11,15:00,4310,8,2,3,4,5,7,9,11,16,18,20
2014-09-11,16:00,4311,10,1,4,5,8,9,10,11,13,18,19
2014-09-11,17:00,4312,5,4,6,7,10,15,16,17,18,19,20
2014-09-11,18:00,4313,20,1,2,4,7,8,11,14,15,16,18
2014-09-11,19:00,4314,8,2,4,7,8,9,12,15,16,17,20
2014-09-11,20:00,4315,17,1,5,8,10,11,12,13,15,16,17
2014-09-11,21:00,4316,15,1,2,3,4,5,8,11,16,17,18
2014-09-11,22:00,4317,8,3,4,6,8,9,11,12,16,17,20
2014-09-11,23:00,4318,9,1,4,7,8,9,10,12,13,15,18
2014-09-12,07:00,4319,15,2,3,4,9,10,11,12,14,18,19
2014-09-12,08:00,4320,2,3,4,5,8,12,13,15,16,17,20
2014-09-12,09:00,4321,18,1,3,4,9,10,11,13,15,17,20
2014-09-12,10:00,4322,3,1,4,5,6,7,8,13,15,18,20
2014-09-12,11:00,4323,2,3,5,6,7,8,9,10,13,15,19
2014-09-12,12:00,4324,13,2,3,4,10,12,13,16,18,19,20
2014-09-12,13:00,4325,19,1,2,4,5,6,7,11,13,15,17
2014-09-12,14:00,4326,17,2,3,6,7,8,9,12,13,18,20
2014-09-12,15:00,4327,11,1,3,4,5,7,9,11,12,15,17
2014-09-12,16:00,4328,2,3,4,7,11,13,14,15,17,19,20
2014-09-12,17:00,4329,17,1,2,8,10,12,15,16,17,18,19
2014-09-12,18:00,4330,18,5,6,8,9,10,11,13,14,17,18
2014-09-12,19:00,4331,8,1,2,4,12,14,15,16,17,18,20
2014-09-12,20:00,4332,19,3,5,8,11,12,14,15,16,18,20
2014-09-12,21:00,4333,1,1,2,4,7,9,11,13,15,16,20
2014-09-12,22:00,4334,8,1,2,3,4,6,8,11,15,16,18
2014-09-12,23:00,4335,13,4,6,10,12,13,14,17,18,19,20
2014-09-13,07:00,4336,3,1,3,4,5,9,11,12,16,17,18
2014-09-13,08:00,4337,13,1,3,5,6,7,12,15,16,18,20
2014-09-13,09:00,4338,15,1,4,6,7,10,11,12,16,18,19
2014-09-13,10:00,4339,1,2,4,5,6,8,9,10,12,16,19
2014-09-13,11:00,4340,6,3,6,7,10,12,13,15,17,19,20
2014-09-13,12:00,4341,2,5,7,8,10,11,13,15,16,17,20
2014-09-13,13:00,4342,11,6,9,11,12,13,14,16,17,18,19
2014-09-13,14:00,4343,16,3,5,6,12,13,15,16,17,19,20
2014-09-13,15:00,4344,18,2,3,6,7,11,14,16,17,18,19
2014-09-13,16:00,4345,5,1,2,5,6,9,10,11,12,14,19
2014-09-13,17:00,4346,2,1,2,5,6,8,10,11,15,18,20
2014-09-13,18:00,4347,15,2,3,6,7,8,9,12,13,16,19
2014-09-13,19:00,4348,11,2,3,4,5,11,12,13,15,16,17
2014-09-13,20:00,4349,1,1,2,4,5,6,9,16,17,19,20
2014-09-13,21:00,4350,8,1,3,4,6,7,9,10,11,15,16
2014-09-13,22:00,4351,15,1,3,4,9,11,13,14,15,18,20
2014-09-13,23:00,4352,14,2,3,4,7,9,10,11,12,16,17
2014-09-14,07:00,4353,4,1,4,6,7,9,11,14,15,19,20
2014-09-14,08:00,4354,11,2,5,7,10,12,13,14,16,19,20
2014-09-14,09:00,4355,9,1,5,7,8,10,16,17,18,19,20
2014-09-14,10:00,4356,12,1,2,3,5,6,11,13,16,18,20
2014-09-14,11:00,4357,13,1,3,7,8,10,12,14,15,16,18
2014-09-14,12:00,4358,3,1,2,4,7,8,9,11,12,13,20
2014-09-14,13:00,4359,14,1,3,5,7,8,10,11,17,18,20
2014-09-14,14:00,4360,19,3,6,8,10,11,12,13,15,17,18
2014-09-14,15:00,4361,7,1,4,10,11,12,13,16,18,19,20
2014-09-14,16:00,4362,18,1,2,6,8,10,11,12,17,18,20
2014-09-14,17:00,4363,10,5,7,8,12,13,15,16,17,18,19
2014-09-14,18:00,4364,7,4,6,9,11,12,14,16,17,18,19
2014-09-14,19:00,4365,4,2,3,5,6,8,13,15,16,19,20
2014-09-14,20:00,4366,20,1,2,4,7,8,9,10,13,15,19
2014-09-14,21:00,4367,6,2,3,5,8,9,13,14,17,18,20
2014-09-14,22:00,4368,18,2,3,4,6,7,9,10,14,19,20
2014-09-14,23:00,4369,4,1,2,3,4,9,11,13,14,15,16
2014-09-15,07:00,4370,10,1,2,4,5,6,9,11,12,14,20
2014-09-15,08:00,4371,17,1,2,3,4,6,7,8,9,17,18
2014-09-15,09:00,4372,18,1,2,3,5,9,10,12,13,15,16
2014-09-15,10:00,4373,8,1,3,6,7,9,12,13,15,18,19
2014-09-15,11:00,4374,8,4,5,6,7,10,12,13,16,18,20
2014-09-15,12:00,4375,11,1,4,6,8,10,11,13,15,17,20
2014-09-15,13:00,4376,17,1,2,4,5,11,13,14,15,18,19
2014-09-15,14:00,4377,8,2,4,5,7,10,11,12,13,16,18
2014-09-15,15:00,4378,11,1,4,5,6,7,8,11,13,18,19
2014-09-15,16:00,4379,3,5,6,7,10,11,12,15,16,17,20
2014-09-15,17:00,4380,7,1,2,4,7,8,9,10,11,15,18
2014-09-15,18:00,4381,15,2,3,5,7,8,9,11,14,19,20
2014-09-15,19:00,4382,10,4,5,8,9,11,12,14,15,19,20
2014-09-15,20:00,4383,9,1,3,6,7,9,11,14,18,19,20
2014-09-15,21:00,4384,10,1,3,6,7,9,10,12,13,17,19
2014-09-15,22:00,4385,2,3,4,9,10,11,12,14,15,16,20
2014-09-15,23:00,4386,9,1,3,4,5,6,7,11,13,16,19
2014-09-16,07:00,4387,1,3,4,5,6,7,9,11,12,15,16
2014-09-16,08:00,4388,8,1,3,6,9,10,12,14,17,18,20
2014-09-16,09:00,4389,2,2,3,4,5,9,13,15,16,19,20
2014-09-16,10:00,4390,11,2,3,4,5,7,10,11,14,16,18
2014-09-16,11:00,4391,5,2,3,5,6,8,11,13,14,15,17
2014-09-16,12:00,4392,9,1,3,4,7,11,12,14,17,19,20
2014-09-16,13:00,4393,16,2,3,5,6,7,8,15,16,17,18
2014-09-16,14:00,4394,14,2,6,7,8,12,13,14,15,16,20
2014-09-16,15:00,4395,16,1,4,7,8,10,13,14,16,18,20
2014-09-16,16:00,4396,19,1,2,5,6,7,8,11,16,17,18
2014-09-16,17:00,4397,15,2,3,5,7,9,10,12,15,17,18
2014-09-16,18:00,4398,2,1,2,4,7,8,13,14,16,18,20
2014-09-16,19:00,4399,20,3,4,6,7,8,9,13,14,16,18
2014-09-16,20:00,4400,5,2,3,4,8,10,11,12,13,16,18
2014-09-16,21:00,4401,15,1,2,5,8,10,12,13,16,17,19
2014-09-16,22:00,4402,7,1,4,7,8,9,10,11,14,16,19
2014-09-16,23:00,4403,3,4,6,8,9,12,13,15,16,19,20
2014-09-17,07:00,4404,2,3,6,7,8,11,12,13,18,19,20
2014-09-17,08:00,4405,1,1,6,7,8,9,12,14,15,16,20
2014-09-17,09:00,4406,10,1,2,3,9,10,14,16,17,18,20
2014-09-17,10:00,4407,16,1,2,4,5,12,13,15,16,17,20
2014-09-17,11:00,4408,17,4,6,8,9,12,13,14,15,18,20
2014-09-17,12:00,4409,10,1,2,5,6,9,10,14,16,18,19
2014-09-17,13:00,4410,14,2,3,4,6,7,12,13,16,19,20
2014-09-17,14:00,4411,17,1,4,5,8,9,12,17,18,19,20
2014-09-17,15:00,4412,2,1,5,8,10,12,13,14,15,17,20
2014-09-17,16:00,4413,5,1,3,4,6,7,10,12,15,16,17
2014-09-17,17:00,4414,9,1,5,7,10,13,14,15,16,17,18
2014-09-17,18:00,4415,8,1,2,3,7,8,11,12,15,17,20
2014-09-17,19:00,4416,19,2,4,5,6,8,9,11,13,19,20
2014-09-17,20:00,4417,18,1,2,4,9,10,11,14,15,17,20
2014-09-17,21:00,4418,11,3,4,5,7,8,11,13,15,18,20
2014-09-17,22:00,4419,13,1,3,5,6,7,9,13,17,19,20
2014-09-17,23:00,4420,8,1,2,5,9,10,14,15,17,19,20
2014-09-18,07:00,4421,20,1,2,3,6,13,14,16,17,19,20
2014-09-18,08:00,4422,5,1,2,4,7,8,9,14,15,17,19
2014-09-18,09:00,4423,12,1,2,4,5,7,12,15,16,17,20
2014-09-18,10:00,4424,10,1,6,7,8,10,12,14,15,16,19
2014-09-18,11:00,4425,11,2,3,4,5,6,7,8,10,11,18
2014-09-18,12:00,4426,10,1,5,6,7,10,14,15,16,17,18
2014-09-18,13:00,4427,12,2,3,4,6,10,13,15,16,17,19
2014-09-18,14:00,4428,13,2,5,6,8,9,12,13,17,18,20
2014-09-18,15:00,4429,5,1,3,4,5,7,8,11,18,19,20
2014-09-18,16:00,4430,6,1,3,7,8,9,11,14,15,17,18
2014-09-18,17:00,4431,1,1,3,4,7,8,9,15,16,17,20
2014-09-18,18:00,4432,8,1,2,4,7,12,13,15,16,17,19
2014-09-18,19:00,4433,11,4,7,8,10,12,14,15,16,17,20
2014-09-18,20:00,4434,19,1,2,4,8,9,11,16,17,18,20
2014-09-18,21:00,4435,4,1,2,3,4,5,6,9,14,16,19
2014-09-18,22:00,4436,15,1,3,5,6,9,11,12,13,15,18
2014-09-18,23:00,4437,5,2,3,5,7,9,11,13,15,16,17
2014-09-19,07:00,4438,12,3,4,7,8,10,11,17,18,19,20
2014-09-19,08:00,4439,2,1,2,6,9,10,14,15,16,18,20
2014-09-19,09:00,4440,1,3,4,7,8,10,12,13,17,18,20
2014-09-19,10:00,4441,17,1,3,7,8,10,11,12,13,14,19
2014-09-19,11:00,4442,9,4,5,6,7,8,12,14,15,17,19
2014-09-19,12:00,4443,5,2,3,4,5,6,9,10,14,17,18
2014-09-19,13:00,4444,20,1,2,5,7,8,10,13,14,17,19
2014-09-19,14:00,4445,3,1,4,7,10,11,13,14,15,16,20
2014-09-19,15:00,4446,15,5,7,8,9,11,13,14,16,17,20
2014-09-19,16:00,4447,6,2,4,5,8,10,12,14,15,16,20
2014-09-19,17:00,4448,9,3,4,6,8,14,15,16,17,18,19
2014-09-19,18:00,4449,20,2,5,9,10,11,12,14,15,18,20
2014-09-19,19:00,4450,18,1,2,3,5,9,11,12,14,17,19
2014-09-19,20:00,4451,12,2,3,5,7,10,11,13,17,18,19
2014-09-19,21:00,4452,19,2,5,6,7,11,12,14,15,17,20
2014-09-19,22:00,4453,10,2,7,9,10,11,13,14,17,19,20
2014-09-19,23:00,4454,12,2,6,7,9,10,16,17,18,19,20
2014-09-20,07:00,4455,11,1,3,4,6,7,8,10,14,16,19
2014-09-20,08:00,4456,6,2,5,7,8,10,12,13,17,18,20
2014-09-20,09:00,4457,7,1,2,6,8,11,13,16,17,18,19
2014-09-20,10:00,4458,1,3,5,6,10,11,12,13,14,15,18
2014-09-20,11:00,4459,7,1,4,5,6,10,11,12,17,18,19
2014-09-20,12:00,4460,8,1,4,5,9,10,12,13,14,16,17
2014-09-20,13:00,4461,8,1,2,3,4,5,8,9,10,11,19
2014-09-20,14:00,4462,16,1,5,7,8,9,11,14,15,17,18
2014-09-20,15:00,4463,16,1,5,7,9,10,11,13,15,16,17
2014-09-20,16:00,4464,13,1,3,9,10,11,12,13,16,19,20
2014-09-20,17:00,4465,5,1,2,5,6,7,8,10,11,15,18
2014-09-20,18:00,4466,20,4,5,7,8,9,12,15,16,18,20
2014-09-20,19:00,4467,15,1,4,5,6,13,14,16,17,18,20
2014-09-20,20:00,4468,15,1,6,7,9,11,13,16,17,18,19
2014-09-20,21:00,4469,13,1,2,3,6,8,10,11,14,18,19
2014-09-20,22:00,4470,10,3,5,6,8,11,13,16,17,18,20
2014-09-20,23:00,4471,10,1,2,4,6,7,8,14,15,16,18
2014-09-21,07:00,4472,11,6,9,10,11,12,13,14,15,17,19
2014-09-21,08:00,4473,9,1,5,6,7,12,14,15,17,19,20
2014-09-21,09:00,4474,4,2,3,8,9,11,12,15,16,19,20
2014-09-21,10:00,4475,20,2,4,7,8,10,13,16,17,18,19
2014-09-21,11:00,4476,3,4,5,6,7,8,10,14,16,19,20
2014-09-21,12:00,4477,1,4,6,8,11,13,15,16,18,19,20
2014-09-21,13:00,4478,10,4,5,6,9,10,12,14,15,16,17
2014-09-21,14:00,4479,13,1,6,7,10,12,14,16,17,18,20
2014-09-21,15:00,4480,3,1,6,7,10,11,12,14,16,17,20
2014-09-21,16:00,4481,1,1,2,4,5,6,9,10,15,16,20
2014-09-21,17:00,4482,8,2,7,8,10,12,13,15,16,18,19
2014-09-21,18:00,4483,9,1,3,5,6,9,12,14,15,17,19
2014-09-21,19:00,4484,13,1,6,7,9,13,14,16,17,18,20
2014-09-21,20:00,4485,19,2,3,5,8,9,12,13,14,15,17
2014-09-21,21:00,4486,20,2,3,4,8,10,11,14,17,18,19
2014-09-21,22:00,4487,1,1,2,7,8,9,10,11,12,15,20
2014-09-21,23:00,4488,13,1,3,5,6,7,9,10,11,17,19
2014-09-22,07:00,4489,20,2,5,6,8,11,13,14,15,18,20
2014-09-22,08:00,4490,16,1,2,3,4,6,7,8,11,17,20
2014-09-22,09:00,4491,16,1,3,6,8,10,13,15,16,19,20
2014-09-22,10:00,4492,10,1,3,5,7,9,11,12,15,16,17
2014-09-22,11:00,4493,3,3,4,6,7,8,12,15,16,17,18
2014-09-22,12:00,4494,7,1,4,10,11,12,13,15,17,18,20
2014-09-22,13:00,4495,12,3,4,5,7,8,12,14,15,18,19
2014-09-22,14:00,4496,20,1,2,6,7,8,9,13,16,19,20
2014-09-22,15:00,4497,10,2,3,4,5,7,8,12,14,19,20
2014-09-22,16:00,4498,11,2,6,10,11,13,14,15,16,19,20
2014-09-22,17:00,4499,11,3,4,5,7,9,11,14,16,17,20
2014-09-22,18:00,4500,14,1,4,6,7,9,11,13,15,16,17
2014-09-22,19:00,4501,3,2,3,9,10,11,13,15,16,17,18
2014-09-22,20:00,4502,16,1,2,5,7,8,11,13,14,17,18
2014-09-22,21:00,4503,11,2,8,9,10,12,15,16,17,18,20
2014-09-22,22:00,4504,11,3,4,5,7,9,13,14,16,18,20
2014-09-22,23:00,4505,11,1,4,6,9,10,13,14,16,17,19
2014-09-23,07:00,4506,19,3,5,6,7,9,11,12,18,19,20
2014-09-23,08:00,4507,18,1,4,5,9,11,12,13,15,17,19
2014-09-23,09:00,4508,20,1,3,5,6,7,8,10,11,13,17
2014-09-23,10:00,4509,15,1,2,4,5,7,9,10,11,12,15
2014-09-23,11:00,4510,15,2,3,7,8,9,10,11,12,13,16
2014-09-23,12:00,4511,10,2,4,5,6,9,11,15,16,17,19
2014-09-23,13:00,4512,7,1,2,8,9,14,15,17,18,19,20
2014-09-23,14:00,4513,19,1,4,5,8,10,12,13,15,17,20
2014-09-23,15:00,4514,15,2,3,5,7,10,12,13,14,17,19
2014-09-23,16:00,4515,9,3,4,6,7,9,11,12,18,19,20
2014-09-23,17:00,4516,3,1,4,8,11,12,13,16,17,18,19
2014-09-23,18:00,4517,4,2,5,6,8,9,11,12,14,15,19
2014-09-23,19:00,4518,3,1,2,6,9,10,11,12,15,17,18
2014-09-23,20:00,4519,19,3,4,5,6,8,13,15,16,17,20
2014-09-23,21:00,4520,17,3,5,6,10,12,13,14,15,17,18
2014-09-23,22:00,4521,17,1,2,3,5,6,8,11,13,15,18
2014-09-23,23:00,4522,8,1,2,3,4,5,8,9,11,17,19
2014-09-24,07:00,4523,17,4,5,6,8,9,10,11,15,16,18
2014-09-24,08:00,4524,11,2,5,7,8,9,10,13,14,16,17
2014-09-24,09:00,4525,16,2,3,4,7,11,15,17,18,19,20
2014-09-24,10:00,4526,15,2,8,9,10,11,12,13,17,19,20
2014-09-24,11:00,4527,3,3,5,6,7,8,9,10,11,14,16
2014-09-24,12:00,4528,5,2,5,8,9,11,13,14,15,16,19
2014-09-24,13:00,4529,15,5,6,7,9,10,11,15,17,19,20
2014-09-24,14:00,4530,18,1,2,3,5,6,10,12,14,19,20
2014-09-24,15:00,4531,19,1,3,6,7,8,10,12,13,15,16
2014-09-24,16:00,4532,9,1,2,4,5,6,7,13,14,17,19
2014-09-24,17:00,4533,3,2,4,7,9,10,11,12,15,19,20
2014-09-24,18:00,4534,20,2,3,4,5,8,9,11,12,13,15
2014-09-24,19:00,4535,1,3,4,6,10,11,13,14,15,17,20
2014-09-24,20:00,4536,5,1,2,3,6,8,11,14,15,17,18
2014-09-24,21:00,4537,5,2,3,4,5,11,14,15,16,17,20
2014-09-24,22:00,4538,7,2,3,4,7,11,13,14,16,18,20
2014-09-24,23:00,4539,19,2,4,5,7,9,12,15,17,18,20
2014-09-25,07:00,4540,14,8,10,11,12,15,16,17,18,19,20
2014-09-25,08:00,4541,11,1,4,5,6,7,10,14,15,17,18
2014-09-25,09:00,4542,15,2,3,4,6,7,10,11,16,17,20
2014-09-25,10:00,4543,16,1,3,8,11,13,14,16,17,19,20
2014-09-25,11:00,4544,5,2,4,5,7,9,10,16,17,19,20
2014-09-25,12:00,4545,4,2,3,4,8,9,11,13,18,19,20
2014-09-25,13:00,4546,7,5,6,8,9,10,13,14,15,16,19
2014-09-25,14:00,4547,3,4,5,6,9,12,13,15,17,18,20
2014-09-25,15:00,4548,12,5,6,8,9,10,11,12,14,15,20
2014-09-25,16:00,4549,4,3,5,6,7,8,10,13,14,15,17
2014-09-25,17:00,4550,15,2,3,4,6,11,13,14,15,16,17
2014-09-25,18:00,4551,12,2,4,5,9,10,11,13,14,15,19
2014-09-25,19:00,4552,20,1,2,7,8,9,10,13,14,17,19
2014-09-25,20:00,4553,18,1,3,7,8,9,10,13,16,17,18
2014-09-25,21:00,4554,4,1,5,8,9,10,12,17,18,19,20
2014-09-25,22:00,4555,12,2,3,4,5,7,9,11,12,17,19
2014-09-25,23:00,4556,12,2,5,9,10,13,14,15,16,18,19
2014-09-26,07:00,4557,1,5,7,9,10,14,15,16,17,18,19
2014-09-26,08:00,4558,4,2,5,7,9,10,11,16,17,18,20
2014-09-26,09:00,4559,16,1,2,3,5,6,9,12,13,19,20
2014-09-26,10:00,4560,13,2,3,4,5,7,9,11,16,17,19
2014-09-26,11:00,4561,6,1,2,3,7,13,14,16,17,19,20
2014-09-26,12:00,4562,1,1,3,6,8,9,14,15,18,19,20
2014-09-26,13:00,4563,17,3,4,5,6,8,9,13,14,17,19
2014-09-26,14:00,4564,19,4,5,6,9,10,11,12,13,14,18
2014-09-26,15:00,4565,9,1,2,5,7,9,13,15,16,17,20
2014-09-26,16:00,4566,12,4,5,8,9,10,13,15,16,19,20
2014-09-26,17:00,4567,16,1,3,4,5,8,9,13,14,18,20
2014-09-26,18:00,4568,7,1,2,4,7,9,11,12,13,17,18
2014-09-26,19:00,4569,7,1,3,4,6,7,11,12,13,18,20
2014-09-26,20:00,4570,1,2,3,5,6,9,13,14,16,17,18
2014-09-26,21:00,4571,8,3,4,11,12,13,16,17,18,19,20
2014-09-26,22:00,4572,13,1,4,5,6,10,13,14,18,19,20
2014-09-26,23:00,4573,4,6,7,8,9,10,12,13,14,15,20
2014-09-27,07:00,4574,19,1,2,4,5,8,9,13,14,15,16
2014-09-27,08:00,4575,12,2,4,5,7,8,9,10,11,19,20
2014-09-27,09:00,4576,10,3,5,8,9,12,13,16,17,19,20
2014-09-27,10:00,4577,5,5,6,7,8,10,11,13,16,19,20
2014-09-27,11:00,4578,17,3,5,7,8,12,14,15,17,19,20
2014-09-27,12:00,4579,19,2,3,4,6,9,13,16,18,19,20
2014-09-27,13:00,4580,13,1,5,6,8,10,11,15,16,18,19
2014-09-27,14:00,4581,1,1,4,6,7,8,10,12,14,18,19
2014-09-27,15:00,4582,12,1,4,5,6,8,11,12,15,16,18
2014-09-27,16:00,4583,5,2,6,10,11,13,14,16,17,19,20
2014-09-27,17:00,4584,13,6,7,9,10,13,15,16,17,18,20
2014-09-27,18:00,4585,6,1,3,7,8,9,12,14,15,18,20
2014-09-27,19:00,4586,7,1,2,7,8,12,13,14,17,18,19
2014-09-27,20:00,4587,15,4,5,6,8,9,10,11,13,15,17
2014-09-27,21:00,4588,1,1,4,8,9,10,13,15,18,19,20
2014-09-27,22:00,4589,4,1,2,3,5,10,11,13,14,16,19
2014-09-27,23:00,4590,2,1,2,4,6,12,14,16,17,19,20
2014-09-28,07:00,4591,1,1,3,8,10,11,13,14,15,17,19
2014-09-28,08:00,4592,18,1,3,8,9,11,12,14,17,19,20
2014-09-28,09:00,4593,17,1,2,3,6,10,11,12,13,16,19
2014-09-28,10:00,4594,12,3,4,8,11,13,15,16,17,18,20
2014-09-28,11:00,4595,1,2,4,5,6,9,12,13,14,15,20
2014-09-28,12:00,4596,6,1,3,4,5,6,7,9,12,13,18
2014-09-28,13:00,4597,13,1,2,7,11,12,14,15,16,17,20
2014-09-28,14:00,4598,7,2,3,4,8,10,12,13,14,15,20
2014-09-28,15:00,4599,12,2,5,6,7,8,14,15,16,18,20
2014-09-28,16:00,4600,13,3,4,5,8,10,11,14,15,17,20
2014-09-28,17:00,4601,2,1,3,4,7,8,9,10,12,15,16
2014-09-28,18:00,4602,7,2,3,4,6,7,9,10,13,15,16
2014-09-28,19:00,4603,19,2,3,7,8,9,10,12,15,16,18
2014-09-28,20:00,4604,15,1,2,4,5,7,9,10,11,12,18
2014-09-28,21:00,4605,20,1,5,7,8,10,13,16,17,18,20
2014-09-28,22:00,4606,7,1,4,5,8,10,11,14,17,19,20
2014-09-28,23:00,4607,16,2,4,6,7,10,11,14,17,18,20
2014-09-29,07:00,4608,7,3,5,9,12,13,14,15,16,18,20
2014-09-29,08:00,4609,4,2,5,7,11,12,13,14,15,17,20
2014-09-29,09:00,4610,10,1,2,5,6,9,13,14,16,17,19
2014-09-29,10:00,4611,2,1,3,5,9,10,15,16,18,19,20
2014-09-29,11:00,4612,2,2,4,6,7,9,11,12,14,17,18
2014-09-29,12:00,4613,8,1,2,4,9,10,11,13,14,16,20
2014-09-29,13:00,4614,16,4,6,8,12,13,15,16,18,19,20
2014-09-29,14:00,4615,13,6,7,8,9,13,14,15,16,17,20
2014-09-29,15:00,4616,19,2,4,7,8,9,11,12,14,16,20
2014-09-29,16:00,4617,18,7,8,9,10,14,15,16,17,18,20
2014-09-29,17:00,4618,14,2,6,7,9,10,13,16,17,19,20
2014-09-29,18:00,4619,6,2,6,8,9,12,13,14,15,18,19
2014-09-29,19:00,4620,13,1,3,5,6,9,11,12,15,16,19
2014-09-29,20:00,4621,8,1,3,4,5,10,13,17,18,19,20
2014-09-29,21:00,4622,1,5,6,7,8,11,13,15,17,18,19
2014-09-29,22:00,4623,19,2,4,5,6,9,12,14,15,17,20
2014-09-29,23:00,4624,8,3,5,6,8,11,14,15,17,18,19
2014-09-30,07:00,4625,15,2,3,5,6,10,12,14,15,16,17
2014-09-30,08:00,4626,8,2,3,4,5,6,7,11,18,19,20
2014-09-30,09:00,4627,17,4,5,6,11,13,14,15,16,19,20
2014-09-30,10:00,4628,9,2,4,5,7,8,10,14,15,18,19
2014-09-30,11:00,4629,10,4,5,8,11,12,13,14,16,17,18
2014-09-30,12:00,4630,16,1,6,8,9,10,12,13,15,18,19
2014-09-30,13:00,4631,10,1,4,7,8,9,10,11,15,17,19
2014-09-30,14:00,4632,11,1,3,6,7,11,12,14,15,17,19
2014-09-30,15:00,4633,3,4,5,7,11,13,15,16,17,18,20
2014-09-30,16:00,4634,12,2,3,5,6,7,9,10,11,12,15
2014-09-30,17:00,4635,19,5,6,7,8,11,13,15,16,17,19
2014-09-30,18:00,4636,13,2,3,6,10,11,12,13,15,17,18
2014-09-30,19:00,4637,9,1,5,6,7,10,12,13,15,18,20
2014-09-30,20:00,4638,16,2,4,6,7,8,9,14,15,18,19
2014-09-30,21:00,4639,3,2,3,4,5,6,7,12,13,14,17
2014-09-30,22:00,4640,18,1,2,5,6,10,15,16,17,18,19
2014-09-30,23:00,4641,12,1,3,4,6,8,9,10,11,18,20
2014-10-01,07:00,4642,19,1,3,4,5,7,9,10,13,15,19
2014-10-01,08:00,4643,13,3,4,6,7,8,9,10,11,18,20
2014-10-01,09:00,4644,12,1,2,5,10,11,12,15,17,18,19
2014-10-01,10:00,4645,15,2,4,5,7,9,11,13,15,18,20
2014-10-01,11:00,4646,1,1,2,5,8,10,11,12,13,16,18
2014-10-01,12:00,4647,10,2,3,4,7,9,10,11,15,16,20
2014-10-01,13:00,4648,13,1,4,5,6,10,11,14,15,16,19
2014-10-01,14:00,4649,20,3,4,7,8,10,13,14,16,19,20
2014-10-01,15:00,4650,11,3,5,9,10,11,13,15,16,18,20
2014-10-01,16:00,4651,1,3,4,9,10,11,13,15,16,17,20
2014-10-01,17:00,4652,9,1,2,3,5,10,11,13,14,15,18
2014-10-01,18:00,4653,17,1,5,7,8,10,12,15,17,19,20
2014-10-01,19:00,4654,19,1,2,3,4,5,9,12,18,19,20
2014-10-01,20:00,4655,15,2,4,6,7,9,14,15,17,19,20
2014-10-01,21:00,4656,18,1,3,4,6,7,8,9,11,14,15
2014-10-01,22:00,4657,12,1,7,8,10,12,13,14,15,16,17
2014-10-01,23:00,4658,10,2,4,6,9,10,15,16,18,19,20
2014-10-02,07:00,4659,20,2,6,7,8,12,13,14,15,16,17
2014-10-02,08:00,4660,1,1,5,10,12,13,14,16,18,19,20
2014-10-02,09:00,4661,16,4,5,6,8,9,10,12,13,15,17
2014-10-02,10:00,4662,16,4,5,7,8,10,11,15,18,19,20
2014-10-02,11:00,4663,10,3,4,7,8,10,13,14,15,16,17
2014-10-02,12:00,4664,2,1,2,4,7,8,9,12,13,16,18
2014-10-02,13:00,4665,18,1,4,5,7,9,10,11,16,17,18
2014-10-02,14:00,4666,15,1,2,3,4,5,6,7,9,11,16
2014-10-02,15:00,4667,9,1,2,4,5,6,8,9,11,19,20
2014-10-02,16:00,4668,13,2,3,7,9,10,11,13,16,17,18
2014-10-02,17:00,4669,4,1,3,7,8,10,13,15,17,18,20
2014-10-02,18:00,4670,5,2,5,6,7,9,14,15,18,19,20
2014-10-02,19:00,4671,6,2,3,5,8,10,12,14,16,19,20
2014-10-02,20:00,4672,1,1,2,3,5,6,7,13,14,17,20
2014-10-02,21:00,4673,11,2,5,6,7,8,13,14,15,16,18
2014-10-02,22:00,4674,19,1,3,7,8,10,11,12,16,18,19
2014-10-02,23:00,4675,10,3,4,5,6,7,10,11,12,14,20
2014-10-03,07:00,4676,11,1,5,7,8,11,12,14,15,19,20
2014-10-03,08:00,4677,11,1,2,5,6,9,10,11,14,15,17
2014-10-03,09:00,4678,7,2,4,5,7,8,9,11,12,14,20
2014-10-03,10:00,4679,9,1,6,7,11,12,13,15,17,19,20
2014-10-03,11:00,4680,14,1,4,5,8,10,15,16,17,18,19
2014-10-03,12:00,4681,7,2,4,5,13,14,15,17,18,19,20
2014-10-03,13:00,4682,2,3,7,8,9,12,14,16,17,18,19
2014-10-03,14:00,4683,9,3,4,5,7,8,13,14,16,18,20
2014-10-03,15:00,4684,8,1,2,3,6,7,9,11,14,19,20
2014-10-03,16:00,4685,15,1,3,12,14,15,16,17,18,19,20
2014-10-03,17:00,4686,19,1,4,5,9,11,12,16,18,19,20
2014-10-03,18:00,4687,11,2,3,6,7,8,9,12,16,19,20
2014-10-03,19:00,4688,2,1,4,7,10,12,13,15,16,17,18
2014-10-03,20:00,4689,7,2,3,4,5,6,13,14,17,19,20
2014-10-03,21:00,4690,10,1,3,4,6,8,11,14,15,17,18
2014-10-03,22:00,4691,11,3,4,8,9,10,11,14,15,17,18
2014-10-03,23:00,4692,14,1,4,6,8,11,12,13,14,16,20
2014-10-04,07:00,4693,1,1,2,5,6,7,8,9,13,14,15
2014-10-04,08:00,4694,18,2,5,6,10,11,13,16,17,18,20
2014-10-04,09:00,4695,1,2,3,7,12,13,14,15,16,17,19
2014-10-04,10:00,4696,4,1,3,5,6,7,9,11,12,14,16
2014-10-04,11:00,4697,18,2,3,5,10,12,14,17,18,19,20
2014-10-04,12:00,4698,6,4,5,6,9,10,13,14,15,18,20
2014-10-04,13:00,4699,18,2,5,7,8,9,11,12,14,15,18
2014-10-04,14:00,4700,17,2,3,4,5,6,9,10,13,15,19
2014-10-04,15:00,4701,4,2,4,7,8,11,12,16,17,18,19
2014-10-04,16:00,4702,11,4,5,8,11,13,15,16,17,19,20
2014-10-04,17:00,4703,8,2,4,6,7,9,10,14,15,17,18
2014-10-04,18:00,4704,16,2,4,6,7,9,11,13,15,16,19
2014-10-04,19:00,4705,2,1,3,4,5,6,8,12,13,15,19
2014-10-04,20:00,4706,16,3,4,7,8,13,14,16,17,18,19
2014-10-04,21:00,4707,6,3,4,8,10,11,12,14,15,18,19
2014-10-04,22:00,4708,19,1,5,8,10,12,13,15,16,17,19
2014-10-04,23:00,4709,5,2,5,6,8,10,12,13,16,18,20
2014-10-05,07:00,4710,19,1,4,5,8,9,10,14,16,17,19
2014-10-05,08:00,4711,2,2,3,4,6,7,8,9,11,12,20
2014-10-05,09:00,4712,9,1,6,7,8,9,13,15,16,18,19
2014-10-05,10:00,4713,6,5,6,7,8,10,14,15,16,18,19
2014-10-05,11:00,4714,10,3,4,6,7,11,13,14,17,19,20
2014-10-05,12:00,4715,7,2,3,4,5,6,7,10,16,17,18
2014-10-05,13:00,4716,12,1,2,7,8,14,15,16,17,19,20
2014-10-05,14:00,4717,3,1,5,7,10,11,13,14,17,19,20
2014-10-05,15:00,4718,17,5,6,8,9,11,12,14,16,17,20
2014-10-05,16:00,4719,1,1,7,8,10,12,13,14,15,18,20
2014-10-05,17:00,4720,14,2,3,4,6,7,12,17,18,19,20
2014-10-05,18:00,4721,15,1,7,12,13,14,15,16,18,19,20
2014-10-05,19:00,4722,10,3,4,6,9,13,14,15,16,19,20
2014-10-05,20:00,4723,6,1,6,7,10,11,12,14,15,18,19
2014-10-05,21:00,4724,16,1,2,6,7,8,9,12,13,16,19
2014-10-05,22:00,4725,12,2,3,5,6,7,10,12,14,15,17
2014-10-05,23:00,4726,5,1,3,4,5,9,10,13,15,17,18
2014-10-06,07:00,4727,1,2,3,4,5,7,10,12,13,14,15
2014-10-06,08:00,4728,3,5,9,10,11,12,14,15,17,18,19
2014-10-06,09:00,4729,6,2,5,8,9,11,12,13,16,18,20
2014-10-06,10:00,4730,11,1,3,4,5,9,14,16,17,19,20
2014-10-06,11:00,4731,16,1,4,8,10,12,13,14,18,19,20
2014-10-06,12:00,4732,6,1,4,6,7,10,12,13,14,16,19
2014-10-06,13:00,4733,17,1,2,3,4,6,12,15,16,17,20
2014-10-06,14:00,4734,6,2,3,5,6,8,9,13,15,16,19
2014-10-06,15:00,4735,12,2,3,7,8,9,12,14,15,19,20
2014-10-06,16:00,4736,6,1,2,4,5,7,9,13,15,18,20
2014-10-06,17:00,4737,4,4,6,7,8,11,13,14,16,17,20
2014-10-06,18:00,4738,5,5,6,7,8,10,13,17,18,19,20
2014-10-06,19:00,4739,5,2,3,4,7,8,14,15,18,19,20
2014-10-06,20:00,4740,20,2,3,5,8,10,11,12,15,18,20
2014-10-06,21:00,4741,11,1,4,6,7,8,9,10,14,15,17
2014-10-06,22:00,4742,15,1,2,4,6,8,9,13,15,18,20
2014-10-06,23:00,4743,10,1,2,4,10,11,14,15,17,19,20
2014-10-07,07:00,4744,1,3,6,8,9,11,12,13,15,16,18
2014-10-07,08:00,4745,16,5,7,10,13,14,15,16,17,18,20
2014-10-07,09:00,4746,18,3,4,6,8,10,11,13,15,18,19
2014-10-07,10:00,4747,16,5,6,8,12,13,15,16,17,18,19
2014-10-07,11:00,4748,14,1,2,8,10,12,13,14,15,16,17
2014-10-07,12:00,4749,19,1,2,3,5,6,7,11,14,15,18
2014-10-07,13:00,4750,7,2,3,4,6,7,8,11,13,18,20
2014-10-07,14:00,4751,14,4,5,6,7,8,9,12,13,14,20
2014-10-07,15:00,4752,17,1,3,4,5,11,14,16,17,18,19
2014-10-07,16:00,4753,13,1,5,7,8,9,10,12,13,17,19
2014-10-07,17:00,4754,12,3,5,7,8,9,11,13,15,17,19
2014-10-07,18:00,4755,6,2,3,5,6,7,8,11,13,19,20
2014-10-07,19:00,4756,3,2,3,6,8,10,12,14,16,17,19
2014-10-07,20:00,4757,1,1,2,3,6,11,13,15,16,17,19
2014-10-07,21:00,4758,11,1,5,11,12,14,15,16,17,19,20
2014-10-07,22:00,4759,3,1,5,9,10,12,15,16,17,18,20
2014-10-07,23:00,4760,2,1,2,3,5,6,7,11,12,17,18
2014-10-08,07:00,4761,13,1,5,9,10,11,14,15,17,18,19
2014-10-08,08:00,4762,9,4,5,7,9,10,12,13,15,17,19
2014-10-08,09:00,4763,20,1,3,7,8,9,11,12,13,15,16
2014-10-08,10:00,4764,10,1,2,6,7,9,14,16,17,18,20
2014-10-08,11:00,4765,8,1,4,5,7,8,9,12,13,18,19
2014-10-08,12:00,4766,12,1,2,4,7,8,10,13,16,17,20
2014-10-08,13:00,4767,7,4,5,8,10,11,13,15,16,17,19
2014-10-08,14:00,4768,7,1,2,4,5,6,8,16,17,18,20
2014-10-08,15:00,4769,7,2,3,4,6,7,12,13,15,19,20
2014-10-08,16:00,4770,8,5,7,8,9,11,12,14,15,18,19
2014-10-08,17:00,4771,3,3,4,5,7,10,11,15,16,19,20
2014-10-08,18:00,4772,4,1,2,3,6,8,11,14,15,18,20
2014-10-08,19:00,4773,15,4,5,7,8,9,10,12,15,17,18
2014-10-08,20:00,4774,5,1,3,4,5,6,9,10,13,16,20
2014-10-08,21:00,4775,5,2,3,4,5,7,10,11,13,17,19
2014-10-08,22:00,4776,14,2,8,9,11,12,14,17,18,19,20
2014-10-08,23:00,4777,1,3,7,8,9,10,11,12,13,17,20
2014-10-09,07:00,4778,19,2,3,4,6,8,11,12,13,19,20
2014-10-09,08:00,4779,19,4,5,6,7,9,10,12,15,17,18
2014-10-09,09:00,4780,14,3,5,6,7,9,11,13,14,17,19
2014-10-09,10:00,4781,14,2,3,5,7,8,9,11,14,18,20
2014-10-09,11:00,4782,17,1,2,3,5,7,8,10,13,15,18
2014-10-09,12:00,4783,13,4,7,8,9,11,12,15,16,18,20
2014-10-09,13:00,4784,19,1,2,6,8,9,10,11,14,15,16
2014-10-09,14:00,4785,7,2,4,5,8,9,11,12,13,15,17
2014-10-09,15:00,4786,4,1,3,4,5,8,9,10,14,18,20
2014-10-09,16:00,4787,13,1,3,5,9,10,12,13,15,17,18
2014-10-09,17:00,4788,9,1,3,4,5,7,11,12,15,17,20
2014-10-09,18:00,4789,19,6,9,11,13,14,16,17,18,19,20
2014-10-09,19:00,4790,10,1,2,4,5,6,7,11,14,16,18
2014-10-09,20:00,4791,10,2,3,6,8,9,11,12,13,14,20
2014-10-09,21:00,4792,1,1,2,4,5,8,9,10,11,13,19
2014-10-09,22:00,4793,11,2,4,5,12,14,15,16,17,18,19
2014-10-09,23:00,4794,8,2,5,6,7,9,11,13,15,16,18
2014-10-10,07:00,4795,10,1,4,7,9,10,11,13,16,17,20
2014-10-10,08:00,4796,14,2,5,6,7,8,9,15,18,19,20
2014-10-10,09:00,4797,16,1,3,4,7,8,9,10,11,18,20
2014-10-10,10:00,4798,2,3,4,6,7,11,13,14,15,16,20
2014-10-10,11:00,4799,5,2,3,4,6,8,10,13,14,18,20
2014-10-10,12:00,4800,3,3,4,6,8,10,11,12,13,14,17
2014-10-10,13:00,4801,9,2,4,5,7,9,10,12,13,14,19
2014-10-10,14:00,4802,3,1,4,5,6,8,9,11,13,15,18
2014-10-10,15:00,4803,14,1,3,7,11,14,15,16,17,18,20
2014-10-10,16:00,4804,3,3,5,6,7,8,14,15,17,19,20
2014-10-10,17:00,4805,18,1,2,4,6,8,10,13,15,16,18
2014-10-10,18:00,4806,14,1,3,5,8,9,10,11,12,16,19
2014-10-10,19:00,4807,7,2,5,10,11,12,13,14,16,18,20
2014-10-10,20:00,4808,3,3,5,6,8,10,12,13,15,16,19
2014-10-10,21:00,4809,17,1,4,6,7,8,9,10,11,13,16
2014-10-10,22:00,4810,5,2,3,6,8,9,10,12,18,19,20
2014-10-10,23:00,4811,11,2,5,6,7,9,10,11,14,17,18
2014-10-11,07:00,4812,11,1,2,3,4,7,8,10,16,17,18
2014-10-11,08:00,4813,10,2,4,5,6,7,9,11,14,15,17
2014-10-11,09:00,4814,1,1,4,5,6,12,13,14,15,16,20
2014-10-11,10:00,4815,18,1,5,9,10,13,14,16,17,19,20
2014-10-11,11:00,4816,8,2,3,7,8,10,11,13,16,17,19
2014-10-11,12:00,4817,13,3,4,5,6,9,10,11,14,16,18
2014-10-11,13:00,4818,4,1,2,3,5,6,9,10,13,16,20
2014-10-11,14:00,4819,17,1,3,4,7,11,12,14,15,17,20
2014-10-11,15:00,4820,6,1,2,6,8,9,11,13,16,17,19
2014-10-11,16:00,4821,5,1,7,9,10,11,12,13,16,17,20
2014-10-11,17:00,4822,20,1,6,7,9,10,11,12,13,18,19
2014-10-11,18:00,4823,6,1,3,5,7,8,9,14,18,19,20
2014-10-11,19:00,4824,4,1,3,4,5,8,9,12,16,18,20
2014-10-11,20:00,4825,2,1,2,5,7,8,10,11,16,17,18
2014-10-11,21:00,4826,2,1,2,3,5,7,11,12,16,17,19
2014-10-11,22:00,4827,20,1,3,6,8,11,12,13,16,17,20
2014-10-11,23:00,4828,10,2,4,5,6,12,13,14,16,18,20
2014-10-12,07:00,4829,18,1,2,3,4,6,7,8,9,13,16
2014-10-12,08:00,4830,11,8,9,10,11,12,14,15,16,17,19
2014-10-12,09:00,4831,3,1,2,3,4,8,11,12,13,17,19
2014-10-12,10:00,4832,7,1,2,3,5,7,11,13,17,18,20
2014-10-12,11:00,4833,19,3,4,5,9,11,12,14,15,16,20
2014-10-12,12:00,4834,9,1,4,5,7,9,11,12,13,14,15
2014-10-12,13:00,4835,2,1,2,3,4,5,9,11,12,15,16
2014-10-12,14:00,4836,16,1,4,5,6,7,9,11,13,17,19
2014-10-12,15:00,4837,16,1,5,6,7,10,12,13,15,16,17
2014-10-12,16:00,4838,6,3,4,5,10,12,13,16,17,18,19
2014-10-12,17:00,4839,19,1,4,5,6,7,8,13,15,17,18
2014-10-12,18:00,4840,20,1,4,5,6,11,14,15,17,19,20
2014-10-12,19:00,4841,13,1,3,4,5,8,9,10,16,17,20
2014-10-12,20:00,4842,3,2,4,5,7,8,14,16,17,19,20
2014-10-12,21:00,4843,14,1,4,6,7,10,12,13,14,18,19
2014-10-12,22:00,4844,8,3,5,8,10,15,16,17,18,19,20
2014-10-12,23:00,4845,15,3,7,8,9,10,11,14,16,18,19
2014-10-13,07:00,4846,5,1,4,5,8,10,13,14,16,18,20
2014-10-13,08:00,4847,18,1,4,5,6,7,11,12,13,16,19
2014-10-13,09:00,4848,2,1,3,4,5,6,12,16,18,19,20
2014-10-13,10:00,4849,18,2,3,4,5,7,10,12,13,15,19
2014-10-13,11:00,4850,8,3,6,7,8,9,12,14,15,16,17
2014-10-13,12:00,4851,9,1,3,5,6,7,11,12,16,19,20
2014-10-13,13:00,4852,3,1,2,5,9,10,11,12,13,14,16
2014-10-13,14:00,4853,5,1,3,5,7,10,13,14,16,17,20
2014-10-13,15:00,4854,5,4,5,6,7,9,13,14,16,17,20
2014-10-13,16:00,4855,13,2,6,9,12,13,14,15,16,17,20
2014-10-13,17:00,4856,10,1,3,6,7,9,10,13,15,18,19
2014-10-13,18:00,4857,18,1,2,3,6,7,12,13,15,16,20
2014-10-13,19:00,4858,8,1,2,3,4,7,10,11,14,18,20
2014-10-13,20:00,4859,10,1,2,3,4,5,6,7,11,13,17
2014-10-13,21:00,4860,8,3,5,6,8,10,13,14,15,17,19
2014-10-13,22:00,4861,13,1,2,4,6,7,10,13,15,18,19
2014-10-13,23:00,4862,12,1,2,4,5,8,9,10,13,14,20
2014-10-14,07:00,4863,19,2,3,5,7,9,10,16,17,18,19
2014-10-14,08:00,4864,20,1,2,3,6,7,10,11,13,14,17
2014-10-14,09:00,4865,13,2,4,5,8,11,13,15,16,18,20
2014-10-14,10:00,4866,15,1,2,4,6,9,11,13,14,15,19
2014-10-14,11:00,4867,1,1,2,3,8,9,12,13,14,17,18
2014-10-14,12:00,4868,9,2,3,5,6,8,10,12,13,15,16
2014-10-14,13:00,4869,9,2,3,4,6,10,13,14,15,17,20
2014-10-14,14:00,4870,20,3,4,5,7,10,11,12,15,19,20
2014-10-14,15:00,4871,12,3,4,5,6,7,10,11,15,18,20
2014-10-14,16:00,4872,15,1,3,8,10,11,12,14,17,18,19
2014-10-14,17:00,4873,4,2,3,5,8,11,13,15,18,19,20
2014-10-14,18:00,4874,18,1,2,4,5,7,9,10,13,19,20
2014-10-14,19:00,4875,18,3,6,7,9,14,15,16,17,18,19
2014-10-14,20:00,4876,14,2,3,4,7,8,9,14,15,16,19
2014-10-14,21:00,4877,14,4,5,6,7,9,13,14,15,18,20
2014-10-14,22:00,4878,15,2,5,7,9,10,11,14,17,19,20
2014-10-14,23:00,4879,1,1,2,4,8,10,11,13,14,15,19
2014-10-15,07:00,4880,18,1,6,9,10,12,13,16,17,19,20
2014-10-15,08:00,4881,17,1,3,5,10,12,14,15,18,19,20
2014-10-15,09:00,4882,19,2,4,8,9,10,11,13,16,17,20
2014-10-15,10:00,4883,16,4,5,6,7,8,14,15,16,18,19
2014-10-15,11:00,4884,1,2,3,4,5,8,9,12,15,17,19
2014-10-15,12:00,4885,14,2,4,7,11,12,14,17,18,19,20
2014-10-15,13:00,4886,6,2,4,5,9,10,12,13,17,18,19
2014-10-15,14:00,4887,16,1,5,6,8,9,10,12,13,17,18
2014-10-15,15:00,4888,6,4,5,6,7,8,9,15,16,18,19
2014-10-15,16:00,4889,4,1,4,7,9,11,12,13,17,18,20
2014-10-15,17:00,4890,20,1,3,9,11,13,14,15,16,18,19
2014-10-15,18:00,4891,14,1,3,5,6,9,12,13,18,19,20
2014-10-15,19:00,4892,11,4,5,6,7,9,11,14,15,18,19
2014-10-15,20:00,4893,10,3,7,8,9,10,12,14,15,17,18
2014-10-15,21:00,4894,2,1,3,4,6,8,9,13,15,17,18
2014-10-15,22:00,4895,20,1,2,3,5,8,11,12,18,19,20
2014-10-15,23:00,4896,4,2,6,7,8,10,14,15,17,19,20
2014-10-16,07:00,4897,1,4,5,7,8,9,14,15,17,18,20
2014-10-16,08:00,4898,20,1,6,7,9,10,11,13,15,16,20
2014-10-16,09:00,4899,4,2,6,9,10,12,13,15,16,19,20
2014-10-16,10:00,4900,3,1,5,6,8,11,14,15,16,17,20
2014-10-16,11:00,4901,12,2,3,5,8,10,13,14,15,17,20
2014-10-16,12:00,4902,9,1,3,5,7,8,9,10,13,14,19
2014-10-16,13:00,4903,19,1,4,8,9,11,13,16,17,19,20
2014-10-16,14:00,4904,6,3,4,5,7,9,11,13,14,15,17
2014-10-16,15:00,4905,9,1,4,6,7,10,11,14,17,19,20
2014-10-16,16:00,4906,4,1,2,3,8,9,13,14,15,16,20
2014-10-16,17:00,4907,6,1,2,4,11,13,15,16,17,18,20
2014-10-16,18:00,4908,9,2,3,4,6,8,13,15,17,18,20
2014-10-16,19:00,4909,2,1,3,4,7,8,10,12,13,15,18
2014-10-16,20:00,4910,3,1,2,4,6,10,15,16,17,18,19
2014-10-16,21:00,4911,16,1,2,3,4,6,9,11,13,15,19
2014-10-16,22:00,4912,19,1,3,10,12,13,14,17,18,19,20
2014-10-16,23:00,4913,10,1,4,5,6,7,13,14,18,19,20
2014-10-17,07:00,4914,12,1,2,9,10,12,14,15,16,19,20
2014-10-17,08:00,4915,12,4,6,8,9,11,13,14,17,19,20
2014-10-17,09:00,4916,12,3,4,5,6,12,14,17,18,19,20
2014-10-17,10:00,4917,18,2,3,5,8,10,12,13,15,17,20
2014-10-17,11:00,4918,20,1,3,6,8,9,11,12,13,16,18
2014-10-17,12:00,4919,19,1,2,3,4,7,8,12,14,17,18
2014-10-17,13:00,4920,7,1,2,3,5,7,10,12,13,17,20
2014-10-17,14:00,4921,11,1,2,5,9,10,11,12,14,15,18
2014-10-17,15:00,4922,8,1,4,5,6,8,10,12,15,17,19
2014-10-17,16:00,4923,20,1,2,5,7,9,10,13,15,19,20
2014-10-17,17:00,4924,3,5,8,10,11,12,13,14,15,16,19
2014-10-17,18:00,4925,10,1,4,8,9,13,14,15,17,18,20
2014-10-17,19:00,4926,4,1,3,4,6,7,13,14,15,16,19
2014-10-17,20:00,4927,5,6,7,9,11,12,13,17,18,19,20
2014-10-17,21:00,4928,11,1,2,8,10,11,12,16,17,18,20
2014-10-17,22:00,4929,7,2,4,5,8,9,11,12,15,16,18
2014-10-17,23:00,4930,10,3,4,7,8,9,11,12,14,15,17
2014-10-18,07:00,4931,15,1,2,3,5,8,9,10,14,15,16
2014-10-18,08:00,4932,13,2,4,6,9,11,14,16,18,19,20
2014-10-18,09:00,4933,20,1,5,7,10,11,15,17,18,19,20
2014-10-18,10:00,4934,19,1,2,3,9,11,15,16,17,18,19
2014-10-18,11:00,4935,10,3,4,6,7,9,11,13,17,18,19
2014-10-18,12:00,4936,10,1,2,3,6,7,10,13,14,19,20
2014-10-18,13:00,4937,14,2,6,7,11,13,15,16,17,18,20
2014-10-18,14:00,4938,12,2,9,12,13,14,16,17,18,19,20
2014-10-18,15:00,4939,8,3,4,6,7,9,12,14,15,17,19
2014-10-18,16:00,4940,9,3,4,7,8,12,13,15,17,18,20
2014-10-18,17:00,4941,6,3,4,6,7,8,9,15,16,17,18
2014-10-18,18:00,4942,3,2,3,4,5,8,9,13,15,16,20
2014-10-18,19:00,4943,7,2,5,7,8,13,14,15,16,17,20
2014-10-18,20:00,4944,10,2,3,6,11,12,13,14,16,17,18
2014-10-18,21:00,4945,1,1,3,5,7,10,12,15,16,17,18
2014-10-18,22:00,4946,18,1,2,3,5,6,7,9,12,16,20
2014-10-18,23:00,4947,4,4,5,6,7,9,14,15,16,17,18
2014-10-19,07:00,4948,10,2,3,5,6,7,10,11,14,15,20
2014-10-19,08:00,4949,5,1,3,7,9,10,11,14,16,17,18
2014-10-19,09:00,4950,8,4,6,8,12,13,14,16,17,19,20
2014-10-19,10:00,4951,18,2,3,5,7,9,10,13,16,18,19
2014-10-19,11:00,4952,19,1,2,5,6,7,8,9,13,16,17
2014-10-19,12:00,4953,16,1,2,3,5,7,8,11,16,17,19
2014-10-19,13:00,4954,18,1,2,4,5,7,10,11,12,14,18
2014-10-19,14:00,4955,8,1,3,4,6,9,10,13,14,17,19
2014-10-19,15:00,4956,7,1,2,3,4,6,8,10,11,13,18
2014-10-19,16:00,4957,14,1,4,6,7,8,9,10,15,16,18
2014-10-19,17:00,4958,2,2,4,6,8,9,10,12,18,19,20
2014-10-19,18:00,4959,18,1,3,5,7,11,13,14,15,19,20
2014-10-19,19:00,4960,17,2,3,9,10,11,13,14,16,17,19
2014-10-19,20:00,4961,1,1,3,4,7,8,9,10,11,12,19
2014-10-19,21:00,4962,8,1,5,7,10,12,13,15,18,19,20
2014-10-19,22:00,4963,13,4,5,6,9,11,13,14,15,18,19
2014-10-19,23:00,4964,15,2,5,7,8,10,11,15,16,18,19
2014-10-20,07:00,4965,13,2,4,5,6,7,8,16,17,18,19
2014-10-20,08:00,4966,12,1,3,5,6,7,9,10,13,14,18
2014-10-20,09:00,4967,1,1,6,9,10,11,12,14,16,18,20
2014-10-20,10:00,4968,16,1,2,7,8,9,10,11,14,15,18
2014-10-20,11:00,4969,13,6,7,8,11,13,14,15,16,18,19
2014-10-20,12:00,4970,14,1,2,6,7,8,9,11,13,16,18
2014-10-20,13:00,4971,15,1,4,8,9,11,14,17,18,19,20
2014-10-20,14:00,4972,10,1,2,4,6,7,8,12,14,15,18
2014-10-20,15:00,4973,13,1,3,4,6,8,10,13,15,16,18
2014-10-20,16:00,4974,20,1,2,3,4,7,8,11,12,13,15
2014-10-20,17:00,4975,16,1,3,5,6,7,8,10,14,17,19
2014-10-20,18:00,4976,18,7,8,9,10,12,14,15,16,18,19
2014-10-20,19:00,4977,9,1,4,5,7,8,10,11,12,19,20
2014-10-20,20:00,4978,4,2,3,4,6,8,10,12,13,16,19
2014-10-20,21:00,4979,6,3,5,6,7,8,10,12,14,15,19
2014-10-20,22:00,4980,1,3,5,6,10,12,13,15,17,18,19
2014-10-20,23:00,4981,19,3,4,7,9,11,13,14,16,17,19
2014-10-21,07:00,4982,18,1,6,7,10,11,12,14,15,16,17
2014-10-21,08:00,4983,1,5,7,9,10,11,13,17,18,19,20
2014-10-21,09:00,4984,17,3,5,6,7,9,12,14,15,17,20
2014-10-21,10:00,4985,18,2,3,5,8,13,14,15,16,19,20
2014-10-21,11:00,4986,6,2,4,5,6,7,10,11,13,14,16
2014-10-21,12:00,4987,9,1,4,8,9,11,13,14,15,16,20
2014-10-21,13:00,4988,8,2,3,5,9,13,14,15,18,19,20
2014-10-21,14:00,4989,4,4,5,7,12,13,14,15,18,19,20
2014-10-21,15:00,4990,2,5,6,8,9,12,14,16,17,18,19
2014-10-21,16:00,4991,16,3,4,5,11,13,14,15,16,19,20
2014-10-21,17:00,4992,1,1,2,5,6,8,9,12,17,19,20
2014-10-21,18:00,4993,12,1,2,4,5,6,9,11,13,17,20
2014-10-21,19:00,4994,3,2,7,10,12,13,14,15,17,18,19
2014-10-21,20:00,4995,18,1,3,5,6,8,10,12,13,17,20
2014-10-21,21:00,4996,11,1,2,3,4,5,6,9,13,17,18
2014-10-21,22:00,4997,17,1,2,3,7,8,9,11,12,17,19
2014-10-21,23:00,4998,4,2,8,9,10,14,15,16,17,18,19
2014-10-22,07:00,4999,20,1,2,3,4,5,7,10,11,13,20
2014-10-22,08:00,5000,18,3,4,7,8,9,11,13,14,16,17
2014-10-22,09:00,5001,2,1,2,4,6,7,10,11,15,16,20
2014-10-22,10:00,5002,19,1,5,6,7,12,14,17,18,19,20
2014-10-22,11:00,5003,8,1,2,4,6,8,10,12,13,17,19
2014-10-22,12:00,5004,4,1,8,9,11,12,13,15,18,19,20
2014-10-22,13:00,5005,19,3,4,5,6,8,10,12,14,17,19
2014-10-22,14:00,5006,5,2,4,7,9,10,13,14,16,17,19
2014-10-22,15:00,5007,17,1,3,5,6,10,13,15,16,17,19
2014-10-22,16:00,5008,13,1,2,4,5,7,11,12,15,17,18
2014-10-22,17:00,5009,7,1,2,3,4,5,11,13,16,18,19
2014-10-22,18:00,5010,5,5,7,8,9,10,11,14,15,17,20
2014-10-22,19:00,5011,20,2,3,7,9,10,12,13,17,19,20
2014-10-22,20:00,5012,4,3,4,5,11,12,14,15,16,17,19
2014-10-22,21:00,5013,13,2,3,6,7,9,11,14,15,17,18
2014-10-22,22:00,5014,6,1,3,4,5,7,8,9,14,16,19
2014-10-22,23:00,5015,11,3,4,8,10,11,13,16,17,18,20
2014-10-23,07:00,5016,14,2,3,4,5,6,12,16,18,19,20
2014-10-23,08:00,5017,14,6,7,9,10,11,14,17,18,19,20
2014-10-23,09:00,5018,13,2,3,5,6,8,9,10,12,18,20
2014-10-23,10:00,5019,13,3,4,5,8,9,13,15,16,17,19
2014-10-23,11:00,5020,3,2,5,6,7,9,10,14,15,19,20
2014-10-23,12:00,5021,17,3,5,7,9,10,11,14,15,16,17
2014-10-23,13:00,5022,1,1,4,8,9,12,13,14,16,18,19
2014-10-23,14:00,5023,2,2,4,9,10,11,12,15,16,17,20
2014-10-23,15:00,5024,3,1,2,3,4,5,6,8,15,16,18
2014-10-23,16:00,5025,11,2,8,9,11,12,13,15,18,19,20
2014-10-23,17:00,5026,18,5,6,10,11,12,14,17,18,19,20
2014-10-23,18:00,5027,11,2,4,5,8,11,12,15,17,18,20
2014-10-23,19:00,5028,6,3,4,8,9,10,11,12,14,17,18
2014-10-23,20:00,5029,3,1,2,4,5,6,8,10,12,16,17
2014-10-23,21:00,5030,3,1,2,3,4,5,8,9,11,13,14
2014-10-23,22:00,5031,5,2,3,6,7,13,16,17,18,19,20
2014-10-23,23:00,5032,4,1,2,5,6,8,9,10,11,13,20
2014-10-24,07:00,5033,18,1,2,4,8,12,13,14,15,17,19
2014-10-24,08:00,5034,9,2,4,5,6,7,8,9,11,18,20
2014-10-24,09:00,5035,17,1,3,6,10,11,15,16,17,18,19
2014-10-24,10:00,5036,18,1,3,5,8,10,12,13,15,16,17
2014-10-24,11:00,5037,4,4,7,8,9,10,11,13,15,18,19
2014-10-24,12:00,5038,17,1,2,6,9,10,11,16,17,19,20
2014-10-24,13:00,5039,4,1,2,5,8,10,11,15,16,18,19
2014-10-24,14:00,5040,16,1,5,6,7,9,12,14,16,17,19
2014-10-24,15:00,5041,7,2,4,9,10,11,12,13,14,19,20
2014-10-24,16:00,5042,8,1,3,4,7,8,9,11,12,14,18
2014-10-24,17:00,5043,18,1,7,8,10,11,14,15,16,18,20
2014-10-24,18:00,5044,2,1,3,4,6,7,9,12,14,16,20
2014-10-24,19:00,5045,13,2,4,5,6,9,11,16,17,18,20
2014-10-24,20:00,5046,3,1,2,4,8,11,12,15,16,17,18
2014-10-24,21:00,5047,13,1,2,3,9,10,11,12,13,15,16
2014-10-24,22:00,5048,10,1,5,7,8,10,12,13,16,19,20
2014-10-24,23:00,5049,7,1,2,3,5,6,8,9,11,13,19
2014-10-25,07:00,5050,2,2,4,7,10,13,14,15,17,18,20
2014-10-25,08:00,5051,18,2,4,5,6,9,10,13,15,16,18
2014-10-25,09:00,5052,20,2,3,4,7,10,11,13,16,17,20
2014-10-25,10:00,5053,10,1,2,5,10,12,13,14,16,18,19
2014-10-25,11:00,5054,11,1,3,4,5,6,9,11,16,18,19
2014-10-25,12:00,5055,20,1,2,3,5,8,9,12,16,17,18
2014-10-25,13:00,5056,4,3,5,8,9,10,15,16,17,18,19
2014-10-25,14:00,5057,1,1,3,5,8,9,10,11,14,16,19
2014-10-25,15:00,5058,10,1,3,4,6,11,12,14,16,19,20
2014-10-25,16:00,5059,20,1,3,6,9,12,13,14,15,16,17
2014-10-25,17:00,5060,15,1,2,4,6,10,11,12,16,18,19
2014-10-25,18:00,5061,16,1,4,5,7,9,13,16,17,18,19
2014-10-25,19:00,5062,1,1,3,5,6,7,9,15,16,17,18
2014-10-25,20:00,5063,1,6,7,8,9,12,14,16,17,18,20
2014-10-25,21:00,5064,8,1,2,5,6,7,9,11,12,13,20
2014-10-25,22:00,5065,4,1,4,6,7,9,10,13,15,16,20
2014-10-25,23:00,5066,17,3,5,6,8,9,10,11,14,15,17
2014-10-26,07:00,5067,1,2,3,6,8,11,12,13,14,18,19
2014-10-26,08:00,5068,10,2,3,6,8,9,11,14,16,18,19
2014-10-26,09:00,5069,2,1,2,3,4,5,6,11,13,14,18
2014-10-26,10:00,5070,13,1,4,5,6,9,11,14,16,17,19
2014-10-26,11:00,5071,7,1,2,5,8,10,13,15,16,18,20
2014-10-26,12:00,5072,8,1,4,7,8,10,11,14,17,18,19
2014-10-26,13:00,5073,19,1,2,3,5,6,9,11,12,15,19
2014-10-26,14:00,5074,20,2,4,6,9,10,11,12,17,18,19
2014-10-26,15:00,5075,4,1,5,10,11,13,14,15,17,19,20
2014-10-26,16:00,5076,7,2,3,4,7,8,9,10,11,16,19
2014-10-26,17:00,5077,3,1,4,7,10,13,14,15,18,19,20
2014-10-26,18:00,5078,3,1,2,6,7,8,10,12,14,15,18
2014-10-26,19:00,5079,20,1,3,5,7,8,9,13,15,18,19
2014-10-26,20:00,5080,9,3,5,8,9,11,12,13,15,16,20
2014-10-26,21:00,5081,1,1,2,4,6,7,13,14,17,18,20
2014-10-26,22:00,5082,20,1,9,11,12,13,15,17,18,19,20
2014-10-26,23:00,5083,8,1,7,8,9,12,14,15,16,19,20
2014-10-27,07:00,5084,20,1,6,8,10,11,12,13,15,18,19
2014-10-27,08:00,5085,6,2,4,6,7,8,9,16,17,18,19
2014-10-27,09:00,5086,9,3,5,8,9,11,12,13,15,17,18
2014-10-27,10:00,5087,2,1,2,9,10,12,15,16,17,18,20
2014-10-27,11:00,5088,20,5,6,9,11,12,14,15,17,19,20
2014-10-27,12:00,5089,18,5,6,7,11,12,13,14,17,18,19
2014-10-27,13:00,5090,20,1,4,5,6,10,11,12,14,15,19
2014-10-27,14:00,5091,7,3,4,5,6,11,12,13,14,16,18
2014-10-27,15:00,5092,14,1,2,4,9,14,16,17,18,19,20
2014-10-27,16:00,5093,7,4,7,8,9,10,12,13,15,19,20
2014-10-27,17:00,5094,3,2,3,4,7,11,12,13,14,15,19
2014-10-27,18:00,5095,11,1,2,4,5,7,11,14,17,19,20
2014-10-27,19:00,5096,3,4,5,6,8,9,10,12,15,16,18
2014-10-27,20:00,5097,9,2,6,8,9,11,12,13,14,18,20
2014-10-27,21:00,5098,9,1,2,8,10,11,12,13,17,18,19
2014-10-27,22:00,5099,7,3,6,7,8,9,10,11,13,16,19
2014-10-27,23:00,5100,20,3,4,5,6,7,9,14,16,18,19
2014-10-28,07:00,5101,3,2,3,4,5,7,8,9,13,16,17
2014-10-28,08:00,5102,3,4,5,6,7,8,9,10,13,17,18
2014-10-28,09:00,5103,8,2,3,5,8,9,12,13,16,18,19
2014-10-28,10:00,5104,12,2,5,9,10,11,13,14,17,18,20
2014-10-28,11:00,5105,11,1,2,3,7,8,9,12,14,17,20
2014-10-28,12:00,5106,11,1,3,4,5,6,11,14,17,19,20
2014-10-28,13:00,5107,13,1,5,6,9,11,13,14,15,17,18
2014-10-28,14:00,5108,2,1,2,3,4,6,8,10,13,16,19
2014-10-28,15:00,5109,14,5,8,9,10,13,14,16,17,18,20
2014-10-28,16:00,5110,6,2,5,6,11,12,14,15,18,19,20
2014-10-28,17:00,5111,17,5,7,8,9,11,13,15,16,17,18
2014-10-28,18:00,5112,1,1,4,7,10,11,16,17,18,19,20
2014-10-28,19:00,5113,13,2,5,6,7,9,11,12,13,17,20
2014-10-28,20:00,5114,14,3,4,5,6,9,13,15,16,17,19
2014-10-28,21:00,5115,6,1,4,5,10,13,14,15,16,19,20
2014-10-28,22:00,5116,19,2,3,4,6,9,11,13,15,17,18
2014-10-28,23:00,5117,20,1,3,5,7,9,10,11,14,17,19
2014-10-29,07:00,5118,14,3,4,6,8,9,11,13,17,18,20
2014-10-29,08:00,5119,13,1,2,5,6,8,9,12,15,17,19
2014-10-29,09:00,5120,4,2,4,5,7,11,12,13,16,17,18
2014-10-29,10:00,5121,2,1,4,5,6,10,12,14,16,19,20
2014-10-29,11:00,5122,20,2,3,8,10,13,14,15,16,18,19
2014-10-29,12:00,5123,13,1,3,4,5,6,7,12,14,18,19
2014-10-29,13:00,5124,11,2,6,7,8,9,12,16,17,19,20
2014-10-29,14:00,5125,1,1,2,3,4,8,12,13,14,17,20
2014-10-29,15:00,5126,14,3,4,5,7,11,13,16,17,18,19
2014-10-29,16:00,5127,7,2,4,5,6,11,13,15,16,17,19
2014-10-29,17:00,5128,9,1,3,7,8,9,10,11,14,15,19
2014-10-29,18:00,5129,12,1,3,4,5,6,9,10,11,15,19
2014-10-29,19:00,5130,12,1,7,10,11,13,15,16,17,18,20
2014-10-29,20:00,5131,12,2,6,7,10,11,12,17,18,19,20
2014-10-29,21:00,5132,18,1,3,4,5,8,9,10,12,18,20
2014-10-29,22:00,5133,13,1,2,3,4,7,8,9,11,15,16
2014-10-29,23:00,5134,11,1,2,4,7,9,13,15,18,19,20
2014-10-30,07:00,5135,12,3,6,8,10,11,13,15,16,19,20
2014-10-30,08:00,5136,20,3,4,6,8,10,12,13,14,16,20
2014-10-30,09:00,5137,16,2,6,7,8,10,14,16,17,18,20
2014-10-30,10:00,5138,13,1,2,4,6,7,10,11,15,16,19
2014-10-30,11:00,5139,4,3,4,5,6,9,14,15,18,19,20
2014-10-30,12:00,5140,18,1,3,4,5,6,10,11,12,14,17
2014-10-30,13:00,5141,1,1,2,4,6,9,12,14,15,19,20
2014-10-30,14:00,5142,16,3,4,6,7,8,11,13,16,17,19
2014-10-30,15:00,5143,7,1,5,7,8,12,13,14,18,19,20
2014-10-30,16:00,5144,14,1,4,5,9,11,12,14,18,19,20
2014-10-30,17:00,5145,19,1,4,8,10,12,13,15,18,19,20
2014-10-30,18:00,5146,6,1,6,8,9,12,14,15,17,19,20
2014-10-30,19:00,5147,13,1,2,3,4,8,12,14,15,17,20
2014-10-30,20:00,5148,3,6,7,8,9,13,14,15,16,18,20
2014-10-30,21:00,5149,16,1,2,3,6,9,10,11,12,15,17
2014-10-30,22:00,5150,17,3,5,9,10,14,15,16,17,19,20
2014-10-30,23:00,5151,14,1,3,6,8,11,12,13,14,15,20
2014-10-31,07:00,5152,10,3,5,9,10,12,15,16,17,19,20
2014-10-31,08:00,5153,1,3,7,8,9,12,13,14,16,17,18
2014-10-31,09:00,5154,7,4,5,9,10,11,14,17,18,19,20
2014-10-31,10:00,5155,15,3,5,8,11,12,14,16,17,18,19
2014-10-31,11:00,5156,13,1,3,6,10,12,13,14,17,18,20
2014-10-31,12:00,5157,14,1,2,3,7,12,13,15,16,18,20
2014-10-31,13:00,5158,20,2,6,7,9,11,14,15,17,18,20
2014-10-31,14:00,5159,9,3,4,7,8,12,13,16,17,18,20
2014-10-31,15:00,5160,17,2,3,5,8,11,12,14,16,17,18
2014-10-31,16:00,5161,16,1,5,6,8,9,10,11,17,18,20
2014-10-31,17:00,5162,9,1,2,3,8,9,10,12,13,17,20
2014-10-31,18:00,5163,4,1,4,7,8,10,11,14,17,18,19
2014-10-31,19:00,5164,20,1,3,4,7,10,11,12,13,18,20
2014-10-31,20:00,5165,6,1,3,6,7,8,10,12,13,14,15
2014-10-31,21:00,5166,5,4,5,7,8,9,10,11,14,18,19
2014-10-31,22:00,5167,4,1,4,6,9,11,15,16,17,19,20
2014-10-31,23:00,5168,1,2,3,4,6,11,12,13,16,17,20
2014-11-01,07:00,5169,15,2,3,7,8,9,10,12,13,18,19
2014-11-01,08:00,5170,20,1,5,6,10,11,12,13,16,17,19
2014-11-01,09:00,5171,10,2,4,9,12,13,15,16,17,18,20
2014-11-01,10:00,5172,14,3,4,5,8,9,11,12,13,16,17
2014-11-01,11:00,5173,5,4,5,6,7,9,12,13,14,17,19
2014-11-01,12:00,5174,1,3,4,5,7,9,10,13,15,17,19
2014-11-01,13:00,5175,18,6,7,8,9,12,14,15,16,18,20
2014-11-01,14:00,5176,19,2,3,4,7,8,9,11,17,19,20
2014-11-01,15:00,5177,9,2,4,7,8,10,11,12,13,14,19
2014-11-01,16:00,5178,20,2,3,5,8,9,10,12,14,16,18
2014-11-01,17:00,5179,17,1,5,6,11,12,13,15,17,18,19
2014-11-01,18:00,5180,19,1,3,6,7,8,9,10,11,13,20
2014-11-01,19:00,5181,20,1,2,5,8,9,11,16,17,18,19
2014-11-01,20:00,5182,9,1,2,4,5,7,9,10,12,13,17
2014-11-01,21:00,5183,12,2,7,9,10,12,13,15,16,17,20
2014-11-01,22:00,5184,9,2,6,8,9,11,12,13,15,19,20
2014-11-01,23:00,5185,7,1,3,6,11,12,13,14,17,18,19
2014-11-02,07:00,5186,18,3,4,5,6,10,11,12,14,15,19
2014-11-02,08:00,5187,3,2,4,5,9,11,12,13,14,17,20
2014-11-02,09:00,5188,5,1,2,3,4,5,9,12,14,17,18
2014-11-02,10:00,5189,11,1,2,7,8,11,12,13,17,18,19
2014-11-02,11:00,5190,6,3,6,7,11,12,14,16,18,19,20
2014-11-02,12:00,5191,1,2,7,8,11,12,13,14,17,19,20
2014-11-02,13:00,5192,2,1,4,5,10,11,12,15,17,19,20
2014-11-02,14:00,5193,6,2,3,5,7,8,12,15,17,18,19
2014-11-02,15:00,5194,7,5,6,7,8,9,10,13,14,18,19
2014-11-02,16:00,5195,5,1,2,9,11,12,13,14,15,16,18
2014-11-02,17:00,5196,15,4,8,9,12,13,15,17,18,19,20
2014-11-02,18:00,5197,2,2,4,5,9,11,12,14,16,18,20
2014-11-02,19:00,5198,19,1,2,5,9,11,12,15,17,18,19
2014-11-02,20:00,5199,6,1,2,3,5,7,9,10,12,15,17
2014-11-02,21:00,5200,15,3,4,5,9,11,14,15,17,18,20
2014-11-02,22:00,5201,6,2,3,4,6,8,10,11,12,13,20
2014-11-02,23:00,5202,8,6,7,8,10,11,12,16,17,18,19
2014-11-03,07:00,5203,4,2,4,6,7,8,9,10,13,15,20
2014-11-03,08:00,5204,6,1,3,4,6,7,8,12,14,18,20
2014-11-03,09:00,5205,17,2,4,7,8,9,10,15,16,17,20
2014-11-03,10:00,5206,19,1,6,8,9,11,12,13,18,19,20
2014-11-03,11:00,5207,2,2,5,6,8,9,10,14,18,19,20
2014-11-03,12:00,5208,20,1,2,4,5,7,9,10,12,14,17
2014-11-03,13:00,5209,3,1,2,3,6,9,12,13,14,17,18
2014-11-03,14:00,5210,18,9,10,11,12,13,14,16,17,18,20
2014-11-03,15:00,5211,7,1,2,5,6,8,10,13,15,19,20
2014-11-03,16:00,5212,15,3,4,6,8,9,10,12,13,14,15
2014-11-03,17:00,5213,15,4,6,7,8,9,10,11,13,15,20
2014-11-03,18:00,5214,19,2,3,7,9,11,15,16,17,18,20
2014-11-03,19:00,5215,19,5,6,7,9,10,12,13,14,18,19
2014-11-03,20:00,5216,9,1,4,6,7,9,13,14,16,19,20
2014-11-03,21:00,5217,11,1,3,4,8,10,11,13,14,17,19
2014-11-03,22:00,5218,8,2,4,5,6,9,12,14,15,16,17
2014-11-03,23:00,5219,13,1,3,4,5,7,9,10,13,17,20
2014-11-04,07:00,5220,18,1,2,3,6,8,9,11,12,16,20
2014-11-04,08:00,5221,12,1,2,3,6,8,9,10,13,16,18
2014-11-04,09:00,5222,7,1,2,3,7,8,9,11,14,18,19
2014-11-04,10:00,5223,2,2,4,5,6,7,10,12,14,16,17
2014-11-04,11:00,5224,12,2,5,7,8,10,14,15,16,18,20
2014-11-04,12:00,5225,17,5,7,8,11,12,14,16,17,19,20
2014-11-04,13:00,5226,3,2,3,7,9,10,13,14,15,17,20
2014-11-04,14:00,5227,19,2,5,7,8,9,10,12,17,18,19
2014-11-04,15:00,5228,11,2,3,4,11,13,14,15,17,18,20
2014-11-04,16:00,5229,2,4,6,7,8,9,10,13,18,19,20
2014-11-04,17:00,5230,15,1,4,6,9,11,12,13,14,16,18
2014-11-04,18:00,5231,3,1,4,6,9,10,12,14,15,18,20
2014-11-04,19:00,5232,9,1,3,7,9,10,11,13,14,18,19
2014-11-04,20:00,5233,10,1,3,5,8,9,10,14,17,18,20
2014-11-04,21:00,5234,4,1,3,6,9,10,12,14,16,17,18
2014-11-04,22:00,5235,19,2,3,5,7,8,9,14,15,17,18
2014-11-04,23:00,5236,15,1,6,7,9,12,13,14,17,19,20
2014-11-05,07:00,5237,7,1,2,3,5,6,11,12,14,16,20
2014-11-05,08:00,5238,11,1,2,3,6,8,9,15,16,17,19
2014-11-05,09:00,5239,9,1,5,7,9,11,12,13,15,16,19
2014-11-05,10:00,5240,17,1,5,7,9,10,11,12,13,15,17
2014-11-05,11:00,5241,10,2,8,11,12,13,16,17,18,19,20
2014-11-05,12:00,5242,19,2,4,6,9,11,12,13,14,15,19
2014-11-05,13:00,5243,17,1,3,5,6,8,9,10,15,17,18
2014-11-05,14:00,5244,20,1,5,6,9,10,11,12,15,16,17
2014-11-05,15:00,5245,3,1,2,3,6,7,12,14,18,19,20
2014-11-05,16:00,5246,11,3,5,7,8,9,14,15,16,18,19
2014-11-05,17:00,5247,13,2,4,9,10,11,12,14,16,19,20
2014-11-05,18:00,5248,13,3,7,8,11,12,13,16,17,19,20
2014-11-05,19:00,5249,20,1,2,4,7,8,9,11,12,19,20
2014-11-05,20:00,5250,1,2,7,8,11,12,13,14,17,18,19
2014-11-05,21:00,5251,20,1,2,4,6,7,9,10,11,13,20
2014-11-05,22:00,5252,8,8,9,10,11,13,15,16,17,18,19
2014-11-05,23:00,5253,17,1,2,5,6,8,10,12,16,17,18
2014-11-06,07:00,5254,2,3,7,8,9,13,14,16,17,19,20
2014-11-06,08:00,5255,5,1,5,6,10,11,12,13,14,15,18
2014-11-06,09:00,5256,18,2,3,4,8,9,14,17,18,19,20
2014-11-06,10:00,5257,18,1,2,3,5,9,10,16,18,19,20
2014-11-06,11:00,5258,11,3,4,5,7,10,11,14,15,16,20
2014-11-06,12:00,5259,1,2,6,10,11,14,15,16,18,19,20
2014-11-06,13:00,5260,1,4,8,9,10,12,14,15,16,19,20
2014-11-06,14:00,5261,12,3,4,5,7,8,9,10,11,18,20
2014-11-06,15:00,5262,6,1,4,5,7,9,10,12,17,18,19
2014-11-06,16:00,5263,1,1,3,5,9,13,14,15,18,19,20
2014-11-06,17:00,5264,20,1,5,7,11,12,13,15,17,18,20
2014-11-06,18:00,5265,8,1,2,5,7,8,9,12,13,18,19
2014-11-06,19:00,5266,2,1,2,3,4,7,8,10,12,15,18
2014-11-06,20:00,5267,15,1,4,5,6,8,9,10,11,13,17
2014-11-06,21:00,5268,11,1,5,6,7,9,11,12,13,16,19
2014-11-06,22:00,5269,15,1,2,5,7,9,10,11,12,17,18
2014-11-06,23:00,5270,18,1,2,9,10,14,15,16,17,18,19
2014-11-07,07:00,5271,11,2,3,4,8,9,13,15,16,17,19
2014-11-07,08:00,5272,5,2,5,6,10,11,12,13,16,18,19
2014-11-07,09:00,5273,6,1,2,3,4,5,8,9,11,17,20
2014-11-07,10:00,5274,20,1,2,5,7,11,13,14,16,17,18
2014-11-07,11:00,5275,10,4,5,6,8,9,10,12,13,14,17
2014-11-07,12:00,5276,15,1,3,4,7,10,13,14,16,17,20
2014-11-07,13:00,5277,10,2,5,6,7,12,13,15,16,17,20
2014-11-07,14:00,5278,3,2,3,7,9,11,15,17,18,19,20
2014-11-07,15:00,5279,18,1,3,6,9,10,11,12,13,15,19
2014-11-07,16:00,5280,9,1,2,3,4,5,7,11,16,17,18
2014-11-07,17:00,5281,8,1,2,6,7,8,9,11,12,15,19
2014-11-07,18:00,5282,17,1,6,8,10,12,13,16,17,18,19
2014-11-07,19:00,5283,17,4,5,7,9,10,15,17,18,19,20
2014-11-07,20:00,5284,20,4,5,7,9,10,13,15,16,17,20
2014-11-07,21:00,5285,10,1,3,5,6,7,9,10,12,14,17
2014-11-07,22:00,5286,7,5,6,8,9,11,12,14,16,17,18
2014-11-07,23:00,5287,20,1,7,9,10,11,12,14,15,19,20
2014-11-08,07:00,5288,11,2,3,4,5,6,7,12,16,17,19
2014-11-08,08:00,5289,2,1,4,5,6,10,15,16,17,19,20
2014-11-08,09:00,5290,8,1,3,6,7,12,15,16,17,18,20
2014-11-08,10:00,5291,9,3,6,7,8,11,14,15,16,19,20
2014-11-08,11:00,5292,13,2,3,5,6,9,10,12,14,16,17
2014-11-08,12:00,5293,20,1,3,5,7,9,10,11,13,19,20
2014-11-08,13:00,5294,13,1,3,6,9,10,12,14,18,19,20
2014-11-08,14:00,5295,14,3,5,6,7,9,11,15,16,19,20
2014-11-08,15:00,5296,12,1,6,8,10,11,14,15,17,18,19
2014-11-08,16:00,5297,13,1,4,6,7,12,13,15,17,18,19
2014-11-08,17:00,5298,6,1,3,6,8,9,10,11,16,19,20
2014-11-08,18:00,5299,1,3,7,8,11,13,15,16,18,19,20
2014-11-08,19:00,5300,9,1,3,4,7,9,10,11,12,14,20
2014-11-08,20:00,5301,18,5,7,8,9,10,11,13,18,19,20
2014-11-08,21:00,5302,19,2,4,10,12,13,15,16,18,19,20
2014-11-08,22:00,5303,8,2,4,6,7,9,13,14,15,19,20
2014-11-08,23:00,5304,8,1,3,5,10,11,13,14,15,18,20
2014-11-09,07:00,5305,7,2,3,4,5,8,10,13,14,15,18
2014-11-09,08:00,5306,8,2,4,5,8,11,16,17,18,19,20
2014-11-09,09:00,5307,7,2,4,7,9,10,12,13,15,17,19
2014-11-09,10:00,5308,11,2,4,5,10,11,13,16,17,18,20
2014-11-09,11:00,5309,11,1,2,3,4,5,6,10,11,18,20
2014-11-09,12:00,5310,6,3,7,10,11,12,13,15,17,18,20
2014-11-09,13:00,5311,8,2,4,5,6,9,12,13,14,16,19
2014-11-09,14:00,5312,18,3,4,5,10,11,12,17,18,19,20
2014-11-09,15:00,5313,4,2,3,4,5,6,8,10,14,16,19
2014-11-09,16:00,5314,9,2,4,5,6,10,11,12,13,17,20
2014-11-09,17:00,5315,15,2,4,7,9,12,13,14,16,17,18
2014-11-09,18:00,5316,6,2,3,4,8,9,10,15,17,18,20
2014-11-09,19:00,5317,15,2,3,4,6,9,11,12,17,18,20
2014-11-09,20:00,5318,5,1,4,6,8,10,13,14,15,17,18
2014-11-09,21:00,5319,12,5,6,7,8,9,12,13,15,16,20
2014-11-09,22:00,5320,15,1,4,8,11,12,16,17,18,19,20
2014-11-09,23:00,5321,16,1,4,5,10,11,13,15,17,18,19
2014-11-10,07:00,5322,17,4,5,6,7,10,13,14,16,17,20
2014-11-10,08:00,5323,14,1,3,4,6,8,10,11,12,13,14
2014-11-10,09:00,5324,11,1,2,3,4,8,11,12,15,18,20
2014-11-10,10:00,5325,17,1,3,5,6,8,11,13,14,19,20
2014-11-10,11:00,5326,15,2,4,5,7,8,9,13,14,15,17
2014-11-10,12:00,5327,2,1,3,6,9,10,11,13,15,16,20
2014-11-10,13:00,5328,1,1,2,4,7,11,13,16,17,19,20
2014-11-10,14:00,5329,14,1,2,3,5,9,11,16,17,18,19
2014-11-10,15:00,5330,3,4,6,7,8,11,14,15,16,17,19
2014-11-10,16:00,5331,5,3,4,5,10,12,13,16,18,19,20
2014-11-10,17:00,5332,9,2,3,4,5,6,8,10,12,13,18
2014-11-10,18:00,5333,20,2,3,9,10,11,12,15,16,18,20
2014-11-10,19:00,5334,8,1,3,4,8,11,14,16,17,18,19
2014-11-10,20:00,5335,19,3,4,5,6,7,8,9,13,14,20
2014-11-10,21:00,5336,2,1,2,5,6,9,10,11,13,16,18
2014-11-10,22:00,5337,16,2,3,4,9,13,14,16,18,19,20
2014-11-10,23:00,5338,18,2,3,4,5,8,11,14,16,17,20
2014-11-11,07:00,5339,5,1,2,3,8,9,10,15,17,18,19
2014-11-11,08:00,5340,3,1,5,6,7,8,9,11,15,19,20
2014-11-11,09:00,5341,13,1,5,6,9,12,13,16,17,18,19
2014-11-11,10:00,5342,10,1,5,6,7,8,12,13,17,19,20
2014-11-11,11:00,5343,17,1,5,6,10,12,13,14,16,19,20
2014-11-11,12:00,5344,3,2,5,6,8,9,13,14,17,18,19
2014-11-11,13:00,5345,6,2,7,8,9,11,12,13,14,19,20
2014-11-11,14:00,5346,16,1,2,5,8,10,11,13,16,17,20
2014-11-11,15:00,5347,10,1,2,5,6,9,10,13,15,16,17
2014-11-11,16:00,5348,2,1,3,8,10,14,15,17,18,19,20
2014-11-11,17:00,5349,4,2,4,6,8,11,12,13,17,18,20
2014-11-11,18:00,5350,9,2,4,5,6,7,9,12,18,19,20
2014-11-11,19:00,5351,5,1,2,4,7,8,10,12,13,14,20
2014-11-11,20:00,5352,11,1,2,3,5,8,11,15,16,17,19
2014-11-11,21:00,5353,1,2,3,4,9,12,13,14,15,17,18
2014-11-11,22:00,5354,13,4,6,7,9,10,12,13,16,18,20
2014-11-11,23:00,5355,20,1,2,3,4,5,11,12,14,19,20
2014-11-12,07:00,5356,18,6,7,9,12,14,15,16,18,19,20
2014-11-12,08:00,5357,10,1,4,7,9,12,13,15,16,18,19
2014-11-12,09:00,5358,3,4,6,8,9,10,11,14,15,16,17
2014-11-12,10:00,5359,2,1,4,7,8,10,11,12,14,15,17
2014-11-12,11:00,5360,2,2,4,9,10,13,15,16,17,18,20
2014-11-12,12:00,5361,17,2,3,7,8,9,13,14,15,16,17
2014-11-12,13:00,5362,14,3,5,6,7,10,11,12,14,17,19
2014-11-12,14:00,5363,10,5,6,9,10,11,12,13,15,17,18
2014-11-12,15:00,5364,8,1,2,5,8,9,10,12,13,15,16
2014-11-12,16:00,5365,3,2,3,6,9,11,13,15,17,18,19
2014-11-12,17:00,5366,10,2,4,5,8,9,10,11,12,18,20
2014-11-12,18:00,5367,5,3,4,7,10,11,12,14,15,16,19
2014-11-12,19:00,5368,11,2,4,6,7,9,10,12,14,15,18
2014-11-12,20:00,5369,11,1,4,5,7,9,10,12,15,16,19
2014-11-12,21:00,5370,10,1,2,3,6,11,12,14,15,17,18
2014-11-12,22:00,5371,4,3,4,5,6,9,13,15,16,19,20
2014-11-12,23:00,5372,11,2,3,4,7,8,9,13,17,19,20
2014-11-13,07:00,5373,12,3,4,7,10,11,12,16,17,19,20
2014-11-13,08:00,5374,15,2,5,7,11,13,14,15,17,19,20
2014-11-13,09:00,5375,2,1,6,8,11,12,14,15,18,19,20
2014-11-13,10:00,5376,6,1,5,6,10,12,13,15,17,19,20
2014-11-13,11:00,5377,5,1,3,5,6,10,11,12,13,18,19
2014-11-13,12:00,5378,20,1,2,4,7,10,11,13,15,16,18
2014-11-13,13:00,5379,17,1,4,5,7,11,13,15,17,19,20
2014-11-13,14:00,5380,4,2,3,4,7,8,12,15,17,18,19
2014-11-13,15:00,5381,18,3,7,8,11,13,15,16,18,19,20
2014-11-13,16:00,5382,1,2,4,5,10,11,13,14,15,16,20
2014-11-13,17:00,5383,16,1,2,3,6,9,11,12,15,17,19
2014-11-13,18:00,5384,2,1,3,9,11,12,13,14,15,16,17
2014-11-13,19:00,5385,1,1,2,3,4,6,8,12,13,16,19
2014-11-13,20:00,5386,5,1,4,6,8,10,11,12,13,15,20
2014-11-13,21:00,5387,16,1,4,5,7,8,10,13,16,18,20
2014-11-13,22:00,5388,2,2,5,7,8,10,12,15,16,18,20
2014-11-13,23:00,5389,12,1,2,3,4,7,9,11,16,18,20
2014-11-14,07:00,5390,16,1,2,3,7,9,11,13,14,15,20
2014-11-14,08:00,5391,16,1,2,5,7,11,14,15,17,18,20
2014-11-14,09:00,5392,13,6,7,8,10,11,14,15,16,17,19
2014-11-14,10:00,5393,8,1,2,8,10,13,15,17,18,19,20
2014-11-14,11:00,5394,15,4,5,7,10,11,12,13,16,18,20
2014-11-14,12:00,5395,10,1,4,6,7,8,9,11,15,16,18
2014-11-14,13:00,5396,13,2,3,4,5,7,8,9,16,17,20
2014-11-14,14:00,5397,2,2,4,6,8,9,11,13,16,18,20
2014-11-14,15:00,5398,5,3,4,7,9,14,15,16,17,18,20
2014-11-14,16:00,5399,8,3,5,7,8,10,11,12,16,17,18
2014-11-14,17:00,5400,1,1,2,6,8,11,12,15,17,18,19
2014-11-14,18:00,5401,9,3,4,5,11,13,15,16,17,19,20
2014-11-14,19:00,5402,5,1,3,5,6,12,13,15,17,18,20
2014-11-14,20:00,5403,8,5,6,8,9,11,14,15,16,17,18
2014-11-14,21:00,5404,14,2,6,7,9,11,15,16,17,18,20
2014-11-14,22:00,5405,9,1,3,4,5,7,10,11,13,16,19
2014-11-14,23:00,5406,14,1,4,5,7,8,9,13,18,19,20
2014-11-15,07:00,5407,1,1,2,5,7,9,11,12,13,15,17
2014-11-15,08:00,5408,4,1,3,4,5,9,11,13,14,16,20
2014-11-15,09:00,5409,10,2,7,8,9,12,13,14,17,19,20
2014-11-15,10:00,5410,18,1,2,8,9,10,13,16,17,18,19
2014-11-15,11:00,5411,19,2,5,6,8,9,13,15,18,19,20
2014-11-15,12:00,5412,7,3,5,8,10,11,12,13,16,17,18
2014-11-15,13:00,5413,16,2,3,4,6,7,9,11,12,13,19
2014-11-15,14:00,5414,2,1,2,3,4,6,11,12,17,19,20
2014-11-15,15:00,5415,13,1,2,7,8,9,10,12,14,17,18
2014-11-15,16:00,5416,7,3,5,7,8,10,11,12,16,17,18
2014-11-15,17:00,5417,12,2,6,9,11,12,13,14,15,17,18
2014-11-15,18:00,5418,7,1,2,5,8,11,13,15,17,18,19
2014-11-15,19:00,5419,18,1,3,6,9,11,13,15,16,17,18
2014-11-15,20:00,5420,2,5,6,8,10,11,14,16,18,19,20
2014-11-15,21:00,5421,8,1,2,4,6,9,10,11,12,14,15
2014-11-15,22:00,5422,20,2,5,7,8,9,11,13,15,17,19
2014-11-15,23:00,5423,11,1,2,5,6,7,9,14,17,18,20
2014-11-16,07:00,5424,14,1,3,4,5,6,9,10,11,16,19
2014-11-16,08:00,5425,17,1,3,4,9,11,13,15,17,18,20
2014-11-16,09:00,5426,3,3,4,5,7,9,10,11,14,16,18
2014-11-16,10:00,5427,4,1,3,5,6,7,9,10,15,16,19
2014-11-16,11:00,5428,16,2,3,4,5,8,11,13,14,15,19
2014-11-16,12:00,5429,18,2,5,7,8,9,12,13,15,18,19
2014-11-16,13:00,5430,12,1,3,4,5,8,9,12,13,14,20
2014-11-16,14:00,5431,14,1,6,8,11,14,15,16,17,18,20
2014-11-16,15:00,5432,17,1,2,3,4,6,7,14,15,16,20
2014-11-16,16:00,5433,7,1,2,7,12,13,15,16,17,19,20
2014-11-16,17:00,5434,9,4,5,6,9,10,11,14,15,19,20
2014-11-16,18:00,5435,6,3,5,7,10,11,13,14,15,16,17
2014-11-16,19:00,5436,17,3,4,6,7,9,10,13,15,16,18
2014-11-16,20:00,5437,3,2,6,7,8,9,13,14,15,16,17
2014-11-16,21:00,5438,3,2,3,4,5,10,12,13,16,18,19
2014-11-16,22:00,5439,15,2,4,5,6,7,9,10,13,17,19
2014-11-16,23:00,5440,4,4,5,7,9,10,11,13,14,18,19
2014-11-17,07:00,5441,11,1,5,6,7,8,10,14,15,18,19
2014-11-17,08:00,5442,6,5,6,7,9,11,15,16,17,19,20
2014-11-17,09:00,5443,10,2,3,6,7,9,10,13,17,19,20
2014-11-17,10:00,5444,16,1,3,6,7,8,11,13,14,17,18
2014-11-17,11:00,5445,11,3,4,6,9,10,13,14,15,17,20
2014-11-17,12:00,5446,15,1,2,5,6,7,11,12,13,15,18
2014-11-17,13:00,5447,20,3,5,6,7,8,9,13,15,18,19
2014-11-17,14:00,5448,1,1,3,5,6,8,11,12,15,16,20
2014-11-17,15:00,5449,1,1,2,3,4,6,7,11,12,16,18
2014-11-17,16:00,5450,12,1,4,6,8,10,11,12,14,15,17
2014-11-17,17:00,5451,14,2,4,7,9,11,12,14,18,19,20
2014-11-17,18:00,5452,9,2,4,5,6,7,10,13,15,16,20
2014-11-17,19:00,5453,6,2,3,4,8,12,13,14,16,18,19
2014-11-17,20:00,5454,17,1,6,8,9,10,12,16,18,19,20
2014-11-17,21:00,5455,18,1,2,4,6,7,9,12,16,19,20
2014-11-17,22:00,5456,4,4,5,6,7,11,15,16,17,18,20
2014-11-17,23:00,5457,19,4,5,6,7,9,13,15,16,17,18
2014-11-18,07:00,5458,19,1,2,3,4,7,12,14,16,17,20
2014-11-18,08:00,5459,7,4,5,7,9,10,11,12,14,15,17
2014-11-18,09:00,5460,20,1,3,5,7,8,10,11,12,14,16
2014-11-18,10:00,5461,12,2,4,5,6,7,13,15,16,18,19
2014-11-18,11:00,5462,7,1,3,4,5,7,10,14,17,19,20
2014-11-18,12:00,5463,10,1,2,3,7,8,9,12,15,19,20
2014-11-18,13:00,5464,15,2,3,4,8,9,14,15,16,18,19
2014-11-18,14:00,5465,3,1,2,4,6,9,10,11,15,16,20
2014-11-18,15:00,5466,19,1,6,7,8,11,12,14,15,16,18
2014-11-18,16:00,5467,1,1,3,7,8,9,13,15,16,17,18
2014-11-18,17:00,5468,4,1,2,3,4,5,8,11,13,14,15
2014-11-18,18:00,5469,6,2,3,4,6,10,11,12,14,17,20
2014-11-18,19:00,5470,17,1,4,6,7,8,10,11,12,15,16
2014-11-18,20:00,5471,9,1,7,10,11,12,13,15,17,18,20
2014-11-18,21:00,5472,7,2,3,4,5,6,8,11,15,18,19
2014-11-18,22:00,5473,12,1,2,3,4,6,7,8,12,13,18
2014-11-18,23:00,5474,6,1,2,4,9,12,13,16,18,19,20
2014-11-19,07:00,5475,17,7,8,10,11,13,14,15,16,18,20
2014-11-19,08:00,5476,3,2,3,5,9,10,11,12,18,19,20
2014-11-19,09:00,5477,18,3,4,5,6,8,10,14,16,17,20
2014-11-19,10:00,5478,13,2,3,6,8,11,13,14,16,19,20
2014-11-19,11:00,5479,7,4,7,9,10,11,14,15,16,17,19
2014-11-19,12:00,5480,11,3,5,6,9,11,12,16,18,19,20
2014-11-19,13:00,5481,2,3,4,6,7,12,16,17,18,19,20
2014-11-19,14:00,5482,5,1,2,5,8,11,12,13,14,16,17
2014-11-19,15:00,5483,17,1,2,4,8,9,10,11,15,18,20
2014-11-19,16:00,5484,15,2,3,5,11,12,13,15,16,17,20
2014-11-19,17:00,5485,7,2,3,5,6,7,9,11,16,17,19
2014-11-19,18:00,5486,2,2,4,5,6,14,15,17,18,19,20
2014-11-19,19:00,5487,16,1,2,3,7,10,14,15,17,18,19
2014-11-19,20:00,5488,20,4,5,7,8,10,12,13,15,17,18
2014-11-19,21:00,5489,18,1,2,8,10,13,14,15,17,18,20
2014-11-19,22:00,5490,12,8,10,11,13,14,16,17,18,19,20
2014-11-19,23:00,5491,13,1,2,3,5,6,7,9,12,13,17
2014-11-20,07:00,5492,9,1,4,7,8,9,10,12,17,19,20
2014-11-20,08:00,5493,5,1,2,5,8,9,10,11,17,19,20
2014-11-20,09:00,5494,19,6,7,8,10,11,13,14,15,19,20
2014-11-20,10:00,5495,4,1,5,7,10,13,14,15,16,17,18
2014-11-20,11:00,5496,2,3,4,7,10,11,12,14,15,17,19
2014-11-20,12:00,5497,13,2,3,7,8,10,14,15,17,18,19
2014-11-20,13:00,5498,8,1,3,5,7,8,9,11,13,16,18
2014-11-20,14:00,5499,20,1,2,6,7,8,10,11,13,17,18
2014-11-20,15:00,5500,19,1,2,4,6,8,9,10,12,17,18
2014-11-20,16:00,5501,12,2,3,4,5,11,12,14,15,19,20
2014-11-20,17:00,5502,12,2,4,7,8,11,14,15,16,17,19
2014-11-20,18:00,5503,2,3,4,7,8,10,11,12,14,19,20
2014-11-20,19:00,5504,17,2,3,4,5,8,10,11,12,15,16
2014-11-20,20:00,5505,3,1,2,3,5,7,9,11,12,14,16
2014-11-20,21:00,5506,7,4,6,7,8,11,12,13,14,16,18
2014-11-20,22:00,5507,1,2,3,4,6,9,10,15,17,19,20
2014-11-20,23:00,5508,8,1,2,4,9,11,15,16,17,18,19
2014-11-21,07:00,5509,20,2,3,5,8,11,12,15,16,18,19
2014-11-21,08:00,5510,4,1,2,4,7,11,12,13,17,18,19
2014-11-21,09:00,5511,9,1,2,4,6,11,13,14,17,19,20
2014-11-21,10:00,5512,19,1,2,4,10,11,12,13,14,18,20
2014-11-21,11:00,5513,15,1,5,8,9,11,15,16,17,18,19
2014-11-21,12:00,5514,8,3,4,7,9,12,13,14,16,18,19
2014-11-21,13:00,5515,17,2,3,4,5,6,8,10,14,15,17
2014-11-21,14:00,5516,9,1,3,4,5,6,10,12,16,17,20
2014-11-21,15:00,5517,14,2,4,5,6,10,12,14,15,17,18
2014-11-21,16:00,5518,3,1,2,3,4,9,11,12,13,15,19
2014-11-21,17:00,5519,3,2,4,6,7,11,12,13,15,17,19
2014-11-21,18:00,5520,18,2,5,6,8,9,11,14,16,17,19
2014-11-21,19:00,5521,20,2,3,6,7,8,9,10,16,19,20
2014-11-21,20:00,5522,7,1,2,3,5,8,11,14,15,17,19
2014-11-21,21:00,5523,17,2,5,6,9,10,11,13,14,15,16
2014-11-21,22:00,5524,18,1,2,4,5,7,10,12,13,18,20
2014-11-21,23:00,5525,19,2,3,4,5,10,11,13,14,15,20
2014-11-22,07:00,5526,4,1,2,7,11,13,14,15,16,17,18
2014-11-22,08:00,5527,9,1,3,7,9,10,11,12,13,18,20
2014-11-22,09:00,5528,13,1,3,4,7,8,10,11,12,18,19
2014-11-22,10:00,5529,9,1,3,6,7,11,13,15,18,19,20
2014-11-22,11:00,5530,4,2,4,8,9,10,11,12,16,17,18
2014-11-22,12:00,5531,13,1,2,4,5,8,11,13,14,17,19
2014-11-22,13:00,5532,4,1,2,3,5,9,12,13,15,18,20
2014-11-22,14:00,5533,18,2,3,4,5,7,10,11,13,15,20
2014-11-22,15:00,5534,19,1,3,4,5,10,11,13,14,16,17
2014-11-22,16:00,5535,17,4,5,6,7,8,11,13,15,16,19
2014-11-22,17:00,5536,10,1,5,8,9,12,14,15,17,19,20
2014-11-22,18:00,5537,14,2,5,6,8,12,14,15,16,17,19
2014-11-22,19:00,5538,19,2,3,4,5,7,8,10,11,12,19
2014-11-22,20:00,5539,11,1,4,5,6,8,9,11,12,14,17
2014-11-22,21:00,5540,15,2,4,7,8,10,11,12,13,14,16
2014-11-22,22:00,5541,1,3,4,5,8,10,12,13,14,16,19
2014-11-22,23:00,5542,16,1,2,4,7,9,10,11,13,18,19
2014-11-23,07:00,5543,11,1,2,5,8,10,11,12,13,15,17
2014-11-23,08:00,5544,20,2,3,4,5,7,8,14,16,19,20
2014-11-23,09:00,5545,19,1,4,5,8,9,10,11,13,14,15
2014-11-23,10:00,5546,16,1,2,3,8,10,12,15,16,17,18
2014-11-23,11:00,5547,4,2,3,4,9,11,12,13,17,18,19
2014-11-23,12:00,5548,9,3,6,7,9,10,11,14,15,17,20
2014-11-23,13:00,5549,4,1,2,7,8,10,12,15,16,19,20
2014-11-23,14:00,5550,18,1,4,7,9,10,16,17,18,19,20
2014-11-23,15:00,5551,4,1,3,5,7,12,13,15,16,18,19
2014-11-23,16:00,5552,19,1,4,9,13,14,15,17,18,19,20
2014-11-23,17:00,5553,10,1,2,5,6,8,9,13,14,16,18
2014-11-23,18:00,5554,3,2,4,7,8,10,11,15,18,19,20
2014-11-23,19:00,5555,19,2,8,10,11,12,13,14,18,19,20
2014-11-23,20:00,5556,12,3,7,9,11,12,13,15,16,17,19
2014-11-23,21:00,5557,9,1,2,3,5,9,10,11,12,15,19
2014-11-23,22:00,5558,2,1,2,6,8,12,15,16,17,19,20
2014-11-23,23:00,5559,20,3,5,8,9,12,13,14,16,18,20
2014-11-24,07:00,5560,4,2,3,9,10,12,14,16,18,19,20
2014-11-24,08:00,5561,20,1,2,3,5,6,7,9,14,15,18
2014-11-24,09:00,5562,11,1,3,4,9,10,11,12,13,14,19
2014-11-24,10:00,5563,12,7,8,9,10,11,14,16,17,18,20
2014-11-24,11:00,5564,14,1,2,4,5,6,7,8,12,18,20
2014-11-24,12:00,5565,10,1,5,6,8,9,10,12,13,15,18
2014-11-24,13:00,5566,2,3,5,6,7,8,9,10,14,15,20
2014-11-24,14:00,5567,13,2,3,4,6,7,10,11,13,15,17
2014-11-24,15:00,5568,5,1,4,5,8,9,12,13,15,16,19
2014-11-24,16:00,5569,3,1,3,4,5,7,8,11,14,15,16
2014-11-24,17:00,5570,9,5,7,8,10,11,12,15,17,19,20
2014-11-24,18:00,5571,6,6,7,8,10,12,13,16,18,19,20
2014-11-24,19:00,5572,12,1,2,4,5,6,7,9,11,17,18
2014-11-24,20:00,5573,19,2,3,6,10,11,12,15,17,18,19
2014-11-24,21:00,5574,4,1,2,5,8,10,13,14,15,16,18
2014-11-24,22:00,5575,1,1,2,3,9,10,12,14,15,19,20
2014-11-24,23:00,5576,10,1,3,4,9,10,11,12,14,15,17
2014-11-25,07:00,5577,5,1,5,6,9,11,12,13,14,17,20
2014-11-25,08:00,5578,15,1,2,3,4,6,8,10,12,17,18
2014-11-25,09:00,5579,3,1,2,4,5,6,8,11,16,17,19
2014-11-25,10:00,5580,19,1,2,3,4,5,7,10,12,15,16
2014-11-25,11:00,5581,2,1,4,7,8,9,10,11,14,16,17
2014-11-25,12:00,5582,5,4,5,11,12,13,14,15,16,18,19
2014-11-25,13:00,5583,6,1,2,3,4,6,11,12,14,16,20
2014-11-25,14:00,5584,10,4,6,7,8,9,12,14,17,18,20
2014-11-25,15:00,5585,2,4,5,7,8,12,14,15,16,17,20
2014-11-25,16:00,5586,8,4,5,8,9,10,13,14,16,18,20
2014-11-25,17:00,5587,7,1,5,6,7,9,10,14,17,18,20
2014-11-25,18:00,5588,14,2,3,5,8,9,12,14,18,19,20
2014-11-25,19:00,5589,18,1,2,4,6,11,14,16,18,19,20
2014-11-25,20:00,5590,7,5,6,7,9,10,13,15,16,18,20
2014-11-25,21:00,5591,12,1,5,6,9,11,14,17,18,19,20
2014-11-25,22:00,5592,5,3,6,7,9,11,14,15,18,19,20
2014-11-25,23:00,5593,1,1,2,3,4,6,9,10,11,13,14
2014-11-26,07:00,5594,19,3,4,7,11,12,14,16,17,18,20
2014-11-26,08:00,5595,3,3,4,7,8,10,14,15,16,17,19
2014-11-26,09:00,5596,12,1,3,5,9,10,13,14,15,16,20
2014-11-26,10:00,5597,9,1,2,4,5,9,10,11,12,18,19
2014-11-26,11:00,5598,18,2,4,5,7,8,9,11,12,17,20
2014-11-26,12:00,5599,14,1,3,4,5,6,8,13,14,16,19
2014-11-26,13:00,5600,8,1,5,8,12,14,15,16,17,19,20
2014-11-26,14:00,5601,16,2,3,8,10,11,12,13,14,15,19
2014-11-26,15:00,5602,18,1,4,6,7,12,13,15,16,17,18
2014-11-26,16:00,5603,13,1,2,6,7,9,13,14,16,18,19
2014-11-26,17:00,5604,18,3,4,6,7,8,9,10,11,16,18
2014-11-26,18:00,5605,4,3,4,6,10,11,12,14,15,16,18
2014-11-26,19:00,5606,3,3,5,6,11,13,14,15,17,18,20
2014-11-26,20:00,5607,2,1,4,5,6,8,13,15,16,17,19
2014-11-26,21:00,5608,9,1,3,4,6,8,10,11,14,15,16
2014-11-26,22:00,5609,4,3,5,6,8,9,11,15,17,18,19
2014-11-26,23:00,5610,1,1,3,5,6,7,11,13,14,16,17
2014-11-27,07:00,5611,2,1,2,4,6,7,8,9,10,13,18
2014-11-27,08:00,5612,2,4,5,8,9,10,11,12,15,19,20
2014-11-27,09:00,5613,19,1,2,5,6,7,9,10,15,16,17
2014-11-27,10:00,5614,16,3,4,6,8,12,13,14,16,18,20
2014-11-27,11:00,5615,14,2,3,4,5,7,9,12,15,18,19
2014-11-27,12:00,5616,18,4,5,6,8,9,11,12,13,15,16
2014-11-27,13:00,5617,16,2,4,5,6,7,8,13,14,18,20
2014-11-27,14:00,5618,7,1,2,4,7,8,10,11,14,19,20
2014-11-27,15:00,5619,6,3,4,6,8,9,11,13,17,18,19
2014-11-27,16:00,5620,15,1,6,7,8,10,12,14,17,19,20
2014-11-27,17:00,5621,19,2,4,6,7,13,15,16,17,18,19
2014-11-27,18:00,5622,14,1,3,7,8,9,13,15,17,19,20
2014-11-27,19:00,5623,7,4,5,6,7,8,9,10,11,15,19
2014-11-27,20:00,5624,1,1,4,6,8,10,12,14,15,18,20
2014-11-27,21:00,5625,1,2,4,6,7,10,11,13,17,19,20
2014-11-27,22:00,5626,4,2,3,4,7,10,14,17,18,19,20
2014-11-27,23:00,5627,6,2,6,8,9,10,11,12,13,14,20
2014-11-28,07:00,5628,3,1,3,5,7,8,9,11,13,19,20
2014-11-28,08:00,5629,16,3,4,8,9,10,14,15,16,18,20
2014-11-28,09:00,5630,15,1,2,3,4,6,7,12,13,14,17
2014-11-28,10:00,5631,20,1,2,6,7,8,9,13,16,19,20
2014-11-28,11:00,5632,18,1,2,4,7,10,11,15,16,18,19
2014-11-28,12:00,5633,20,1,2,4,5,7,9,10,15,16,19
2014-11-28,13:00,5634,20,1,3,4,6,7,9,12,16,17,20
2014-11-28,14:00,5635,12,1,2,7,8,11,13,14,17,18,19
2014-11-28,15:00,5636,16,1,2,3,4,6,11,13,15,18,19
2014-11-28,16:00,5637,17,1,2,3,5,11,12,13,17,18,20
2014-11-28,17:00,5638,17,2,4,5,7,8,14,17,18,19,20
2014-11-28,18:00,5639,15,2,3,4,5,6,8,14,15,18,19
2014-11-28,19:00,5640,15,1,2,9,10,12,14,15,17,18,19
2014-11-28,20:00,5641,19,1,5,6,7,8,9,12,13,15,16
2014-11-28,21:00,5642,19,1,3,4,11,12,13,16,17,18,20
2014-11-28,22:00,5643,5,3,5,6,7,10,14,17,18,19,20
2014-11-28,23:00,5644,20,2,4,5,6,8,12,17,18,19,20
2014-11-29,07:00,5645,5,4,7,8,10,14,15,17,18,19,20
2014-11-29,08:00,5646,6,1,2,5,6,8,9,12,15,16,18
2014-11-29,09:00,5647,19,1,2,3,8,9,12,16,18,19,20
2014-11-29,10:00,5648,15,1,2,6,7,8,10,11,15,16,20
2014-11-29,11:00,5649,2,2,4,5,6,10,11,14,15,17,19
2014-11-29,12:00,5650,17,1,2,3,4,5,9,10,14,15,17
2014-11-29,13:00,5651,14,1,3,5,8,9,11,12,13,17,19
2014-11-29,14:00,5652,1,1,3,6,7,8,11,15,16,18,19
2014-11-29,15:00,5653,11,1,5,9,10,13,14,15,16,17,20
2014-11-29,16:00,5654,17,1,2,4,5,6,7,10,13,18,20
2014-11-29,17:00,5655,5,1,4,8,9,10,11,12,16,17,20
2014-11-29,18:00,5656,3,4,5,6,7,8,12,14,15,17,18
2014-11-29,19:00,5657,3,2,4,6,7,9,11,13,15,16,17
2014-11-29,20:00,5658,3,1,6,8,9,11,14,15,16,17,19
2014-11-29,21:00,5659,12,3,4,6,9,10,12,14,15,18,20
2014-11-29,22:00,5660,9,1,4,5,8,10,11,12,13,18,20
2014-11-29,23:00,5661,15,2,7,8,10,11,14,15,16,17,18
2014-11-30,07:00,5662,17,1,3,4,6,12,13,14,15,18,19
2014-11-30,08:00,5663,1,1,2,8,10,12,13,14,15,17,20
2014-11-30,09:00,5664,15,2,3,5,8,9,10,11,16,18,20
2014-11-30,10:00,5665,20,4,5,6,7,8,9,11,15,16,17
2014-11-30,11:00,5666,14,2,3,4,7,10,11,15,16,19,20
2014-11-30,12:00,5667,6,3,4,5,7,9,10,12,17,18,19
2014-11-30,13:00,5668,10,1,5,6,7,9,10,12,15,16,19
2014-11-30,14:00,5669,12,2,3,9,11,13,14,17,18,19,20
2014-11-30,15:00,5670,10,2,3,4,5,6,7,8,12,13,14
2014-11-30,16:00,5671,1,1,3,5,9,10,12,13,15,18,19
2014-11-30,17:00,5672,6,2,3,5,7,11,12,13,14,18,20
2014-11-30,18:00,5673,4,2,3,4,6,7,8,11,12,14,17
2014-11-30,19:00,5674,9,3,4,5,7,9,13,15,16,18,20
2014-11-30,20:00,5675,4,2,4,6,7,9,10,14,16,17,19
2014-11-30,21:00,5676,7,2,5,7,8,9,13,15,17,19,20
2014-11-30,22:00,5677,2,1,2,3,4,6,7,12,16,18,20
2014-11-30,23:00,5678,16,1,3,4,7,8,9,11,12,18,19
2014-12-01,07:00,5679,2,4,9,10,11,12,13,14,16,18,19
2014-12-01,08:00,5680,14,2,3,4,7,8,9,12,15,17,18
2014-12-01,09:00,5681,19,3,4,6,9,11,12,13,15,17,20
2014-12-01,10:00,5682,1,1,3,6,8,11,12,14,15,17,20
2014-12-01,11:00,5683,12,2,7,8,9,11,12,15,16,17,19
2014-12-01,12:00,5684,2,1,5,6,8,10,11,15,17,18,19
2014-12-01,13:00,5685,6,2,3,4,9,10,11,12,14,17,18
2014-12-01,14:00,5686,15,4,6,8,9,10,11,12,16,19,20
2014-12-01,15:00,5687,12,3,4,7,8,10,11,12,14,15,18
2014-12-01,16:00,5688,13,3,4,5,6,8,9,14,15,19,20
2014-12-01,17:00,5689,6,3,4,6,8,9,14,16,18,19,20
2014-12-01,18:00,5690,2,1,2,9,10,11,12,13,15,16,17
2014-12-01,19:00,5691,11,2,7,8,9,10,13,15,16,18,19
2014-12-01,20:00,5692,20,4,6,7,8,11,12,14,15,16,19
2014-12-01,21:00,5693,16,1,3,5,9,10,12,13,14,17,19
2014-12-01,22:00,5694,5,2,3,5,6,7,9,11,16,17,18
2014-12-01,23:00,5695,7,1,3,5,6,7,8,10,15,16,17
2014-12-02,07:00,5696,4,2,7,10,13,14,15,16,18,19,20
2014-12-02,08:00,5697,19,1,8,10,11,12,14,15,16,19,20
2014-12-02,09:00,5698,18,1,5,7,8,9,10,11,12,13,14
2014-12-02,10:00,5699,3,1,2,5,6,8,9,10,11,12,17
2014-12-02,11:00,5700,4,1,5,11,13,14,15,16,17,18,20
2014-12-02,12:00,5701,3,2,4,5,10,13,14,16,17,18,20
2014-12-02,13:00,5702,10,1,2,4,7,8,9,14,15,16,18
2014-12-02,14:00,5703,8,1,3,5,6,7,10,12,13,16,17
2014-12-02,15:00,5704,10,4,6,8,9,11,12,13,17,19,20
2014-12-02,16:00,5705,2,5,6,7,8,10,11,12,14,16,20
2014-12-02,17:00,5706,5,1,2,5,8,10,13,14,17,18,19
2014-12-02,18:00,5707,17,1,2,3,4,5,8,9,10,11,18
2014-12-02,19:00,5708,16,2,3,4,5,6,9,10,12,16,17
2014-12-02,20:00,5709,6,1,2,5,6,10,12,14,15,19,20
2014-12-02,21:00,5710,2,5,6,7,8,10,11,12,13,19,20
2014-12-02,22:00,5711,16,1,7,8,10,11,14,15,16,17,19
2014-12-02,23:00,5712,6,2,7,8,10,13,15,17,18,19,20
2014-12-03,07:00,5713,4,4,6,7,8,9,12,13,14,16,20
2014-12-03,08:00,5714,3,4,5,7,9,10,11,13,14,15,19
2014-12-03,09:00,5715,14,1,2,7,8,9,11,12,13,15,18
2014-12-03,10:00,5716,7,3,4,6,7,8,9,11,17,19,20
2014-12-03,11:00,5717,12,4,10,11,12,13,14,16,18,19,20
2014-12-03,12:00,5718,15,1,4,6,7,9,10,11,15,16,19
2014-12-03,13:00,5719,17,1,4,5,8,10,12,14,15,18,20
2014-12-03,14:00,5720,1,3,4,6,8,9,10,12,14,16,19
2014-12-03,15:00,5721,3,2,5,6,9,10,13,14,15,17,19
2014-12-03,16:00,5722,14,1,6,8,9,11,12,16,17,18,19
2014-12-03,17:00,5723,11,1,4,5,6,7,9,12,17,18,19
2014-12-03,18:00,5724,17,1,4,6,10,11,14,16,17,18,19
2014-12-03,19:00,5725,7,3,4,5,6,10,11,13,14,18,20
2014-12-03,20:00,5726,3,1,2,3,6,12,13,14,16,17,18
2014-12-03,21:00,5727,15,1,2,7,8,9,10,13,16,19,20
2014-12-03,22:00,5728,7,1,3,4,8,9,12,13,18,19,20
2014-12-03,23:00,5729,3,1,2,3,7,11,13,14,17,19,20
2014-12-04,07:00,5730,8,1,4,5,6,7,15,16,17,18,19
2014-12-04,08:00,5731,12,3,10,11,12,13,14,16,17,18,20
2014-12-04,09:00,5732,5,2,5,6,10,11,14,16,17,18,19
2014-12-04,10:00,5733,15,1,4,5,6,11,12,14,16,17,19
2014-12-04,11:00,5734,11,1,2,3,4,5,6,7,9,16,19
2014-12-04,12:00,5735,16,1,2,3,4,5,8,11,12,14,20
2014-12-04,13:00,5736,7,1,2,3,5,7,8,9,12,16,19
2014-12-04,14:00,5737,2,1,3,5,6,10,11,13,15,17,18
2014-12-04,15:00,5738,10,3,4,5,6,12,13,14,15,16,19
2014-12-04,16:00,5739,18,1,2,3,6,8,12,14,16,18,19
2014-12-04,17:00,5740,10,1,3,5,6,7,9,13,14,17,19
2014-12-04,18:00,5741,3,2,5,8,9,11,13,14,16,17,18
2014-12-04,19:00,5742,10,1,2,4,5,8,11,12,14,18,20
2014-12-04,20:00,5743,1,1,2,3,7,9,10,12,16,17,20
2014-12-04,21:00,5744,9,1,3,5,7,9,10,12,13,15,19
2014-12-04,22:00,5745,18,3,4,5,6,8,10,11,13,15,19
2014-12-04,23:00,5746,14,2,3,4,6,7,8,9,10,11,19
2014-12-05,07:00,5747,9,1,4,5,8,9,12,13,14,16,17
2014-12-05,08:00,5748,6,1,3,4,7,8,9,10,13,14,16
2014-12-05,09:00,5749,20,1,4,6,10,12,14,15,17,18,20
2014-12-05,10:00,5750,12,1,3,4,8,11,12,13,16,19,20
2014-12-05,11:00,5751,11,1,3,5,7,8,14,15,16,17,19
2014-12-05,12:00,5752,10,1,3,4,8,9,13,16,17,18,19
2014-12-05,13:00,5753,18,1,3,5,7,8,10,12,15,17,20
2014-12-05,14:00,5754,20,1,2,4,8,11,12,13,14,17,20
2014-12-05,15:00,5755,11,1,5,7,9,11,15,16,17,19,20
2014-12-05,16:00,5756,4,1,2,3,4,5,6,9,14,16,19
2014-12-05,17:00,5757,5,5,6,7,8,14,15,16,18,19,20
2014-12-05,18:00,5758,20,1,3,9,10,12,13,14,15,16,20
2014-12-05,19:00,5759,17,3,4,7,8,9,10,11,12,17,20
2014-12-05,20:00,5760,5,1,2,3,4,5,10,12,13,14,19
2014-12-05,21:00,5761,18,1,2,5,6,9,10,13,14,16,17
2014-12-05,22:00,5762,16,2,3,4,6,7,9,12,14,18,19
2014-12-05,23:00,5763,6,1,4,5,7,8,9,12,17,19,20
2014-12-06,07:00,5764,14,1,3,6,7,13,15,16,17,19,20
2014-12-06,08:00,5765,12,2,3,4,5,6,7,8,9,11,19
2014-12-06,09:00,5766,3,2,3,4,6,9,11,12,16,17,19
2014-12-06,10:00,5767,7,2,4,5,8,11,13,14,15,16,17
2014-12-06,11:00,5768,1,2,6,7,9,10,11,13,16,17,19
2014-12-06,12:00,5769,2,1,2,3,7,9,12,13,18,19,20
2014-12-06,13:00,5770,18,7,8,9,11,12,13,15,16,18,19
2014-12-06,14:00,5771,7,2,3,9,12,13,14,15,16,17,20
2014-12-06,15:00,5772,20,1,4,5,6,10,12,13,17,18,19
2014-12-06,16:00,5773,8,1,5,6,8,9,12,14,16,17,19
2014-12-06,17:00,5774,12,2,8,9,11,12,13,16,17,18,20
2014-12-06,18:00,5775,9,2,3,10,11,13,14,16,17,19,20
2014-12-06,19:00,5776,19,1,2,3,4,7,9,10,12,14,18
2014-12-06,20:00,5777,20,2,3,4,7,8,10,12,14,18,19
2014-12-06,21:00,5778,13,2,4,5,7,8,14,15,16,17,19
2014-12-06,22:00,5779,5,1,4,6,7,9,10,11,12,13,16
2014-12-06,23:00,5780,18,3,5,6,9,10,11,13,14,16,19
2014-12-07,07:00,5781,11,1,4,5,6,12,14,16,18,19,20
2014-12-07,08:00,5782,14,2,3,7,10,14,15,17,18,19,20
2014-12-07,09:00,5783,2,2,3,4,6,7,8,9,10,11,13
2014-12-07,10:00,5784,19,3,4,6,7,10,12,13,14,17,20
2014-12-07,11:00,5785,15,1,2,5,6,8,12,15,16,18,20
2014-12-07,12:00,5786,20,7,9,10,13,15,16,17,18,19,20
2014-12-07,13:00,5787,11,3,4,7,8,10,12,15,16,17,20
2014-12-07,14:00,5788,4,1,6,7,8,9,12,13,14,16,17
2014-12-07,15:00,5789,7,6,7,8,11,13,14,15,17,18,20
2014-12-07,16:00,5790,4,1,3,7,9,10,14,16,17,18,20
2014-12-07,17:00,5791,13,3,4,6,7,8,9,12,15,17,19
2014-12-07,18:00,5792,4,4,6,7,8,9,10,11,13,15,18
2014-12-07,19:00,5793,2,2,3,7,9,10,11,14,15,16,18
2014-12-07,20:00,5794,12,1,5,9,10,11,14,15,18,19,20
2014-12-07,21:00,5795,2,3,4,5,6,8,11,12,17,19,20
2014-12-07,22:00,5796,5,1,2,5,11,12,13,14,15,16,17
2014-12-07,23:00,5797,17,4,5,7,13,14,15,16,17,18,20
2014-12-08,07:00,5798,14,2,7,10,13,14,15,16,17,18,20
2014-12-08,08:00,5799,19,3,4,5,7,8,13,14,17,18,19
2014-12-08,09:00,5800,5,2,3,4,6,8,10,13,14,19,20
2014-12-08,10:00,5801,11,2,4,7,9,13,15,16,17,19,20
2014-12-08,11:00,5802,19,5,6,7,11,12,14,15,17,19,20
2014-12-08,12:00,5803,18,1,4,5,6,9,10,11,14,15,20
2014-12-08,13:00,5804,13,1,2,3,5,6,8,12,13,15,20
2014-12-08,14:00,5805,9,2,4,7,8,10,11,13,14,15,19
2014-12-08,15:00,5806,13,1,3,4,6,7,12,13,16,18,19
2014-12-08,16:00,5807,7,1,3,4,7,9,11,13,14,16,20
2014-12-08,17:00,5808,7,3,6,10,11,13,14,17,18,19,20
2014-12-08,18:00,5809,2,3,4,5,6,8,10,11,13,15,18
2014-12-08,19:00,5810,17,1,3,4,6,7,8,9,11,12,20
2014-12-08,20:00,5811,18,1,5,6,11,12,13,16,17,18,19
2014-12-08,21:00,5812,4,1,3,4,6,8,11,12,14,15,20
2014-12-08,22:00,5813,7,2,5,9,10,11,12,13,16,17,18
2014-12-08,23:00,5814,6,2,5,6,8,10,11,16,18,19,20
2014-12-09,07:00,5815,19,1,3,5,9,10,11,12,16,18,20
2014-12-09,08:00,5816,1,3,4,5,8,10,11,12,13,15,17
2014-12-09,09:00,5817,20,4,8,11,12,13,14,15,16,18,19
2014-12-09,10:00,5818,16,2,3,5,6,8,15,16,17,18,20
2014-12-09,11:00,5819,11,1,3,4,5,6,9,13,15,16,18
2014-12-09,12:00,5820,13,1,2,3,4,8,9,14,15,18,19
2014-12-09,13:00,5821,8,1,4,5,8,10,11,15,16,17,19
2014-12-09,14:00,5822,2,3,4,6,7,8,11,14,15,17,18
2014-12-09,15:00,5823,8,1,6,8,9,10,13,14,16,18,20
2014-12-09,16:00,5824,1,1,2,3,4,6,7,9,14,17,20
2014-12-09,17:00,5825,20,3,4,5,6,8,11,14,15,16,20
2014-12-09,18:00,5826,16,1,2,3,6,8,9,11,14,17,20
2014-12-09,19:00,5827,3,2,3,4,8,9,10,12,15,17,20
2014-12-09,20:00,5828,1,1,4,5,6,8,11,13,17,18,20
2014-12-09,21:00,5829,2,1,6,7,11,12,14,15,17,18,19
2014-12-09,22:00,5830,14,1,2,3,7,8,9,11,12,15,17
2014-12-09,23:00,5831,9,1,2,5,6,7,8,15,16,19,20
2014-12-10,07:00,5832,16,1,2,5,9,11,15,17,18,19,20
2014-12-10,08:00,5833,13,1,2,4,6,9,10,11,14,18,20
2014-12-10,09:00,5834,9,2,4,6,9,10,11,13,14,15,19
2014-12-10,10:00,5835,9,2,4,5,7,12,13,14,15,16,17
2014-12-10,11:00,5836,9,1,6,8,10,13,15,16,17,18,19
2014-12-10,12:00,5837,6,3,5,7,8,9,10,13,14,17,19
2014-12-10,13:00,5838,14,1,2,6,7,8,12,15,17,18,20
2014-12-10,14:00,5839,10,3,6,7,8,11,16,17,18,19,20
2014-12-10,15:00,5840,17,1,2,4,8,9,12,13,15,19,20
2014-12-10,16:00,5841,5,1,2,3,5,6,7,8,9,18,20
2014-12-10,17:00,5842,11,1,2,3,7,11,12,16,17,18,19
2014-12-10,18:00,5843,1,1,2,3,5,7,11,15,18,19,20
2014-12-10,19:00,5844,9,2,3,4,7,9,10,12,15,16,17
2014-12-10,20:00,5845,8,2,4,5,9,11,12,15,18,19,20
2014-12-10,21:00,5846,6,3,4,7,8,9,10,12,13,18,19
2014-12-10,22:00,5847,8,1,2,3,9,10,15,17,18,19,20
2014-12-10,23:00,5848,6,1,3,7,10,11,14,16,18,19,20
2014-12-11,07:00,5849,16,5,6,10,11,12,13,15,16,17,18
2014-12-11,08:00,5850,19,1,3,6,8,9,10,13,15,18,20
2014-12-11,09:00,5851,3,1,3,7,9,10,11,12,14,18,20
2014-12-11,10:00,5852,1,1,2,5,7,12,14,15,16,18,20
2014-12-11,11:00,5853,9,1,2,4,5,8,14,16,17,18,20
2014-12-11,12:00,5854,7,1,5,7,8,9,12,13,16,17,18
2014-12-11,13:00,5855,15,2,7,8,9,12,13,14,15,17,19
2014-12-11,14:00,5856,18,2,3,6,7,9,10,12,13,15,16
2014-12-11,15:00,5857,11,3,8,10,11,12,15,16,17,18,20
2014-12-11,16:00,5858,1,2,6,8,11,12,13,14,17,19,20
2014-12-11,17:00,5859,6,1,2,4,6,11,14,15,17,18,19
2014-12-11,18:00,5860,9,2,9,10,13,14,16,17,18,19,20
2014-12-11,19:00,5861,19,1,7,9,10,11,13,14,18,19,20
2014-12-11,20:00,5862,18,1,2,4,6,8,12,15,16,18,20
2014-12-11,21:00,5863,15,1,5,6,7,9,10,12,13,15,17
2014-12-11,22:00,5864,15,1,2,4,6,7,9,16,17,18,20
2014-12-11,23:00,5865,2,1,2,3,4,5,7,11,14,16,20
2014-12-12,07:00,5866,19,1,4,6,7,11,13,14,16,17,18
2014-12-12,08:00,5867,13,2,3,5,8,9,11,13,15,16,17
2014-12-12,09:00,5868,5,1,4,5,6,7,8,11,13,16,17
2014-12-12,10:00,5869,6,1,6,7,8,10,11,13,14,16,20
2014-12-12,11:00,5870,17,1,2,4,5,10,11,12,13,16,19
2014-12-12,12:00,5871,10,5,7,8,11,12,13,16,17,18,20
2014-12-12,13:00,5872,17,3,6,8,12,13,14,15,16,18,19
2014-12-12,14:00,5873,14,3,5,7,8,10,13,14,17,18,20
2014-12-12,15:00,5874,13,2,3,5,8,11,12,13,15,19,20
2014-12-12,16:00,5875,17,2,3,5,6,7,10,13,15,16,20
2014-12-12,17:00,5876,18,1,3,5,6,8,9,10,13,18,19
2014-12-12,18:00,5877,9,2,6,7,8,10,11,12,13,16,17
2014-12-12,19:00,5878,1,1,3,7,9,11,14,15,16,18,19
2014-12-12,20:00,5879,17,2,4,5,9,13,14,15,16,18,19
2014-12-12,21:00,5880,17,1,2,4,6,7,10,14,16,18,20
2014-12-12,22:00,5881,5,2,3,4,5,6,11,12,14,15,18
2014-12-12,23:00,5882,8,5,6,7,11,12,13,14,16,17,20
2014-12-13,07:00,5883,13,4,5,6,7,8,9,10,12,15,16
2014-12-13,08:00,5884,16,2,3,4,8,9,11,13,15,16,19
2014-12-13,09:00,5885,8,3,4,5,7,10,11,17,18,19,20
2014-12-13,10:00,5886,20,1,5,6,9,11,15,16,17,19,20
2014-12-13,11:00,5887,5,3,4,5,6,7,9,10,13,14,17
2014-12-13,12:00,5888,8,1,3,4,6,9,11,12,13,17,19
2014-12-13,13:00,5889,15,1,2,3,4,9,12,14,18,19,20
2014-12-13,14:00,5890,2,3,4,5,6,9,12,14,15,16,18
2014-12-13,15:00,5891,17,1,2,4,5,11,13,17,18,19,20
2014-12-13,16:00,5892,3,4,7,8,9,10,11,13,14,15,20
2014-12-13,17:00,5893,8,1,4,6,8,9,11,15,18,19,20
2014-12-13,18:00,5894,14,2,3,4,7,10,13,15,16,18,20
2014-12-13,19:00,5895,1,2,3,5,7,9,13,15,16,19,20
2014-12-13,20:00,5896,9,3,4,5,7,11,12,16,18,19,20
2014-12-13,21:00,5897,16,1,2,5,7,11,13,14,16,18,20
2014-12-13,22:00,5898,5,3,5,10,12,13,14,15,16,18,20
2014-12-13,23:00,5899,5,1,2,3,5,7,9,14,16,18,19
2014-12-14,07:00,5900,12,2,7,10,11,13,14,15,16,17,20
2014-12-14,08:00,5901,13,1,2,5,6,10,11,12,14,15,20
2014-12-14,09:00,5902,12,2,3,4,5,6,10,12,14,19,20
2014-12-14,10:00,5903,14,2,4,6,7,8,9,10,15,18,20
2014-12-14,11:00,5904,19,2,5,6,7,8,9,12,13,16,17
2014-12-14,12:00,5905,13,1,2,4,5,9,12,13,17,18,19
2014-12-14,13:00,5906,17,1,3,4,5,8,9,10,11,13,18
2014-12-14,14:00,5907,2,1,2,3,8,9,10,14,15,17,18
2014-12-14,15:00,5908,18,1,2,3,4,5,6,8,13,19,20
2014-12-14,16:00,5909,15,1,4,7,9,10,12,15,16,17,20
2014-12-14,17:00,5910,1,2,3,5,8,10,11,12,13,16,20
2014-12-14,18:00,5911,12,2,6,8,9,11,15,16,17,18,19
2014-12-14,19:00,5912,1,2,4,7,8,10,12,13,17,19,20
2014-12-14,20:00,5913,8,1,2,5,7,9,10,12,14,15,19
2014-12-14,21:00,5914,8,2,3,4,10,11,13,14,15,17,20
2014-12-14,22:00,5915,9,2,3,4,6,7,9,10,11,12,14
2014-12-14,23:00,5916,7,1,2,6,7,9,11,12,16,17,19
2014-12-15,07:00,5917,2,1,3,4,7,9,10,11,17,18,20
2014-12-15,08:00,5918,14,1,2,3,5,7,8,9,12,13,16
2014-12-15,09:00,5919,16,1,2,5,10,11,12,13,16,18,19
2014-12-15,10:00,5920,11,2,3,4,5,6,9,11,12,17,20
2014-12-15,11:00,5921,10,1,4,6,8,9,10,12,16,18,20
2014-12-15,12:00,5922,4,3,5,7,10,11,14,15,17,18,20
2014-12-15,13:00,5923,6,3,5,6,7,8,10,11,13,14,18
2014-12-15,14:00,5924,12,2,3,4,6,7,8,10,14,17,20
2014-12-15,15:00,5925,18,1,2,6,7,8,9,11,12,14,15
2014-12-15,16:00,5926,2,1,2,3,6,7,8,13,14,18,19
2014-12-15,17:00,5927,11,2,5,7,11,12,16,17,18,19,20
2014-12-15,18:00,5928,12,1,2,3,7,8,11,13,17,19,20
2014-12-15,19:00,5929,13,4,5,6,10,11,13,14,15,16,20
2014-12-15,20:00,5930,16,4,5,8,9,11,12,13,15,16,20
2014-12-15,21:00,5931,16,8,10,11,13,14,16,17,18,19,20
2014-12-15,22:00,5932,8,3,6,7,8,10,12,13,15,16,17
2014-12-15,23:00,5933,2,1,4,6,8,9,10,11,12,16,20
2014-12-16,07:00,5934,17,2,5,6,9,12,13,14,15,16,17
2014-12-16,08:00,5935,12,1,4,5,7,8,10,14,16,19,20
2014-12-16,09:00,5936,16,1,2,4,5,8,10,11,12,14,19
2014-12-16,10:00,5937,14,1,2,3,4,8,10,12,14,19,20
2014-12-16,11:00,5938,11,1,2,7,8,9,12,14,15,18,20
2014-12-16,12:00,5939,16,1,5,6,7,9,10,14,16,17,20
2014-12-16,13:00,5940,20,3,7,10,11,12,13,14,15,19,20
2014-12-16,14:00,5941,2,1,2,3,4,6,7,11,12,13,17
2014-12-16,15:00,5942,15,4,5,6,8,10,11,12,16,17,19
2014-12-16,16:00,5943,16,1,3,4,6,7,8,11,12,16,18
2014-12-16,17:00,5944,8,3,6,8,9,12,14,15,16,18,20
2014-12-16,18:00,5945,20,1,2,3,6,7,8,11,17,18,19
2014-12-16,19:00,5946,9,2,3,6,7,9,12,13,15,18,20
2014-12-16,20:00,5947,8,1,4,6,7,9,12,13,18,19,20
2014-12-16,21:00,5948,1,1,2,3,10,11,14,16,18,19,20
2014-12-16,22:00,5949,12,2,3,10,14,15,16,17,18,19,20
2014-12-16,23:00,5950,13,1,3,5,7,9,10,14,15,17,19
2014-12-17,07:00,5951,10,1,2,4,6,9,11,12,15,17,20
2014-12-17,08:00,5952,14,1,2,4,5,7,9,10,14,17,20
2014-12-17,09:00,5953,8,2,3,6,8,9,10,15,16,19,20
2014-12-17,10:00,5954,3,4,7,8,9,10,11,13,16,17,19
2014-12-17,11:00,5955,1,2,3,4,6,8,9,10,11,17,19
2014-12-17,12:00,5956,15,1,2,4,5,9,13,14,15,17,19
2014-12-17,13:00,5957,14,1,4,7,8,10,12,13,15,16,17
2014-12-17,14:00,5958,19,2,3,4,6,9,11,14,18,19,20
2014-12-17,15:00,5959,15,3,8,10,12,13,14,15,16,19,20
2014-12-17,16:00,5960,4,3,4,5,6,8,11,12,14,15,18
2014-12-17,17:00,5961,5,1,2,6,7,9,10,14,16,19,20
2014-12-17,18:00,5962,20,2,3,5,8,11,14,15,16,18,20
2014-12-17,19:00,5963,14,2,4,5,8,9,13,14,16,18,19
2014-12-17,20:00,5964,9,1,2,3,4,7,11,13,16,18,20
2014-12-17,21:00,5965,7,3,6,8,10,12,14,15,18,19,20
2014-12-17,22:00,5966,8,2,3,4,7,8,10,11,12,15,19
2014-12-17,23:00,5967,18,1,2,7,8,10,12,15,16,17,19
2014-12-18,07:00,5968,3,2,4,6,9,10,11,15,16,19,20
2014-12-18,08:00,5969,18,1,6,7,9,14,15,16,17,18,20
2014-12-18,09:00,5970,19,3,4,6,7,10,11,14,16,18,20
2014-12-18,10:00,5971,17,3,6,9,12,13,14,15,16,17,19
2014-12-18,11:00,5972,5,3,4,7,11,12,14,16,17,19,20
2014-12-18,12:00,5973,13,3,4,6,7,8,11,13,16,18,19
2014-12-18,13:00,5974,18,3,5,7,10,11,13,14,15,16,18
2014-12-18,14:00,5975,10,1,5,6,7,8,9,10,12,13,18
2014-12-18,15:00,5976,8,2,7,8,10,12,13,14,17,18,20
2014-12-18,16:00,5977,14,4,5,6,7,8,11,12,13,15,16
2014-12-18,17:00,5978,18,1,4,6,7,10,11,12,17,19,20
2014-12-18,18:00,5979,8,1,3,4,7,9,10,11,16,17,19
2014-12-18,19:00,5980,17,2,3,6,10,12,13,14,15,18,20
2014-12-18,20:00,5981,3,1,2,6,7,9,10,11,12,16,20
2014-12-18,21:00,5982,11,1,2,3,4,6,8,11,13,17,19
2014-12-18,22:00,5983,6,1,3,4,7,9,12,13,16,17,19
2014-12-18,23:00,5984,14,1,2,3,4,6,8,11,14,16,17
2014-12-19,07:00,5985,8,1,2,3,5,7,9,10,12,14,19
2014-12-19,08:00,5986,1,1,2,4,6,7,8,10,11,16,19
2014-12-19,09:00,5987,15,1,4,5,8,10,12,14,18,19,20
2014-12-19,10:00,5988,7,2,4,6,7,8,10,11,13,19,20
2014-12-19,11:00,5989,17,2,5,6,7,10,12,14,17,18,20
2014-12-19,12:00,5990,12,1,2,4,5,6,9,12,14,19,20
2014-12-19,13:00,5991,13,1,4,6,8,12,13,14,16,17,18
2014-12-19,14:00,5992,5,1,4,7,10,13,15,16,17,18,19
2014-12-19,15:00,5993,15,3,4,5,8,9,10,12,15,18,19
2014-12-19,16:00,5994,20,1,2,3,4,8,9,10,13,14,15
2014-12-19,17:00,5995,7,1,2,3,5,9,10,12,18,19,20
2014-12-19,18:00,5996,17,2,3,4,10,11,12,15,16,19,20
2014-12-19,19:00,5997,11,1,2,3,4,5,9,10,11,13,19
2014-12-19,20:00,5998,20,2,4,6,7,9,12,13,15,16,19
2014-12-19,21:00,5999,16,3,4,7,9,11,12,13,15,17,19
2014-12-19,22:00,6000,6,1,3,4,7,11,12,16,17,18,19
2014-12-19,23:00,6001,20,3,6,8,9,10,11,12,13,15,20
2014-12-20,07:00,6002,19,1,3,6,7,9,10,11,13,17,20
2014-12-20,08:00,6003,14,2,5,6,10,11,13,14,16,18,19
2014-12-20,09:00,6004,7,1,2,5,6,7,10,12,14,18,19
2014-12-20,10:00,6005,5,1,4,6,7,10,13,16,17,18,19
2014-12-20,11:00,6006,15,1,2,3,5,6,11,13,16,17,19
2014-12-20,12:00,6007,12,1,2,3,4,5,6,7,10,11,12
2014-12-20,13:00,6008,3,1,3,7,9,13,14,15,16,17,19
2014-12-20,14:00,6009,5,1,2,3,5,6,8,9,11,14,15
2014-12-20,15:00,6010,15,1,8,10,12,13,16,17,18,19,20
2014-12-20,16:00,6011,3,2,6,7,8,9,11,13,15,17,20
2014-12-20,17:00,6012,20,5,7,8,10,11,13,16,18,19,20
2014-12-20,18:00,6013,7,4,5,6,7,8,10,12,14,18,19
2014-12-20,19:00,6014,1,1,4,5,6,8,10,11,13,16,17
2014-12-20,20:00,6015,11,2,3,8,9,10,13,14,16,17,18
2014-12-20,21:00,6016,9,1,3,4,9,10,11,12,17,19,20
2014-12-20,22:00,6017,19,4,6,9,12,13,14,15,18,19,20
2014-12-20,23:00,6018,7,2,3,4,5,6,8,14,15,16,20
2014-12-21,07:00,6019,19,1,6,9,10,11,12,13,14,16,18
2014-12-21,08:00,6020,14,3,5,7,10,13,14,15,16,17,20
2014-12-21,09:00,6021,18,2,4,6,8,9,10,12,14,19,20
2014-12-21,10:00,6022,14,3,4,5,7,12,13,16,17,19,20
2014-12-21,11:00,6023,20,1,2,3,4,6,12,14,18,19,20
2014-12-21,12:00,6024,16,1,2,3,4,5,9,10,11,12,15
2014-12-21,13:00,6025,8,4,6,7,10,11,12,13,16,17,19
2014-12-21,14:00,6026,17,1,3,4,6,7,8,11,14,15,19
2014-12-21,15:00,6027,19,1,2,4,6,7,11,13,16,18,19
2014-12-21,16:00,6028,20,2,4,6,8,9,10,13,14,15,18
2014-12-21,17:00,6029,5,3,6,9,10,12,13,14,15,17,18
2014-12-21,18:00,6030,3,2,5,6,9,10,11,13,15,16,20
2014-12-21,19:00,6031,12,4,5,7,9,12,13,14,15,17,18
2014-12-21,20:00,6032,17,3,4,5,6,8,10,14,15,16,20
2014-12-21,21:00,6033,3,1,2,3,8,10,11,12,14,15,16
2014-12-21,22:00,6034,9,1,3,5,6,7,8,11,12,14,16
2014-12-21,23:00,6035,13,1,2,3,5,8,11,12,13,17,19
2014-12-22,07:00,6036,20,2,8,9,10,11,12,14,15,17,19
2014-12-22,08:00,6037,1,4,5,6,7,9,10,13,14,15,19
2014-12-22,09:00,6038,7,3,4,6,8,9,10,14,15,19,20
2014-12-22,10:00,6039,16,4,5,7,8,9,10,11,13,18,19
2014-12-22,11:00,6040,7,2,4,6,10,11,13,14,15,16,18
2014-12-22,12:00,6041,17,2,4,5,8,9,12,14,16,18,19
2014-12-22,13:00,6042,15,3,4,5,6,7,8,9,10,11,13
2014-12-22,14:00,6043,6,2,3,4,5,9,10,11,13,17,19
2014-12-22,15:00,6044,15,1,2,3,4,8,10,12,14,18,20
2014-12-22,16:00,6045,14,1,3,4,6,7,8,11,13,15,16
2014-12-22,17:00,6046,2,1,4,5,7,9,12,13,16,17,18
2014-12-22,18:00,6047,5,1,2,6,7,8,11,13,14,15,20
2014-12-22,19:00,6048,9,1,2,3,8,9,13,15,16,18,20
2014-12-22,20:00,6049,10,2,8,10,11,12,13,14,15,17,19
2014-12-22,21:00,6050,14,1,2,4,5,8,9,10,14,17,19
2014-12-22,22:00,6051,11,1,3,5,6,10,11,12,14,15,16
2014-12-22,23:00,6052,18,1,5,9,10,11,12,14,15,16,18
2014-12-23,07:00,6053,18,1,3,6,8,10,12,16,17,18,19
2014-12-23,08:00,6054,8,1,6,7,8,12,14,15,17,18,20
2014-12-23,09:00,6055,17,1,2,4,6,8,13,15,16,18,19
2014-12-23,10:00,6056,11,5,6,7,9,10,11,13,14,15,20
2014-12-23,11:00,6057,1,5,6,7,8,10,11,14,15,16,18
2014-12-23,12:00,6058,13,1,7,8,9,10,11,13,15,16,18
2014-12-23,13:00,6059,5,1,2,3,7,8,11,12,13,15,17
2014-12-23,14:00,6060,4,1,3,4,5,7,9,12,13,16,19
2014-12-23,15:00,6061,9,1,4,5,7,8,10,12,13,15,18
2014-12-23,16:00,6062,14,1,3,4,7,8,11,12,16,17,20
2014-12-23,17:00,6063,6,1,2,3,4,7,10,12,14,18,20
2014-12-23,18:00,6064,20,3,4,6,8,10,14,15,16,18,20
2014-12-23,19:00,6065,14,3,4,6,9,12,13,14,16,18,19
2014-12-23,20:00,6066,14,1,2,4,7,14,16,17,18,19,20
2014-12-23,21:00,6067,17,1,3,6,8,9,12,13,14,16,20
2014-12-23,22:00,6068,13,4,7,10,12,14,15,16,17,18,19
2014-12-23,23:00,6069,20,2,3,6,7,8,9,12,13,17,20
2014-12-24,07:00,6070,3,1,4,7,9,10,16,17,18,19,20
2014-12-24,08:00,6071,10,1,2,6,7,8,10,11,15,16,19
2014-12-24,09:00,6072,8,1,3,4,6,7,9,10,15,16,18
2014-12-24,10:00,6073,18,1,6,8,9,13,14,15,17,18,19
2014-12-24,11:00,6074,16,1,2,3,5,7,8,9,11,15,19
2014-12-24,12:00,6075,6,2,4,5,6,7,9,10,12,16,19
2014-12-24,13:00,6076,3,1,2,3,5,7,8,10,15,16,17
2014-12-24,14:00,6077,9,5,7,10,11,12,14,15,17,19,20
2014-12-24,15:00,6078,2,4,8,9,10,12,13,14,16,17,20
2014-12-24,16:00,6079,19,5,6,7,8,10,11,13,18,19,20
2014-12-24,17:00,6080,14,5,7,8,9,11,12,14,16,18,20
2014-12-24,18:00,6081,8,1,5,6,8,10,11,12,16,17,20
2014-12-24,19:00,6082,14,1,6,8,9,11,12,13,14,19,20
2014-12-24,20:00,6083,17,1,2,4,8,9,10,14,16,17,18
2014-12-24,21:00,6084,14,2,5,6,7,9,11,12,14,18,19
2014-12-24,22:00,6085,14,2,3,5,6,8,9,10,17,19,20
2014-12-24,23:00,6086,11,1,3,4,5,8,11,14,15,17,20
2014-12-25,07:00,6087,16,2,5,7,8,10,15,16,18,19,20
2014-12-25,08:00,6088,18,1,2,4,6,9,10,11,13,16,17
2014-12-25,09:00,6089,15,2,5,6,7,8,11,13,17,18,20
2014-12-25,10:00,6090,10,1,2,3,4,6,7,12,13,14,17
2014-12-25,11:00,6091,13,1,2,5,6,7,12,14,15,17,18
2014-12-25,12:00,6092,3,1,3,7,8,11,12,15,17,19,20
2014-12-25,13:00,6093,16,1,3,4,5,6,7,8,9,16,18
2014-12-25,14:00,6094,7,1,3,5,8,10,12,13,14,19,20
2014-12-25,15:00,6095,1,1,3,5,7,9,10,11,14,16,20
2014-12-25,16:00,6096,5,1,2,4,6,8,10,11,14,15,16
2014-12-25,17:00,6097,19,2,3,5,6,7,9,10,11,17,19
2014-12-25,18:00,6098,15,2,4,7,8,11,13,14,15,16,20
2014-12-25,19:00,6099,13,1,4,5,8,9,11,12,17,18,19
2014-12-25,20:00,6100,6,2,6,10,11,13,15,16,17,18,19
2014-12-25,21:00,6101,10,3,5,6,8,9,11,13,17,19,20
2014-12-25,22:00,6102,2,2,4,6,9,10,12,15,16,18,19
2014-12-25,23:00,6103,8,3,5,6,7,10,11,12,13,14,20
2014-12-26,07:00,6104,10,1,2,4,5,8,10,12,13,17,18
2014-12-26,08:00,6105,4,3,4,7,10,12,13,14,18,19,20
2014-12-26,09:00,6106,13,1,2,3,6,8,10,13,14,17,19
2014-12-26,10:00,6107,20,4,5,7,8,9,10,13,14,16,20
2014-12-26,11:00,6108,1,2,3,7,10,11,12,14,16,19,20
2014-12-26,12:00,6109,10,3,4,5,6,9,11,13,15,16,17
2014-12-26,13:00,6110,7,1,2,4,5,6,9,10,11,13,19
2014-12-26,14:00,6111,11,2,9,11,12,13,14,15,16,17,20
2014-12-26,15:00,6112,15,3,4,5,9,11,12,14,18,19,20
2014-12-26,16:00,6113,2,2,4,6,7,8,9,12,13,14,16
2014-12-26,17:00,6114,4,3,4,5,8,9,10,11,14,18,19
2014-12-26,18:00,6115,7,1,2,4,8,9,10,12,14,16,19
2014-12-26,19:00,6116,17,2,4,5,7,13,14,15,18,19,20
2014-12-26,20:00,6117,5,1,2,3,5,7,8,10,13,14,19
2014-12-26,21:00,6118,12,1,2,3,4,8,10,12,14,18,19
2014-12-26,22:00,6119,13,1,3,4,6,10,12,15,17,19,20
2014-12-26,23:00,6120,9,4,6,7,8,10,12,14,16,17,18
2014-12-27,07:00,6121,12,2,3,5,7,8,9,12,14,17,20
2014-12-27,08:00,6122,13,1,2,3,4,9,12,13,16,18,20
2014-12-27,09:00,6123,8,1,3,4,5,7,9,12,14,16,20
2014-12-27,10:00,6124,15,1,2,4,7,10,11,13,15,18,20
2014-12-27,11:00,6125,3,1,4,5,7,8,9,10,11,14,17
2014-12-27,12:00,6126,12,2,3,6,7,8,12,13,14,15,16
2014-12-27,13:00,6127,14,1,2,3,8,10,12,14,15,18,20
2014-12-27,14:00,6128,3,1,2,5,7,8,10,11,13,14,17
2014-12-27,15:00,6129,2,1,6,8,11,12,13,14,15,18,20
2014-12-27,16:00,6130,9,3,4,7,8,10,11,13,14,16,18
2014-12-27,17:00,6131,2,2,7,8,9,10,13,15,17,18,20
2014-12-27,18:00,6132,7,1,3,5,6,7,10,12,14,17,20
2014-12-27,19:00,6133,4,2,3,4,5,6,10,11,15,16,18
2014-12-27,20:00,6134,18,3,5,6,7,8,10,14,16,17,19
2014-12-27,21:00,6135,13,4,5,7,8,9,10,12,16,18,20
2014-12-27,22:00,6136,4,2,6,8,9,11,12,13,15,16,20
2014-12-27,23:00,6137,15,1,3,4,9,11,13,14,15,16,18
2014-12-28,07:00,6138,16,3,4,8,9,13,15,17,18,19,20
2014-12-28,08:00,6139,3,1,3,5,13,14,16,17,18,19,20
2014-12-28,09:00,6140,7,5,6,9,10,11,15,16,17,18,20
2014-12-28,10:00,6141,1,2,3,4,5,6,11,12,17,18,19
2014-12-28,11:00,6142,4,1,2,5,6,8,10,13,14,17,18
2014-12-28,12:00,6143,4,2,3,4,6,7,10,11,12,13,18
2014-12-28,13:00,6144,17,1,3,4,5,6,7,11,14,17,19
2014-12-28,14:00,6145,16,1,4,5,7,8,10,12,16,17,19
2014-12-28,15:00,6146,10,1,2,6,8,9,10,13,14,19,20
2014-12-28,16:00,6147,13,1,2,4,5,8,9,10,14,15,20
2014-12-28,17:00,6148,15,1,4,7,9,10,12,13,14,15,20
2014-12-28,18:00,6149,20,1,2,4,8,9,12,15,16,17,19
2014-12-28,19:00,6150,3,1,2,5,6,8,10,12,14,15,17
2014-12-28,20:00,6151,10,2,4,7,8,11,12,15,16,17,18
2014-12-28,21:00,6152,10,1,4,5,6,7,9,10,11,15,16
2014-12-28,22:00,6153,8,2,4,5,6,7,9,12,13,17,19
2014-12-28,23:00,6154,16,1,2,5,7,14,15,16,17,19,20
2014-12-29,07:00,6155,8,3,5,8,9,10,11,12,14,16,20
2014-12-29,08:00,6156,15,3,4,5,6,10,12,13,14,15,16
2014-12-29,09:00,6157,9,1,4,7,11,13,14,15,17,18,19
2014-12-29,10:00,6158,4,3,4,7,9,10,14,15,17,19,20
2014-12-29,11:00,6159,6,3,4,6,8,9,12,14,17,18,19
2014-12-29,12:00,6160,16,1,5,9,10,11,13,15,16,17,20
2014-12-29,13:00,6161,18,2,3,5,7,9,10,11,16,17,19
2014-12-29,14:00,6162,9,2,3,5,6,9,10,12,14,18,20
2014-12-29,15:00,6163,10,2,6,7,9,10,12,14,15,16,19
2014-12-29,16:00,6164,3,1,2,3,6,9,11,13,14,15,16
2014-12-29,17:00,6165,12,4,6,10,11,12,14,15,16,17,19
2014-12-29,18:00,6166,10,3,4,8,10,12,14,15,17,19,20
2014-12-29,19:00,6167,2,1,8,10,11,12,13,17,18,19,20
2014-12-29,20:00,6168,15,1,4,6,7,9,11,15,17,19,20
2014-12-29,21:00,6169,6,3,7,8,9,11,12,13,16,18,19
2014-12-29,22:00,6170,12,1,2,3,4,5,6,13,15,16,19
2014-12-29,23:00,6171,3,1,2,4,7,11,12,14,16,17,20
2014-12-30,07:00,6172,9,1,2,7,8,11,12,13,14,18,19
2014-12-30,08:00,6173,20,3,5,6,10,11,12,13,15,18,19
2014-12-30,09:00,6174,13,4,8,9,12,14,16,17,18,19,20
2014-12-30,10:00,6175,5,1,3,4,5,6,12,13,15,18,19
2014-12-30,11:00,6176,17,3,4,6,9,10,12,13,14,18,20
2014-12-30,12:00,6177,18,2,3,5,6,7,10,12,14,16,17
2014-12-30,13:00,6178,9,3,5,7,10,12,14,16,17,18,20
2014-12-30,14:00,6179,10,6,7,9,11,13,14,15,17,18,19
2014-12-30,15:00,6180,7,2,4,5,8,9,10,13,16,19,20
2014-12-30,16:00,6181,16,1,2,3,5,6,9,13,14,15,16
2014-12-30,17:00,6182,13,2,4,5,8,10,11,13,16,17,19
2014-12-30,18:00,6183,3,1,6,7,8,9,10,13,14,18,20
2014-12-30,19:00,6184,17,2,4,5,7,8,11,12,13,19,20
2014-12-30,20:00,6185,16,2,3,5,6,9,10,11,12,13,14
2014-12-30,21:00,6186,13,1,2,3,4,6,8,9,18,19,20
2014-12-30,22:00,6187,15,2,3,4,7,11,12,15,17,19,20
2014-12-30,23:00,6188,19,1,4,5,7,9,13,14,15,18,19
2014-12-31,07:00,6189,19,4,5,6,7,8,10,12,13,18,20
2014-12-31,08:00,6190,2,1,2,4,6,9,13,15,18,19,20
2014-12-31,09:00,6191,9,1,3,10,11,13,14,15,18,19,20
2014-12-31,10:00,6192,10,1,3,5,6,8,12,14,16,18,19
2014-12-31,11:00,6193,15,1,3,6,9,13,14,15,16,17,18
2014-12-31,12:00,6194,12,1,4,7,9,10,13,16,17,18,20
2014-12-31,13:00,6195,19,1,4,5,8,11,13,14,15,19,20
2014-12-31,14:00,6196,2,1,6,7,8,9,10,13,14,18,19
2014-12-31,15:00,6197,19,3,4,7,8,9,11,12,14,19,20
2014-12-31,16:00,6198,11,3,5,6,7,8,9,10,13,19,20
2014-12-31,17:00,6199,11,1,2,3,7,8,9,10,12,16,20
2014-12-31,18:00,6200,3,3,4,5,8,9,11,12,13,14,18
2014-12-31,19:00,6201,12,1,2,4,8,9,11,14,16,19,20
2014-12-31,20:00,6202,11,1,2,3,4,6,8,15,16,17,18
2014-12-31,21:00,6203,6,2,5,6,7,8,11,13,18,19,20
2014-12-31,22:00,6204,10,1,2,9,11,13,14,15,16,18,19
2014-12-31,23:00,6205,20,1,2,6,8,10,11,12,13,15,20
