date,time,contest,numerone,n1,n2,n3,n4,n5,n6,n7,n8,n9,n10
2018-01-01,07:00,1,7,1,2,4,7,9,10,11,14,15,20
2018-01-01,08:00,2,13,1,7,9,10,11,13,14,15,16,19
2018-01-01,09:00,3,7,3,4,5,10,11,13,14,15,16,19
2018-01-01,10:00,4,1,1,2,4,7,8,9,10,11,13,20
2018-01-01,11:00,5,5,1,4,6,9,11,12,13,15,17,20
2018-01-01,12:00,6,11,2,4,6,7,9,11,12,13,18,19
2018-01-01,13:00,7,20,1,4,5,7,10,11,12,13,15,20
2018-01-01,14:00,8,8,1,4,7,8,9,10,14,15,18,20
2018-01-01,15:00,9,20,2,6,12,13,14,15,16,17,18,19
2018-01-01,16:00,10,18,4,9,10,11,13,14,15,17,18,19
2018-01-01,17:00,11,6,1,7,8,9,10,11,12,13,18,20
2018-01-01,18:00,12,16,2,3,4,7,8,9,11,12,16,18
2018-01-01,19:00,13,1,3,4,5,6,9,10,12,17,18,19
2018-01-01,20:00,14,15,1,2,4,5,7,10,12,13,15,19
2018-01-01,21:00,15,10,1,2,4,6,13,14,15,16,17,20
2018-01-01,22:00,16,17,1,5,7,8,11,12,13,17,18,19
2018-01-01,23:00,17,9,1,2,3,6,9,10,11,13,15,16
2018-01-02,07:00,18,14,1,4,7,9,12,13,15,18,19,20
2018-01-02,08:00,19,5,2,4,5,6,7,10,13,15,19,20
2018-01-02,09:00,20,17,1,3,6,8,9,11,12,14,18,20
2018-01-02,10:00,21,18,2,4,6,9,14,15,16,17,18,19
2018-01-02,11:00,22,1,6,7,9,11,12,13,16,17,18,19
2018-01-02,12:00,23,4,3,4,7,8,10,14,15,18,19,20
2018-01-02,13:00,24,4,3,5,7,10,12,15,16,17,18,20
2018-01-02,14:00,25,4,2,3,6,7,10,13,14,15,19,20
2018-01-02,15:00,26,20,3,4,5,7,11,13,16,17,18,19
2018-01-02,16:00,27,5,1,3,4,5,7,9,10,12,15,17
2018-01-02,17:00,28,2,3,4,6,11,12,14,16,18,19,20
2018-01-02,18:00,29,7,3,5,6,7,8,11,13,15,19,20
2018-01-02,19:00,30,17,2,4,6,7,8,12,13,14,15,18
2018-01-02,20:00,31,17,1,3,4,8,10,11,12,14,16,18
2018-01-02,21:00,32,3,2,3,5,8,10,12,13,17,19,20
2018-01-02,22:00,33,3,3,4,7,10,11,14,15,17,18,19
2018-01-02,23:00,34,15,1,2,3,6,8,12,13,15,17,18
2018-01-03,07:00,35,4,2,7,8,9,10,11,13,14,17,18
2018-01-03,08:00,36,1,2,3,6,7,8,11,12,13,15,20
2018-01-03,09:00,37,15,2,4,6,10,12,13,14,17,19,20
2018-01-03,10:00,38,12,1,4,5,7,8,9,10,13,18,20
2018-01-03,11:00,39,12,1,3,5,6,7,9,10,12,13,19
2018-01-03,12:00,40,17,1,2,4,5,8,10,12,13,14,18
2018-01-03,13:00,41,2,1,2,4,5,7,8,9,14,16,18
2018-01-03,14:00,42,14,3,4,5,7,8,12,13,16,17,19
2018-01-03,15:00,43,10,5,6,7,9,10,12,13,18,19,20
2018-01-03,16:00,44,19,3,4,7,9,11,12,15,16,18,20
2018-01-03,17:00,45,17,2,4,5,6,10,12,14,15,16,19
2018-01-03,18:00,46,12,1,2,4,10,11,12,14,16,18,19
2018-01-03,19:00,47,18,3,7,8,9,10,12,13,14,16,18
2018-01-03,20:00,48,5,2,5,6,7,8,9,13,17,18,19
2018-01-03,21:00,49,2,4,5,6,8,10,12,13,14,19,20
2018-01-03,22:00,50,4,2,3,6,7,8,9,10,11,13,15
2018-01-03,23:00,51,14,1,2,3,5,8,10,11,14,18,19
2018-01-04,07:00,52,9,5,7,8,9,10,13,14,15,19,20
2018-01-04,08:00,53,7,2,4,7,9,10,11,13,14,15,16
2018-01-04,09:00,54,10,1,4,5,7,9,10,12,15,16,19
2018-01-04,10:00,55,18,2,3,4,5,6,8,9,10,17,18
2018-01-04,11:00,56,6,2,3,5,8,10,11,12,16,17,18
2018-01-04,12:00,57,8,1,2,4,5,10,12,13,14,15,17
2018-01-04,13:00,58,17,1,2,3,4,7,8,11,12,13,19
2018-01-04,14:00,59,10,4,5,9,13,15,16,17,18,19,20
2018-01-04,15:00,60,8,3,9,10,12,13,14,16,17,18,19
2018-01-04,16:00,61,8,1,2,5,6,7,12,14,15,16,19
2018-01-04,17:00,62,15,3,4,5,6,7,8,13,14,19,20
2018-01-04,18:00,63,5,1,3,5,6,10,11,14,16,17,18
2018-01-04,19:00,64,8,3,5,6,11,12,13,16,18,19,20
2018-01-04,20:00,65,4,3,4,10,11,12,13,14,15,16,20
2018-01-04,21:00,66,10,3,4,5,7,8,10,11,14,15,20
2018-01-04,22:00,67,4,3,5,6,7,8,9,16,18,19,20
2018-01-04,23:00,68,15,1,4,5,6,7,8,11,13,14,16
2018-01-05,07:00,69,11,1,2,3,4,8,15,16,17,18,20
2018-01-05,08:00,70,5,1,4,5,6,12,13,16,18,19,20
2018-01-05,09:00,71,20,3,6,7,8,10,12,14,15,17,19
2018-01-05,10:00,72,7,3,7,8,9,12,13,15,16,18,19
2018-01-05,11:00,73,2,2,4,5,11,12,16,17,18,19,20
2018-01-05,12:00,74,9,2,4,7,11,14,16,17,18,19,20
2018-01-05,13:00,75,15,3,6,7,9,11,13,14,15,16,18
2018-01-05,14:00,76,8,1,2,3,7,10,11,13,15,18,19
2018-01-05,15:00,77,13,1,4,5,6,9,10,11,12,13,17
2018-01-05,16:00,78,13,3,5,6,7,8,10,15,16,19,20
2018-01-05,17:00,79,20,1,3,8,9,14,16,17,18,19,20
2018-01-05,18:00,80,9,3,5,8,9,10,11,12,14,16,19
2018-01-05,19:00,81,10,1,4,7,9,10,12,13,14,16,20
2018-01-05,20:00,82,10,3,4,5,6,7,12,17,18,19,20
2018-01-05,21:00,83,10,3,4,6,10,11,12,15,16,19,20
2018-01-05,22:00,84,6,1,2,5,8,10,12,14,17,18,19
2018-01-05,23:00,85,7,2,3,5,8,9,10,12,13,14,15
2018-01-06,07:00,86,3,1,4,11,13,15,16,17,18,19,20
2018-01-06,08:00,87,10,3,6,7,8,10,12,16,17,19,20
2018-01-06,09:00,88,18,2,3,5,9,10,11,14,15,19,20
2018-01-06,10:00,89,19,1,2,3,9,12,13,15,16,17,20
2018-01-06,11:00,90,15,1,3,4,8,9,12,14,15,16,20
2018-01-06,12:00,91,1,1,2,4,5,8,9,10,12,14,15
2018-01-06,13:00,92,14,2,5,6,7,11,13,14,15,19,20
2018-01-06,14:00,93,3,1,2,3,8,10,11,12,14,15,17
2018-01-06,15:00,94,5,1,6,7,9,12,14,16,18,19,20
2018-01-06,16:00,95,19,5,7,8,10,11,12,16,17,19,20
2018-01-06,17:00,96,14,1,2,3,7,8,12,14,15,16,18
2018-01-06,18:00,97,11,1,2,8,10,11,13,14,15,17,19
2018-01-06,19:00,98,12,2,3,6,8,9,12,13,15,17,20
2018-01-06,20:00,99,12,1,4,6,7,9,11,13,14,15,18
2018-01-06,21:00,100,12,2,3,5,6,9,13,14,15,17,19
2018-01-06,22:00,101,20,1,5,6,8,9,11,12,15,19,20
2018-01-06,23:00,102,14,2,5,6,7,9,10,11,12,13,18
2018-01-07,07:00,103,1,2,3,4,5,7,11,12,16,18,19
2018-01-07,08:00,104,1,1,4,5,9,13,14,15,17,18,19
2018-01-07,09:00,105,16,1,7,10,11,14,15,16,18,19,20
2018-01-07,10:00,106,12,1,7,8,10,14,15,16,17,19,20
2018-01-07,11:00,107,13,1,2,5,11,13,15,16,17,18,20
2018-01-07,12:00,108,13,1,2,3,4,6,7,14,15,18,19
2018-01-07,13:00,109,9,2,3,4,5,11,13,14,15,16,19
2018-01-07,14:00,110,20,3,4,5,7,10,11,13,14,15,19
2018-01-07,15:00,111,7,3,5,8,11,14,15,17,18,19,20
2018-01-07,16:00,112,17,2,3,4,8,10,11,13,15,18,19
2018-01-07,17:00,113,17,1,5,7,8,9,10,12,14,16,20
2018-01-07,18:00,114,4,1,2,4,5,6,7,8,9,16,20
2018-01-07,19:00,115,11,1,4,6,8,10,11,16,17,18,19
2018-01-07,20:00,116,1,1,6,7,8,10,12,13,15,16,18
2018-01-07,21:00,117,13,1,2,6,10,11,12,15,17,18,20
2018-01-07,22:00,118,14,1,3,4,6,7,8,15,16,18,19
2018-01-07,23:00,119,2,1,3,6,7,8,9,12,14,17,20
2018-01-08,07:00,120,10,2,4,5,8,10,11,12,14,18,19
2018-01-08,08:00,121,16,2,3,5,7,8,12,15,16,19,20
2018-01-08,09:00,122,13,1,2,3,4,7,10,11,15,16,19
2018-01-08,10:00,123,20,3,6,11,12,13,14,15,17,18,20
2018-01-08,11:00,124,2,1,3,4,8,9,12,14,16,19,20
2018-01-08,12:00,125,13,1,2,4,7,10,12,14,16,19,20
2018-01-08,13:00,126,5,3,5,7,8,9,10,13,14,18,20
2018-01-08,14:00,127,2,1,2,4,5,6,7,8,12,13,19
2018-01-08,15:00,128,6,1,2,4,6,10,11,12,14,16,19
2018-01-08,16:00,129,15,1,4,7,9,11,12,13,14,16,18
2018-01-08,17:00,130,7,1,2,4,5,7,8,9,10,15,20
2018-01-08,18:00,131,10,1,2,4,5,6,10,13,15,16,20
2018-01-08,19:00,132,2,2,7,9,10,11,13,14,15,16,20
2018-01-08,20:00,133,3,2,3,7,9,11,14,16,17,19,20
2018-01-08,21:00,134,19,1,2,7,9,10,13,14,17,19,20
2018-01-08,22:00,135,10,1,2,3,7,9,12,13,15,18,20
2018-01-08,23:00,136,10,1,2,4,5,8,11,14,15,16,19
2018-01-09,07:00,137,14,3,5,10,12,15,16,17,18,19,20
2018-01-09,08:00,138,3,4,5,6,7,9,14,15,16,17,20
2018-01-09,09:00,139,4,1,2,6,8,12,13,14,16,18,20
2018-01-09,10:00,140,11,1,4,5,7,10,14,16,17,19,20
2018-01-09,11:00,141,5,2,3,4,7,8,10,11,12,15,17
2018-01-09,12:00,142,15,1,4,6,9,10,11,13,15,18,19
2018-01-09,13:00,143,7,2,3,7,8,9,10,11,13,15,18
2018-01-09,14:00,144,3,1,4,5,6,8,9,11,13,16,19
2018-01-09,15:00,145,9,1,2,3,4,6,8,13,15,16,17
2018-01-09,16:00,146,12,1,2,3,4,6,11,12,15,17,19
2018-01-09,17:00,147,20,2,3,5,9,10,12,13,15,16,20
2018-01-09,18:00,148,13,1,5,7,8,10,12,13,15,16,18
2018-01-09,19:00,149,11,3,4,5,8,10,14,15,16,18,19
2018-01-09,20:00,150,19,2,5,9,10,11,13,14,17,18,19
2018-01-09,21:00,151,19,1,2,3,4,9,11,14,18,19,20
2018-01-09,22:00,152,17,4,5,7,8,11,14,15,16,17,18
2018-01-09,23:00,153,5,1,3,4,8,13,14,16,17,19,20
2018-01-10,07:00,154,2,1,2,5,6,7,13,17,18,19,20
2018-01-10,08:00,155,14,1,3,4,5,6,12,13,15,16,17
2018-01-10,09:00,156,11,2,5,6,7,10,11,12,16,17,20
2018-01-10,10:00,157,18,1,2,6,9,10,11,12,13,15,20
2018-01-10,11:00,158,2,3,4,7,8,11,12,14,16,18,19
2018-01-10,12:00,159,9,2,5,7,8,12,13,15,16,17,19
2018-01-10,13:00,160,4,1,3,5,6,7,8,12,14,17,19
2018-01-10,14:00,161,6,1,3,5,6,7,8,15,17,18,19
2018-01-10,15:00,162,2,1,2,3,5,7,9,10,14,15,18
2018-01-10,16:00,163,15,1,3,5,7,9,10,11,12,13,19
2018-01-10,17:00,164,14,1,2,9,10,12,13,15,17,18,20
2018-01-10,18:00,165,12,3,6,7,8,9,11,14,16,18,19
2018-01-10,19:00,166,16,1,2,3,5,6,9,12,13,18,19
2018-01-10,20:00,167,9,1,4,5,6,8,12,14,16,18,19
2018-01-10,21:00,168,13,3,4,6,7,8,11,12,15,17,18
2018-01-10,22:00,169,2,1,2,3,4,5,7,8,12,13,16
2018-01-10,23:00,170,15,4,5,9,10,11,12,14,16,18,20
2018-01-11,07:00,171,11,4,8,9,10,11,13,14,15,18,20
2018-01-11,08:00,172,10,1,2,4,6,7,11,14,17,18,19
2018-01-11,09:00,173,7,1,3,7,10,13,14,16,17,19,20
2018-01-11,10:00,174,2,2,4,5,6,7,8,10,17,18,20
2018-01-11,11:00,175,20,1,2,5,6,9,11,13,14,16,18
2018-01-11,12:00,176,15,1,2,4,6,8,14,16,17,19,20
2018-01-11,13:00,177,13,2,5,7,8,12,14,17,18,19,20
2018-01-11,14:00,178,13,2,3,5,6,7,9,11,13,19,20
2018-01-11,15:00,179,11,3,4,6,7,8,10,11,13,15,18
2018-01-11,16:00,180,9,3,5,7,9,10,11,13,17,18,19
2018-01-11,17:00,181,7,2,3,4,5,10,12,13,17,18,20
2018-01-11,18:00,182,11,3,4,5,6,9,10,12,13,17,19
2018-01-11,19:00,183,14,1,3,5,7,8,11,13,15,17,18
2018-01-11,20:00,184,15,1,3,7,11,12,13,15,16,18,19
2018-01-11,21:00,185,11,1,3,4,5,7,8,10,13,15,16
2018-01-11,22:00,186,17,3,6,7,9,10,11,13,14,15,17
2018-01-11,23:00,187,17,1,3,5,6,10,12,14,16,18,20
2018-01-12,07:00,188,12,1,2,7,8,10,11,14,17,19,20
2018-01-12,08:00,189,4,2,5,6,7,12,13,15,17,18,20
2018-01-12,09:00,190,18,1,3,4,6,8,10,11,12,16,17
2018-01-12,10:00,191,19,3,5,7,8,9,10,14,15,17,19
2018-01-12,11:00,192,16,4,5,7,8,9,10,13,17,18,19
2018-01-12,12:00,193,3,3,5,7,8,9,10,11,14,17,19
2018-01-12,13:00,194,10,4,5,6,7,13,14,16,17,19,20
2018-01-12,14:00,195,14,1,2,4,5,7,10,12,14,15,18
2018-01-12,15:00,196,20,1,2,3,4,5,8,10,12,16,18
2018-01-12,16:00,197,5,2,4,5,6,7,10,14,15,17,19
2018-01-12,17:00,198,17,3,5,6,8,9,10,11,13,15,17
2018-01-12,18:00,199,4,2,3,5,7,9,10,15,16,17,19
2018-01-12,19:00,200,10,2,7,8,10,11,13,15,16,19,20
2018-01-12,20:00,201,2,3,4,6,7,9,13,15,16,18,20
2018-01-12,21:00,202,20,4,5,6,7,10,13,14,15,16,18
2018-01-12,22:00,203,5,2,4,6,7,9,10,12,18,19,20
2018-01-12,23:00,204,5,1,3,5,6,7,9,10,12,16,20
2018-01-13,07:00,205,2,4,5,6,7,8,10,11,14,15,20
2018-01-13,08:00,206,13,4,6,11,12,13,14,15,16,19,20
2018-01-13,09:00,207,10,1,2,3,5,11,12,13,17,18,19
2018-01-13,10:00,208,19,5,7,8,10,11,14,15,18,19,20
2018-01-13,11:00,209,5,3,4,6,9,10,11,12,14,15,17
2018-01-13,12:00,210,16,2,3,6,7,8,11,12,13,14,18
2018-01-13,13:00,211,15,1,5,6,8,9,11,13,15,16,17
2018-01-13,14:00,212,14,1,2,3,5,6,11,14,15,16,17
2018-01-13,15:00,213,10,1,4,5,6,10,13,14,15,17,19
2018-01-13,16:00,214,11,2,3,4,5,8,10,12,17,19,20
2018-01-13,17:00,215,9,1,2,4,6,7,10,13,15,16,17
2018-01-13,18:00,216,12,1,4,7,8,9,14,15,18,19,20
2018-01-13,19:00,217,11,2,3,4,5,8,9,12,13,14,15
2018-01-13,20:00,218,19,1,3,5,6,10,11,14,15,16,19
2018-01-13,21:00,219,11,2,3,4,9,12,13,15,16,19,20
2018-01-13,22:00,220,10,2,6,7,8,9,10,13,17,19,20
2018-01-13,23:00,221,2,1,4,7,9,12,14,16,17,19,20
2018-01-14,07:00,222,14,1,2,5,6,7,9,10,12,15,17
2018-01-14,08:00,223,5,3,4,6,9,12,13,16,17,18,20
2018-01-14,09:00,224,16,3,4,5,9,10,12,14,15,18,19
2018-01-14,10:00,225,5,1,2,4,5,7,12,14,18,19,20
2018-01-14,11:00,226,8,1,2,4,6,7,9,11,15,16,19
2018-01-14,12:00,227,5,1,2,3,4,5,6,11,13,17,19
2018-01-14,13:00,228,18,1,4,5,6,7,8,12,14,16,19
2018-01-14,14:00,229,18,1,3,5,7,9,11,13,14,15,19
2018-01-14,15:00,230,12,1,2,3,5,6,7,12,16,18,19
2018-01-14,16:00,231,16,1,2,3,5,6,8,9,10,15,17
2018-01-14,17:00,232,11,2,6,9,11,13,15,16,17,18,20
2018-01-14,18:00,233,15,2,3,4,5,6,7,9,12,16,19
2018-01-14,19:00,234,8,2,3,6,9,11,12,13,14,15,19
2018-01-14,20:00,235,13,1,2,3,4,9,10,11,12,13,15
2018-01-14,21:00,236,18,4,5,8,10,12,14,16,17,18,20
2018-01-14,22:00,237,4,4,6,7,9,11,13,14,16,17,19
2018-01-14,23:00,238,1,3,5,6,7,11,12,15,17,19,20
2018-01-15,07:00,239,7,2,3,4,7,9,10,13,14,18,20
2018-01-15,08:00,240,16,1,3,8,10,11,12,13,14,18,20
2018-01-15,09:00,241,12,1,4,5,9,10,11,14,17,19,20
2018-01-15,10:00,242,7,1,4,5,7,9,12,13,14,17,18
2018-01-15,11:00,243,1,1,2,7,8,9,11,13,16,19,20
2018-01-15,12:00,244,6,2,3,7,9,10,12,16,17,19,20
2018-01-15,13:00,245,13,1,3,5,7,9,11,14,15,17,19
2018-01-15,14:00,246,1,1,4,9,11,12,13,14,17,18,19
2018-01-15,15:00,247,19,1,2,4,7,8,9,11,14,18,19
2018-01-15,16:00,248,20,3,6,7,8,11,16,17,18,19,20
2018-01-15,17:00,249,12,1,2,3,4,6,7,9,14,17,19
2018-01-15,18:00,250,11,6,9,12,13,14,15,16,17,18,19
2018-01-15,19:00,251,11,2,5,6,7,9,12,15,17,18,20
2018-01-15,20:00,252,18,1,4,10,11,12,13,14,17,18,19
2018-01-15,21:00,253,8,3,4,5,7,8,14,15,16,17,19
2018-01-15,22:00,254,6,3,6,7,9,11,12,13,14,16,20
2018-01-15,23:00,255,2,1,3,5,6,7,10,11,14,15,19
2018-01-16,07:00,256,14,1,3,5,6,7,8,12,14,15,19
2018-01-16,08:00,257,10,1,2,4,6,11,12,14,16,17,19
2018-01-16,09:00,258,10,1,2,3,7,11,13,14,15,16,18
2018-01-16,10:00,259,4,1,2,3,5,9,10,11,13,16,17
2018-01-16,11:00,260,17,3,7,8,10,11,13,16,17,19,20
2018-01-16,12:00,261,1,1,2,3,5,6,7,9,12,14,17
2018-01-16,13:00,262,3,4,7,9,10,13,14,15,16,17,20
2018-01-16,14:00,263,14,7,8,9,11,13,14,15,16,18,20
2018-01-16,15:00,264,10,1,2,3,5,6,10,11,13,14,19
2018-01-16,16:00,265,12,2,3,8,9,13,14,15,18,19,20
2018-01-16,17:00,266,12,1,6,8,10,11,12,13,14,15,20
2018-01-16,18:00,267,19,1,3,4,5,6,7,10,12,15,20
2018-01-16,19:00,268,16,1,4,5,9,11,12,13,14,17,20
2018-01-16,20:00,269,15,1,4,6,7,9,11,12,13,15,19
2018-01-16,21:00,270,10,1,2,5,7,8,12,15,16,19,20
2018-01-16,22:00,271,7,1,4,5,9,10,11,13,14,15,20
2018-01-16,23:00,272,12,1,2,3,4,9,10,13,14,16,19
2018-01-17,07:00,273,17,2,4,6,7,10,12,13,15,17,20
2018-01-17,08:00,274,12,3,5,7,9,10,11,13,16,18,19
2018-01-17,09:00,275,3,2,3,4,5,6,7,8,15,17,18
2018-01-17,10:00,276,18,1,9,10,11,13,14,15,16,17,18
2018-01-17,11:00,277,20,3,7,8,9,10,11,12,13,14,17
2018-01-17,12:00,278,1,3,6,7,9,11,12,14,16,17,20
2018-01-17,13:00,279,12,1,5,10,11,12,13,16,17,18,20
2018-01-17,14:00,280,9,2,5,6,9,13,14,15,16,17,18
2018-01-17,15:00,281,7,1,2,4,7,8,9,10,15,16,18
2018-01-17,16:00,282,1,1,3,4,6,8,9,13,14,17,19
2018-01-17,17:00,283,11,1,2,3,4,5,9,10,11,12,20
2018-01-17,18:00,284,11,1,6,9,10,13,14,15,17,18,19
2018-01-17,19:00,285,13,4,6,7,8,12,13,14,15,17,19
2018-01-17,20:00,286,18,4,5,7,8,9,10,11,13,15,16
2018-01-17,21:00,287,19,3,7,8,10,11,14,16,18,19,20
2018-01-17,22:00,288,17,5,8,9,10,12,14,17,18,19,20
2018-01-17,23:00,289,6,1,5,6,7,8,9,10,14,16,17
2018-01-18,07:00,290,5,1,2,5,10,12,13,15,18,19,20
2018-01-18,08:00,291,19,2,6,7,8,9,10,13,15,18,20
2018-01-18,09:00,292,11,2,6,8,10,13,15,16,18,19,20
2018-01-18,10:00,293,15,1,2,4,5,9,15,16,17,18,20
2018-01-18,11:00,294,14,3,4,6,8,9,10,12,16,17,20
2018-01-18,12:00,295,7,1,2,4,7,9,10,15,17,18,20
2018-01-18,13:00,296,15,1,4,5,6,10,13,15,17,18,19
2018-01-18,14:00,297,2,2,3,6,10,14,15,16,17,18,20
2018-01-18,15:00,298,3,1,3,6,7,10,15,16,18,19,20
2018-01-18,16:00,299,10,1,3,9,11,12,13,14,15,19,20
2018-01-18,17:00,300,16,1,3,4,8,10,12,13,17,18,19
2018-01-18,18:00,301,16,1,3,5,6,7,8,13,15,19,20
2018-01-18,19:00,302,17,1,2,3,6,7,8,9,17,18,20
2018-01-18,20:00,303,19,6,8,9,10,12,13,14,15,18,19
2018-01-18,21:00,304,7,5,8,10,11,13,14,15,17,18,20
2018-01-18,22:00,305,20,1,5,7,9,10,12,14,15,18,20
2018-01-18,23:00,306,7,1,2,3,4,5,6,7,10,12,17
2018-01-19,07:00,307,16,2,5,7,9,11,13,15,16,17,19
2018-01-19,08:00,308,18,2,7,8,9,11,12,13,14,16,19
2018-01-19,09:00,309,4,2,6,7,9,10,11,16,18,19,20
2018-01-19,10:00,310,15,1,2,4,5,6,9,10,12,15,16
2018-01-19,11:00,311,1,3,4,5,6,11,12,13,14,15,19
2018-01-19,12:00,312,6,1,4,5,8,9,10,13,15,16,17
2018-01-19,13:00,313,5,1,3,9,10,12,13,15,16,17,19
2018-01-19,14:00,314,12,2,3,4,6,8,9,13,14,17,18
2018-01-19,15:00,315,1,2,6,9,12,13,15,16,18,19,20
2018-01-19,16:00,316,18,3,4,5,7,8,12,13,14,17,19
2018-01-19,17:00,317,5,2,3,5,6,7,8,15,16,17,19
2018-01-19,18:00,318,4,1,2,3,6,9,12,13,14,18,20
2018-01-19,19:00,319,12,2,6,9,10,12,13,15,18,19,20
2018-01-19,20:00,320,20,2,3,4,7,14,15,16,17,18,19
2018-01-19,21:00,321,16,1,2,3,10,11,12,13,15,18,20
2018-01-19,22:00,322,5,2,3,5,7,10,13,15,16,19,20
2018-01-19,23:00,323,5,2,3,5,9,10,13,14,15,16,18
2018-01-20,07:00,324,11,1,4,6,8,10,12,15,16,17,20
2018-01-20,08:00,325,15,2,4,6,11,12,13,14,17,18,20
2018-01-20,09:00,326,17,1,3,4,6,9,13,15,17,18,19
2018-01-20,10:00,327,10,1,2,3,4,6,8,9,10,12,16
2018-01-20,11:00,328,3,4,5,8,9,12,14,15,16,18,19
2018-01-20,12:00,329,17,1,5,6,7,9,13,15,16,18,19
2018-01-20,13:00,330,11,4,5,8,10,12,14,15,16,17,20
2018-01-20,14:00,331,4,1,2,3,8,9,13,14,17,18,19
2018-01-20,15:00,332,13,1,2,3,7,8,10,12,16,17,18
2018-01-20,16:00,333,20,1,3,6,7,9,10,13,14,15,16
2018-01-20,17:00,334,18,4,6,7,9,10,11,14,15,17,19
2018-01-20,18:00,335,5,2,3,4,6,7,11,13,15,16,19
2018-01-20,19:00,336,8,1,2,4,5,7,9,14,16,17,19
2018-01-20,20:00,337,2,1,2,3,5,6,9,13,14,15,16
2018-01-20,21:00,338,13,1,3,4,7,9,10,11,16,17,18
2018-01-20,22:00,339,2,2,3,6,8,9,11,15,17,18,19
2018-01-20,23:00,340,20,1,2,3,4,9,10,11,13,14,16
2018-01-21,07:00,341,8,1,2,3,5,8,9,10,14,18,19
2018-01-21,08:00,342,11,3,4,5,6,8,10,11,15,17,19
2018-01-21,09:00,343,2,2,5,6,9,12,13,14,18,19,20
2018-01-21,10:00,344,10,2,3,5,6,8,9,16,18,19,20
2018-01-21,11:00,345,3,3,7,8,9,11,12,14,15,16,18
2018-01-21,12:00,346,1,3,8,9,10,11,12,14,15,16,17
2018-01-21,13:00,347,4,4,7,9,10,13,14,15,16,17,19
2018-01-21,14:00,348,2,1,4,5,6,7,10,13,17,19,20
2018-01-21,15:00,349,8,1,2,6,7,8,9,10,11,19,20
2018-01-21,16:00,350,11,1,2,4,5,8,11,14,16,17,18
2018-01-21,17:00,351,12,1,3,5,6,11,14,15,17,18,20
2018-01-21,18:00,352,6,1,2,3,4,6,11,12,14,15,19
2018-01-21,19:00,353,1,1,2,3,5,6,7,12,15,17,19
2018-01-21,20:00,354,20,1,2,3,4,5,12,14,15,16,17
2018-01-21,21:00,355,12,5,6,8,9,10,11,14,17,19,20
2018-01-21,22:00,356,15,1,4,6,7,11,12,13,16,17,18
2018-01-21,23:00,357,16,2,4,6,8,10,11,12,14,18,19
2018-01-22,07:00,358,11,1,4,5,7,11,12,13,14,15,16
2018-01-22,08:00,359,19,4,8,9,10,11,12,13,14,15,19
2018-01-22,09:00,360,6,3,8,10,11,12,14,16,18,19,20
2018-01-22,10:00,361,6,3,4,7,10,12,14,15,18,19,20
2018-01-22,11:00,362,9,3,6,7,8,11,12,15,16,19,20
2018-01-22,12:00,363,18,1,5,9,10,13,15,16,17,19,20
2018-01-22,13:00,364,4,2,5,7,9,10,12,15,16,18,19
2018-01-22,14:00,365,8,2,3,7,8,9,10,15,16,17,18
2018-01-22,15:00,366,12,1,2,3,5,6,7,9,11,15,16
2018-01-22,16:00,367,20,3,6,8,11,13,14,16,17,18,19
2018-01-22,17:00,368,16,2,5,6,7,8,9,11,12,14,17
2018-01-22,18:00,369,12,1,3,4,5,9,13,14,15,16,20
2018-01-22,19:00,370,16,5,7,8,10,11,14,17,18,19,20
2018-01-22,20:00,371,15,1,5,8,9,12,13,14,15,16,19
2018-01-22,21:00,372,3,1,3,4,6,7,9,13,18,19,20
2018-01-22,22:00,373,12,2,5,6,8,10,16,17,18,19,20
2018-01-22,23:00,374,5,7,9,10,13,14,15,16,17,18,20
2018-01-23,07:00,375,6,4,5,7,9,10,11,13,14,17,20
2018-01-23,08:00,376,13,2,6,7,8,9,11,12,15,16,19
2018-01-23,09:00,377,3,4,6,7,8,10,11,13,17,19,20
2018-01-23,10:00,378,16,1,2,4,5,7,10,13,15,16,18
2018-01-23,11:00,379,14,2,6,7,8,9,10,15,18,19,20
2018-01-23,12:00,380,16,1,3,5,8,10,11,12,14,15,16
2018-01-23,13:00,381,16,1,2,3,6,11,12,15,16,17,18
2018-01-23,14:00,382,1,4,6,7,8,11,12,13,14,19,20
2018-01-23,15:00,383,19,1,2,3,4,9,12,13,15,18,20
2018-01-23,16:00,384,14,2,3,5,11,12,13,16,18,19,20
2018-01-23,17:00,385,5,1,4,5,6,10,14,15,17,18,20
2018-01-23,18:00,386,10,1,2,6,7,8,12,14,15,18,20
2018-01-23,19:00,387,14,1,3,5,6,8,13,14,17,19,20
2018-01-23,20:00,388,15,3,4,6,7,9,11,13,15,17,19
2018-01-23,21:00,389,11,2,5,7,8,12,15,17,18,19,20
2018-01-23,22:00,390,19,2,5,6,8,9,11,12,14,16,20
2018-01-23,23:00,391,13,2,4,6,7,10,12,14,17,19,20
2018-01-24,07:00,392,9,1,6,7,8,12,13,14,17,18,20
2018-01-24,08:00,393,20,2,3,4,5,8,11,12,13,14,17
2018-01-24,09:00,394,16,2,4,6,7,8,9,10,12,15,17
2018-01-24,10:00,395,14,1,2,5,7,10,13,14,15,19,20
2018-01-24,11:00,396,3,1,2,7,9,10,11,13,14,18,19
2018-01-24,12:00,397,15,1,2,4,7,8,9,10,13,15,16
2018-01-24,13:00,398,9,1,2,6,9,13,14,15,18,19,20
2018-01-24,14:00,399,4,4,5,7,8,12,13,14,16,19,20
2018-01-24,15:00,400,13,1,3,4,7,8,10,11,12,13,16
2018-01-24,16:00,401,7,1,4,7,12,14,16,17,18,19,20
2018-01-24,17:00,402,19,2,4,5,10,15,16,17,18,19,20
2018-01-24,18:00,403,19,1,6,7,8,9,10,12,13,14,20
2018-01-24,19:00,404,5,1,3,7,10,12,13,14,15,18,20
2018-01-24,20:00,405,16,1,3,4,6,8,11,12,15,16,18
2018-01-24,21:00,406,20,1,2,3,7,12,13,14,17,18,20
2018-01-24,22:00,407,9,1,5,8,9,10,13,15,16,18,19
2018-01-24,23:00,408,20,1,3,4,8,12,13,14,15,16,17
2018-01-25,07:00,409,19,2,6,8,9,10,13,15,17,19,20
2018-01-25,08:00,410,17,1,3,5,6,7,10,12,18,19,20
2018-01-25,09:00,411,17,1,2,3,4,6,7,9,11,16,18
2018-01-25,10:00,412,9,2,3,5,7,8,12,13,15,16,19
2018-01-25,11:00,413,2,4,5,6,8,12,13,15,18,19,20
2018-01-25,12:00,414,2,1,4,5,6,7,9,10,13,16,17
2018-01-25,13:00,415,11,2,5,6,8,10,12,15,16,19,20
2018-01-25,14:00,416,3,2,3,4,10,11,14,16,18,19,20
2018-01-25,15:00,417,19,3,5,6,7,9,10,12,13,15,18
2018-01-25,16:00,418,14,3,4,6,8,12,13,14,17,19,20
2018-01-25,17:00,419,13,2,4,5,7,12,13,16,17,19,20
2018-01-25,18:00,420,18,1,2,3,5,8,13,14,15,16,18
2018-01-25,19:00,421,18,1,2,5,6,7,11,13,14,17,20
2018-01-25,20:00,422,5,5,6,7,8,10,11,12,16,17,19
2018-01-25,21:00,423,2,2,3,5,7,8,9,12,14,15,17
2018-01-25,22:00,424,2,3,5,6,9,14,15,17,18,19,20
2018-01-25,23:00,425,2,1,2,4,5,6,8,10,17,18,19
2018-01-26,07:00,426,9,2,3,7,10,11,14,15,16,19,20
2018-01-26,08:00,427,8,2,5,6,10,11,12,14,16,17,20
2018-01-26,09:00,428,18,3,5,6,7,8,13,15,16,17,18
2018-01-26,10:00,429,10,3,4,5,9,13,16,17,18,19,20
2018-01-26,11:00,430,3,1,2,6,7,8,9,14,18,19,20
2018-01-26,12:00,431,11,4,6,7,12,13,14,15,16,17,18
2018-01-26,13:00,432,14,1,2,3,4,7,12,14,16,19,20
2018-01-26,14:00,433,5,1,2,4,8,10,11,12,13,14,18
2018-01-26,15:00,434,16,1,5,6,8,10,11,14,18,19,20
2018-01-26,16:00,435,17,2,3,4,5,6,8,10,15,17,20
2018-01-26,17:00,436,8,1,2,3,5,9,12,14,15,16,19
2018-01-26,18:00,437,1,1,2,3,4,5,8,14,15,17,19
2018-01-26,19:00,438,15,4,5,7,8,9,10,11,15,18,20
2018-01-26,20:00,439,19,1,2,5,6,7,10,11,13,18,19
2018-01-26,21:00,440,8,1,2,3,5,12,13,15,17,19,20
2018-01-26,22:00,441,13,2,5,6,7,9,11,13,14,16,20
2018-01-26,23:00,442,20,1,4,5,6,8,11,12,16,17,20
2018-01-27,07:00,443,12,1,4,6,7,9,11,12,13,18,19
2018-01-27,08:00,444,12,1,4,6,9,10,14,15,16,18,19
2018-01-27,09:00,445,17,1,5,6,10,11,13,16,17,18,19
2018-01-27,10:00,446,10,2,3,4,7,9,10,11,15,16,17
2018-01-27,11:00,447,7,1,3,4,6,8,9,11,12,13,16
2018-01-27,12:00,448,15,1,2,5,7,8,11,12,13,15,18
2018-01-27,13:00,449,13,1,2,4,6,9,12,13,15,16,20
2018-01-27,14:00,450,6,4,6,8,10,12,13,16,17,18,19
2018-01-27,15:00,451,5,1,2,5,7,10,12,13,14,18,19
2018-01-27,16:00,452,5,3,5,6,7,8,10,12,15,17,18
2018-01-27,17:00,453,18,1,2,4,6,10,11,12,16,17,18
2018-01-27,18:00,454,14,2,6,7,9,13,14,15,16,17,19
2018-01-27,19:00,455,18,2,4,5,7,9,10,13,15,16,17
2018-01-27,20:00,456,3,1,2,3,10,11,12,13,14,16,17
2018-01-27,21:00,457,12,4,5,7,10,11,12,13,16,18,19
2018-01-27,22:00,458,2,2,3,4,5,7,9,10,12,15,17
2018-01-27,23:00,459,9,2,3,4,5,8,9,12,15,17,18
2018-01-28,07:00,460,17,3,4,7,8,10,11,12,13,15,16
2018-01-28,08:00,461,8,9,10,11,12,14,15,17,18,19,20
2018-01-28,09:00,462,17,1,2,3,9,11,12,14,15,16,17
2018-01-28,10:00,463,15,4,6,11,12,13,15,16,17,18,20
2018-01-28,11:00,464,17,1,3,5,7,11,12,14,15,17,18
2018-01-28,12:00,465,2,2,4,6,11,12,13,15,17,18,19
2018-01-28,13:00,466,15,2,4,5,6,8,9,15,17,18,20
2018-01-28,14:00,467,10,1,3,4,7,9,10,12,13,15,16
2018-01-28,15:00,468,1,2,5,7,8,9,15,16,17,18,19
2018-01-28,16:00,469,12,2,3,4,5,8,9,15,16,17,20
2018-01-28,17:00,470,5,2,3,4,5,6,7,12,13,14,20
2018-01-28,18:00,471,20,1,2,4,11,13,14,15,16,17,18
2018-01-28,19:00,472,12,2,5,6,8,9,13,15,16,17,18
2018-01-28,20:00,473,5,2,3,4,8,10,14,16,17,19,20
2018-01-28,21:00,474,17,2,3,4,5,7,9,14,16,17,19
2018-01-28,22:00,475,19,1,2,3,5,6,9,12,16,19,20
2018-01-28,23:00,476,8,2,3,5,7,10,11,12,16,19,20
2018-01-29,07:00,477,16,2,3,5,7,9,10,13,15,18,19
2018-01-29,08:00,478,20,1,2,6,7,8,9,12,14,16,19
2018-01-29,09:00,479,10,1,2,5,7,9,10,11,12,15,19
2018-01-29,10:00,480,16,7,8,9,11,12,13,15,18,19,20
2018-01-29,11:00,481,15,1,5,7,9,10,11,12,13,14,19
2018-01-29,12:00,482,17,2,3,4,6,8,15,16,17,18,20
2018-01-29,13:00,483,10,3,4,5,6,7,8,14,15,16,20
2018-01-29,14:00,484,9,2,3,9,11,12,13,14,15,16,20
2018-01-29,15:00,485,3,1,2,3,6,7,9,13,15,17,20
2018-01-29,16:00,486,14,1,3,6,7,8,10,11,12,15,19
2018-01-29,17:00,487,9,1,2,3,4,5,6,7,8,10,12
2018-01-29,18:00,488,8,2,3,4,9,10,14,15,17,18,19
2018-01-29,19:00,489,15,1,2,4,7,10,11,12,15,16,20
2018-01-29,20:00,490,19,1,5,6,8,10,11,14,18,19,20
2018-01-29,21:00,491,3,1,3,4,6,7,9,10,12,14,19
2018-01-29,22:00,492,3,1,3,4,7,9,10,11,13,14,20
2018-01-29,23:00,493,12,3,5,7,8,9,10,11,13,15,17
2018-01-30,07:00,494,20,1,4,7,10,11,12,14,17,18,19
2018-01-30,08:00,495,11,2,3,5,7,11,12,13,15,17,19
2018-01-30,09:00,496,10,1,4,5,6,8,11,12,13,14,17
2018-01-30,10:00,497,20,4,5,6,8,10,11,13,14,17,19
2018-01-30,11:00,498,18,5,7,9,10,11,12,13,14,16,19
2018-01-30,12:00,499,8,2,4,5,6,8,12,13,14,15,18
2018-01-30,13:00,500,6,1,5,6,7,8,11,14,15,19,20
2018-01-30,14:00,501,14,1,2,3,4,8,10,11,13,14,15
2018-01-30,15:00,502,17,2,5,6,10,11,12,16,17,18,20
2018-01-30,16:00,503,9,1,6,7,8,9,11,13,14,18,20
2018-01-30,17:00,504,3,5,6,7,9,12,13,15,16,19,20
2018-01-30,18:00,505,11,1,2,3,4,5,6,7,9,12,13
2018-01-30,19:00,506,16,7,8,9,10,12,14,15,17,19,20
2018-01-30,20:00,507,10,2,4,5,7,9,10,11,12,18,19
2018-01-30,21:00,508,12,1,2,3,6,8,10,11,12,16,20
2018-01-30,22:00,509,7,1,2,8,9,10,12,14,16,17,19
2018-01-30,23:00,510,19,2,5,9,10,11,13,14,16,17,20
2018-01-31,07:00,511,5,1,4,5,7,9,11,14,15,18,19
2018-01-31,08:00,512,18,3,5,6,7,11,13,15,16,17,19
2018-01-31,09:00,513,7,2,3,6,7,8,10,14,17,18,19
2018-01-31,10:00,514,13,2,3,4,5,11,13,14,15,17,20
2018-01-31,11:00,515,6,3,5,6,9,12,13,15,16,17,20
2018-01-31,12:00,516,9,5,6,7,9,13,14,15,17,19,20
2018-01-31,13:00,517,8,2,6,7,8,11,12,13,15,17,19
2018-01-31,14:00,518,3,2,5,7,8,9,10,13,15,17,20
2018-01-31,15:00,519,1,1,2,4,6,9,11,12,15,16,19
2018-01-31,16:00,520,12,2,4,6,8,9,13,16,17,19,20
2018-01-31,17:00,521,20,1,3,6,9,10,11,13,16,19,20
2018-01-31,18:00,522,4,2,4,6,7,9,13,15,16,19,20
2018-01-31,19:00,523,10,1,5,7,8,9,10,12,15,16,17
2018-01-31,20:00,524,14,2,4,5,9,11,13,16,18,19,20
2018-01-31,21:00,525,17,5,6,8,9,12,13,14,16,17,19
2018-01-31,22:00,526,17,2,3,6,7,8,11,12,14,15,19
2018-01-31,23:00,527,3,1,6,7,10,11,13,15,16,17,18
2018-02-01,07:00,528,10,5,7,8,9,10,16,17,18,19,20
2018-02-01,08:00,529,9,1,2,3,4,7,9,16,17,19,20
2018-02-01,09:00,530,6,2,3,4,5,6,11,12,14,15,16
2018-02-01,10:00,531,15,4,5,6,9,11,12,13,17,19,20
2018-02-01,11:00,532,18,2,5,6,8,10,14,16,18,19,20
2018-02-01,12:00,533,1,1,3,4,5,6,10,12,14,17,18
2018-02-01,13:00,534,17,1,3,5,6,7,9,10,14,16,17
2018-02-01,14:00,535,1,1,2,7,8,9,10,14,16,17,19
2018-02-01,15:00,536,3,1,3,4,5,10,11,13,14,15,20
2018-02-01,16:00,537,18,2,3,5,8,9,10,12,13,18,19
2018-02-01,17:00,538,13,2,3,6,8,11,16,17,18,19,20
2018-02-01,18:00,539,19,1,2,3,4,6,7,11,12,13,20
2018-02-01,19:00,540,16,2,4,6,7,8,9,10,14,15,20
2018-02-01,20:00,541,14,2,3,6,7,8,15,17,18,19,20
2018-02-01,21:00,542,7,1,3,4,6,8,11,12,16,17,19
2018-02-01,22:00,543,2,1,2,5,6,7,9,12,17,19,20
2018-02-01,23:00,544,12,1,2,3,5,7,9,11,12,19,20
2018-02-02,07:00,545,13,1,2,5,6,7,8,11,17,18,19
2018-02-02,08:00,546,11,2,5,7,10,11,12,15,17,18,19
2018-02-02,09:00,547,19,2,3,4,5,6,7,11,15,16,20
2018-02-02,10:00,548,16,4,5,6,8,9,13,14,16,18,20
2018-02-02,11:00,549,16,4,6,7,9,12,16,17,18,19,20
2018-02-02,12:00,550,4,1,2,4,6,8,9,11,13,18,20
2018-02-02,13:00,551,7,1,2,3,6,8,10,14,15,16,18
2018-02-02,14:00,552,14,1,3,4,5,6,7,9,10,13,16
2018-02-02,15:00,553,19,2,4,7,9,11,12,13,16,17,20
2018-02-02,16:00,554,2,1,5,8,9,10,11,12,14,18,20
2018-02-02,17:00,555,12,1,2,5,6,13,15,17,18,19,20
2018-02-02,18:00,556,5,1,2,3,4,10,11,12,18,19,20
2018-02-02,19:00,557,2,1,2,4,5,7,13,14,18,19,20
2018-02-02,20:00,558,3,1,3,6,8,9,12,14,15,17,20
2018-02-02,21:00,559,14,3,4,6,7,10,11,13,17,18,19
2018-02-02,22:00,560,17,3,4,5,7,10,11,14,15,17,19
2018-02-02,23:00,561,16,3,5,6,7,8,9,11,12,13,15
2018-02-03,07:00,562,15,1,3,7,8,9,11,12,15,17,19
2018-02-03,08:00,563,12,2,4,6,8,9,11,13,15,18,19
2018-02-03,09:00,564,4,1,2,4,5,7,9,10,11,13,19
2018-02-03,10:00,565,6,1,8,9,10,11,14,15,16,17,20
2018-02-03,11:00,566,10,2,6,10,11,12,14,15,16,17,20
2018-02-03,12:00,567,9,1,3,4,6,9,10,11,16,17,18
2018-02-03,13:00,568,15,2,4,6,7,8,9,11,12,13,15
2018-02-03,14:00,569,13,4,6,7,8,9,11,12,13,16,18
2018-02-03,15:00,570,14,1,5,6,7,8,12,13,14,17,19
2018-02-03,16:00,571,18,1,2,3,4,9,10,11,12,17,19
2018-02-03,17:00,572,6,2,3,4,9,12,15,16,17,19,20
2018-02-03,18:00,573,1,1,3,5,8,9,10,11,13,14,18
2018-02-03,19:00,574,14,3,5,7,8,11,12,13,14,15,19
2018-02-03,20:00,575,8,4,7,8,9,11,12,15,16,18,20
2018-02-03,21:00,576,2,3,7,8,9,11,12,13,14,15,16
2018-02-03,22:00,577,1,2,3,4,5,7,9,11,15,16,18
2018-02-03,23:00,578,20,1,2,3,4,7,9,16,18,19,20
2018-02-04,07:00,579,4,2,3,5,8,9,11,12,13,15,17
2018-02-04,08:00,580,20,1,2,5,7,11,12,13,14,16,17
2018-02-04,09:00,581,20,2,3,4,8,14,15,17,18,19,20
2018-02-04,10:00,582,12,1,2,3,5,6,11,14,18,19,20
2018-02-04,11:00,583,19,3,4,5,9,10,13,14,15,16,18
2018-02-04,12:00,584,18,1,4,5,6,9,10,15,16,19,20
2018-02-04,13:00,585,9,1,2,3,4,5,11,12,13,16,18
2018-02-04,14:00,586,10,4,6,7,8,11,14,15,17,18,20
2018-02-04,15:00,587,16,2,3,5,6,7,9,11,12,16,18
2018-02-04,16:00,588,6,1,2,4,5,6,7,8,11,15,16
2018-02-04,17:00,589,3,1,2,7,9,11,12,16,18,19,20
2018-02-04,18:00,590,9,2,5,7,8,11,12,13,15,16,18
2018-02-04,19:00,591,8,2,5,7,9,11,12,13,14,17,18
2018-02-04,20:00,592,5,2,4,6,9,11,13,14,16,18,19
2018-02-04,21:00,593,19,1,2,5,6,11,12,13,17,18,20
2018-02-04,22:00,594,20,1,5,11,12,14,15,16,17,19,20
2018-02-04,23:00,595,2,1,2,3,5,7,8,12,16,17,18
2018-02-05,07:00,596,17,1,2,5,6,8,13,14,15,18,19
2018-02-05,08:00,597,12,4,5,6,8,9,11,12,14,15,16
2018-02-05,09:00,598,16,3,4,6,9,10,11,14,15,18,20
2018-02-05,10:00,599,18,1,2,3,6,9,10,11,17,18,19
2018-02-05,11:00,600,13,3,4,5,8,12,13,14,15,18,20
2018-02-05,12:00,601,7,1,3,4,5,6,8,9,12,16,20
2018-02-05,13:00,602,1,1,2,6,8,12,13,14,16,18,19
2018-02-05,14:00,603,9,3,6,7,10,13,14,15,16,18,19
2018-02-05,15:00,604,5,1,5,6,9,10,11,12,16,17,18
2018-02-05,16:00,605,13,2,3,7,10,11,13,14,15,16,20
2018-02-05,17:00,606,19,1,2,7,8,10,11,12,17,18,19
2018-02-05,18:00,607,15,1,3,4,5,7,12,13,16,18,19
2018-02-05,19:00,608,11,2,4,5,8,11,13,16,18,19,20
2018-02-05,20:00,609,3,2,3,4,5,9,10,12,14,16,18
2018-02-05,21:00,610,15,1,2,3,8,9,10,13,15,18,19
2018-02-05,22:00,611,9,1,4,5,6,9,14,15,16,18,19
2018-02-05,23:00,612,16,1,2,4,7,8,9,12,16,17,18
2018-02-06,07:00,613,18,3,4,5,6,7,8,9,12,19,20
2018-02-06,08:00,614,12,1,3,5,6,7,8,13,14,15,16
2018-02-06,09:00,615,20,1,3,6,7,8,9,12,15,17,18
2018-02-06,10:00,616,8,2,3,5,7,9,10,12,13,16,19
2018-02-06,11:00,617,6,4,6,7,8,10,13,14,16,18,19
2018-02-06,12:00,618,13,2,4,5,6,7,10,12,15,18,19
2018-02-06,13:00,619,8,2,4,5,6,7,11,14,17,18,19
2018-02-06,14:00,620,20,1,6,7,8,9,10,11,12,15,16
2018-02-06,15:00,621,1,1,2,3,4,5,8,10,12,13,14
2018-02-06,16:00,622,3,1,3,7,9,10,12,13,15,16,20
2018-02-06,17:00,623,3,1,2,4,5,7,14,15,17,19,20
2018-02-06,18:00,624,14,1,2,4,6,9,11,12,13,17,20
2018-02-06,19:00,625,16,1,2,6,7,8,10,12,13,15,16
2018-02-06,20:00,626,16,4,5,6,9,10,13,14,15,17,19
2018-02-06,21:00,627,18,4,6,7,8,10,11,13,15,17,20
2018-02-06,22:00,628,17,3,5,9,10,12,13,14,16,19,20
2018-02-06,23:00,629,20,4,6,7,8,9,12,13,14,15,16
2018-02-07,07:00,630,19,2,3,4,5,10,12,13,18,19,20
2018-02-07,08:00,631,5,1,4,7,8,9,10,11,13,16,18
2018-02-07,09:00,632,4,8,10,11,12,13,15,16,17,18,20
2018-02-07,10:00,633,3,2,3,5,6,11,12,13,16,17,18
2018-02-07,11:00,634,5,2,4,5,7,9,10,11,12,15,19
2018-02-07,12:00,635,10,4,5,6,7,10,11,12,14,17,18
2018-02-07,13:00,636,17,2,3,4,7,8,13,14,16,17,20
2018-02-07,14:00,637,5,1,3,4,5,7,14,16,18,19,20
2018-02-07,15:00,638,18,6,7,9,10,13,14,15,16,17,20
2018-02-07,16:00,639,20,2,3,5,8,9,10,11,12,15,16
2018-02-07,17:00,640,15,2,3,5,7,8,10,15,16,17,19
2018-02-07,18:00,641,10,2,6,9,10,12,13,15,17,18,20
2018-02-07,19:00,642,18,3,9,10,13,15,16,17,18,19,20
2018-02-07,20:00,643,18,1,5,7,9,10,11,12,14,15,19
2018-02-07,21:00,644,8,1,3,5,6,7,9,10,14,16,17
2018-02-07,22:00,645,2,2,7,8,10,11,12,15,17,18,19
2018-02-07,23:00,646,16,1,2,10,11,12,13,15,16,17,18
2018-02-08,07:00,647,11,3,4,5,8,10,12,13,15,16,17
2018-02-08,08:00,648,11,3,5,6,8,10,12,14,17,19,20
2018-02-08,09:00,649,1,4,6,7,8,9,11,12,15,16,19
2018-02-08,10:00,650,13,2,3,4,9,10,11,12,13,16,18
2018-02-08,11:00,651,3,1,2,4,5,6,12,14,15,16,18
2018-02-08,12:00,652,1,3,4,5,8,9,11,12,13,15,17
2018-02-08,13:00,653,4,1,4,8,10,12,14,15,16,17,18
2018-02-08,14:00,654,17,1,2,5,7,12,14,15,17,18,20
2018-02-08,15:00,655,8,2,3,4,5,8,11,12,15,16,18
2018-02-08,16:00,656,3,1,4,6,8,9,10,14,15,16,19
2018-02-08,17:00,657,3,1,2,3,5,7,8,13,15,16,19
2018-02-08,18:00,658,3,1,2,3,7,9,10,13,16,17,19
2018-02-08,19:00,659,4,1,5,7,10,12,13,15,16,18,20
2018-02-08,20:00,660,16,3,4,5,12,13,15,16,17,18,20
2018-02-08,21:00,661,5,7,8,9,10,11,13,15,16,17,20
2018-02-08,22:00,662,18,1,3,5,6,11,12,13,14,16,19
2018-02-08,23:00,663,5,4,5,8,9,10,12,14,16,18,20
2018-02-09,07:00,664,6,1,5,7,8,10,11,12,16,17,20
2018-02-09,08:00,665,12,1,2,4,5,6,9,13,14,15,18
2018-02-09,09:00,666,20,1,2,3,7,8,10,13,14,15,16
2018-02-09,10:00,667,7,1,3,4,5,7,10,11,13,14,19
2018-02-09,11:00,668,14,3,5,9,10,11,13,14,15,17,18
2018-02-09,12:00,669,12,1,2,4,7,8,9,12,13,18,19
2018-02-09,13:00,670,8,4,5,6,9,13,15,17,18,19,20
2018-02-09,14:00,671,14,1,4,6,10,11,13,15,17,19,20
2018-02-09,15:00,672,3,1,3,5,6,7,8,10,11,13,14
2018-02-09,16:00,673,17,1,3,5,9,11,13,17,18,19,20
2018-02-09,17:00,674,17,1,2,4,5,6,9,10,14,19,20
2018-02-09,18:00,675,10,1,5,8,10,11,12,13,15,18,20
2018-02-09,19:00,676,7,2,4,6,8,10,14,15,16,17,20
2018-02-09,20:00,677,5,7,8,9,13,14,16,17,18,19,20
2018-02-09,21:00,678,18,4,6,7,8,12,13,15,17,18,20
2018-02-09,22:00,679,17,1,3,8,11,14,15,16,18,19,20
2018-02-09,23:00,680,7,4,6,8,12,14,15,16,17,18,20
2018-02-10,07:00,681,13,4,7,9,10,12,14,15,16,17,19
2018-02-10,08:00,682,2,1,2,3,4,9,11,12,13,15,18
2018-02-10,09:00,683,9,1,2,3,4,5,9,10,15,16,19
2018-02-10,10:00,684,8,3,4,5,8,11,12,14,16,17,18
2018-02-10,11:00,685,7,1,3,4,6,7,9,11,14,17,20
2018-02-10,12:00,686,7,1,6,10,11,12,15,16,17,18,20
2018-02-10,13:00,687,12,5,7,9,10,11,12,14,15,19,20
2018-02-10,14:00,688,16,1,7,8,9,10,12,14,15,16,17
2018-02-10,15:00,689,6,1,3,5,8,10,14,15,16,18,19
2018-02-10,16:00,690,6,2,5,7,8,9,10,11,12,18,20
2018-02-10,17:00,691,9,2,4,8,9,11,13,14,15,17,18
2018-02-10,18:00,692,14,1,2,4,5,7,10,11,13,14,18
2018-02-10,19:00,693,14,2,4,5,7,11,12,13,14,15,16
2018-02-10,20:00,694,20,2,4,5,6,7,8,11,16,17,18
2018-02-10,21:00,695,15,2,3,4,5,6,7,8,12,16,18
2018-02-10,22:00,696,7,2,5,6,7,8,9,11,16,19,20
2018-02-10,23:00,697,17,2,3,5,7,8,9,10,17,19,20
2018-02-11,07:00,698,17,1,2,3,4,7,8,10,13,15,18
2018-02-11,08:00,699,2,1,2,4,7,8,10,12,13,15,16
2018-02-11,09:00,700,4,1,4,5,8,13,15,16,18,19,20
2018-02-11,10:00,701,12,1,3,5,6,7,10,15,17,18,20
2018-02-11,11:00,702,10,1,2,5,6,7,8,12,14,17,20
2018-02-11,12:00,703,17,1,5,6,8,9,12,14,15,16,19
2018-02-11,13:00,704,15,1,6,7,9,10,11,13,14,16,20
2018-02-11,14:00,705,17,2,3,4,7,8,9,10,11,13,15
2018-02-11,15:00,706,2,1,5,7,9,12,13,15,17,18,20
2018-02-11,16:00,707,19,1,3,9,10,11,13,15,17,19,20
2018-02-11,17:00,708,11,1,2,3,5,6,8,11,13,14,20
2018-02-11,18:00,709,3,2,4,8,9,10,12,15,16,17,19
2018-02-11,19:00,710,12,2,5,6,8,9,11,14,15,16,19
2018-02-11,20:00,711,3,1,3,4,7,8,11,12,13,14,17
2018-02-11,21:00,712,1,4,5,6,7,10,12,14,17,18,19
2018-02-11,22:00,713,7,2,3,4,8,9,12,15,17,18,20
2018-02-11,23:00,714,11,1,2,3,8,12,13,14,15,17,18
2018-02-12,07:00,715,17,1,2,3,4,5,10,13,14,16,19
2018-02-12,08:00,716,19,1,2,3,4,6,12,15,16,18,19
2018-02-12,09:00,717,10,2,7,9,10,11,13,15,16,18,19
2018-02-12,10:00,718,10,3,4,5,7,11,13,16,17,18,20
2018-02-12,11:00,719,14,4,5,6,9,10,14,16,18,19,20
2018-02-12,12:00,720,14,1,2,3,4,5,6,10,12,13,17
2018-02-12,13:00,721,18,4,5,6,7,8,10,13,14,16,17
2018-02-12,14:00,722,16,2,5,7,9,11,14,16,17,18,19
2018-02-12,15:00,723,15,1,2,3,5,6,8,10,14,16,19
2018-02-12,16:00,724,3,1,2,3,7,9,14,15,16,19,20
2018-02-12,17:00,725,2,2,5,8,10,11,12,13,17,18,20
2018-02-12,18:00,726,14,2,6,7,8,11,12,14,17,19,20
2018-02-12,19:00,727,9,1,2,5,6,7,12,14,15,17,19
2018-02-12,20:00,728,11,3,4,5,9,11,12,14,15,19,20
2018-02-12,21:00,729,11,1,2,5,9,11,12,14,15,17,19
2018-02-12,22:00,730,9,1,3,8,9,13,14,15,16,17,19
2018-02-12,23:00,731,11,1,3,4,7,9,12,13,15,17,19
2018-02-13,07:00,732,4,1,2,5,6,7,8,9,10,15,16
2018-02-13,08:00,733,2,2,3,4,6,8,10,11,13,14,19
2018-02-13,09:00,734,10,1,3,4,6,7,8,9,10,14,20
2018-02-13,10:00,735,20,2,3,4,7,13,14,15,16,17,18
2018-02-13,11:00,736,3,1,3,5,6,8,11,12,15,18,19
2018-02-13,12:00,737,8,1,3,8,10,12,15,16,17,19,20
2018-02-13,13:00,738,3,3,4,5,6,9,14,15,16,17,20
2018-02-13,14:00,739,2,1,2,5,7,9,11,13,18,19,20
2018-02-13,15:00,740,3,3,4,7,8,10,11,12,14,15,20
2018-02-13,16:00,741,11,1,3,5,6,7,11,14,15,16,19
2018-02-13,17:00,742,15,1,2,3,4,9,11,12,13,15,18
2018-02-13,18:00,743,14,1,4,5,7,9,11,13,16,18,20
2018-02-13,19:00,744,20,1,3,4,5,7,8,9,13,15,16
2018-02-13,20:00,745,20,6,7,8,9,11,12,13,17,18,19
2018-02-13,21:00,746,11,1,2,4,5,7,8,9,12,15,18
2018-02-13,22:00,747,1,2,6,7,8,9,10,13,14,15,20
2018-02-13,23:00,748,7,1,4,5,6,7,9,11,12,17,19
2018-02-14,07:00,749,14,2,5,9,11,15,16,17,18,19,20
2018-02-14,08:00,750,9,1,2,3,7,8,9,10,11,15,20
2018-02-14,09:00,751,9,1,2,4,5,9,12,15,17,19,20
2018-02-14,10:00,752,6,1,4,5,7,10,12,14,15,16,17
2018-02-14,11:00,753,10,3,5,7,8,11,12,14,15,19,20
2018-02-14,12:00,754,1,1,2,6,10,11,13,14,16,17,19
2018-02-14,13:00,755,1,4,5,7,9,11,13,15,16,18,19
2018-02-14,14:00,756,11,4,6,7,9,11,12,17,18,19,20
2018-02-14,15:00,757,10,1,3,6,7,13,14,17,18,19,20
2018-02-14,16:00,758,2,1,3,4,5,6,12,15,16,18,19
2018-02-14,17:00,759,5,1,3,4,6,8,9,11,14,15,17
2018-02-14,18:00,760,20,1,2,3,5,6,7,12,13,18,20
2018-02-14,19:00,761,5,1,2,3,5,8,13,15,17,18,19
2018-02-14,20:00,762,17,2,3,4,7,13,16,17,18,19,20
2018-02-14,21:00,763,5,1,5,7,8,11,13,14,15,17,20
2018-02-14,22:00,764,13,4,7,9,11,13,14,15,16,19,20
2018-02-14,23:00,765,13,1,2,4,10,11,12,14,17,19,20
2018-02-15,07:00,766,14,1,2,3,4,6,8,16,17,19,20
2018-02-15,08:00,767,15,1,3,5,9,10,15,16,17,19,20
2018-02-15,09:00,768,12,1,4,5,10,11,12,13,14,15,18
2018-02-15,10:00,769,4,1,2,3,10,11,13,14,15,18,20
2018-02-15,11:00,770,16,1,2,4,5,11,12,13,17,18,19
2018-02-15,12:00,771,3,1,3,5,8,10,11,12,16,18,20
2018-02-15,13:00,772,12,1,5,6,7,9,10,12,15,17,19
2018-02-15,14:00,773,15,1,3,4,5,6,9,11,13,18,19
2018-02-15,15:00,774,14,1,2,5,7,8,10,13,14,19,20
2018-02-15,16:00,775,3,1,2,5,8,9,11,16,18,19,20
2018-02-15,17:00,776,19,1,4,7,8,9,10,11,14,16,20
2018-02-15,18:00,777,1,2,6,7,8,9,10,12,17,18,20
2018-02-15,19:00,778,10,1,4,7,8,9,10,12,13,17,18
2018-02-15,20:00,779,7,1,2,3,8,12,14,15,16,18,20
2018-02-15,21:00,780,7,1,7,8,9,11,12,14,16,17,18
2018-02-15,22:00,781,5,1,2,3,7,8,9,12,17,18,20
2018-02-15,23:00,782,14,2,3,5,6,10,11,12,14,17,18
2018-02-16,07:00,783,5,1,3,5,12,13,14,16,17,18,19
2018-02-16,08:00,784,8,1,2,4,5,8,11,14,17,19,20
2018-02-16,09:00,785,19,1,2,3,4,5,8,10,12,14,15
2018-02-16,10:00,786,8,2,4,5,8,9,10,13,15,19,20
2018-02-16,11:00,787,13,1,2,8,9,10,11,14,15,18,19
2018-02-16,12:00,788,20,1,6,7,8,9,11,12,13,14,18
2018-02-16,13:00,789,9,1,3,5,10,11,12,14,15,16,20
2018-02-16,14:00,790,8,5,7,8,12,13,14,15,18,19,20
2018-02-16,15:00,791,18,1,2,7,8,10,11,13,14,17,18
2018-02-16,16:00,792,15,1,2,5,12,14,15,16,17,18,19
2018-02-16,17:00,793,8,3,4,7,8,9,13,14,15,17,19
2018-02-16,18:00,794,3,2,3,7,8,12,13,14,16,18,20
2018-02-16,19:00,795,13,1,4,7,8,11,13,14,15,18,20
2018-02-16,20:00,796,8,1,6,9,10,11,14,15,17,19,20
2018-02-16,21:00,797,5,1,7,8,9,11,14,17,18,19,20
2018-02-16,22:00,798,8,1,2,4,6,7,8,9,10,15,16
2018-02-16,23:00,799,6,4,5,6,8,9,11,16,18,19,20
2018-02-17,07:00,800,5,2,5,6,8,9,10,12,13,15,18
2018-02-17,08:00,801,12,1,2,3,4,5,6,8,13,15,17
2018-02-17,09:00,802,2,1,3,4,5,10,13,15,17,19,20
2018-02-17,10:00,803,9,3,4,10,11,12,13,14,17,18,19
2018-02-17,11:00,804,1,1,3,4,8,9,11,12,14,15,16
2018-02-17,12:00,805,12,1,3,8,9,10,12,13,14,17,18
2018-02-17,13:00,806,17,1,3,4,5,8,11,12,14,15,20
2018-02-17,14:00,807,3,7,8,9,10,11,13,14,16,17,20
2018-02-17,15:00,808,4,1,3,6,8,9,10,14,16,19,20
2018-02-17,16:00,809,8,2,3,6,7,9,11,12,14,16,19
2018-02-17,17:00,810,11,5,7,8,9,10,12,13,14,17,18
2018-02-17,18:00,811,9,1,5,7,9,11,12,15,16,17,19
2018-02-17,19:00,812,13,2,6,7,9,10,12,14,15,16,19
2018-02-17,20:00,813,19,4,7,8,9,10,11,12,14,17,20
2018-02-17,21:00,814,2,2,3,5,6,10,11,13,14,15,17
2018-02-17,22:00,815,15,2,7,9,11,12,13,15,16,18,19
2018-02-17,23:00,816,8,2,3,5,6,9,11,13,14,17,18
2018-02-18,07:00,817,3,1,3,4,7,10,11,12,14,15,17
2018-02-18,08:00,818,19,1,2,6,10,11,13,14,15,18,20
2018-02-18,09:00,819,18,1,4,7,9,10,13,14,16,18,19
2018-02-18,10:00,820,18,1,3,4,8,11,13,17,18,19,20
2018-02-18,11:00,821,11,6,9,10,11,12,13,15,18,19,20
2018-02-18,12:00,822,14,1,3,6,7,8,9,10,13,17,20
2018-02-18,13:00,823,14,2,5,6,7,8,9,15,16,19,20
2018-02-18,14:00,824,19,1,2,5,7,8,9,10,11,12,13
2018-02-18,15:00,825,16,2,3,4,6,13,14,17,18,19,20
2018-02-18,16:00,826,2,1,3,5,9,10,12,14,17,18,20
2018-02-18,17:00,827,3,1,2,4,5,7,8,10,11,12,16
2018-02-18,18:00,828,6,3,5,6,7,8,9,10,15,16,19
2018-02-18,19:00,829,19,2,3,4,5,7,8,14,15,18,20
2018-02-18,20:00,830,13,1,6,7,8,9,11,17,18,19,20
2018-02-18,21:00,831,11,2,4,5,6,7,8,13,14,15,19
2018-02-18,22:00,832,14,1,2,3,12,13,15,16,17,19,20
2018-02-18,23:00,833,15,2,3,5,12,14,15,16,18,19,20
2018-02-19,07:00,834,3,2,3,6,8,10,11,15,17,18,19
2018-02-19,08:00,835,6,1,3,6,10,11,13,14,16,17,18
2018-02-19,09:00,836,7,2,3,4,8,9,15,16,17,18,19
2018-02-19,10:00,837,1,1,2,4,5,8,9,11,14,16,17
2018-02-19,11:00,838,18,2,5,7,8,9,10,12,14,18,20
2018-02-19,12:00,839,18,5,7,9,11,12,13,15,16,19,20
2018-02-19,13:00,840,12,2,4,5,6,8,9,12,13,15,16
2018-02-19,14:00,841,10,4,5,7,8,10,11,12,13,16,19
2018-02-19,15:00,842,19,1,7,8,10,12,13,16,17,19,20
2018-02-19,16:00,843,8,2,4,6,9,11,16,17,18,19,20
2018-02-19,17:00,844,6,5,6,7,10,12,13,16,17,18,20
2018-02-19,18:00,845,6,4,6,7,10,11,12,15,16,17,19
2018-02-19,19:00,846,6,1,3,4,9,11,13,14,17,18,20
2018-02-19,20:00,847,5,1,3,5,8,9,15,16,18,19,20
2018-02-19,21:00,848,3,1,2,4,5,6,9,14,15,18,19
2018-02-19,22:00,849,15,1,5,7,8,11,13,16,17,18,20
2018-02-19,23:00,850,20,4,5,6,7,8,9,13,14,16,20
2018-02-20,07:00,851,7,1,2,3,7,8,11,14,15,16,20
2018-02-20,08:00,852,14,2,3,7,8,10,11,16,17,18,20
2018-02-20,09:00,853,8,1,5,10,11,13,15,16,17,19,20
2018-02-20,10:00,854,20,2,3,5,6,7,9,10,13,16,19
2018-02-20,11:00,855,4,1,2,3,4,5,6,13,16,17,20
2018-02-20,12:00,856,19,1,2,5,7,9,11,13,15,17,18
2018-02-20,13:00,857,18,2,3,6,10,14,16,17,18,19,20
2018-02-20,14:00,858,1,5,6,7,8,10,14,16,17,19,20
2018-02-20,15:00,859,1,1,2,3,7,12,13,14,17,18,19
2018-02-20,16:00,860,19,1,2,3,5,6,8,9,11,19,20
2018-02-20,17:00,861,17,1,2,4,6,7,8,9,12,14,19
2018-02-20,18:00,862,17,3,5,7,10,11,13,14,15,16,19
2018-02-20,19:00,863,19,2,5,6,7,9,10,11,13,14,16
2018-02-20,20:00,864,11,2,4,5,6,8,9,12,14,15,16
2018-02-20,21:00,865,11,1,3,8,9,11,12,14,15,18,20
2018-02-20,22:00,866,3,2,3,4,5,6,7,9,11,14,17
2018-02-20,23:00,867,19,2,3,9,10,12,13,14,17,18,20
2018-02-21,07:00,868,13,1,2,3,5,7,10,11,12,14,20
2018-02-21,08:00,869,15,1,2,5,6,7,13,15,16,18,19
2018-02-21,09:00,870,5,2,5,7,9,10,11,12,13,14,17
2018-02-21,10:00,871,7,1,2,4,7,10,11,12,13,16,19
2018-02-21,11:00,872,14,3,4,5,8,10,13,14,15,17,18
2018-02-21,12:00,873,12,5,6,8,9,10,13,15,16,19,20
2018-02-21,13:00,874,3,2,4,7,8,12,14,15,18,19,20
2018-02-21,14:00,875,4,2,4,8,10,12,13,14,16,17,19
2018-02-21,15:00,876,16,2,3,4,5,8,9,11,12,13,14
2018-02-21,16:00,877,16,4,8,10,13,14,15,17,18,19,20
2018-02-21,17:00,878,9,2,4,6,7,10,14,17,18,19,20
2018-02-21,18:00,879,8,1,4,7,10,11,13,14,17,19,20
2018-02-21,19:00,880,11,1,2,4,5,6,8,11,14,18,20
2018-02-21,20:00,881,16,2,7,10,12,15,16,17,18,19,20
2018-02-21,21:00,882,6,5,7,11,12,13,14,16,18,19,20
2018-02-21,22:00,883,19,1,3,4,7,10,11,12,14,16,18
2018-02-21,23:00,884,4,1,2,6,7,9,10,15,16,17,20
2018-02-22,07:00,885,10,1,3,5,7,9,11,12,13,18,19
2018-02-22,08:00,886,6,1,4,5,7,9,10,12,14,17,20
2018-02-22,09:00,887,19,2,3,7,9,10,16,17,18,19,20
2018-02-22,10:00,888,4,1,4,6,8,9,13,16,17,19,20
2018-02-22,11:00,889,6,3,5,7,10,11,12,15,16,18,20
2018-02-22,12:00,890,16,1,3,4,8,10,12,15,16,17,18
2018-02-22,13:00,891,11,1,7,8,9,12,14,15,16,18,19
2018-02-22,14:00,892,4,3,4,5,6,9,11,12,18,19,20
2018-02-22,15:00,893,20,1,3,4,5,6,8,11,12,14,15
2018-02-22,16:00,894,5,1,3,6,7,9,10,11,13,15,17
2018-02-22,17:00,895,6,2,3,4,5,8,10,12,13,19,20
2018-02-22,18:00,896,1,1,2,4,6,7,13,16,17,19,20
2018-02-22,19:00,897,14,2,5,6,7,9,10,13,15,16,18
2018-02-22,20:00,898,17,1,3,4,5,13,15,16,17,18,20
2018-02-22,21:00,899,1,2,3,4,5,9,10,12,13,14,20
2018-02-22,22:00,900,6,3,4,5,6,7,8,9,17,18,19
2018-02-22,23:00,901,7,1,2,4,5,9,11,12,13,15,20
2018-02-23,07:00,902,13,2,4,6,8,11,12,15,16,18,19
2018-02-23,08:00,903,12,2,3,6,8,9,10,12,13,14,19
2018-02-23,09:00,904,19,3,4,8,9,11,12,13,15,16,20
2018-02-23,10:00,905,16,2,4,5,6,8,12,13,14,19,20
2018-02-23,11:00,906,9,1,3,4,5,7,9,14,15,16,19
2018-02-23,12:00,907,2,2,6,7,8,10,11,15,17,19,20
2018-02-23,13:00,908,4,2,5,6,7,9,10,12,13,15,20
2018-02-23,14:00,909,15,9,10,11,12,14,16,17,18,19,20
2018-02-23,15:00,910,3,1,2,3,4,6,14,15,17,18,19
2018-02-23,16:00,911,20,1,3,4,7,9,13,15,17,19,20
2018-02-23,17:00,912,2,3,4,5,7,10,14,17,18,19,20
2018-02-23,18:00,913,18,1,2,3,4,7,8,10,12,15,19
2018-02-23,19:00,914,1,2,4,5,6,8,9,10,13,15,17
2018-02-23,20:00,915,17,2,3,4,6,8,9,16,18,19,20
2018-02-23,21:00,916,9,1,2,5,8,10,11,13,15,17,18
2018-02-23,22:00,917,1,1,2,3,8,12,14,17,18,19,20
2018-02-23,23:00,918,6,1,3,5,7,8,10,11,14,15,16
2018-02-24,07:00,919,6,1,2,5,7,9,11,13,15,17,18
2018-02-24,08:00,920,9,2,3,4,7,9,10,13,14,16,19
2018-02-24,09:00,921,4,3,5,6,9,10,11,13,15,18,19
2018-02-24,10:00,922,9,3,5,6,7,8,10,11,12,14,17
2018-02-24,11:00,923,15,1,3,4,5,7,9,10,14,15,16
2018-02-24,12:00,924,2,3,4,5,7,9,10,11,12,16,17
2018-02-24,13:00,925,10,2,4,5,6,8,9,11,14,15,19
2018-02-24,14:00,926,9,3,4,7,9,11,12,14,15,16,19
2018-02-24,15:00,927,9,2,7,9,11,14,16,17,18,19,20
2018-02-24,16:00,928,16,2,3,6,8,10,13,15,16,17,20
2018-02-24,17:00,929,20,1,4,9,10,12,13,14,15,17,20
2018-02-24,18:00,930,6,1,4,5,6,11,12,13,15,17,19
2018-02-24,19:00,931,8,3,4,5,7,8,9,13,15,17,18
2018-02-24,20:00,932,3,2,4,6,7,12,13,14,15,17,19
2018-02-24,21:00,933,8,1,2,3,4,8,9,10,11,17,20
2018-02-24,22:00,934,17,4,5,6,7,9,12,14,15,18,19
2018-02-24,23:00,935,10,2,4,5,6,9,11,13,15,16,19
2018-02-25,07:00,936,3,1,4,7,11,12,14,16,18,19,20
2018-02-25,08:00,937,11,3,5,7,9,13,14,17,18,19,20
2018-02-25,09:00,938,18,1,3,5,7,8,11,12,15,17,19
2018-02-25,10:00,939,5,3,5,6,8,9,11,12,14,15,20
2018-02-25,11:00,940,17,5,7,10,11,12,15,16,17,18,20
2018-02-25,12:00,941,2,1,3,5,7,8,10,11,12,19,20
2018-02-25,13:00,942,5,2,3,5,6,7,10,12,17,18,19
2018-02-25,14:00,943,4,2,4,6,8,9,10,15,16,18,19
2018-02-25,15:00,944,11,2,3,4,5,6,8,11,12,13,19
2018-02-25,16:00,945,19,2,3,4,5,6,7,9,13,14,16
2018-02-25,17:00,946,8,1,3,6,7,9,10,13,14,16,17
2018-02-25,18:00,947,18,1,4,7,8,10,12,13,16,17,19
2018-02-25,19:00,948,19,1,2,3,4,8,10,13,14,15,16
2018-02-25,20:00,949,2,5,6,10,11,12,13,14,17,18,19
2018-02-25,21:00,950,6,1,3,4,7,8,10,13,14,16,20
2018-02-25,22:00,951,15,1,5,7,11,12,14,15,18,19,20
2018-02-25,23:00,952,19,1,2,6,7,9,10,14,16,17,18
2018-02-26,07:00,953,8,1,3,6,8,9,10,14,15,19,20
2018-02-26,08:00,954,10,1,2,4,5,6,7,9,11,16,18
2018-02-26,09:00,955,20,2,3,6,7,8,9,11,12,14,16
2018-02-26,10:00,956,15,1,2,4,5,7,9,11,12,18,19
2018-02-26,11:00,957,11,1,3,6,9,11,13,14,15,17,18
2018-02-26,12:00,958,5,1,2,4,7,8,13,15,16,17,18
2018-02-26,13:00,959,6,2,4,6,7,10,11,12,14,19,20
2018-02-26,14:00,960,14,1,3,5,7,9,10,11,13,14,19
2018-02-26,15:00,961,18,1,3,7,8,9,11,16,17,19,20
2018-02-26,16:00,962,9,1,2,4,8,10,13,15,17,18,20
2018-02-26,17:00,963,10,2,4,7,8,13,14,16,17,19,20
2018-02-26,18:00,964,2,1,5,6,7,8,11,12,14,15,20
2018-02-26,19:00,965,17,1,2,5,6,8,9,11,13,14,19
2018-02-26,20:00,966,13,2,5,6,8,10,11,13,14,15,20
2018-02-26,21:00,967,19,1,3,5,7,10,12,13,17,18,19
2018-02-26,22:00,968,5,1,2,5,6,8,9,12,16,17,19
2018-02-26,23:00,969,17,2,3,5,9,11,12,13,14,17,18
2018-02-27,07:00,970,8,1,3,5,7,9,13,14,16,18,19
2018-02-27,08:00,971,9,2,3,5,8,9,10,12,13,14,17
2018-02-27,09:00,972,10,1,3,6,7,10,11,13,14,17,20
2018-02-27,10:00,973,11,3,5,6,8,10,12,13,15,18,19
2018-02-27,11:00,974,3,1,3,9,12,13,14,15,16,17,19
2018-02-27,12:00,975,10,1,4,6,7,11,13,14,15,16,19
2018-02-27,13:00,976,17,1,3,5,8,11,12,13,14,15,18
2018-02-27,14:00,977,16,3,4,6,9,10,12,13,14,15,17
2018-02-27,15:00,978,10,1,4,7,8,10,11,14,16,17,19
2018-02-27,16:00,979,13,1,2,3,4,7,12,13,17,18,20
2018-02-27,17:00,980,20,2,3,6,7,9,11,14,17,19,20
2018-02-27,18:00,981,10,2,4,6,9,11,12,13,15,16,20
2018-02-27,19:00,982,2,1,7,10,11,12,13,14,17,18,20
2018-02-27,20:00,983,14,2,5,7,12,13,14,17,18,19,20
2018-02-27,21:00,984,12,2,3,7,8,10,11,13,15,18,19
2018-02-27,22:00,985,16,1,3,5,6,7,8,11,14,16,20
2018-02-27,23:00,986,4,1,2,3,6,9,10,12,15,18,19
2018-02-28,07:00,987,17,1,4,6,7,9,10,11,16,17,19
2018-02-28,08:00,988,10,2,3,5,9,10,11,13,15,16,17
2018-02-28,09:00,989,16,3,5,6,7,8,10,11,12,13,18
2018-02-28,10:00,990,14,5,6,8,9,10,12,13,15,16,20
2018-02-28,11:00,991,5,2,5,6,8,10,11,13,14,17,18
2018-02-28,12:00,992,18,3,4,6,8,10,11,15,16,17,19
2018-02-28,13:00,993,17,2,6,7,8,13,14,16,18,19,20
2018-02-28,14:00,994,15,2,3,5,6,7,10,12,14,17,19
2018-02-28,15:00,995,8,1,4,8,9,11,14,16,17,18,19
2018-02-28,16:00,996,8,4,6,7,8,9,11,12,13,15,20
2018-02-28,17:00,997,10,1,3,6,7,9,10,14,15,19,20
2018-02-28,18:00,998,13,1,5,6,7,9,10,11,13,16,17
2018-02-28,19:00,999,2,3,4,7,8,9,10,13,15,16,20
2018-02-28,20:00,1000,20,2,4,5,6,8,9,11,13,14,20
2018-02-28,21:00,1001,17,2,4,5,6,7,9,11,15,17,19
2018-02-28,22:00,1002,13,1,4,7,8,10,11,13,16,17,18
2018-02-28,23:00,1003,9,2,3,4,5,7,8,12,13,16,18
2018-03-01,07:00,1004,1,1,2,5,7,8,11,13,17,19,20
2018-03-01,08:00,1005,4,1,3,4,5,6,9,10,15,19,20
2018-03-01,09:00,1006,7,1,2,4,6,7,8,10,11,16,17
2018-03-01,10:00,1007,13,2,4,5,7,10,11,12,16,17,19
2018-03-01,11:00,1008,9,1,2,5,6,7,9,10,11,15,17
2018-03-01,12:00,1009,8,1,2,3,4,6,8,11,17,19,20
2018-03-01,13:00,1010,12,1,2,9,10,11,12,15,16,19,20
2018-03-01,14:00,1011,12,4,6,7,11,13,14,15,18,19,20
2018-03-01,15:00,1012,18,1,3,4,5,7,11,12,13,15,17
2018-03-01,16:00,1013,12,1,3,8,11,14,15,16,18,19,20
2018-03-01,17:00,1014,11,1,2,3,4,6,11,14,15,16,19
2018-03-01,18:00,1015,16,3,4,5,6,10,12,13,14,16,20
2018-03-01,19:00,1016,12,1,3,4,5,6,8,12,13,16,20
2018-03-01,20:00,1017,1,2,4,6,7,12,13,15,16,19,20
2018-03-01,21:00,1018,1,1,4,7,9,10,12,13,15,19,20
2018-03-01,22:00,1019,19,1,3,4,6,7,8,9,11,13,20
2018-03-01,23:00,1020,18,2,4,5,9,10,11,15,16,18,20
2018-03-02,07:00,1021,4,1,2,5,6,9,10,11,16,18,20
2018-03-02,08:00,1022,3,4,5,6,7,9,11,12,14,17,19
2018-03-02,09:00,1023,1,2,5,6,7,8,10,11,14,16,17
2018-03-02,10:00,1024,20,7,8,10,11,12,13,14,15,19,20
2018-03-02,11:00,1025,8,1,2,3,4,5,7,12,14,17,18
2018-03-02,12:00,1026,7,2,3,6,7,8,9,11,14,16,19
2018-03-02,13:00,1027,16,1,4,5,7,11,14,15,16,18,19
2018-03-02,14:00,1028,1,1,2,4,5,9,10,13,14,17,20
2018-03-02,15:00,1029,4,1,2,5,9,11,13,14,15,16,20
2018-03-02,16:00,1030,10,2,5,8,9,10,11,13,16,17,19
2018-03-02,17:00,1031,11,1,2,6,7,10,16,17,18,19,20
2018-03-02,18:00,1032,10,1,4,6,7,9,13,16,17,19,20
2018-03-02,19:00,1033,17,1,2,3,7,9,10,13,15,16,20
2018-03-02,20:00,1034,4,2,3,4,6,8,9,11,12,14,19
2018-03-02,21:00,1035,16,1,2,4,6,7,8,9,11,12,20
2018-03-02,22:00,1036,20,1,2,4,5,6,7,8,10,15,19
2018-03-02,23:00,1037,17,3,4,5,11,13,15,17,18,19,20
2018-03-03,07:00,1038,19,2,3,6,7,9,13,14,15,17,20
2018-03-03,08:00,1039,15,1,3,9,11,12,13,15,18,19,20
2018-03-03,09:00,1040,2,1,3,7,8,9,11,13,15,16,17
2018-03-03,10:00,1041,14,1,3,4,7,10,11,15,17,18,19
2018-03-03,11:00,1042,19,1,2,3,8,11,13,14,15,16,18
2018-03-03,12:00,1043,12,1,2,6,8,9,10,15,16,18,20
2018-03-03,13:00,1044,10,1,3,5,6,7,8,9,12,18,19
2018-03-03,14:00,1045,19,1,3,5,6,10,11,12,13,14,19
2018-03-03,15:00,1046,10,5,9,11,13,14,16,17,18,19,20
2018-03-03,16:00,1047,11,3,7,9,10,11,15,16,17,18,19
2018-03-03,17:00,1048,20,1,2,3,4,8,11,12,16,18,19
2018-03-03,18:00,1049,9,1,2,4,6,8,9,14,16,17,20
2018-03-03,19:00,1050,18,2,3,4,6,7,11,12,14,16,19
2018-03-03,20:00,1051,11,1,2,4,5,6,7,11,15,17,19
2018-03-03,21:00,1052,15,1,2,4,5,7,8,9,10,13,18
2018-03-03,22:00,1053,16,2,3,4,7,8,15,16,17,18,19
2018-03-03,23:00,1054,4,1,2,4,5,6,10,12,15,16,18
2018-03-04,07:00,1055,8,2,3,4,5,11,12,13,15,19,20
2018-03-04,08:00,1056,11,1,2,5,10,11,12,13,14,18,19
2018-03-04,09:00,1057,11,2,5,8,9,11,15,16,18,19,20
2018-03-04,10:00,1058,14,1,4,6,7,8,10,16,17,18,20
2018-03-04,11:00,1059,4,1,2,5,6,8,9,10,11,14,16
2018-03-04,12:00,1060,17,3,6,7,10,14,15,16,17,18,19
2018-03-04,13:00,1061,12,1,3,5,6,11,14,15,18,19,20
2018-03-04,14:00,1062,6,1,2,3,7,9,10,11,14,15,18
2018-03-04,15:00,1063,11,3,5,7,8,11,13,14,16,17,18
2018-03-04,16:00,1064,10,1,2,5,6,8,11,14,16,17,18
2018-03-04,17:00,1065,10,1,3,6,7,9,10,11,14,17,20
2018-03-04,18:00,1066,1,1,3,5,6,7,12,13,14,17,18
2018-03-04,19:00,1067,18,2,7,9,10,12,13,14,17,18,20
2018-03-04,20:00,1068,17,4,5,7,9,10,11,12,14,16,17
2018-03-04,21:00,1069,4,1,2,3,4,7,15,16,17,18,20
2018-03-04,22:00,1070,7,2,3,4,5,11,13,14,15,16,17
2018-03-04,23:00,1071,17,1,5,6,7,11,13,15,17,19,20
2018-03-05,07:00,1072,19,2,5,6,7,8,10,12,14,16,20
2018-03-05,08:00,1073,11,1,3,4,6,9,10,12,14,15,18
2018-03-05,09:00,1074,17,1,3,4,5,8,9,10,12,17,20
2018-03-05,10:00,1075,13,3,4,5,8,10,12,14,15,17,19
2018-03-05,11:00,1076,2,4,5,8,9,12,13,15,17,18,19
2018-03-05,12:00,1077,11,1,2,4,7,8,9,14,16,18,20
2018-03-05,13:00,1078,7,1,2,6,10,11,13,14,17,18,19
2018-03-05,14:00,1079,5,1,3,4,5,6,8,9,10,11,17
2018-03-05,15:00,1080,3,3,8,9,11,12,14,16,17,19,20
2018-03-05,16:00,1081,13,1,2,7,8,9,12,15,18,19,20
2018-03-05,17:00,1082,17,2,3,4,5,7,10,13,15,18,20
2018-03-05,18:00,1083,11,2,3,7,9,10,11,12,13,14,20
2018-03-05,19:00,1084,15,1,2,4,5,6,7,9,13,16,17
2018-03-05,20:00,1085,2,1,5,6,7,8,12,13,15,17,20
2018-03-05,21:00,1086,17,2,3,5,6,8,9,11,15,17,20
2018-03-05,22:00,1087,2,1,4,8,9,11,12,15,18,19,20
2018-03-05,23:00,1088,11,1,2,4,7,9,10,12,14,15,17
2018-03-06,07:00,1089,16,3,4,6,7,8,10,11,12,15,16
2018-03-06,08:00,1090,13,3,4,9,10,11,12,13,17,19,20
2018-03-06,09:00,1091,14,1,2,4,5,6,13,14,15,16,17
2018-03-06,10:00,1092,16,2,5,6,7,11,13,16,18,19,20
2018-03-06,11:00,1093,7,1,2,5,7,9,14,16,17,18,20
2018-03-06,12:00,1094,1,3,4,6,7,8,9,11,12,14,19
2018-03-06,13:00,1095,13,6,9,11,12,14,15,17,18,19,20
2018-03-06,14:00,1096,17,4,7,8,9,10,11,15,18,19,20
2018-03-06,15:00,1097,7,1,3,6,7,9,11,13,14,18,20
2018-03-06,16:00,1098,1,1,3,4,7,8,12,15,16,18,20
2018-03-06,17:00,1099,14,1,4,8,9,10,12,14,16,19,20
2018-03-06,18:00,1100,20,1,3,6,10,11,12,13,15,16,18
2018-03-06,19:00,1101,16,1,2,6,7,9,10,12,14,15,16
2018-03-06,20:00,1102,12,1,2,3,5,6,12,13,16,19,20
2018-03-06,21:00,1103,13,1,3,4,5,10,11,15,16,18,20
2018-03-06,22:00,1104,17,1,4,7,8,9,13,14,15,16,19
2018-03-06,23:00,1105,4,1,3,6,8,9,12,14,15,16,19
2018-03-07,07:00,1106,19,2,3,4,7,9,10,11,12,16,18
2018-03-07,08:00,1107,2,2,3,4,8,11,12,14,17,19,20
2018-03-07,09:00,1108,5,4,5,7,9,10,11,13,16,17,18
2018-03-07,10:00,1109,19,1,6,7,11,12,14,16,17,18,20
2018-03-07,11:00,1110,19,2,5,6,7,9,10,16,17,18,20
2018-03-07,12:00,1111,11,1,2,4,5,8,11,13,17,18,20
2018-03-07,13:00,1112,9,3,4,6,8,9,10,12,15,19,20
2018-03-07,14:00,1113,8,1,3,4,5,7,8,10,17,18,19
2018-03-07,15:00,1114,20,2,3,4,7,8,9,10,16,17,19
2018-03-07,16:00,1115,9,1,3,6,7,10,12,17,18,19,20
2018-03-07,17:00,1116,17,1,2,6,7,8,11,12,15,18,19
2018-03-07,18:00,1117,11,2,3,4,5,6,9,17,18,19,20
2018-03-07,19:00,1118,20,1,2,4,5,8,12,13,14,17,18
2018-03-07,20:00,1119,15,1,2,3,6,8,12,13,15,17,19
2018-03-07,21:00,1120,1,1,2,3,8,11,12,15,16,17,20
2018-03-07,22:00,1121,9,2,3,7,9,12,16,17,18,19,20
2018-03-07,23:00,1122,10,3,4,5,7,8,10,11,15,18,20
2018-03-08,07:00,1123,1,1,3,4,6,9,12,13,14,18,20
2018-03-08,08:00,1124,2,1,2,3,4,5,6,12,14,16,20
2018-03-08,09:00,1125,20,3,4,5,6,7,12,13,14,16,17
2018-03-08,10:00,1126,1,1,2,4,5,9,11,13,16,18,19
2018-03-08,11:00,1127,10,2,4,5,8,11,16,17,18,19,20
2018-03-08,12:00,1128,7,2,5,7,8,10,12,13,16,17,20
2018-03-08,13:00,1129,3,1,2,3,4,6,7,8,11,17,18
2018-03-08,14:00,1130,5,3,4,8,12,13,15,17,18,19,20
2018-03-08,15:00,1131,6,1,3,4,8,9,12,13,15,17,19
2018-03-08,16:00,1132,9,1,4,7,8,9,15,16,17,18,20
2018-03-08,17:00,1133,11,1,3,5,6,7,8,9,10,14,15
2018-03-08,18:00,1134,19,1,2,4,6,7,8,14,15,16,19
2018-03-08,19:00,1135,14,2,3,7,9,11,12,13,14,16,17
2018-03-08,20:00,1136,10,1,3,4,7,10,11,12,13,14,19
2018-03-08,21:00,1137,19,5,6,7,9,10,11,12,14,17,20
2018-03-08,22:00,1138,5,2,5,6,7,8,9,15,17,18,19
2018-03-08,23:00,1139,7,1,2,3,6,10,12,13,14,17,18
2018-03-09,07:00,1140,6,1,2,9,10,11,12,13,15,17,18
2018-03-09,08:00,1141,7,1,5,6,7,8,9,11,12,13,14
2018-03-09,09:00,1142,18,2,3,6,9,10,16,17,18,19,20
2018-03-09,10:00,1143,4,3,6,8,11,12,13,15,16,17,18
2018-03-09,11:00,1144,7,1,3,6,7,8,10,12,16,18,19
2018-03-09,12:00,1145,11,1,3,4,7,8,9,10,12,13,16
2018-03-09,13:00,1146,10,3,5,8,9,10,11,12,13,17,20
2018-03-09,14:00,1147,19,3,4,6,7,9,10,13,15,17,18
2018-03-09,15:00,1148,15,1,3,5,7,8,10,13,14,15,18
2018-03-09,16:00,1149,16,1,2,3,4,10,12,13,16,19,20
2018-03-09,17:00,1150,19,2,3,4,5,6,7,8,11,14,20
2018-03-09,18:00,1151,2,1,2,6,8,11,13,14,16,17,18
2018-03-09,19:00,1152,16,1,2,4,7,10,11,13,14,15,18
2018-03-09,20:00,1153,6,5,7,8,10,11,14,15,16,18,19
2018-03-09,21:00,1154,12,1,3,4,6,9,11,12,14,15,20
2018-03-09,22:00,1155,16,7,8,9,12,13,14,15,17,18,19
2018-03-09,23:00,1156,15,2,4,5,6,9,12,14,15,18,19
2018-03-10,07:00,1157,18,3,4,5,6,7,8,9,17,18,20
2018-03-10,08:00,1158,1,1,4,5,7,9,10,12,15,18,20
2018-03-10,09:00,1159,6,1,4,6,7,11,13,15,16,18,20
2018-03-10,10:00,1160,17,1,3,4,5,7,8,9,12,14,18
2018-03-10,11:00,1161,16,1,2,5,8,9,11,14,15,16,20
2018-03-10,12:00,1162,15,1,2,3,4,6,7,8,9,10,18
2018-03-10,13:00,1163,7,1,3,4,6,7,8,12,13,15,18
2018-03-10,14:00,1164,16,1,2,4,5,6,9,10,11,13,15
2018-03-10,15:00,1165,16,2,4,5,6,8,12,13,14,16,18
2018-03-10,16:00,1166,16,3,4,7,8,9,13,15,16,17,18
2018-03-10,17:00,1167,20,3,6,8,9,11,13,15,17,18,20
2018-03-10,18:00,1168,3,1,3,5,6,10,11,12,13,15,18
2018-03-10,19:00,1169,19,5,6,7,10,11,12,14,17,18,20
2018-03-10,20:00,1170,8,2,3,6,9,11,13,14,15,16,20
2018-03-10,21:00,1171,19,2,3,4,5,6,11,12,17,18,19
2018-03-10,22:00,1172,18,1,3,8,9,10,13,15,17,18,19
2018-03-10,23:00,1173,11,1,2,4,5,10,11,14,15,17,20
2018-03-11,07:00,1174,6,3,4,6,7,11,13,17,18,19,20
2018-03-11,08:00,1175,9,1,2,5,7,8,11,13,15,16,17
2018-03-11,09:00,1176,18,1,2,3,6,9,10,12,15,17,18
2018-03-11,10:00,1177,6,1,2,3,5,6,7,11,16,17,18
2018-03-11,11:00,1178,16,1,5,9,12,13,15,16,17,19,20
2018-03-11,12:00,1179,17,5,7,8,10,12,13,15,17,18,20
2018-03-11,13:00,1180,20,1,6,7,9,10,13,15,16,17,20
2018-03-11,14:00,1181,18,2,6,7,8,9,10,11,13,17,19
2018-03-11,15:00,1182,8,2,4,7,8,11,13,14,16,17,18
2018-03-11,16:00,1183,20,4,6,10,11,12,13,14,15,17,20
2018-03-11,17:00,1184,13,2,3,5,8,13,14,15,16,19,20
2018-03-11,18:00,1185,14,2,3,5,6,10,12,13,15,16,17
2018-03-11,19:00,1186,6,1,2,3,7,9,10,14,15,17,19
2018-03-11,20:00,1187,8,2,6,8,9,12,16,17,18,19,20
2018-03-11,21:00,1188,7,2,5,6,7,9,11,12,13,15,17
2018-03-11,22:00,1189,5,3,5,6,7,8,12,13,14,15,17
2018-03-11,23:00,1190,8,3,5,7,8,9,11,13,15,17,19
2018-03-12,07:00,1191,2,1,3,6,7,10,13,14,16,17,19
2018-03-12,08:00,1192,15,1,2,3,5,7,9,10,11,19,20
2018-03-12,09:00,1193,14,1,3,4,6,9,10,11,12,13,18
2018-03-12,10:00,1194,2,1,8,11,12,13,14,15,17,19,20
2018-03-12,11:00,1195,2,2,4,7,8,11,12,13,18,19,20
2018-03-12,12:00,1196,4,1,2,6,7,9,10,13,14,17,18
2018-03-12,13:00,1197,1,3,4,6,7,8,13,16,17,18,19
2018-03-12,14:00,1198,13,2,3,4,7,9,11,14,15,17,18
2018-03-12,15:00,1199,19,2,4,5,6,8,10,12,14,15,19
2018-03-12,16:00,1200,14,1,2,3,4,6,11,15,16,19,20
2018-03-12,17:00,1201,4,1,5,7,9,11,13,14,18,19,20
2018-03-12,18:00,1202,9,2,3,5,7,8,9,13,14,16,19
2018-03-12,19:00,1203,9,3,7,8,10,11,12,17,18,19,20
2018-03-12,20:00,1204,3,2,3,5,7,8,9,12,14,18,19
2018-03-12,21:00,1205,7,1,2,3,4,7,11,12,15,16,19
2018-03-12,22:00,1206,14,2,3,5,10,12,15,16,17,18,19
2018-03-12,23:00,1207,8,2,3,6,7,8,10,11,14,15,16
2018-03-13,07:00,1208,19,1,4,6,8,9,10,11,14,15,17
2018-03-13,08:00,1209,12,1,6,7,9,11,12,13,15,16,20
2018-03-13,09:00,1210,3,2,5,6,8,10,11,12,15,16,20
2018-03-13,10:00,1211,1,1,4,5,7,8,9,13,16,17,20
2018-03-13,11:00,1212,3,1,2,5,7,10,11,14,16,18,19
2018-03-13,12:00,1213,9,1,5,7,8,9,10,12,13,17,20
2018-03-13,13:00,1214,17,2,4,7,10,12,13,14,15,16,18
2018-03-13,14:00,1215,6,1,2,3,7,8,9,14,15,16,18
2018-03-13,15:00,1216,12,1,2,5,6,7,13,15,16,18,20
2018-03-13,16:00,1217,16,1,3,4,6,7,8,9,10,18,20
2018-03-13,17:00,1218,4,1,6,7,8,9,11,13,14,15,19
2018-03-13,18:00,1219,16,3,7,10,12,14,15,16,18,19,20
2018-03-13,19:00,1220,19,2,6,9,10,11,12,13,14,15,19
2018-03-13,20:00,1221,11,1,3,6,7,13,14,16,17,18,20
2018-03-13,21:00,1222,3,2,4,6,8,10,11,13,14,16,20
2018-03-13,22:00,1223,8,2,4,5,6,7,10,13,16,18,19
2018-03-13,23:00,1224,15,3,5,6,7,9,10,11,17,18,20
2018-03-14,07:00,1225,19,2,3,4,5,6,7,8,10,18,20
2018-03-14,08:00,1226,5,6,7,8,9,11,13,16,17,18,19
2018-03-14,09:00,1227,19,1,2,5,6,7,11,15,16,17,20
2018-03-14,10:00,1228,20,1,2,4,7,9,11,13,14,16,20
2018-03-14,11:00,1229,9,2,5,7,8,9,10,14,15,17,20
2018-03-14,12:00,1230,11,1,4,5,7,9,13,14,17,18,20
2018-03-14,13:00,1231,9,1,2,4,5,9,10,12,15,16,17
2018-03-14,14:00,1232,20,2,3,5,6,10,12,13,14,15,20
2018-03-14,15:00,1233,6,1,2,4,5,7,8,10,13,14,17
2018-03-14,16:00,1234,2,1,6,8,11,12,14,16,17,18,19
2018-03-14,17:00,1235,16,1,7,8,10,11,12,13,15,18,20
2018-03-14,18:00,1236,2,1,3,6,7,8,9,10,13,17,20
2018-03-14,19:00,1237,16,1,5,6,9,10,11,12,16,17,18
2018-03-14,20:00,1238,15,1,2,6,8,9,11,12,17,18,20
2018-03-14,21:00,1239,10,1,2,5,6,9,10,13,15,18,19
2018-03-14,22:00,1240,20,1,5,8,9,10,12,13,16,17,19
2018-03-14,23:00,1241,11,3,6,8,9,10,14,15,16,17,19
2018-03-15,07:00,1242,13,1,2,3,5,8,12,14,15,16,18
2018-03-15,08:00,1243,20,4,6,7,9,11,12,13,16,19,20
2018-03-15,09:00,1244,2,5,6,8,12,15,16,17,18,19,20
2018-03-15,10:00,1245,9,1,2,4,5,7,13,15,16,19,20
2018-03-15,11:00,1246,11,5,6,7,8,11,12,14,15,16,17
2018-03-15,12:00,1247,14,4,8,9,10,11,12,15,17,18,20
2018-03-15,13:00,1248,18,2,4,6,9,11,12,13,14,18,20
2018-03-15,14:00,1249,12,2,6,8,10,12,13,14,15,16,17
2018-03-15,15:00,1250,1,3,4,5,6,10,12,15,16,17,20
2018-03-15,16:00,1251,12,2,4,8,9,10,12,14,16,19,20
2018-03-15,17:00,1252,19,3,5,7,11,12,14,15,16,17,19
2018-03-15,18:00,1253,15,1,2,4,5,6,9,10,12,15,17
2018-03-15,19:00,1254,4,2,3,5,6,7,8,9,13,14,18
2018-03-15,20:00,1255,1,1,2,6,10,12,14,15,16,17,18
2018-03-15,21:00,1256,16,1,2,3,10,12,15,17,18,19,20
2018-03-15,22:00,1257,9,2,4,6,8,9,10,11,12,18,19
2018-03-15,23:00,1258,4,1,4,5,6,7,11,13,15,17,18
2018-03-16,07:00,1259,4,3,4,6,7,8,11,12,15,18,19
2018-03-16,08:00,1260,9,4,5,8,9,10,11,12,14,15,17
2018-03-16,09:00,1261,10,1,3,4,6,7,9,10,11,13,19
2018-03-16,10:00,1262,16,2,3,4,8,10,11,12,13,15,18
2018-03-16,11:00,1263,12,1,6,7,12,13,14,15,16,19,20
2018-03-16,12:00,1264,8,3,4,6,7,8,9,10,14,18,20
2018-03-16,13:00,1265,5,1,4,6,7,8,12,15,17,19,20
2018-03-16,14:00,1266,6,3,4,5,7,10,11,13,17,19,20
2018-03-16,15:00,1267,6,1,4,5,6,7,8,12,13,16,18
2018-03-16,16:00,1268,17,5,6,8,9,10,11,13,15,17,18
2018-03-16,17:00,1269,2,1,2,3,5,7,8,12,16,18,19
2018-03-16,18:00,1270,14,2,4,6,7,10,11,12,13,18,20
2018-03-16,19:00,1271,12,3,5,7,10,11,12,13,14,15,19
2018-03-16,20:00,1272,15,1,3,4,6,8,9,10,12,14,19
2018-03-16,21:00,1273,4,1,2,3,10,12,13,14,17,19,20
2018-03-16,22:00,1274,10,2,3,4,5,7,8,13,14,16,20
2018-03-16,23:00,1275,4,2,4,7,8,9,12,14,15,17,18
2018-03-17,07:00,1276,11,1,3,4,5,8,9,12,15,19,20
2018-03-17,08:00,1277,2,3,4,5,7,9,10,11,14,15,17
2018-03-17,09:00,1278,15,1,5,6,7,9,12,14,17,19,20
2018-03-17,10:00,1279,6,2,3,4,5,6,11,13,14,15,18
2018-03-17,11:00,1280,8,3,4,6,8,10,13,15,17,18,20
2018-03-17,12:00,1281,12,1,2,5,6,9,12,13,15,16,20
2018-03-17,13:00,1282,12,6,8,9,10,12,13,15,16,18,19
2018-03-17,14:00,1283,10,1,2,5,8,10,13,16,18,19,20
2018-03-17,15:00,1284,2,1,2,10,11,12,13,14,17,18,19
2018-03-17,16:00,1285,18,1,3,4,5,7,13,16,17,18,20
2018-03-17,17:00,1286,1,1,3,4,6,7,14,16,17,18,19
2018-03-17,18:00,1287,11,1,3,5,7,8,9,11,12,15,16
2018-03-17,19:00,1288,14,1,2,3,4,5,12,14,15,17,20
2018-03-17,20:00,1289,18,3,4,5,6,8,9,12,14,17,19
2018-03-17,21:00,1290,18,1,5,8,9,10,11,15,17,19,20
2018-03-17,22:00,1291,13,2,6,9,10,13,16,17,18,19,20
2018-03-17,23:00,1292,4,3,4,7,10,11,12,14,15,19,20
2018-03-18,07:00,1293,20,1,2,4,6,8,10,12,16,17,19
2018-03-18,08:00,1294,9,2,3,5,9,10,13,14,15,17,20
2018-03-18,09:00,1295,8,1,2,5,10,12,13,14,17,19,20
2018-03-18,10:00,1296,11,2,3,5,8,11,13,14,16,17,19
2018-03-18,11:00,1297,20,2,4,9,10,13,14,15,17,19,20
2018-03-18,12:00,1298,17,2,4,9,11,13,15,16,17,19,20
2018-03-18,13:00,1299,5,3,5,6,7,8,9,11,14,18,20
2018-03-18,14:00,1300,19,1,2,3,4,10,11,13,15,16,18
2018-03-18,15:00,1301,12,2,3,5,7,9,13,14,16,18,20
2018-03-18,16:00,1302,17,3,4,5,6,9,10,13,15,17,20
2018-03-18,17:00,1303,11,1,3,5,8,10,11,12,16,17,20
2018-03-18,18:00,1304,2,3,4,5,6,7,10,13,17,19,20
2018-03-18,19:00,1305,4,1,2,8,9,10,13,14,18,19,20
2018-03-18,20:00,1306,14,1,4,5,9,11,12,14,17,19,20
2018-03-18,21:00,1307,1,2,3,7,9,11,13,14,17,18,19
2018-03-18,22:00,1308,17,1,2,4,6,9,10,13,16,17,20
2018-03-18,23:00,1309,8,1,2,5,6,7,8,11,12,13,17
2018-03-19,07:00,1310,19,1,2,3,9,13,14,15,16,17,20
2018-03-19,08:00,1311,15,1,2,4,7,8,13,14,15,16,17
2018-03-19,09:00,1312,8,2,3,5,7,10,12,14,18,19,20
2018-03-19,10:00,1313,11,1,2,4,6,10,13,14,15,18,20
2018-03-19,11:00,1314,17,2,3,6,7,10,14,15,16,18,19
2018-03-19,12:00,1315,13,3,4,6,8,10,14,16,17,18,19
2018-03-19,13:00,1316,1,1,2,3,7,13,14,15,17,18,19
2018-03-19,14:00,1317,4,1,2,8,10,14,15,17,18,19,20
2018-03-19,15:00,1318,1,2,3,5,6,7,8,14,15,17,20
2018-03-19,16:00,1319,8,1,2,6,7,8,10,11,15,16,20
2018-03-19,17:00,1320,7,1,2,3,4,8,10,11,16,17,20
2018-03-19,18:00,1321,11,1,2,5,6,8,11,13,14,15,19
2018-03-19,19:00,1322,16,1,2,4,6,9,10,14,16,19,20
2018-03-19,20:00,1323,8,1,2,3,4,7,12,13,14,15,19
2018-03-19,21:00,1324,11,1,6,7,10,11,13,15,16,17,18
2018-03-19,22:00,1325,5,2,3,7,8,10,11,13,14,17,20
2018-03-19,23:00,1326,2,2,8,10,13,14,15,16,17,18,19
2018-03-20,07:00,1327,13,1,4,5,7,8,10,12,13,15,20
2018-03-20,08:00,1328,3,1,2,3,4,5,6,9,12,15,16
2018-03-20,09:00,1329,6,3,5,6,9,11,12,13,16,17,20
2018-03-20,10:00,1330,4,1,2,5,7,10,12,13,14,15,18
2018-03-20,11:00,1331,8,4,5,6,7,8,9,11,12,16,18
2018-03-20,12:00,1332,4,2,3,6,8,12,13,14,16,19,20
2018-03-20,13:00,1333,2,1,2,5,8,11,13,14,15,18,19
2018-03-20,14:00,1334,11,2,4,6,7,9,10,16,17,18,19
2018-03-20,15:00,1335,7,1,2,4,6,7,9,11,13,16,17
2018-03-20,16:00,1336,20,1,5,7,9,11,12,13,14,17,19
2018-03-20,17:00,1337,20,5,6,8,9,10,14,15,16,17,18
2018-03-20,18:00,1338,18,1,2,3,4,10,11,13,14,16,17
2018-03-20,19:00,1339,3,2,3,6,7,8,9,11,13,17,19
2018-03-20,20:00,1340,15,1,2,3,4,5,6,9,13,18,19
2018-03-20,21:00,1341,14,2,4,6,9,11,12,13,15,18,20
2018-03-20,22:00,1342,11,3,4,5,6,7,9,11,12,13,20
2018-03-20,23:00,1343,4,1,2,5,6,7,8,10,11,14,19
2018-03-21,07:00,1344,2,1,4,6,7,8,12,15,16,17,19
2018-03-21,08:00,1345,4,3,9,12,13,14,15,16,18,19,20
2018-03-21,09:00,1346,2,1,3,5,8,9,12,14,15,18,20
2018-03-21,10:00,1347,10,2,5,8,10,12,13,14,18,19,20
2018-03-21,11:00,1348,12,1,8,10,12,13,14,15,18,19,20
2018-03-21,12:00,1349,5,1,2,5,6,10,12,15,16,17,19
2018-03-21,13:00,1350,3,4,6,7,8,9,14,15,16,18,20
2018-03-21,14:00,1351,11,1,3,7,9,12,13,15,16,17,19
2018-03-21,15:00,1352,5,3,5,6,7,8,10,11,17,19,20
2018-03-21,16:00,1353,11,2,3,9,10,11,12,14,15,16,19
2018-03-21,17:00,1354,9,3,5,7,8,10,11,12,13,17,20
2018-03-21,18:00,1355,20,1,2,3,4,11,12,13,17,18,20
2018-03-21,19:00,1356,10,1,4,7,8,11,14,15,17,19,20
2018-03-21,20:00,1357,7,1,2,3,6,8,11,13,16,17,18
2018-03-21,21:00,1358,18,1,7,8,9,10,14,15,16,17,19
2018-03-21,22:00,1359,19,3,4,5,9,11,12,13,17,19,20
2018-03-21,23:00,1360,11,1,2,6,7,8,9,10,11,13,17
2018-03-22,07:00,1361,13,2,3,4,6,10,13,15,16,17,19
2018-03-22,08:00,1362,9,2,4,6,8,9,12,13,16,18,20
2018-03-22,09:00,1363,8,1,3,4,6,7,12,13,14,15,19
2018-03-22,10:00,1364,8,2,3,4,5,9,10,15,18,19,20
2018-03-22,11:00,1365,18,1,2,6,7,8,10,15,17,18,20
2018-03-22,12:00,1366,2,3,4,5,7,10,12,13,16,17,19
2018-03-22,13:00,1367,9,1,2,3,4,8,11,12,14,18,19
2018-03-22,14:00,1368,7,6,9,11,12,14,15,17,18,19,20
2018-03-22,15:00,1369,11,3,4,5,9,10,11,14,16,17,18
2018-03-22,16:00,1370,17,3,4,5,7,8,10,11,14,17,19
2018-03-22,17:00,1371,7,1,2,4,7,9,10,15,17,19,20
2018-03-22,18:00,1372,16,2,3,5,7,8,12,14,17,18,19
2018-03-22,19:00,1373,12,3,4,5,7,9,11,13,17,19,20
2018-03-22,20:00,1374,12,1,3,6,7,8,9,10,11,12,19
2018-03-22,21:00,1375,20,6,9,10,11,12,14,15,17,18,19
2018-03-22,22:00,1376,4,1,2,4,6,8,9,10,11,15,20
2018-03-22,23:00,1377,5,2,4,6,8,10,11,14,15,16,20
2018-03-23,07:00,1378,20,1,2,5,10,11,12,13,14,17,19
2018-03-23,08:00,1379,10,3,10,12,13,14,16,17,18,19,20
2018-03-23,09:00,1380,4,1,5,6,7,10,12,14,15,16,17
2018-03-23,10:00,1381,10,1,2,3,4,5,6,9,10,15,18
2018-03-23,11:00,1382,16,1,5,6,7,12,13,14,15,18,19
2018-03-23,12:00,1383,17,2,3,4,6,14,15,17,18,19,20
2018-03-23,13:00,1384,1,3,4,10,11,12,14,16,17,19,20
2018-03-23,14:00,1385,11,1,3,4,6,9,12,13,14,18,19
2018-03-23,15:00,1386,19,1,6,8,9,10,13,15,16,18,19
2018-03-23,16:00,1387,2,1,4,5,8,9,12,14,15,18,20
2018-03-23,17:00,1388,12,1,2,6,7,9,10,13,16,17,20
2018-03-23,18:00,1389,15,2,3,5,7,8,9,13,17,18,20
2018-03-23,19:00,1390,8,3,6,7,9,10,12,14,16,19,20
2018-03-23,20:00,1391,9,3,5,7,8,10,13,14,16,18,19
2018-03-23,21:00,1392,12,1,3,4,5,9,11,12,14,16,19
2018-03-23,22:00,1393,2,1,3,7,9,10,12,15,17,19,20
2018-03-23,23:00,1394,3,1,3,5,10,11,12,13,15,18,19
2018-03-24,07:00,1395,11,3,5,8,9,12,13,15,18,19,20
2018-03-24,08:00,1396,4,2,4,5,8,13,14,16,17,18,20
2018-03-24,09:00,1397,17,1,2,4,5,6,8,9,11,17,18
2018-03-24,10:00,1398,9,1,2,4,7,10,13,14,16,19,20
2018-03-24,11:00,1399,15,3,8,9,11,12,14,15,17,19,20
2018-03-24,12:00,1400,9,3,6,10,11,12,13,15,17,19,20
2018-03-24,13:00,1401,12,4,5,6,8,10,12,14,15,16,19
2018-03-24,14:00,1402,18,2,3,4,6,7,9,10,14,16,19
2018-03-24,15:00,1403,14,2,3,6,8,11,12,13,16,18,19
2018-03-24,16:00,1404,3,4,5,6,7,9,10,11,13,16,19
2018-03-24,17:00,1405,17,1,3,5,6,7,9,11,14,15,18
2018-03-24,18:00,1406,6,1,3,6,7,9,11,12,16,17,20
2018-03-24,19:00,1407,6,1,3,6,10,13,14,15,17,19,20
2018-03-24,20:00,1408,13,5,6,7,9,10,11,12,13,16,17
2018-03-24,21:00,1409,15,2,4,5,10,13,14,15,18,19,20
2018-03-24,22:00,1410,4,2,3,5,10,11,15,16,17,19,20
2018-03-24,23:00,1411,7,4,5,6,7,10,12,13,15,17,19
2018-03-25,07:00,1412,8,1,2,4,5,8,9,12,14,15,19
2018-03-25,08:00,1413,3,1,3,8,9,10,12,14,15,17,18
2018-03-25,09:00,1414,9,2,3,4,7,11,13,17,18,19,20
2018-03-25,10:00,1415,10,2,4,5,6,8,9,10,14,16,20
2018-03-25,11:00,1416,12,3,5,7,9,12,14,15,17,18,20
2018-03-25,12:00,1417,13,1,2,3,4,7,9,12,17,18,20
2018-03-25,13:00,1418,11,2,5,6,7,8,11,14,15,18,20
2018-03-25,14:00,1419,8,5,6,7,8,10,14,15,16,19,20
2018-03-25,15:00,1420,18,4,6,8,10,13,14,16,18,19,20
2018-03-25,16:00,1421,6,1,5,6,8,9,10,13,14,18,19
2018-03-25,17:00,1422,9,1,2,8,11,12,13,14,15,16,19
2018-03-25,18:00,1423,3,1,3,5,8,9,12,13,15,16,17
2018-03-25,19:00,1424,4,2,3,4,7,9,10,12,15,18,20
2018-03-25,20:00,1425,7,3,5,6,11,13,14,15,16,19,20
2018-03-25,21:00,1426,13,3,4,7,10,11,14,15,17,19,20
2018-03-25,22:00,1427,15,6,7,8,9,10,11,15,17,19,20
2018-03-25,23:00,1428,5,1,2,3,4,5,6,10,11,12,18
2018-03-26,07:00,1429,10,5,6,9,10,11,13,15,16,17,20
2018-03-26,08:00,1430,14,1,3,5,7,9,10,11,16,17,20
2018-03-26,09:00,1431,14,2,3,5,7,9,12,13,16,17,19
2018-03-26,10:00,1432,14,4,5,8,9,10,11,13,16,17,18
2018-03-26,11:00,1433,8,3,4,5,6,8,11,12,13,14,19
2018-03-26,12:00,1434,4,1,7,10,12,13,14,15,16,17,20
2018-03-26,13:00,1435,7,1,7,8,9,10,11,12,13,14,17
2018-03-26,14:00,1436,16,2,5,7,8,9,10,12,13,14,15
2018-03-26,15:00,1437,13,4,5,7,8,9,11,15,16,18,20
2018-03-26,16:00,1438,2,1,3,9,11,12,14,15,17,18,20
2018-03-26,17:00,1439,20,1,2,5,8,9,10,12,13,15,17
2018-03-26,18:00,1440,8,1,2,3,4,5,8,9,11,16,20
2018-03-26,19:00,1441,6,1,2,4,5,6,8,9,15,18,20
2018-03-26,20:00,1442,6,6,7,9,10,11,12,13,14,16,18
2018-03-26,21:00,1443,11,2,4,5,6,7,8,12,14,15,18
2018-03-26,22:00,1444,7,1,2,3,6,7,10,11,13,17,19
2018-03-26,23:00,1445,12,4,5,6,7,12,13,15,17,19,20
2018-03-27,07:00,1446,2,4,5,6,11,12,14,16,17,18,20
2018-03-27,08:00,1447,3,1,3,7,11,14,15,16,17,18,20
2018-03-27,09:00,1448,14,2,3,7,8,10,11,12,16,17,20
2018-03-27,10:00,1449,10,1,2,4,7,9,11,15,16,17,18
2018-03-27,11:00,1450,19,1,7,9,10,11,14,15,17,18,19
2018-03-27,12:00,1451,3,1,2,3,8,9,11,12,14,19,20
2018-03-27,13:00,1452,9,4,6,8,9,10,11,15,16,17,18
2018-03-27,14:00,1453,8,1,3,4,5,6,8,14,17,19,20
2018-03-27,15:00,1454,19,2,5,8,9,11,12,16,17,18,20
2018-03-27,16:00,1455,8,1,3,5,6,8,10,11,13,15,19
2018-03-27,17:00,1456,16,4,6,9,11,12,14,17,18,19,20
2018-03-27,18:00,1457,13,1,3,4,5,6,12,13,14,16,17
2018-03-27,19:00,1458,11,3,4,5,6,7,11,12,13,14,15
2018-03-27,20:00,1459,20,3,4,5,6,7,8,13,15,16,18
2018-03-27,21:00,1460,18,2,4,5,8,10,11,13,17,19,20
2018-03-27,22:00,1461,8,2,3,4,6,8,11,13,14,15,16
2018-03-27,23:00,1462,4,1,3,4,5,6,7,10,13,16,20
2018-03-28,07:00,1463,8,1,2,8,9,11,12,14,16,17,19
2018-03-28,08:00,1464,5,1,5,9,11,14,15,16,18,19,20
2018-03-28,09:00,1465,18,1,3,5,7,8,9,14,17,18,20
2018-03-28,10:00,1466,12,2,4,5,8,9,13,15,17,18,19
2018-03-28,11:00,1467,19,1,2,3,5,9,10,11,12,14,19
2018-03-28,12:00,1468,5,3,5,6,9,11,12,13,16,17,18
2018-03-28,13:00,1469,14,1,4,6,7,10,12,14,15,16,20
2018-03-28,14:00,1470,18,1,2,3,5,6,11,13,14,15,18
2018-03-28,15:00,1471,3,3,8,9,10,11,13,15,16,17,20
2018-03-28,16:00,1472,10,1,2,4,5,10,12,13,16,17,20
2018-03-28,17:00,1473,18,1,2,3,4,5,8,13,15,16,20
2018-03-28,18:00,1474,3,1,3,6,9,10,11,13,14,16,20
2018-03-28,19:00,1475,5,3,4,5,6,9,10,12,16,18,19
2018-03-28,20:00,1476,3,1,2,3,4,5,8,9,10,15,17
2018-03-28,21:00,1477,9,2,4,6,8,10,13,15,16,17,19
2018-03-28,22:00,1478,8,1,2,8,10,11,15,17,18,19,20
2018-03-28,23:00,1479,9,2,3,4,5,8,11,12,13,14,16
2018-03-29,07:00,1480,9,1,2,3,7,9,10,11,12,14,17
2018-03-29,08:00,1481,17,1,2,10,12,13,14,16,18,19,20
2018-03-29,09:00,1482,14,1,2,3,6,8,9,10,13,15,18
2018-03-29,10:00,1483,11,3,4,5,6,7,12,14,15,16,19
2018-03-29,11:00,1484,19,1,3,5,9,11,14,16,17,18,20
2018-03-29,12:00,1485,16,1,3,7,9,13,14,15,16,17,20
2018-03-29,13:00,1486,8,3,5,6,7,8,9,11,14,15,20
2018-03-29,14:00,1487,17,1,3,4,5,8,9,12,15,18,20
2018-03-29,15:00,1488,17,4,8,9,10,11,13,15,17,18,19
2018-03-29,16:00,1489,16,2,4,5,6,7,8,9,14,17,18
2018-03-29,17:00,1490,17,3,4,7,10,13,14,15,16,18,19
2018-03-29,18:00,1491,8,2,4,7,8,11,13,14,15,16,20
2018-03-29,19:00,1492,6,1,2,3,4,6,7,9,10,13,15
2018-03-29,20:00,1493,12,4,7,10,13,14,15,16,17,19,20
2018-03-29,21:00,1494,18,2,3,5,7,11,13,14,17,18,20
2018-03-29,22:00,1495,12,2,3,7,9,10,11,14,18,19,20
2018-03-29,23:00,1496,12,3,4,7,10,12,14,15,17,18,19
2018-03-30,07:00,1497,14,1,3,5,8,9,12,13,14,16,18
2018-03-30,08:00,1498,3,4,6,9,10,12,14,15,18,19,20
2018-03-30,09:00,1499,10,1,3,4,5,6,9,11,13,16,17
2018-03-30,10:00,1500,8,4,5,6,10,13,14,16,18,19,20
2018-03-30,11:00,1501,9,3,4,5,8,10,11,12,16,17,19
2018-03-30,12:00,1502,8,2,4,5,9,10,11,12,13,14,16
2018-03-30,13:00,1503,19,1,2,6,7,8,9,11,13,14,20
2018-03-30,14:00,1504,13,2,3,4,5,7,13,14,15,17,20
2018-03-30,15:00,1505,3,2,3,4,5,7,10,12,13,14,15
2018-03-30,16:00,1506,13,1,3,6,8,9,10,14,17,18,19
2018-03-30,17:00,1507,11,2,3,7,9,10,11,14,15,16,18
2018-03-30,18:00,1508,1,3,6,8,9,12,13,16,17,18,20
2018-03-30,19:00,1509,20,1,5,6,8,10,11,14,15,17,18
2018-03-30,20:00,1510,6,1,5,6,8,9,10,14,15,19,20
2018-03-30,21:00,1511,1,1,2,4,6,7,8,11,12,13,18
2018-03-30,22:00,1512,9,1,4,8,9,10,12,13,14,18,20
2018-03-30,23:00,1513,4,1,5,8,9,11,12,13,14,15,20
2018-03-31,07:00,1514,13,1,2,4,9,10,12,15,16,17,19
2018-03-31,08:00,1515,15,2,5,6,7,8,9,11,12,16,18
2018-03-31,09:00,1516,1,1,3,4,5,6,7,9,13,15,17
2018-03-31,10:00,1517,5,1,2,4,5,6,11,15,16,17,19
2018-03-31,11:00,1518,9,3,10,11,12,13,14,15,17,18,19
2018-03-31,12:00,1519,6,3,6,9,10,11,12,14,15,17,18
2018-03-31,13:00,1520,7,2,5,6,7,8,9,11,13,14,15
2018-03-31,14:00,1521,14,1,4,5,8,11,12,13,14,15,20
2018-03-31,15:00,1522,5,3,5,7,8,9,10,12,16,17,20
2018-03-31,16:00,1523,14,1,3,4,8,11,12,14,16,17,18
2018-03-31,17:00,1524,17,1,2,3,4,7,8,9,10,18,20
2018-03-31,18:00,1525,9,1,3,5,7,11,12,15,17,18,20
2018-03-31,19:00,1526,16,3,5,6,8,9,10,16,17,19,20
2018-03-31,20:00,1527,3,2,4,5,6,9,13,17,18,19,20
2018-03-31,21:00,1528,5,2,4,6,7,8,13,14,17,19,20
2018-03-31,22:00,1529,8,2,3,6,8,13,14,15,16,19,20
2018-03-31,23:00,1530,16,4,5,8,9,10,11,14,16,19,20
2018-04-01,07:00,1531,6,1,3,8,10,12,13,15,17,18,20
2018-04-01,08:00,1532,17,2,4,6,7,9,10,11,12,14,20
2018-04-01,09:00,1533,15,1,8,10,11,13,16,17,18,19,20
2018-04-01,10:00,1534,16,1,2,5,7,10,11,12,15,16,20
2018-04-01,11:00,1535,8,1,2,3,4,7,10,12,13,17,20
2018-04-01,12:00,1536,5,3,6,7,8,9,10,11,12,14,20
2018-04-01,13:00,1537,15,4,7,9,13,15,16,17,18,19,20
2018-04-01,14:00,1538,18,1,2,3,4,9,10,13,14,15,16
2018-04-01,15:00,1539,18,2,3,5,6,7,8,9,14,15,17
2018-04-01,16:00,1540,12,4,6,8,10,13,14,15,16,17,19
2018-04-01,17:00,1541,13,2,3,5,6,7,8,9,13,16,17
2018-04-01,18:00,1542,15,2,3,5,6,7,8,9,12,13,17
2018-04-01,19:00,1543,1,2,4,6,7,8,10,14,15,16,18
2018-04-01,20:00,1544,20,1,4,5,7,8,13,16,17,18,20
2018-04-01,21:00,1545,17,1,2,4,6,7,9,12,14,15,20
2018-04-01,22:00,1546,7,1,4,6,7,8,9,13,16,17,19
2018-04-01,23:00,1547,7,6,7,9,10,11,13,15,16,19,20
2018-04-02,07:00,1548,15,1,4,5,6,9,10,12,13,14,20
2018-04-02,08:00,1549,6,1,3,6,9,11,13,14,18,19,20
2018-04-02,09:00,1550,3,1,2,4,6,8,9,13,14,15,19
2018-04-02,10:00,1551,7,1,2,6,10,13,14,15,16,19,20
2018-04-02,11:00,1552,6,1,5,7,10,12,13,14,15,16,19
2018-04-02,12:00,1553,19,1,2,3,5,7,13,14,16,17,18
2018-04-02,13:00,1554,14,1,2,7,8,10,11,14,16,19,20
2018-04-02,14:00,1555,19,5,6,8,9,10,14,16,17,18,20
2018-04-02,15:00,1556,20,2,4,5,10,11,14,17,18,19,20
2018-04-02,16:00,1557,6,2,5,6,7,8,12,14,17,18,20
2018-04-02,17:00,1558,5,1,3,6,9,10,13,14,16,18,19
2018-04-02,18:00,1559,9,2,3,6,7,8,12,13,15,17,20
2018-04-02,19:00,1560,15,1,3,4,6,8,10,12,16,17,18
2018-04-02,20:00,1561,2,1,2,3,6,9,10,12,13,15,18
2018-04-02,21:00,1562,13,2,3,5,9,10,11,12,13,17,19
2018-04-02,22:00,1563,10,2,3,10,12,13,14,16,17,18,19
2018-04-02,23:00,1564,1,1,2,4,5,7,9,17,18,19,20
2018-04-03,07:00,1565,12,3,4,6,8,11,13,14,15,18,19
2018-04-03,08:00,1566,19,1,2,3,5,6,10,11,14,16,18
2018-04-03,09:00,1567,1,2,3,5,8,9,10,13,16,19,20
2018-04-03,10:00,1568,13,1,2,4,5,7,9,10,16,18,19
2018-04-03,11:00,1569,2,2,3,5,7,8,10,11,16,18,19
2018-04-03,12:00,1570,16,5,6,7,8,9,11,12,16,17,20
2018-04-03,13:00,1571,15,1,4,5,6,9,10,11,14,15,18
2018-04-03,14:00,1572,15,1,3,6,8,14,15,17,18,19,20
2018-04-03,15:00,1573,5,2,3,4,6,9,12,14,18,19,20
2018-04-03,16:00,1574,8,3,4,7,9,10,12,15,16,18,20
2018-04-03,17:00,1575,4,1,2,3,4,8,10,11,13,15,19
2018-04-03,18:00,1576,18,1,4,6,8,11,12,13,16,18,20
2018-04-03,19:00,1577,1,3,4,6,7,10,11,13,14,15,17
2018-04-03,20:00,1578,17,2,3,5,6,8,10,11,14,15,18
2018-04-03,21:00,1579,6,3,5,6,7,10,12,13,18,19,20
2018-04-03,22:00,1580,19,1,3,4,5,6,8,9,12,14,16
2018-04-03,23:00,1581,16,1,3,4,5,6,8,11,12,16,20
2018-04-04,07:00,1582,18,3,6,8,10,13,15,16,17,18,19
2018-04-04,08:00,1583,17,1,4,5,6,10,11,12,13,14,19
2018-04-04,09:00,1584,7,1,3,8,9,14,15,16,17,18,20
2018-04-04,10:00,1585,6,2,5,8,11,12,13,14,16,17,18
2018-04-04,11:00,1586,16,1,2,3,4,5,12,13,14,15,16
2018-04-04,12:00,1587,6,1,2,3,7,9,11,14,15,17,19
2018-04-04,13:00,1588,17,2,3,4,5,7,9,13,15,16,20
2018-04-04,14:00,1589,18,2,4,6,7,11,14,15,16,19,20
2018-04-04,15:00,1590,3,5,6,7,8,11,14,15,16,17,18
2018-04-04,16:00,1591,20,3,4,5,6,10,11,12,18,19,20
2018-04-04,17:00,1592,6,4,5,6,7,8,10,11,12,13,17
2018-04-04,18:00,1593,5,1,3,4,6,7,11,12,15,18,20
2018-04-04,19:00,1594,10,2,5,7,12,13,15,16,17,19,20
2018-04-04,20:00,1595,16,1,2,3,5,7,9,10,12,16,19
2018-04-04,21:00,1596,16,1,3,4,6,7,8,9,14,16,17
2018-04-04,22:00,1597,7,2,3,5,8,13,15,16,18,19,20
2018-04-04,23:00,1598,12,2,3,8,9,11,14,15,18,19,20
2018-04-05,07:00,1599,18,1,2,4,5,8,11,12,13,17,19
2018-04-05,08:00,1600,8,4,8,9,10,13,15,16,17,19,20
2018-04-05,09:00,1601,14,1,2,3,4,8,9,10,13,17,19
2018-04-05,10:00,1602,18,1,3,5,6,9,11,14,15,19,20
2018-04-05,11:00,1603,14,3,5,6,8,11,12,13,14,16,20
2018-04-05,12:00,1604,3,1,4,7,8,10,11,12,15,16,17
2018-04-05,13:00,1605,2,1,3,4,9,10,11,13,16,17,19
2018-04-05,14:00,1606,3,2,5,6,7,9,10,14,15,16,20
2018-04-05,15:00,1607,5,5,6,8,9,10,11,14,15,17,20
2018-04-05,16:00,1608,15,1,4,5,7,10,11,13,14,19,20
2018-04-05,17:00,1609,2,2,4,6,8,12,13,16,17,18,20
2018-04-05,18:00,1610,5,3,4,6,7,8,9,11,13,15,20
2018-04-05,19:00,1611,4,5,6,8,13,15,16,17,18,19,20
2018-04-05,20:00,1612,12,3,5,8,9,11,13,16,18,19,20
2018-04-05,21:00,1613,9,1,4,5,7,8,10,12,13,18,19
2018-04-05,22:00,1614,11,4,6,7,10,13,14,15,16,17,20
2018-04-05,23:00,1615,14,6,8,9,13,14,15,16,18,19,20
2018-04-06,07:00,1616,17,1,3,6,8,11,14,15,16,18,20
2018-04-06,08:00,1617,18,1,3,5,8,12,13,15,18,19,20
2018-04-06,09:00,1618,18,1,4,5,8,9,14,16,17,18,19
2018-04-06,10:00,1619,10,1,2,5,6,8,10,11,13,17,18
2018-04-06,11:00,1620,2,2,3,5,8,10,12,14,15,16,19
2018-04-06,12:00,1621,15,3,4,5,6,7,9,13,15,18,19
2018-04-06,13:00,1622,8,1,2,3,4,7,8,10,13,14,19
2018-04-06,14:00,1623,3,1,2,5,7,8,12,16,18,19,20
2018-04-06,15:00,1624,19,1,2,3,5,6,11,14,15,18,19
2018-04-06,16:00,1625,3,1,2,4,8,11,12,14,15,16,18
2018-04-06,17:00,1626,17,1,3,5,7,8,9,10,11,16,18
2018-04-06,18:00,1627,2,2,4,7,8,9,12,14,16,19,20
2018-04-06,19:00,1628,18,2,3,4,7,13,14,15,16,17,20
2018-04-06,20:00,1629,19,3,4,5,6,10,12,13,15,17,20
2018-04-06,21:00,1630,6,1,2,3,4,7,8,14,15,18,20
2018-04-06,22:00,1631,5,2,4,5,6,10,11,12,13,17,19
2018-04-06,23:00,1632,20,2,3,5,7,8,10,11,13,16,18
2018-04-07,07:00,1633,12,1,3,5,10,11,14,15,17,19,20
2018-04-07,08:00,1634,17,1,3,5,7,8,10,13,17,19,20
2018-04-07,09:00,1635,20,2,4,5,6,8,9,12,15,17,20
2018-04-07,10:00,1636,20,3,5,6,7,10,11,13,15,16,19
2018-04-07,11:00,1637,9,1,5,7,8,11,12,13,15,17,20
2018-04-07,12:00,1638,19,1,2,4,5,10,13,15,17,18,20
2018-04-07,13:00,1639,15,1,6,7,9,12,16,17,18,19,20
2018-04-07,14:00,1640,20,1,3,9,11,12,13,14,16,17,20
2018-04-07,15:00,1641,6,1,3,6,7,10,11,12,18,19,20
2018-04-07,16:00,1642,17,1,2,3,4,5,7,8,14,15,17
2018-04-07,17:00,1643,9,6,10,12,13,14,15,17,18,19,20
2018-04-07,18:00,1644,19,1,2,8,9,11,13,14,17,18,19
2018-04-07,19:00,1645,1,1,3,5,6,8,12,14,17,18,19
2018-04-07,20:00,1646,19,1,3,8,9,10,13,15,16,19,20
2018-04-07,21:00,1647,5,1,2,8,9,10,11,13,14,16,19
2018-04-07,22:00,1648,15,1,2,4,5,6,8,10,13,15,16
2018-04-07,23:00,1649,1,1,3,4,5,6,7,9,14,18,19
2018-04-08,07:00,1650,4,1,2,3,4,10,11,13,18,19,20
2018-04-08,08:00,1651,1,1,2,4,7,8,9,11,14,17,19
2018-04-08,09:00,1652,17,1,2,4,6,7,9,11,14,15,16
2018-04-08,10:00,1653,15,1,2,5,7,8,9,10,11,14,20
2018-04-08,11:00,1654,17,1,2,7,11,12,15,17,18,19,20
2018-04-08,12:00,1655,12,1,2,4,9,12,13,15,16,18,20
2018-04-08,13:00,1656,10,1,4,5,9,10,11,13,15,17,18
2018-04-08,14:00,1657,12,1,5,8,10,11,14,16,18,19,20
2018-04-08,15:00,1658,17,5,6,7,8,10,11,14,16,17,20
2018-04-08,16:00,1659,5,2,4,5,7,8,9,11,15,16,17
2018-04-08,17:00,1660,3,3,4,6,7,8,11,12,14,18,20
2018-04-08,18:00,1661,6,1,2,5,8,10,12,13,15,16,20
2018-04-08,19:00,1662,20,1,5,8,9,10,12,14,15,16,18
2018-04-08,20:00,1663,13,3,7,8,9,12,13,14,15,18,20
2018-04-08,21:00,1664,15,1,4,6,7,10,13,17,18,19,20
2018-04-08,22:00,1665,14,1,5,6,7,8,9,11,13,14,20
2018-04-08,23:00,1666,13,1,2,3,4,7,9,12,15,16,19
2018-04-09,07:00,1667,10,1,3,5,6,9,14,15,16,17,20
2018-04-09,08:00,1668,9,1,2,4,8,10,11,14,15,18,19
2018-04-09,09:00,1669,2,3,5,7,8,9,10,11,18,19,20
2018-04-09,10:00,1670,19,5,6,7,8,9,12,13,15,16,17
2018-04-09,11:00,1671,10,2,3,5,6,11,12,14,15,16,19
2018-04-09,12:00,1672,18,3,4,6,7,9,11,12,13,19,20
2018-04-09,13:00,1673,15,2,5,6,8,9,12,14,16,19,20
2018-04-09,14:00,1674,10,1,5,7,8,9,12,13,15,18,19
2018-04-09,15:00,1675,12,1,5,6,9,11,12,13,15,17,19
2018-04-09,16:00,1676,2,1,4,5,7,8,14,16,18,19,20
2018-04-09,17:00,1677,18,2,3,4,5,7,8,12,13,14,19
2018-04-09,18:00,1678,6,1,3,6,8,9,11,14,16,17,18
2018-04-09,19:00,1679,8,2,3,7,8,11,12,17,18,19,20
2018-04-09,20:00,1680,18,1,4,7,8,9,10,15,17,18,20
2018-04-09,21:00,1681,3,1,2,4,13,14,15,16,17,19,20
2018-04-09,22:00,1682,2,2,3,5,9,12,13,14,18,19,20
2018-04-09,23:00,1683,13,1,4,6,7,9,10,11,15,16,17
2018-04-10,07:00,1684,12,3,4,5,6,8,9,13,15,17,19
2018-04-10,08:00,1685,14,1,3,6,7,8,11,13,15,16,18
2018-04-10,09:00,1686,12,2,3,5,7,9,10,15,16,19,20
2018-04-10,10:00,1687,11,1,2,3,5,8,13,15,17,19,20
2018-04-10,11:00,1688,20,1,2,3,4,12,14,15,16,18,19
2018-04-10,12:00,1689,16,1,2,3,7,8,10,14,16,17,18
2018-04-10,13:00,1690,12,2,4,5,6,7,8,9,16,19,20
2018-04-10,14:00,1691,7,4,5,6,10,12,14,16,17,18,19
2018-04-10,15:00,1692,13,2,4,6,7,8,12,14,18,19,20
2018-04-10,16:00,1693,12,3,5,8,9,10,11,13,15,16,20
2018-04-10,17:00,1694,7,1,2,5,7,8,11,14,16,17,20
2018-04-10,18:00,1695,2,3,4,5,7,8,9,12,14,19,20
2018-04-10,19:00,1696,15,1,4,6,9,12,13,14,15,16,18
2018-04-10,20:00,1697,5,1,2,5,7,8,9,10,13,17,18
2018-04-10,21:00,1698,7,4,6,7,10,12,13,16,17,19,20
2018-04-10,22:00,1699,13,1,2,3,4,6,9,13,17,19,20
2018-04-10,23:00,1700,1,1,2,6,9,10,12,13,17,18,20
2018-04-11,07:00,1701,16,2,3,7,8,9,10,11,15,16,20
2018-04-11,08:00,1702,5,5,7,8,9,10,12,15,16,17,19
2018-04-11,09:00,1703,19,2,4,7,8,9,11,13,14,16,19
2018-04-11,10:00,1704,1,1,2,5,10,11,13,14,15,17,20
2018-04-11,11:00,1705,7,3,4,6,7,8,10,12,13,17,20
2018-04-11,12:00,1706,17,2,4,5,6,8,9,15,16,18,19
2018-04-11,13:00,1707,16,2,3,4,5,8,10,13,14,17,19
2018-04-11,14:00,1708,11,1,2,4,8,9,11,12,15,16,18
2018-04-11,15:00,1709,5,1,2,6,7,10,11,14,15,16,17
2018-04-11,16:00,1710,13,2,6,7,8,9,10,11,14,18,19
2018-04-11,17:00,1711,11,2,5,7,9,13,14,16,18,19,20
2018-04-11,18:00,1712,10,1,2,4,5,6,7,15,16,19,20
2018-04-11,19:00,1713,3,1,7,10,11,13,15,16,17,19,20
2018-04-11,20:00,1714,17,1,2,3,4,6,10,14,17,18,20
2018-04-11,21:00,1715,3,5,7,9,10,12,13,15,17,19,20
2018-04-11,22:00,1716,7,4,5,9,11,13,14,16,17,18,20
2018-04-11,23:00,1717,19,3,4,5,7,9,11,12,14,15,16
2018-04-12,07:00,1718,1,1,2,8,10,11,12,14,17,18,19
2018-04-12,08:00,1719,2,1,2,3,4,5,6,7,10,16,19
2018-04-12,09:00,1720,18,3,4,6,8,9,11,12,14,15,16
2018-04-12,10:00,1721,17,1,3,8,9,10,12,13,14,17,18
2018-04-12,11:00,1722,7,1,4,7,9,10,12,13,14,18,20
2018-04-12,12:00,1723,19,2,4,5,6,8,10,13,14,17,19
2018-04-12,13:00,1724,4,2,7,8,10,12,14,15,17,18,19
2018-04-12,14:00,1725,2,2,3,4,5,6,7,9,10,15,17
2018-04-12,15:00,1726,18,1,3,4,8,9,10,11,13,17,20
2018-04-12,16:00,1727,1,1,3,8,9,10,14,15,18,19,20
2018-04-12,17:00,1728,4,1,4,7,8,9,10,11,17,18,19
2018-04-12,18:00,1729,17,1,4,6,9,10,12,14,15,19,20
2018-04-12,19:00,1730,17,2,5,6,7,8,9,10,12,15,19
2018-04-12,20:00,1731,16,1,2,5,6,9,10,12,13,15,16
2018-04-12,21:00,1732,12,1,5,8,9,10,12,14,16,17,19
2018-04-12,22:00,1733,19,4,5,7,8,9,13,14,15,17,19
2018-04-12,23:00,1734,17,2,5,7,8,11,12,14,17,18,19
2018-04-13,07:00,1735,14,1,2,3,7,9,10,11,12,14,18
2018-04-13,08:00,1736,20,1,2,5,6,8,9,10,14,18,19
2018-04-13,09:00,1737,7,7,8,10,11,12,13,16,17,18,20
2018-04-13,10:00,1738,8,1,3,6,7,10,12,13,16,17,19
2018-04-13,11:00,1739,12,1,4,6,7,10,11,12,14,17,20
2018-04-13,12:00,1740,11,1,4,6,7,11,13,15,17,18,20
2018-04-13,13:00,1741,6,1,3,4,6,8,10,13,15,16,18
2018-04-13,14:00,1742,2,1,2,4,9,10,11,12,13,19,20
2018-04-13,15:00,1743,7,2,3,4,6,12,14,16,18,19,20
2018-04-13,16:00,1744,3,1,2,4,5,6,8,14,17,18,20
2018-04-13,17:00,1745,6,1,5,6,7,10,11,12,16,18,19
2018-04-13,18:00,1746,8,1,2,9,11,14,15,16,18,19,20
2018-04-13,19:00,1747,19,3,5,7,8,9,11,12,13,17,18
2018-04-13,20:00,1748,5,2,3,7,9,10,11,14,17,19,20
2018-04-13,21:00,1749,6,2,3,5,7,11,12,15,16,18,19
2018-04-13,22:00,1750,5,2,3,5,8,15,16,17,18,19,20
2018-04-13,23:00,1751,4,1,3,5,9,10,11,14,15,17,20
2018-04-14,07:00,1752,5,1,3,5,6,7,8,9,15,18,19
2018-04-14,08:00,1753,11,3,4,5,6,12,13,14,18,19,20
2018-04-14,09:00,1754,18,1,5,9,11,13,14,17,18,19,20
2018-04-14,10:00,1755,13,3,4,5,7,9,11,13,16,18,20
2018-04-14,11:00,1756,3,3,7,9,11,13,14,15,18,19,20
2018-04-14,12:00,1757,6,2,5,6,7,9,11,16,17,18,20
2018-04-14,13:00,1758,10,2,3,4,5,9,14,15,16,18,19
2018-04-14,14:00,1759,17,1,4,6,10,11,12,13,14,18,20
2018-04-14,15:00,1760,2,3,7,8,9,10,12,15,17,19,20
2018-04-14,16:00,1761,16,4,5,7,8,12,14,16,18,19,20
2018-04-14,17:00,1762,6,2,6,7,8,9,15,16,17,19,20
2018-04-14,18:00,1763,18,4,9,12,13,14,15,16,17,19,20
2018-04-14,19:00,1764,12,1,7,8,10,11,16,17,18,19,20
2018-04-14,20:00,1765,1,1,3,4,5,9,10,12,14,16,20
2018-04-14,21:00,1766,3,1,2,4,8,9,10,11,15,19,20
2018-04-14,22:00,1767,3,5,6,8,9,10,11,12,14,16,18
2018-04-14,23:00,1768,11,1,2,3,6,8,12,14,15,16,20
2018-04-15,07:00,1769,5,2,5,6,10,11,12,14,15,17,18
2018-04-15,08:00,1770,18,1,2,3,5,7,8,13,14,16,20
2018-04-15,09:00,1771,1,2,3,4,5,6,7,8,12,14,19
2018-04-15,10:00,1772,5,1,2,4,5,7,9,12,13,16,20
2018-04-15,11:00,1773,11,4,5,7,9,12,14,15,16,18,19
2018-04-15,12:00,1774,17,3,4,7,8,9,10,12,14,15,16
2018-04-15,13:00,1775,14,4,5,7,8,9,10,11,15,16,20
2018-04-15,14:00,1776,17,2,7,9,10,11,12,13,16,17,18
2018-04-15,15:00,1777,3,1,2,3,6,7,8,9,11,12,13
2018-04-15,16:00,1778,9,2,3,4,9,11,15,16,17,18,20
2018-04-15,17:00,1779,10,1,4,9,10,12,13,15,17,18,20
2018-04-15,18:00,1780,5,1,2,4,7,8,9,11,14,15,20
2018-04-15,19:00,1781,5,1,2,3,5,6,8,12,13,19,20
2018-04-15,20:00,1782,16,1,4,10,11,13,15,17,18,19,20
2018-04-15,21:00,1783,8,3,8,10,13,14,15,16,18,19,20
2018-04-15,22:00,1784,1,2,4,5,9,11,12,14,15,16,20
2018-04-15,23:00,1785,1,2,4,9,12,13,14,15,16,17,20
2018-04-16,07:00,1786,7,2,4,6,7,8,9,10,13,14,17
2018-04-16,08:00,1787,19,1,3,5,8,10,12,14,15,19,20
2018-04-16,09:00,1788,12,1,2,6,8,10,15,16,18,19,20
2018-04-16,10:00,1789,8,1,5,7,8,9,12,13,18,19,20
2018-04-16,11:00,1790,8,1,2,4,5,6,7,8,11,12,18
2018-04-16,12:00,1791,5,3,4,5,8,9,10,12,13,15,16
2018-04-16,13:00,1792,12,1,3,4,6,7,8,10,16,18,20
2018-04-16,14:00,1793,16,2,3,6,8,11,12,15,17,19,20
2018-04-16,15:00,1794,13,2,3,5,8,10,11,14,16,17,18
2018-04-16,16:00,1795,6,3,5,6,8,9,13,16,18,19,20
2018-04-16,17:00,1796,5,1,2,4,5,7,11,14,16,17,18
2018-04-16,18:00,1797,6,1,3,6,9,11,12,13,14,17,19
2018-04-16,19:00,1798,14,1,4,7,9,10,12,13,14,16,19
2018-04-16,20:00,1799,11,2,3,4,7,8,9,10,13,17,18
2018-04-16,21:00,1800,5,4,5,9,12,13,14,15,18,19,20
2018-04-16,22:00,1801,10,2,5,8,10,12,13,15,18,19,20
2018-04-16,23:00,1802,16,1,2,7,9,10,11,15,16,18,19
2018-04-17,07:00,1803,4,1,2,4,10,11,12,15,16,17,19
2018-04-17,08:00,1804,2,2,3,4,7,10,11,15,16,17,18
2018-04-17,09:00,1805,13,4,5,6,8,11,12,13,15,16,18
2018-04-17,10:00,1806,10,2,3,4,5,8,10,12,14,17,18
2018-04-17,11:00,1807,16,1,2,3,6,7,9,10,12,14,17
2018-04-17,12:00,1808,3,1,2,6,9,11,12,14,16,18,19
2018-04-17,13:00,1809,4,1,4,5,6,7,14,15,16,19,20
2018-04-17,14:00,1810,8,1,2,3,7,9,11,13,14,15,18
2018-04-17,15:00,1811,4,2,3,5,8,9,10,12,15,17,18
2018-04-17,16:00,1812,3,2,6,7,8,9,11,15,17,18,19
2018-04-17,17:00,1813,7,4,5,6,7,8,9,13,14,16,18
2018-04-17,18:00,1814,20,1,3,6,10,12,14,16,18,19,20
2018-04-17,19:00,1815,13,1,4,7,10,14,15,16,18,19,20
2018-04-17,20:00,1816,3,1,7,8,10,13,15,17,18,19,20
2018-04-17,21:00,1817,13,2,3,5,7,8,9,13,14,16,18
2018-04-17,22:00,1818,3,3,4,6,8,9,11,12,13,18,19
2018-04-17,23:00,1819,14,2,6,10,12,14,15,16,17,18,19
2018-04-18,07:00,1820,2,2,3,4,5,7,9,13,14,15,17
2018-04-18,08:00,1821,17,2,4,5,7,8,9,11,13,18,20
2018-04-18,09:00,1822,17,5,6,8,10,13,14,16,17,18,19
2018-04-18,10:00,1823,17,1,3,5,6,7,8,10,16,17,18
2018-04-18,11:00,1824,14,4,5,7,8,9,11,13,14,19,20
2018-04-18,12:00,1825,19,4,6,8,9,13,14,16,17,18,19
2018-04-18,13:00,1826,8,3,4,5,6,9,11,12,14,17,18
2018-04-18,14:00,1827,13,2,4,6,7,9,10,12,13,18,20
2018-04-18,15:00,1828,7,1,4,5,7,10,11,12,15,16,17
2018-04-18,16:00,1829,11,3,6,9,10,12,16,17,18,19,20
2018-04-18,17:00,1830,7,3,5,6,8,10,13,15,17,19,20
2018-04-18,18:00,1831,1,2,5,6,7,9,12,14,15,16,17
2018-04-18,19:00,1832,6,1,2,4,5,9,10,13,14,15,19
2018-04-18,20:00,1833,18,1,6,9,11,13,14,16,17,19,20
2018-04-18,21:00,1834,16,2,4,7,9,10,11,16,17,18,19
2018-04-18,22:00,1835,14,2,3,4,6,10,11,12,14,19,20
2018-04-18,23:00,1836,3,4,5,7,9,10,15,16,17,18,20
2018-04-19,07:00,1837,10,2,5,6,7,9,12,13,14,16,20
2018-04-19,08:00,1838,12,1,2,3,5,7,12,15,16,17,20
2018-04-19,09:00,1839,16,2,6,7,8,11,13,15,17,18,19
2018-04-19,10:00,1840,7,1,2,3,4,6,8,13,15,18,19
2018-04-19,11:00,1841,13,1,2,3,5,8,9,10,11,15,17
2018-04-19,12:00,1842,9,1,2,3,4,5,7,14,16,17,19
2018-04-19,13:00,1843,13,1,3,4,5,8,12,16,17,19,20
2018-04-19,14:00,1844,1,2,3,4,6,8,9,12,14,19,20
2018-04-19,15:00,1845,2,3,4,5,7,8,9,12,14,15,19
2018-04-19,16:00,1846,4,1,2,6,7,9,11,13,14,16,17
2018-04-19,17:00,1847,10,3,4,6,7,9,11,12,16,18,19
2018-04-19,18:00,1848,13,1,3,4,5,8,10,11,15,19,20
2018-04-19,19:00,1849,15,2,6,11,12,13,14,16,17,18,20
2018-04-19,20:00,1850,20,2,7,9,10,11,13,15,16,17,19
2018-04-19,21:00,1851,11,3,4,5,7,8,10,11,12,13,15
2018-04-19,22:00,1852,16,1,5,6,7,10,14,15,16,17,20
2018-04-19,23:00,1853,9,2,3,4,6,9,11,12,14,15,20
2018-04-20,07:00,1854,2,1,2,7,8,9,10,11,12,14,19
2018-04-20,08:00,1855,1,1,2,4,6,7,8,10,13,17,19
2018-04-20,09:00,1856,1,1,3,5,6,7,10,11,12,14,19
2018-04-20,10:00,1857,4,1,2,3,6,8,10,12,14,17,19
2018-04-20,11:00,1858,2,2,3,5,6,8,11,12,13,16,19
2018-04-20,12:00,1859,18,4,8,10,11,12,13,14,15,16,19
2018-04-20,13:00,1860,12,1,2,4,5,6,11,12,14,15,16
2018-04-20,14:00,1861,11,1,2,3,4,12,15,16,17,18,19
2018-04-20,15:00,1862,8,2,3,7,9,10,11,13,16,17,19
2018-04-20,16:00,1863,12,3,4,5,6,10,12,14,16,19,20
2018-04-20,17:00,1864,6,2,4,8,9,14,15,16,18,19,20
2018-04-20,18:00,1865,6,3,5,7,9,11,12,13,17,19,20
2018-04-20,19:00,1866,10,8,9,10,11,12,13,14,15,16,17
2018-04-20,20:00,1867,17,1,2,3,6,7,9,12,15,18,20
2018-04-20,21:00,1868,11,4,5,7,9,11,13,15,16,17,19
2018-04-20,22:00,1869,2,1,2,5,10,11,12,13,17,18,20
2018-04-20,23:00,1870,10,4,6,8,9,14,15,17,18,19,20
2018-04-21,07:00,1871,13,1,2,3,6,7,11,13,17,18,20
2018-04-21,08:00,1872,17,3,4,6,7,10,12,13,16,17,20
2018-04-21,09:00,1873,17,4,5,7,9,10,13,14,16,18,19
2018-04-21,10:00,1874,20,2,3,5,6,7,8,12,13,14,16
2018-04-21,11:00,1875,3,3,4,6,9,11,16,17,18,19,20
2018-04-21,12:00,1876,5,2,5,7,8,9,11,13,14,15,20
2018-04-21,13:00,1877,7,1,2,4,6,7,15,16,17,18,19
2018-04-21,14:00,1878,20,2,3,9,10,11,13,16,17,18,19
2018-04-21,15:00,1879,10,1,2,4,6,7,10,11,12,17,20
2018-04-21,16:00,1880,9,2,3,10,11,12,13,14,15,17,19
2018-04-21,17:00,1881,20,1,3,4,5,7,10,15,16,17,18
2018-04-21,18:00,1882,14,2,4,5,6,10,11,12,13,15,20
2018-04-21,19:00,1883,12,1,2,4,6,8,9,14,15,19,20
2018-04-21,20:00,1884,5,3,5,6,7,8,10,13,15,17,20
2018-04-21,21:00,1885,11,2,3,4,7,9,10,11,13,17,18
2018-04-21,22:00,1886,8,1,3,5,6,10,14,16,17,18,19
2018-04-21,23:00,1887,3,5,6,7,8,10,11,12,15,17,20
2018-04-22,07:00,1888,16,1,4,6,7,8,12,14,15,16,18
2018-04-22,08:00,1889,5,2,3,4,11,13,14,15,17,19,20
2018-04-22,09:00,1890,11,2,3,5,9,10,11,12,14,15,17
2018-04-22,10:00,1891,13,2,3,4,5,10,11,15,17,19,20
2018-04-22,11:00,1892,9,1,2,3,5,6,9,15,16,19,20
2018-04-22,12:00,1893,16,1,2,4,6,7,11,13,14,16,19
2018-04-22,13:00,1894,1,4,6,10,11,13,14,16,17,19,20
2018-04-22,14:00,1895,7,1,2,3,4,8,9,10,11,12,17
2018-04-22,15:00,1896,17,2,3,5,7,8,11,12,14,16,20
2018-04-22,16:00,1897,11,3,4,6,10,11,13,14,15,18,20
2018-04-22,17:00,1898,2,3,6,9,14,15,16,17,18,19,20
2018-04-22,18:00,1899,6,1,3,4,7,12,13,14,15,16,19
2018-04-22,19:00,1900,10,1,3,7,8,9,11,13,14,17,18
2018-04-22,20:00,1901,12,1,2,4,6,14,15,16,17,18,20
2018-04-22,21:00,1902,20,3,5,7,8,10,16,17,18,19,20
2018-04-22,22:00,1903,20,1,2,4,7,11,13,15,18,19,20
2018-04-22,23:00,1904,6,4,5,11,13,14,16,17,18,19,20
2018-04-23,07:00,1905,20,1,5,9,12,13,15,16,18,19,20
2018-04-23,08:00,1906,20,2,5,6,10,12,14,15,16,18,20
2018-04-23,09:00,1907,17,3,8,9,11,13,14,16,17,19,20
2018-04-23,10:00,1908,18,1,2,3,7,8,12,13,15,16,18
2018-04-23,11:00,1909,20,1,5,8,9,12,13,16,17,19,20
2018-04-23,12:00,1910,4,3,5,7,8,9,11,12,15,17,20
2018-04-23,13:00,1911,17,1,2,7,9,10,12,13,16,17,20
2018-04-23,14:00,1912,1,2,3,4,9,12,13,16,18,19,20
2018-04-23,15:00,1913,9,2,3,5,8,9,11,12,14,17,19
2018-04-23,16:00,1914,5,1,2,3,5,8,11,13,18,19,20
2018-04-23,17:00,1915,12,1,3,4,8,10,12,13,14,15,20
2018-04-23,18:00,1916,1,2,3,5,6,8,10,12,13,18,20
2018-04-23,19:00,1917,14,3,4,6,8,10,12,14,16,17,20
2018-04-23,20:00,1918,16,2,4,6,8,10,12,14,15,17,19
2018-04-23,21:00,1919,13,4,5,9,10,11,12,13,14,16,19
2018-04-23,22:00,1920,19,4,5,6,8,10,11,14,15,17,19
2018-04-23,23:00,1921,13,5,6,9,12,13,14,15,16,17,19
2018-04-24,07:00,1922,19,1,4,6,9,11,13,14,17,19,20
2018-04-24,08:00,1923,10,2,3,5,10,11,13,15,16,17,18
2018-04-24,09:00,1924,8,2,3,4,7,9,11,14,15,16,17
2018-04-24,10:00,1925,7,2,4,6,7,10,11,13,16,17,19
2018-04-24,11:00,1926,10,2,3,4,5,6,11,12,16,17,18
2018-04-24,12:00,1927,7,1,7,8,9,10,13,15,16,18,20
2018-04-24,13:00,1928,8,2,7,8,10,11,12,15,16,19,20
2018-04-24,14:00,1929,6,3,7,8,9,10,11,12,13,14,18
2018-04-24,15:00,1930,20,3,6,7,9,10,11,12,15,17,20
2018-04-24,16:00,1931,4,3,6,11,12,13,14,15,18,19,20
2018-04-24,17:00,1932,4,4,6,7,8,9,11,15,16,17,18
2018-04-24,18:00,1933,5,1,3,5,6,9,10,11,12,17,19
2018-04-24,19:00,1934,10,3,5,7,8,9,11,13,16,17,19
2018-04-24,20:00,1935,4,2,5,9,10,11,12,16,17,19,20
2018-04-24,21:00,1936,9,4,7,10,11,13,14,15,17,18,20
2018-04-24,22:00,1937,17,2,4,5,8,9,11,14,15,16,18
2018-04-24,23:00,1938,5,4,5,7,8,10,13,14,16,18,19
2018-04-25,07:00,1939,18,1,3,4,6,7,12,14,15,17,19
2018-04-25,08:00,1940,1,1,3,4,5,8,9,11,12,14,16
2018-04-25,09:00,1941,16,1,3,4,5,8,9,12,15,17,20
2018-04-25,10:00,1942,8,1,4,7,8,10,11,13,16,18,19
2018-04-25,11:00,1943,12,4,8,9,10,13,14,16,18,19,20
2018-04-25,12:00,1944,19,1,4,7,8,9,13,16,17,18,20
2018-04-25,13:00,1945,9,1,2,4,7,10,12,14,16,19,20
2018-04-25,14:00,1946,11,3,4,5,6,9,10,12,15,16,19
2018-04-25,15:00,1947,11,3,5,10,11,13,14,15,17,18,19
2018-04-25,16:00,1948,3,1,3,5,6,8,10,12,13,16,20
2018-04-25,17:00,1949,8,1,4,6,8,11,12,13,14,18,20
2018-04-25,18:00,1950,11,1,2,3,4,11,12,14,16,17,19
2018-04-25,19:00,1951,4,1,4,6,7,8,9,10,11,16,19
2018-04-25,20:00,1952,4,1,2,3,6,7,8,14,16,17,19
2018-04-25,21:00,1953,15,1,2,4,5,8,9,10,15,17,19
2018-04-25,22:00,1954,17,2,3,5,7,9,12,14,15,17,18
2018-04-25,23:00,1955,14,1,2,5,7,10,11,13,14,18,20
2018-04-26,07:00,1956,12,4,6,10,11,12,13,14,15,16,19
2018-04-26,08:00,1957,11,1,3,4,6,7,11,14,18,19,20
2018-04-26,09:00,1958,1,1,6,8,10,12,14,15,17,18,20
2018-04-26,10:00,1959,17,1,2,3,4,5,10,12,14,15,19
2018-04-26,11:00,1960,7,1,3,6,9,12,13,16,17,19,20
2018-04-26,12:00,1961,9,3,5,6,10,11,12,13,14,19,20
2018-04-26,13:00,1962,12,3,4,5,6,7,8,12,16,17,19
2018-04-26,14:00,1963,13,1,3,4,7,8,11,13,14,15,17
2018-04-26,15:00,1964,3,1,2,3,5,6,9,13,16,19,20
2018-04-26,16:00,1965,14,1,2,3,4,6,7,8,9,17,20
2018-04-26,17:00,1966,14,2,3,5,7,9,13,14,16,18,19
2018-04-26,18:00,1967,10,4,6,7,9,10,11,13,14,15,16
2018-04-26,19:00,1968,17,1,2,3,6,7,8,10,14,15,16
2018-04-26,20:00,1969,3,1,2,3,6,7,11,12,14,18,20
2018-04-26,21:00,1970,12,1,6,10,11,13,14,15,16,17,20
2018-04-26,22:00,1971,14,2,3,4,6,7,10,11,12,14,19
2018-04-26,23:00,1972,10,2,3,4,5,6,10,13,16,18,20
2018-04-27,07:00,1973,16,3,4,5,7,9,14,16,17,18,19
2018-04-27,08:00,1974,20,4,6,7,8,9,10,11,15,16,19
2018-04-27,09:00,1975,2,2,4,5,6,7,8,12,15,16,19
2018-04-27,10:00,1976,13,6,7,10,11,12,13,15,17,19,20
2018-04-27,11:00,1977,6,1,3,7,8,10,12,14,15,18,20
2018-04-27,12:00,1978,2,3,4,5,6,9,11,17,18,19,20
2018-04-27,13:00,1979,15,1,2,5,8,9,10,13,15,19,20
2018-04-27,14:00,1980,12,2,3,4,5,6,7,9,10,14,20
2018-04-27,15:00,1981,9,1,3,4,6,7,8,10,12,15,19
2018-04-27,16:00,1982,2,2,4,6,7,10,11,12,13,16,20
2018-04-27,17:00,1983,1,3,4,6,9,10,14,15,16,19,20
2018-04-27,18:00,1984,7,1,2,6,8,10,11,15,16,18,20
2018-04-27,19:00,1985,19,1,5,6,8,9,10,16,17,18,20
2018-04-27,20:00,1986,14,1,2,4,5,7,10,12,13,14,18
2018-04-27,21:00,1987,19,2,3,5,6,11,12,17,18,19,20
2018-04-27,22:00,1988,12,3,5,9,10,11,12,16,17,18,19
2018-04-27,23:00,1989,20,1,2,4,11,13,15,16,18,19,20
2018-04-28,07:00,1990,12,1,2,3,5,8,10,11,15,16,20
2018-04-28,08:00,1991,14,4,5,6,7,9,14,15,16,19,20
2018-04-28,09:00,1992,17,1,2,4,8,9,12,15,17,18,20
2018-04-28,10:00,1993,3,3,4,6,8,10,11,14,16,17,18
2018-04-28,11:00,1994,17,2,3,5,7,8,9,10,11,16,20
2018-04-28,12:00,1995,3,1,3,4,9,10,13,15,17,18,20
2018-04-28,13:00,1996,13,1,3,4,6,7,8,9,14,15,19
2018-04-28,14:00,1997,19,3,5,7,8,9,10,12,13,19,20
2018-04-28,15:00,1998,20,3,4,6,7,10,11,15,16,17,19
2018-04-28,16:00,1999,13,4,10,11,13,14,15,16,17,18,19
2018-04-28,17:00,2000,8,2,5,7,9,10,12,13,15,16,19
2018-04-28,18:00,2001,14,5,9,10,11,14,15,16,18,19,20
2018-04-28,19:00,2002,9,1,3,6,7,12,14,16,18,19,20
2018-04-28,20:00,2003,2,4,8,9,11,12,15,17,18,19,20
2018-04-28,21:00,2004,6,3,5,6,7,12,13,14,16,18,19
2018-04-28,22:00,2005,14,1,2,5,7,9,10,15,16,19,20
2018-04-28,23:00,2006,3,3,4,5,7,11,12,14,16,17,18
2018-04-29,07:00,2007,18,1,2,9,11,12,14,15,17,18,19
2018-04-29,08:00,2008,7,1,2,3,4,7,10,12,17,19,20
2018-04-29,09:00,2009,7,2,4,5,6,9,11,13,14,15,19
2018-04-29,10:00,2010,7,3,4,5,6,7,10,11,12,13,19
2018-04-29,11:00,2011,11,1,2,3,5,7,13,16,17,19,20
2018-04-29,12:00,2012,3,1,4,5,6,7,8,9,13,14,19
2018-04-29,13:00,2013,4,3,5,6,9,11,13,15,16,19,20
2018-04-29,14:00,2014,11,1,3,4,5,11,12,13,15,18,20
2018-04-29,15:00,2015,18,2,5,7,8,11,14,16,17,18,20
2018-04-29,16:00,2016,14,4,8,9,10,11,12,13,18,19,20
2018-04-29,17:00,2017,14,2,4,5,6,9,10,11,12,13,20
2018-04-29,18:00,2018,11,1,2,3,6,7,8,9,14,18,20
2018-04-29,19:00,2019,7,1,2,3,5,7,8,9,12,13,20
2018-04-29,20:00,2020,17,1,2,3,4,7,10,12,14,15,20
2018-04-29,21:00,2021,1,2,7,8,10,11,12,13,15,18,19
2018-04-29,22:00,2022,6,4,5,6,10,11,13,14,15,17,20
2018-04-29,23:00,2023,1,2,3,7,9,10,11,13,14,16,17
2018-04-30,07:00,2024,2,2,7,8,9,10,11,17,18,19,20
2018-04-30,08:00,2025,19,4,6,7,10,12,13,14,16,19,20
2018-04-30,09:00,2026,1,1,3,7,11,12,13,15,18,19,20
2018-04-30,10:00,2027,7,4,5,6,7,8,12,14,15,18,19
2018-04-30,11:00,2028,5,2,5,7,11,13,15,16,17,18,20
2018-04-30,12:00,2029,18,1,4,8,9,10,14,15,16,17,20
2018-04-30,13:00,2030,15,2,4,6,12,14,15,16,17,18,19
2018-04-30,14:00,2031,1,2,5,6,9,11,13,15,17,18,20
2018-04-30,15:00,2032,18,1,2,5,6,7,13,16,18,19,20
2018-04-30,16:00,2033,17,2,3,7,8,9,14,15,18,19,20
2018-04-30,17:00,2034,9,1,2,3,4,8,10,12,13,14,20
2018-04-30,18:00,2035,13,2,6,8,9,11,12,14,16,18,19
2018-04-30,19:00,2036,19,4,10,12,13,14,15,16,17,19,20
2018-04-30,20:00,2037,8,2,4,5,6,7,8,15,16,17,20
2018-04-30,21:00,2038,8,3,6,7,8,9,12,13,17,19,20
2018-04-30,22:00,2039,12,3,4,5,6,10,11,12,14,18,19
2018-04-30,23:00,2040,19,2,3,4,5,9,10,14,16,17,19
2018-05-01,07:00,2041,18,3,5,6,7,8,9,12,16,17,19
2018-05-01,08:00,2042,2,3,4,5,6,8,9,10,15,19,20
2018-05-01,09:00,2043,16,1,2,6,10,11,12,16,17,19,20
2018-05-01,10:00,2044,14,1,4,5,6,7,10,11,13,17,20
2018-05-01,11:00,2045,19,1,7,8,10,12,13,15,16,18,20
2018-05-01,12:00,2046,9,2,4,5,8,10,11,16,17,18,20
2018-05-01,13:00,2047,9,1,5,8,10,11,14,15,17,18,19
2018-05-01,14:00,2048,5,2,4,5,9,10,12,14,17,18,20
2018-05-01,15:00,2049,6,7,8,9,10,11,13,15,17,18,20
2018-05-01,16:00,2050,6,1,2,7,8,9,10,12,16,18,20
2018-05-01,17:00,2051,19,1,3,4,6,8,12,16,18,19,20
2018-05-01,18:00,2052,17,1,3,5,7,11,12,13,14,15,18
2018-05-01,19:00,2053,14,3,4,8,9,11,12,14,15,16,17
2018-05-01,20:00,2054,17,1,2,3,5,6,8,10,11,16,19
2018-05-01,21:00,2055,16,1,3,4,5,8,12,13,14,18,19
2018-05-01,22:00,2056,18,1,2,3,6,11,13,17,18,19,20
2018-05-01,23:00,2057,19,1,2,9,11,12,13,14,15,19,20
2018-05-02,07:00,2058,6,1,3,4,5,6,7,9,10,13,14
2018-05-02,08:00,2059,6,1,2,4,7,8,12,13,16,19,20
2018-05-02,09:00,2060,8,1,3,6,8,9,13,14,15,16,20
2018-05-02,10:00,2061,17,3,4,5,10,11,12,15,16,17,19
2018-05-02,11:00,2062,3,1,2,5,6,7,8,11,17,18,19
2018-05-02,12:00,2063,1,2,3,4,5,6,7,14,15,16,19
2018-05-02,13:00,2064,11,3,5,6,7,10,13,14,15,17,19
2018-05-02,14:00,2065,1,1,6,7,10,11,12,14,15,18,20
2018-05-02,15:00,2066,5,1,2,4,5,7,10,11,13,16,20
2018-05-02,16:00,2067,17,2,3,4,7,8,10,11,12,13,15
2018-05-02,17:00,2068,18,3,5,6,8,9,12,14,17,18,19
2018-05-02,18:00,2069,7,1,4,5,6,11,14,15,17,18,20
2018-05-02,19:00,2070,11,1,2,3,4,6,11,13,14,15,17
2018-05-02,20:00,2071,12,2,3,6,9,10,13,15,16,18,20
2018-05-02,21:00,2072,4,1,3,5,7,10,13,14,16,18,20
2018-05-02,22:00,2073,18,1,3,4,6,7,11,12,13,19,20
2018-05-02,23:00,2074,16,2,3,5,6,12,13,14,15,17,20
2018-05-03,07:00,2075,18,1,3,5,9,10,11,14,16,18,19
2018-05-03,08:00,2076,16,1,3,7,9,10,11,13,14,16,20
2018-05-03,09:00,2077,15,2,3,4,6,7,9,10,13,14,17
2018-05-03,10:00,2078,5,2,3,6,7,8,11,13,14,16,19
2018-05-03,11:00,2079,4,3,5,6,10,11,13,14,15,16,20
2018-05-03,12:00,2080,17,3,5,8,9,11,12,14,15,16,19
2018-05-03,13:00,2081,13,3,5,7,10,12,13,16,17,18,19
2018-05-03,14:00,2082,18,4,5,7,11,12,15,16,17,19,20
2018-05-03,15:00,2083,8,1,2,3,4,9,10,12,14,16,17
2018-05-03,16:00,2084,20,1,4,5,6,10,11,13,14,15,19
2018-05-03,17:00,2085,2,1,2,5,6,9,11,12,15,18,19
2018-05-03,18:00,2086,11,1,2,3,8,10,11,14,15,16,18
2018-05-03,19:00,2087,10,8,9,10,12,14,15,16,17,18,20
2018-05-03,20:00,2088,4,1,2,5,6,8,9,10,16,19,20
2018-05-03,21:00,2089,20,1,3,4,5,7,11,12,13,14,20
2018-05-03,22:00,2090,19,5,7,8,9,10,11,14,15,18,19
2018-05-03,23:00,2091,7,3,4,5,6,7,9,12,14,16,17
2018-05-04,07:00,2092,17,4,5,6,9,11,13,14,17,18,20
2018-05-04,08:00,2093,8,2,5,10,11,13,14,15,16,18,20
2018-05-04,09:00,2094,17,1,6,7,9,11,14,15,16,18,19
2018-05-04,10:00,2095,2,1,3,6,7,8,9,11,18,19,20
2018-05-04,11:00,2096,8,2,3,4,7,8,9,10,13,17,19
2018-05-04,12:00,2097,19,1,3,4,10,12,13,14,15,19,20
2018-05-04,13:00,2098,3,1,3,5,6,7,8,10,12,15,16
2018-05-04,14:00,2099,15,1,7,8,9,10,12,14,15,16,19
2018-05-04,15:00,2100,14,1,3,4,5,7,9,15,17,19,20
2018-05-04,16:00,2101,17,1,5,6,8,9,10,12,15,16,20
2018-05-04,17:00,2102,11,3,8,9,10,11,13,14,15,16,17
2018-05-04,18:00,2103,17,1,4,5,6,8,11,16,17,19,20
2018-05-04,19:00,2104,13,2,3,5,6,8,9,10,13,14,16
2018-05-04,20:00,2105,16,1,3,4,5,8,9,12,13,17,19
2018-05-04,21:00,2106,1,2,4,6,8,10,11,12,15,16,19
2018-05-04,22:00,2107,6,1,2,7,10,11,12,14,15,16,20
2018-05-04,23:00,2108,17,2,4,5,6,7,9,12,13,18,19
2018-05-05,07:00,2109,19,3,4,5,7,8,12,13,14,16,20
2018-05-05,08:00,2110,20,3,6,7,10,13,14,15,17,19,20
2018-05-05,09:00,2111,11,1,3,5,6,7,9,11,12,16,17
2018-05-05,10:00,2112,18,2,6,7,10,11,12,14,16,18,19
2018-05-05,11:00,2113,14,1,4,6,8,15,16,17,18,19,20
2018-05-05,12:00,2114,2,1,2,4,5,7,10,11,14,15,16
2018-05-05,13:00,2115,8,1,3,7,11,12,13,14,15,16,17
2018-05-05,14:00,2116,14,1,2,3,4,7,10,14,15,17,18
2018-05-05,15:00,2117,9,1,2,3,4,5,7,9,10,14,18
2018-05-05,16:00,2118,9,4,7,8,10,11,13,14,15,16,19
2018-05-05,17:00,2119,1,4,6,7,10,11,12,15,17,18,19
2018-05-05,18:00,2120,6,2,3,10,13,14,15,16,17,19,20
2018-05-05,19:00,2121,12,4,5,7,8,9,10,11,13,14,15
2018-05-05,20:00,2122,12,3,4,8,9,10,12,13,16,17,19
2018-05-05,21:00,2123,15,2,3,4,6,7,8,10,14,15,18
2018-05-05,22:00,2124,19,1,3,6,7,8,11,16,18,19,20
2018-05-05,23:00,2125,15,1,3,6,8,9,11,12,15,16,18
2018-05-06,07:00,2126,2,3,5,6,7,11,12,14,16,18,20
2018-05-06,08:00,2127,3,1,2,7,8,9,13,16,17,18,19
2018-05-06,09:00,2128,7,5,6,7,9,10,11,12,17,19,20
2018-05-06,10:00,2129,11,1,2,7,8,9,11,15,16,17,18
2018-05-06,11:00,2130,20,3,4,5,6,7,12,15,16,18,19
2018-05-06,12:00,2131,11,2,3,7,11,12,13,14,17,18,20
2018-05-06,13:00,2132,5,2,5,8,9,11,13,14,15,17,18
2018-05-06,14:00,2133,20,2,4,5,6,7,13,14,16,19,20
2018-05-06,15:00,2134,20,1,5,6,7,9,11,12,14,17,20
2018-05-06,16:00,2135,4,1,3,5,6,8,9,12,14,15,18
2018-05-06,17:00,2136,16,2,5,7,8,9,11,12,14,18,20
2018-05-06,18:00,2137,1,1,2,4,5,7,9,11,13,14,19
2018-05-06,19:00,2138,12,1,2,5,8,10,13,14,15,17,19
2018-05-06,20:00,2139,7,1,3,4,6,8,11,12,14,15,20
2018-05-06,21:00,2140,18,1,7,8,10,11,12,13,14,17,20
2018-05-06,22:00,2141,11,4,5,8,9,10,11,12,18,19,20
2018-05-06,23:00,2142,6,1,2,4,8,11,12,13,15,16,19
2018-05-07,07:00,2143,15,1,3,5,6,9,10,13,14,18,20
2018-05-07,08:00,2144,20,1,2,4,5,8,9,11,13,15,17
2018-05-07,09:00,2145,11,2,3,5,6,7,8,10,11,19,20
2018-05-07,10:00,2146,8,2,4,5,10,11,16,17,18,19,20
2018-05-07,11:00,2147,18,1,3,5,7,8,10,12,14,18,20
2018-05-07,12:00,2148,16,1,2,5,6,7,9,11,12,15,20
2018-05-07,13:00,2149,20,1,2,5,8,11,13,17,18,19,20
2018-05-07,14:00,2150,4,1,2,3,7,8,14,15,16,17,19
2018-05-07,15:00,2151,7,4,7,8,10,12,13,16,17,18,19
2018-05-07,16:00,2152,12,1,3,5,9,10,12,15,16,18,20
2018-05-07,17:00,2153,11,3,5,6,7,8,11,15,16,17,19
2018-05-07,18:00,2154,13,2,3,4,7,12,13,14,15,16,19
2018-05-07,19:00,2155,13,1,2,3,8,11,14,15,17,18,19
2018-05-07,20:00,2156,13,3,4,5,7,9,11,12,14,18,20
2018-05-07,21:00,2157,12,1,2,3,8,9,11,15,16,17,18
2018-05-07,22:00,2158,1,3,5,7,8,9,10,12,13,16,18
2018-05-07,23:00,2159,20,2,4,6,8,9,10,11,13,18,20
2018-05-08,07:00,2160,17,1,6,7,8,11,16,17,18,19,20
2018-05-08,08:00,2161,7,2,3,5,6,7,9,13,15,16,19
2018-05-08,09:00,2162,16,2,3,4,6,7,10,11,12,14,17
2018-05-08,10:00,2163,3,2,7,10,12,13,14,15,16,19,20
2018-05-08,11:00,2164,17,1,2,4,7,8,9,12,15,17,20
2018-05-08,12:00,2165,1,1,3,4,5,11,12,13,15,16,19
2018-05-08,13:00,2166,2,2,4,6,9,10,12,14,16,18,19
2018-05-08,14:00,2167,16,3,4,5,6,7,8,10,11,12,16
2018-05-08,15:00,2168,7,1,3,6,9,10,11,12,14,15,17
2018-05-08,16:00,2169,8,3,4,5,8,10,13,15,17,18,20
2018-05-08,17:00,2170,9,1,5,7,10,11,12,14,17,18,20
2018-05-08,18:00,2171,18,2,3,4,6,7,11,14,16,17,18
2018-05-08,19:00,2172,1,1,3,5,6,8,11,12,13,19,20
2018-05-08,20:00,2173,3,1,5,6,7,9,10,12,13,15,16
2018-05-08,21:00,2174,1,2,3,5,6,9,10,13,14,16,19
2018-05-08,22:00,2175,2,2,4,6,8,11,12,16,17,18,19
2018-05-08,23:00,2176,19,4,8,9,10,12,15,16,17,18,19
2018-05-09,07:00,2177,3,1,4,6,7,9,10,12,13,15,16
2018-05-09,08:00,2178,11,2,7,9,11,13,14,15,16,17,20
2018-05-09,09:00,2179,13,2,4,5,6,7,8,10,15,16,17
2018-05-09,10:00,2180,8,2,3,4,6,7,9,14,15,17,18
2018-05-09,11:00,2181,3,3,5,8,9,11,13,14,16,18,20
2018-05-09,12:00,2182,7,3,5,6,9,10,12,14,16,17,20
2018-05-09,13:00,2183,1,1,2,3,5,8,9,12,13,16,20
2018-05-09,14:00,2184,1,2,4,7,8,9,11,12,15,17,20
2018-05-09,15:00,2185,13,2,3,5,8,10,12,14,16,17,20
2018-05-09,16:00,2186,6,4,6,7,8,11,12,13,14,15,18
2018-05-09,17:00,2187,1,2,3,5,6,7,10,12,14,17,18
2018-05-09,18:00,2188,1,1,3,4,6,8,11,15,16,19,20
2018-05-09,19:00,2189,4,5,7,8,9,10,12,13,16,18,20
2018-05-09,20:00,2190,7,3,5,7,10,11,12,14,15,18,20
2018-05-09,21:00,2191,13,1,4,5,7,8,10,11,13,14,20
2018-05-09,22:00,2192,11,1,6,7,8,9,10,12,13,14,19
2018-05-09,23:00,2193,9,1,4,5,8,10,12,16,17,18,19
2018-05-10,07:00,2194,6,1,5,6,9,11,12,14,16,17,20
2018-05-10,08:00,2195,19,3,4,6,7,11,15,16,18,19,20
2018-05-10,09:00,2196,6,1,2,3,5,10,11,13,15,16,17
2018-05-10,10:00,2197,11,1,2,3,4,7,8,10,14,15,17
2018-05-10,11:00,2198,17,2,4,5,8,9,12,14,17,18,19
2018-05-10,12:00,2199,1,1,2,8,13,15,16,17,18,19,20
2018-05-10,13:00,2200,11,1,3,5,6,9,13,14,15,17,20
2018-05-10,14:00,2201,11,2,4,5,7,9,10,12,14,15,20
2018-05-10,15:00,2202,5,1,2,4,6,7,8,14,18,19,20
2018-05-10,16:00,2203,6,1,3,5,7,9,12,13,14,16,20
2018-05-10,17:00,2204,5,2,4,5,6,13,14,16,17,19,20
2018-05-10,18:00,2205,20,1,2,4,5,10,12,13,14,19,20
2018-05-10,19:00,2206,5,5,6,8,10,11,13,14,17,18,20
2018-05-10,20:00,2207,10,1,4,6,7,8,10,11,16,19,20
2018-05-10,21:00,2208,9,1,2,5,6,7,10,12,13,14,18
2018-05-10,22:00,2209,17,1,2,4,6,7,10,11,13,17,20
2018-05-10,23:00,2210,1,2,3,6,7,10,13,16,17,18,20
2018-05-11,07:00,2211,8,1,2,3,4,5,6,9,17,18,20
2018-05-11,08:00,2212,9,2,3,4,6,7,8,9,11,12,17
2018-05-11,09:00,2213,9,1,2,4,7,9,10,11,13,16,19
2018-05-11,10:00,2214,2,1,2,3,4,7,10,14,16,17,18
2018-05-11,11:00,2215,9,1,2,4,6,7,9,17,18,19,20
2018-05-11,12:00,2216,12,3,8,9,10,11,12,16,17,18,20
2018-05-11,13:00,2217,14,1,3,4,6,7,8,9,10,11,12
2018-05-11,14:00,2218,19,4,5,12,13,14,16,17,18,19,20
2018-05-11,15:00,2219,4,2,3,4,5,6,7,9,16,17,20
2018-05-11,16:00,2220,11,3,6,8,10,12,13,15,16,18,20
2018-05-11,17:00,2221,6,2,4,5,6,7,12,14,15,16,17
2018-05-11,18:00,2222,7,2,4,5,7,8,9,13,15,17,19
2018-05-11,19:00,2223,3,1,2,3,8,14,15,17,18,19,20
2018-05-11,20:00,2224,14,3,4,9,10,11,13,16,17,19,20
2018-05-11,21:00,2225,11,4,5,6,7,9,12,14,16,17,18
2018-05-11,22:00,2226,1,1,6,8,10,11,12,13,17,18,20
2018-05-11,23:00,2227,16,7,8,9,10,13,14,16,18,19,20
2018-05-12,07:00,2228,8,2,3,5,10,11,12,14,17,18,19
2018-05-12,08:00,2229,13,1,3,5,9,12,13,14,17,18,19
2018-05-12,09:00,2230,13,1,2,3,4,6,8,12,14,17,20
2018-05-12,10:00,2231,8,1,4,6,7,8,10,11,13,18,19
2018-05-12,11:00,2232,3,1,2,3,4,6,7,8,15,19,20
2018-05-12,12:00,2233,18,1,2,4,6,7,8,10,11,16,20
2018-05-12,13:00,2234,12,3,5,6,7,13,14,15,16,18,19
2018-05-12,14:00,2235,15,4,5,6,8,9,11,12,17,18,20
2018-05-12,15:00,2236,16,1,3,6,7,9,10,13,14,18,19
2018-05-12,16:00,2237,15,2,3,4,5,8,9,10,11,12,15
2018-05-12,17:00,2238,20,1,2,3,4,7,10,11,13,16,20
2018-05-12,18:00,2239,1,2,4,5,9,10,12,14,15,17,19
2018-05-12,19:00,2240,10,2,4,6,11,12,13,14,15,17,18
2018-05-12,20:00,2241,1,2,5,6,7,9,10,15,17,19,20
2018-05-12,21:00,2242,20,2,3,6,8,11,12,15,16,17,18
2018-05-12,22:00,2243,4,5,6,7,10,11,13,16,18,19,20
2018-05-12,23:00,2244,9,2,6,7,8,10,13,16,17,19,20
2018-05-13,07:00,2245,3,1,3,4,5,8,10,11,12,15,20
2018-05-13,08:00,2246,20,3,4,6,8,9,11,16,18,19,20
2018-05-13,09:00,2247,12,3,4,7,10,13,14,15,16,19,20
2018-05-13,10:00,2248,18,1,2,5,6,8,11,12,17,18,20
2018-05-13,11:00,2249,10,2,4,5,6,9,10,11,16,17,18
2018-05-13,12:00,2250,5,2,5,7,9,11,12,15,18,19,20
2018-05-13,13:00,2251,3,2,4,5,6,8,10,13,14,17,18
2018-05-13,14:00,2252,6,1,2,7,8,11,13,14,15,19,20
2018-05-13,15:00,2253,16,1,2,8,9,12,14,15,16,19,20
2018-05-13,16:00,2254,1,3,5,7,8,12,13,16,18,19,20
2018-05-13,17:00,2255,11,1,2,3,4,8,11,16,17,18,20
2018-05-13,18:00,2256,14,1,2,3,5,6,7,14,17,19,20
2018-05-13,19:00,2257,1,2,3,4,7,9,11,12,14,15,20
2018-05-13,20:00,2258,20,1,5,7,9,10,12,16,17,18,20
2018-05-13,21:00,2259,9,1,3,5,7,8,10,14,15,18,19
2018-05-13,22:00,2260,13,6,7,8,9,11,12,15,16,17,18
2018-05-13,23:00,2261,2,3,5,6,7,9,12,13,15,18,19
2018-05-14,07:00,2262,1,4,5,8,10,11,13,14,16,18,20
2018-05-14,08:00,2263,6,1,3,5,11,12,13,14,16,17,20
2018-05-14,09:00,2264,15,1,2,3,5,9,11,12,13,17,19
2018-05-14,10:00,2265,16,1,3,4,5,9,10,11,13,19,20
2018-05-14,11:00,2266,6,1,2,3,6,9,10,13,14,15,16
2018-05-14,12:00,2267,14,1,2,3,7,9,10,11,15,17,20
2018-05-14,13:00,2268,18,1,2,3,8,10,11,12,13,15,20
2018-05-14,14:00,2269,5,2,3,7,8,9,14,16,18,19,20
2018-05-14,15:00,2270,15,3,4,5,6,7,9,10,12,14,18
2018-05-14,16:00,2271,19,2,5,6,7,11,12,13,16,18,20
2018-05-14,17:00,2272,10,4,6,7,8,10,12,13,14,16,20
2018-05-14,18:00,2273,17,2,3,8,9,10,12,13,15,16,20
2018-05-14,19:00,2274,13,2,3,4,5,9,10,11,13,17,19
2018-05-14,20:00,2275,15,1,2,4,6,11,14,15,17,19,20
2018-05-14,21:00,2276,18,7,8,9,10,12,13,14,15,18,19
2018-05-14,22:00,2277,5,1,3,5,6,9,10,13,14,17,20
2018-05-14,23:00,2278,8,1,2,7,8,9,13,15,17,19,20
2018-05-15,07:00,2279,14,2,3,7,8,10,11,12,14,17,20
2018-05-15,08:00,2280,16,3,6,8,9,12,14,16,17,19,20
2018-05-15,09:00,2281,12,1,6,8,9,13,15,16,17,18,20
2018-05-15,10:00,2282,6,4,6,8,9,10,11,12,15,17,20
2018-05-15,11:00,2283,18,2,3,5,7,8,13,14,15,16,18
2018-05-15,12:00,2284,16,1,2,5,7,10,11,12,13,15,20
2018-05-15,13:00,2285,12,2,5,8,9,13,15,16,17,19,20
2018-05-15,14:00,2286,9,1,3,6,8,13,14,15,18,19,20
2018-05-15,15:00,2287,3,3,4,5,9,11,12,13,14,15,18
2018-05-15,16:00,2288,18,2,3,5,8,9,12,16,17,18,19
2018-05-15,17:00,2289,18,1,2,4,6,7,9,11,12,15,17
2018-05-15,18:00,2290,20,2,5,7,8,11,13,15,16,17,20
2018-05-15,19:00,2291,8,1,2,4,5,6,9,12,13,15,19
2018-05-15,20:00,2292,12,4,5,7,8,9,11,12,14,15,17
2018-05-15,21:00,2293,13,2,3,4,7,8,9,12,14,17,18
2018-05-15,22:00,2294,2,3,7,10,11,12,15,16,17,18,20
2018-05-15,23:00,2295,19,1,3,4,6,8,9,11,16,17,18
2018-05-16,07:00,2296,11,2,9,11,12,13,14,15,16,17,19
2018-05-16,08:00,2297,17,1,2,3,4,5,6,8,9,13,17
2018-05-16,09:00,2298,15,1,2,4,9,10,12,13,14,15,18
2018-05-16,10:00,2299,19,5,6,8,9,10,12,14,16,18,19
2018-05-16,11:00,2300,10,1,4,9,10,11,14,17,18,19,20
2018-05-16,12:00,2301,17,3,4,7,8,11,12,13,17,18,19
2018-05-16,13:00,2302,15,2,4,6,11,12,13,14,17,18,20
2018-05-16,14:00,2303,16,4,6,9,10,11,12,15,16,19,20
2018-05-16,15:00,2304,4,1,2,3,5,8,11,12,14,19,20
2018-05-16,16:00,2305,12,2,3,4,7,8,9,10,15,17,18
2018-05-16,17:00,2306,4,2,3,4,5,8,10,11,13,18,19
2018-05-16,18:00,2307,10,1,2,3,7,10,11,13,16,17,18
2018-05-16,19:00,2308,19,1,2,3,4,8,11,13,15,16,18
2018-05-16,20:00,2309,17,1,3,4,5,8,11,13,14,15,18
2018-05-16,21:00,2310,20,3,4,5,6,7,8,11,12,15,18
2018-05-16,22:00,2311,18,2,4,5,7,11,13,14,15,18,20
2018-05-16,23:00,2312,4,1,2,3,5,6,7,9,12,15,16
2018-05-17,07:00,2313,1,1,3,4,6,10,11,12,14,17,19
2018-05-17,08:00,2314,20,1,2,3,7,9,10,11,12,18,19
2018-05-17,09:00,2315,16,4,5,6,7,8,9,10,12,13,15
2018-05-17,10:00,2316,4,1,7,8,10,11,12,13,14,15,16
2018-05-17,11:00,2317,20,4,5,6,8,9,10,12,17,19,20
2018-05-17,12:00,2318,11,1,2,4,5,6,10,13,14,15,18
2018-05-17,13:00,2319,4,4,7,8,12,13,14,15,16,17,20
2018-05-17,14:00,2320,8,2,4,6,8,9,10,11,12,15,19
2018-05-17,15:00,2321,18,2,3,4,5,6,7,8,14,17,19
2018-05-17,16:00,2322,17,1,3,5,6,8,9,10,11,15,17
2018-05-17,17:00,2323,18,4,5,7,10,11,12,15,16,17,19
2018-05-17,18:00,2324,19,4,7,9,10,13,14,16,17,18,19
2018-05-17,19:00,2325,18,1,3,4,5,8,9,10,11,14,15
2018-05-17,20:00,2326,14,1,5,7,11,12,13,14,16,18,20
2018-05-17,21:00,2327,19,1,2,4,5,6,7,10,14,17,20
2018-05-17,22:00,2328,9,1,7,8,10,12,14,16,17,18,20
2018-05-17,23:00,2329,17,5,6,9,11,14,16,17,18,19,20
2018-05-18,07:00,2330,20,2,4,7,10,11,13,14,16,18,20
2018-05-18,08:00,2331,16,1,3,6,11,12,14,15,16,17,20
2018-05-18,09:00,2332,9,3,4,7,8,10,11,12,15,16,19
2018-05-18,10:00,2333,3,3,4,5,7,8,9,10,13,18,19
2018-05-18,11:00,2334,17,3,5,6,8,10,11,15,16,17,19
2018-05-18,12:00,2335,9,1,3,5,11,13,14,15,17,18,20
2018-05-18,13:00,2336,2,1,2,3,4,5,6,10,14,16,18
2018-05-18,14:00,2337,6,1,3,5,6,7,8,9,10,16,18
2018-05-18,15:00,2338,20,2,3,5,6,11,14,15,18,19,20
2018-05-18,16:00,2339,6,2,6,8,11,13,14,15,17,18,19
2018-05-18,17:00,2340,12,2,3,5,6,7,8,11,13,17,19
2018-05-18,18:00,2341,3,1,2,4,5,7,8,9,12,15,18
2018-05-18,19:00,2342,5,2,5,6,9,10,13,14,15,16,17
2018-05-18,20:00,2343,6,2,3,4,9,10,11,12,14,15,19
2018-05-18,21:00,2344,11,1,4,7,9,10,14,16,17,18,19
2018-05-18,22:00,2345,19,3,7,8,9,10,11,13,16,18,19
2018-05-18,23:00,2346,8,1,2,4,5,6,10,11,14,17,18
2018-05-19,07:00,2347,1,2,6,7,8,10,13,14,16,17,19
2018-05-19,08:00,2348,16,2,5,6,7,8,11,14,17,18,20
2018-05-19,09:00,2349,20,5,6,8,9,10,11,15,16,18,19
2018-05-19,10:00,2350,2,1,5,6,9,11,12,13,14,17,20
2018-05-19,11:00,2351,16,3,4,8,9,10,13,17,18,19,20
2018-05-19,12:00,2352,9,3,4,5,6,11,12,13,16,18,19
2018-05-19,13:00,2353,8,1,4,9,10,11,12,13,17,19,20
2018-05-19,14:00,2354,15,1,3,4,5,6,7,8,11,13,18
2018-05-19,15:00,2355,17,3,8,10,12,13,14,15,16,19,20
2018-05-19,16:00,2356,5,3,6,7,9,11,12,13,14,16,20
2018-05-19,17:00,2357,16,1,4,5,6,8,11,14,15,16,19
2018-05-19,18:00,2358,19,1,2,3,6,12,14,15,17,18,19
2018-05-19,19:00,2359,12,2,3,4,5,7,10,12,13,15,16
2018-05-19,20:00,2360,16,1,3,4,7,9,10,14,15,16,19
2018-05-19,21:00,2361,9,3,4,5,7,8,13,16,17,19,20
2018-05-19,22:00,2362,1,2,3,4,5,6,9,13,16,17,19
2018-05-19,23:00,2363,10,2,3,4,5,6,8,10,11,13,18
2018-05-20,07:00,2364,14,1,3,4,5,10,11,14,16,17,18
2018-05-20,08:00,2365,16,1,2,3,4,5,6,8,10,16,20
2018-05-20,09:00,2366,11,1,3,4,5,8,11,14,15,19,20
2018-05-20,10:00,2367,4,1,2,4,5,6,7,8,9,16,20
2018-05-20,11:00,2368,20,5,6,7,8,9,12,14,16,17,20
2018-05-20,12:00,2369,14,3,8,9,10,11,13,15,16,18,20
2018-05-20,13:00,2370,19,1,2,6,7,8,10,12,15,17,19
2018-05-20,14:00,2371,1,3,6,8,9,10,11,13,14,15,19
2018-05-20,15:00,2372,18,5,6,7,10,11,13,14,16,18,20
2018-05-20,16:00,2373,9,1,4,8,10,11,12,13,17,18,20
2018-05-20,17:00,2374,4,3,4,7,8,9,13,15,16,19,20
2018-05-20,18:00,2375,15,3,6,7,8,9,11,12,14,15,18
2018-05-20,19:00,2376,18,2,3,4,5,7,8,10,14,16,17
2018-05-20,20:00,2377,19,1,2,3,4,8,9,10,11,13,19
2018-05-20,21:00,2378,6,1,2,6,7,8,9,13,14,16,18
2018-05-20,22:00,2379,18,3,5,6,9,13,14,17,18,19,20
2018-05-20,23:00,2380,12,1,4,6,7,9,11,14,15,17,20
2018-05-21,07:00,2381,7,1,2,3,6,10,12,16,17,19,20
2018-05-21,08:00,2382,8,2,4,5,7,10,13,15,17,18,19
2018-05-21,09:00,2383,10,2,4,7,10,11,12,13,17,19,20
2018-05-21,10:00,2384,14,2,4,6,11,13,14,15,16,18,20
2018-05-21,11:00,2385,11,1,4,5,7,9,11,15,17,18,20
2018-05-21,12:00,2386,11,3,5,8,9,10,11,13,16,17,19
2018-05-21,13:00,2387,17,4,5,8,9,11,15,16,18,19,20
2018-05-21,14:00,2388,14,1,4,6,8,9,10,11,13,15,18
2018-05-21,15:00,2389,6,1,3,4,7,8,9,11,14,16,18
2018-05-21,16:00,2390,9,1,3,6,9,11,13,14,15,16,18
2018-05-21,17:00,2391,6,1,3,4,6,9,11,13,17,19,20
2018-05-21,18:00,2392,4,2,3,5,6,7,10,11,16,19,20
2018-05-21,19:00,2393,14,2,3,5,8,9,10,12,15,17,18
2018-05-21,20:00,2394,19,2,3,4,5,9,12,14,15,16,20
2018-05-21,21:00,2395,16,4,5,7,11,12,13,14,15,16,19
2018-05-21,22:00,2396,19,1,5,7,9,10,14,15,16,19,20
2018-05-21,23:00,2397,14,2,4,5,6,7,8,9,13,18,20
2018-05-22,07:00,2398,16,2,4,6,7,8,11,12,15,17,18
2018-05-22,08:00,2399,2,1,2,3,4,6,7,13,14,15,17
2018-05-22,09:00,2400,5,1,2,3,4,5,7,10,11,12,19
2018-05-22,10:00,2401,20,3,8,11,13,14,15,16,18,19,20
2018-05-22,11:00,2402,18,4,7,8,10,12,13,16,18,19,20
2018-05-22,12:00,2403,17,1,2,5,10,13,14,15,16,17,18
2018-05-22,13:00,2404,14,3,6,7,10,11,12,13,14,15,16
2018-05-22,14:00,2405,13,3,4,5,7,9,10,11,12,17,18
2018-05-22,15:00,2406,1,1,4,8,10,11,14,17,18,19,20
2018-05-22,16:00,2407,16,1,3,5,6,7,13,14,15,16,19
2018-05-22,17:00,2408,16,1,6,7,8,10,12,13,14,17,20
2018-05-22,18:00,2409,7,1,4,5,6,7,8,9,10,15,18
2018-05-22,19:00,2410,6,1,2,7,9,10,12,13,14,15,19
2018-05-22,20:00,2411,8,2,3,5,7,11,12,13,14,15,20
2018-05-22,21:00,2412,13,1,2,5,6,8,9,11,13,16,17
2018-05-22,22:00,2413,2,1,2,3,4,5,6,9,11,13,15
2018-05-22,23:00,2414,3,1,4,5,6,7,9,14,16,18,19
2018-05-23,07:00,2415,18,1,2,4,8,11,14,15,16,17,18
2018-05-23,08:00,2416,15,2,3,4,11,12,14,15,17,18,19
2018-05-23,09:00,2417,7,1,6,7,8,10,13,16,17,18,20
2018-05-23,10:00,2418,13,2,3,4,5,8,11,12,16,17,19
2018-05-23,11:00,2419,13,1,2,4,5,6,7,10,15,19,20
2018-05-23,12:00,2420,6,6,7,8,9,10,11,13,14,18,19
2018-05-23,13:00,2421,18,1,2,3,4,5,6,10,12,14,19
2018-05-23,14:00,2422,17,1,2,3,4,5,11,12,16,18,20
2018-05-23,15:00,2423,1,2,5,6,8,11,12,14,16,19,20
2018-05-23,16:00,2424,14,1,2,4,5,9,11,13,15,16,19
2018-05-23,17:00,2425,3,1,5,8,9,10,11,12,16,18,19
2018-05-23,18:00,2426,19,3,4,6,7,10,12,13,16,17,20
2018-05-23,19:00,2427,20,2,6,8,9,10,12,14,18,19,20
2018-05-23,20:00,2428,13,3,4,6,8,9,12,15,16,17,18
2018-05-23,21:00,2429,8,3,4,7,9,10,12,14,17,18,20
2018-05-23,22:00,2430,20,1,4,5,9,12,15,16,17,18,19
2018-05-23,23:00,2431,9,2,6,8,9,12,15,17,18,19,20
2018-05-24,07:00,2432,13,4,7,10,11,12,14,15,16,18,19
2018-05-24,08:00,2433,5,1,4,8,11,12,13,16,17,18,20
2018-05-24,09:00,2434,15,1,2,5,7,11,12,14,15,16,20
2018-05-24,10:00,2435,9,2,3,5,6,8,12,13,14,17,18
2018-05-24,11:00,2436,13,2,3,4,7,8,11,13,15,18,20
2018-05-24,12:00,2437,11,2,4,5,7,10,13,14,15,16,17
2018-05-24,13:00,2438,10,1,2,3,4,5,11,14,16,17,18
2018-05-24,14:00,2439,12,3,4,5,7,10,11,14,15,18,19
2018-05-24,15:00,2440,19,2,3,8,9,12,13,15,16,18,20
2018-05-24,16:00,2441,2,1,3,6,7,8,10,11,15,19,20
2018-05-24,17:00,2442,7,2,3,4,5,9,12,13,14,18,19
2018-05-24,18:00,2443,2,1,2,3,5,6,8,11,16,17,18
2018-05-24,19:00,2444,3,1,5,6,8,12,13,14,15,17,20
2018-05-24,20:00,2445,17,3,4,5,9,11,12,13,15,17,19
2018-05-24,21:00,2446,2,2,7,8,11,12,15,16,17,18,20
2018-05-24,22:00,2447,3,1,3,6,9,10,11,12,13,14,17
2018-05-24,23:00,2448,19,1,2,4,8,9,10,15,17,19,20
2018-05-25,07:00,2449,8,1,3,5,7,9,10,11,15,19,20
2018-05-25,08:00,2450,1,5,6,8,10,12,13,14,15,16,18
2018-05-25,09:00,2451,1,1,3,5,7,8,10,12,14,17,18
2018-05-25,10:00,2452,9,1,6,9,11,14,15,16,17,18,19
2018-05-25,11:00,2453,8,2,4,5,7,9,10,11,12,14,17
2018-05-25,12:00,2454,5,1,3,4,5,6,10,14,17,19,20
2018-05-25,13:00,2455,18,3,4,5,6,8,11,15,16,17,20
2018-05-25,14:00,2456,15,1,2,4,6,7,8,10,11,12,14
2018-05-25,15:00,2457,20,3,5,6,7,11,13,15,18,19,20
2018-05-25,16:00,2458,10,1,3,4,5,6,7,15,16,17,18
2018-05-25,17:00,2459,18,2,4,5,6,10,13,14,15,19,20
2018-05-25,18:00,2460,17,5,7,9,10,12,14,15,16,18,19
2018-05-25,19:00,2461,16,1,3,4,6,9,10,15,16,17,20
2018-05-25,20:00,2462,7,2,3,10,12,14,15,16,17,19,20
2018-05-25,21:00,2463,19,4,6,9,10,11,13,15,16,18,19
2018-05-25,22:00,2464,12,2,3,4,7,10,11,14,16,17,18
2018-05-25,23:00,2465,18,1,6,8,9,10,11,13,14,17,18
2018-05-26,07:00,2466,14,3,4,5,6,8,9,10,12,19,20
2018-05-26,08:00,2467,7,1,3,5,10,13,14,15,16,17,18
2018-05-26,09:00,2468,1,6,7,8,9,10,11,12,15,17,19
2018-05-26,10:00,2469,5,1,4,5,11,12,13,15,16,18,19
2018-05-26,11:00,2470,4,2,4,5,7,10,11,12,15,17,19
2018-05-26,12:00,2471,4,1,2,3,5,10,13,15,18,19,20
2018-05-26,13:00,2472,20,1,3,5,6,8,10,14,15,17,18
2018-05-26,14:00,2473,16,1,2,4,5,9,11,12,13,14,15
2018-05-26,15:00,2474,2,2,4,5,6,8,10,13,14,16,20
2018-05-26,16:00,2475,8,2,3,4,5,8,9,12,15,16,20
2018-05-26,17:00,2476,18,3,5,6,7,8,10,11,12,14,16
2018-05-26,18:00,2477,15,1,4,7,11,12,15,16,17,18,19
2018-05-26,19:00,2478,7,1,3,5,9,13,15,17,18,19,20
2018-05-26,20:00,2479,14,3,4,5,7,8,11,12,13,16,18
2018-05-26,21:00,2480,1,3,4,5,8,10,11,12,14,17,18
2018-05-26,22:00,2481,15,4,5,6,9,15,16,17,18,19,20
2018-05-26,23:00,2482,18,2,3,4,5,6,7,8,10,17,19
2018-05-27,07:00,2483,6,4,5,6,11,12,13,15,17,18,19
2018-05-27,08:00,2484,8,1,4,5,6,7,8,9,11,15,16
2018-05-27,09:00,2485,18,1,2,5,6,7,11,12,16,19,20
2018-05-27,10:00,2486,19,4,6,8,9,10,11,13,16,17,19
2018-05-27,11:00,2487,17,2,3,4,6,8,10,13,16,17,20
2018-05-27,12:00,2488,8,1,3,6,7,9,10,11,14,18,19
2018-05-27,13:00,2489,1,1,2,4,5,6,9,11,17,18,19
2018-05-27,14:00,2490,16,3,5,7,9,11,14,15,17,18,19
2018-05-27,15:00,2491,11,2,4,6,9,13,16,17,18,19,20
2018-05-27,16:00,2492,4,1,2,6,9,13,14,15,16,19,20
2018-05-27,17:00,2493,5,1,2,5,10,12,14,15,17,18,20
2018-05-27,18:00,2494,16,3,5,6,9,11,12,14,15,18,20
2018-05-27,19:00,2495,15,1,6,7,8,10,11,12,13,14,19
2018-05-27,20:00,2496,11,3,4,5,7,9,10,15,16,17,18
2018-05-27,21:00,2497,16,1,5,6,8,9,10,12,16,19,20
2018-05-27,22:00,2498,1,1,3,4,5,8,9,11,13,16,19
2018-05-27,23:00,2499,18,3,5,6,8,9,11,12,14,15,18
2018-05-28,07:00,2500,13,1,2,3,4,5,6,10,11,13,18
2018-05-28,08:00,2501,12,2,3,4,7,10,11,15,16,18,19
2018-05-28,09:00,2502,13,3,4,7,9,11,15,16,18,19,20
2018-05-28,10:00,2503,14,5,7,10,12,14,15,16,17,18,20
2018-05-28,11:00,2504,2,1,5,7,9,10,11,12,13,14,15
2018-05-28,12:00,2505,13,2,5,9,11,12,14,16,17,18,19
2018-05-28,13:00,2506,2,1,3,4,5,6,8,10,13,15,17
2018-05-28,14:00,2507,7,1,2,3,5,7,8,11,15,16,17
2018-05-28,15:00,2508,16,1,3,5,6,9,11,12,13,15,20
2018-05-28,16:00,2509,19,1,3,6,9,10,12,14,17,18,19
2018-05-28,17:00,2510,16,1,3,4,6,8,10,11,14,18,20
2018-05-28,18:00,2511,13,1,4,5,8,9,12,14,15,16,19
2018-05-28,19:00,2512,13,3,4,5,7,8,11,14,15,17,20
2018-05-28,20:00,2513,18,2,3,4,5,8,12,14,17,18,19
2018-05-28,21:00,2514,13,1,8,9,11,12,15,16,18,19,20
2018-05-28,22:00,2515,2,1,7,9,10,12,14,16,18,19,20
2018-05-28,23:00,2516,1,1,2,3,8,9,10,11,13,16,17
2018-05-29,07:00,2517,9,1,5,7,8,9,12,13,16,18,19
2018-05-29,08:00,2518,20,5,6,9,11,12,14,15,16,19,20
2018-05-29,09:00,2519,7,1,5,10,12,13,15,16,18,19,20
2018-05-29,10:00,2520,9,1,2,5,6,9,11,12,14,16,17
2018-05-29,11:00,2521,5,2,3,4,5,6,8,11,13,15,17
2018-05-29,12:00,2522,20,1,3,4,5,7,9,13,15,18,19
2018-05-29,13:00,2523,6,2,5,6,7,8,12,13,15,16,17
2018-05-29,14:00,2524,13,1,3,6,7,10,11,12,14,17,20
2018-05-29,15:00,2525,11,1,2,3,6,9,11,12,17,18,19
2018-05-29,16:00,2526,12,3,7,8,9,11,13,15,17,18,19
2018-05-29,17:00,2527,15,3,4,5,6,8,9,11,16,17,20
2018-05-29,18:00,2528,17,1,2,4,5,7,8,11,15,17,18
2018-05-29,19:00,2529,15,1,4,7,9,11,12,13,14,15,19
2018-05-29,20:00,2530,2,1,2,5,6,7,8,11,13,14,20
2018-05-29,21:00,2531,11,1,4,7,8,10,11,13,15,16,17
2018-05-29,22:00,2532,13,1,3,4,6,9,10,11,16,18,19
2018-05-29,23:00,2533,17,2,3,4,5,6,10,16,17,18,20
2018-05-30,07:00,2534,6,2,3,5,8,11,12,16,18,19,20
2018-05-30,08:00,2535,4,3,7,9,11,12,14,15,17,18,19
2018-05-30,09:00,2536,9,1,2,4,5,13,14,15,17,18,20
2018-05-30,10:00,2537,8,1,3,4,5,8,9,10,11,14,17
2018-05-30,11:00,2538,3,2,7,8,9,13,14,16,17,18,19
2018-05-30,12:00,2539,9,2,4,6,7,8,10,11,12,14,18
2018-05-30,13:00,2540,20,1,3,5,6,7,12,14,16,18,20
2018-05-30,14:00,2541,13,4,6,7,11,12,13,14,16,17,19
2018-05-30,15:00,2542,17,1,4,5,6,8,9,12,13,17,18
2018-05-30,16:00,2543,15,2,3,5,6,7,8,10,11,15,17
2018-05-30,17:00,2544,13,2,3,4,6,9,10,11,13,14,15
2018-05-30,18:00,2545,10,1,4,6,7,9,11,14,15,17,20
2018-05-30,19:00,2546,16,1,3,5,6,7,9,10,11,15,16
2018-05-30,20:00,2547,16,2,3,5,9,11,12,13,14,15,17
2018-05-30,21:00,2548,5,5,7,9,10,11,13,15,16,19,20
2018-05-30,22:00,2549,14,1,2,8,10,12,14,16,17,19,20
2018-05-30,23:00,2550,18,2,5,6,8,9,10,12,15,18,20
2018-05-31,07:00,2551,20,1,4,6,7,10,11,15,16,17,19
2018-05-31,08:00,2552,3,2,3,6,8,9,13,16,17,18,20
2018-05-31,09:00,2553,8,3,5,6,8,9,12,14,15,19,20
2018-05-31,10:00,2554,15,7,9,11,12,13,14,15,18,19,20
2018-05-31,11:00,2555,6,1,3,4,5,7,8,9,10,12,13
2018-05-31,12:00,2556,7,3,4,5,6,9,12,13,17,18,19
2018-05-31,13:00,2557,11,1,2,3,5,9,10,13,17,18,19
2018-05-31,14:00,2558,19,1,2,4,6,7,8,9,15,18,19
2018-05-31,15:00,2559,16,1,4,6,9,11,13,14,15,19,20
2018-05-31,16:00,2560,5,2,3,4,6,13,14,15,16,18,19
2018-05-31,17:00,2561,3,1,5,8,11,13,14,15,16,19,20
2018-05-31,18:00,2562,14,3,4,5,6,11,12,15,18,19,20
2018-05-31,19:00,2563,20,1,2,6,8,11,14,15,17,18,19
2018-05-31,20:00,2564,14,1,2,5,9,11,14,16,18,19,20
2018-05-31,21:00,2565,9,3,5,6,8,9,11,12,13,14,20
2018-05-31,22:00,2566,1,2,4,6,7,8,11,13,14,17,20
2018-05-31,23:00,2567,2,1,3,4,6,7,12,14,15,18,20
2018-06-01,07:00,2568,9,3,4,10,11,13,14,17,18,19,20
2018-06-01,08:00,2569,13,1,2,4,5,6,8,11,12,18,19
2018-06-01,09:00,2570,19,4,5,6,7,9,10,11,14,17,19
2018-06-01,10:00,2571,15,2,4,7,9,10,13,16,18,19,20
2018-06-01,11:00,2572,6,1,6,7,8,10,13,16,17,18,20
2018-06-01,12:00,2573,16,2,3,4,6,8,10,14,15,17,19
2018-06-01,13:00,2574,9,1,2,5,8,12,13,14,15,18,20
2018-06-01,14:00,2575,5,1,3,6,7,8,13,15,18,19,20
2018-06-01,15:00,2576,9,1,2,5,7,9,12,14,16,17,20
2018-06-01,16:00,2577,10,1,4,5,6,7,10,12,13,15,20
2018-06-01,17:00,2578,20,1,2,3,7,8,12,14,15,18,19
2018-06-01,18:00,2579,13,2,3,4,8,9,11,15,16,18,20
2018-06-01,19:00,2580,17,2,4,6,8,9,11,14,15,16,18
2018-06-01,20:00,2581,6,1,4,7,9,10,12,14,15,19,20
2018-06-01,21:00,2582,9,1,6,7,8,11,13,14,17,18,19
2018-06-01,22:00,2583,1,2,5,6,7,9,15,16,17,18,19
2018-06-01,23:00,2584,1,1,3,4,5,12,13,14,17,18,20
2018-06-02,07:00,2585,16,1,2,5,7,8,10,12,16,19,20
2018-06-02,08:00,2586,1,1,4,5,9,12,13,15,16,18,20
2018-06-02,09:00,2587,19,3,6,8,10,11,13,14,15,18,19
2018-06-02,10:00,2588,8,6,8,9,10,11,12,14,15,19,20
2018-06-02,11:00,2589,20,1,3,5,8,9,11,12,15,16,20
2018-06-02,12:00,2590,11,2,3,4,5,6,8,14,15,16,20
2018-06-02,13:00,2591,17,1,4,9,10,12,13,15,16,18,20
2018-06-02,14:00,2592,14,1,2,4,5,7,10,11,12,16,20
2018-06-02,15:00,2593,10,1,2,3,5,6,7,9,12,15,19
2018-06-02,16:00,2594,3,2,5,6,9,10,12,13,14,16,18
2018-06-02,17:00,2595,13,3,4,6,8,12,13,15,16,17,19
2018-06-02,18:00,2596,13,1,2,4,6,8,9,11,15,16,17
2018-06-02,19:00,2597,18,2,4,7,8,9,10,14,15,18,19
2018-06-02,20:00,2598,15,1,8,10,11,12,16,17,18,19,20
2018-06-02,21:00,2599,6,1,2,6,8,10,11,13,14,15,17
2018-06-02,22:00,2600,4,2,4,7,8,9,12,13,16,17,20
2018-06-02,23:00,2601,3,1,4,6,10,12,15,16,18,19,20
2018-06-03,07:00,2602,18,3,5,8,9,11,14,16,17,18,20
2018-06-03,08:00,2603,1,2,4,8,9,10,11,14,16,19,20
2018-06-03,09:00,2604,15,4,9,10,11,12,13,14,17,19,20
2018-06-03,10:00,2605,3,2,4,7,8,9,11,12,16,19,20
2018-06-03,11:00,2606,16,1,4,8,10,11,13,15,16,18,20
2018-06-03,12:00,2607,5,1,6,8,9,10,12,13,14,15,20
2018-06-03,13:00,2608,11,1,3,4,6,8,11,12,13,18,19
2018-06-03,14:00,2609,1,2,3,5,7,10,11,14,15,18,19
2018-06-03,15:00,2610,2,1,2,3,5,7,9,12,14,16,18
2018-06-03,16:00,2611,20,1,2,4,5,9,12,13,15,18,20
2018-06-03,17:00,2612,6,1,2,4,5,7,10,11,17,19,20
2018-06-03,18:00,2613,2,3,5,6,8,9,11,12,13,17,19
2018-06-03,19:00,2614,9,3,5,7,10,13,15,17,18,19,20
2018-06-03,20:00,2615,6,1,2,6,8,12,13,14,17,19,20
2018-06-03,21:00,2616,8,1,3,5,6,10,11,15,16,17,20
2018-06-03,22:00,2617,2,1,4,7,8,12,13,14,16,19,20
2018-06-03,23:00,2618,12,1,4,6,8,9,13,14,17,18,20
2018-06-04,07:00,2619,1,1,2,4,7,9,12,15,17,18,20
2018-06-04,08:00,2620,3,5,11,12,13,14,15,16,17,18,19
2018-06-04,09:00,2621,2,2,3,5,12,13,14,16,17,18,19
2018-06-04,10:00,2622,9,3,5,7,8,10,12,13,15,18,20
2018-06-04,11:00,2623,9,2,3,6,10,12,13,15,16,17,19
2018-06-04,12:00,2624,15,1,2,3,5,9,12,14,17,19,20
2018-06-04,13:00,2625,5,3,4,6,7,8,11,12,15,16,20
2018-06-04,14:00,2626,18,1,2,4,6,7,9,14,17,18,19
2018-06-04,15:00,2627,14,4,5,8,9,10,13,15,16,17,20
2018-06-04,16:00,2628,8,2,4,6,8,10,12,15,18,19,20
2018-06-04,17:00,2629,2,1,3,7,8,10,13,14,16,17,18
2018-06-04,18:00,2630,2,6,7,8,9,10,11,12,15,18,19
2018-06-04,19:00,2631,4,1,2,7,8,11,13,14,17,18,20
2018-06-04,20:00,2632,3,1,3,5,7,8,11,12,14,18,19
2018-06-04,21:00,2633,14,1,8,10,12,13,15,17,18,19,20
2018-06-04,22:00,2634,6,2,6,7,8,9,10,11,12,13,15
2018-06-04,23:00,2635,7,1,8,9,11,12,13,14,16,17,18
2018-06-05,07:00,2636,15,4,5,8,9,10,12,14,16,18,19
2018-06-05,08:00,2637,10,3,5,8,9,10,11,14,16,17,18
2018-06-05,09:00,2638,7,1,3,6,8,10,13,14,18,19,20
2018-06-05,10:00,2639,2,1,2,5,7,9,13,14,16,18,20
2018-06-05,11:00,2640,6,2,3,5,6,9,10,11,14,16,18
2018-06-05,12:00,2641,5,2,3,5,7,8,10,16,17,18,20
2018-06-05,13:00,2642,14,2,4,5,6,7,8,9,13,15,16
2018-06-05,14:00,2643,10,2,3,6,10,11,12,13,17,18,19
2018-06-05,15:00,2644,20,1,2,4,5,10,11,12,14,16,20
2018-06-05,16:00,2645,10,6,7,8,9,10,13,14,15,18,20
2018-06-05,17:00,2646,10,1,3,4,5,10,11,12,16,17,18
2018-06-05,18:00,2647,19,2,3,7,8,10,11,12,14,15,19
2018-06-05,19:00,2648,18,3,4,7,10,11,12,13,15,16,19
2018-06-05,20:00,2649,18,1,3,6,9,11,13,16,17,18,19
2018-06-05,21:00,2650,14,2,3,4,5,10,11,13,15,16,19
2018-06-05,22:00,2651,7,2,5,6,7,10,11,12,16,18,20
2018-06-05,23:00,2652,12,2,3,7,10,13,14,17,18,19,20
2018-06-06,07:00,2653,15,2,3,4,5,7,12,13,15,18,20
2018-06-06,08:00,2654,9,1,2,3,4,7,11,13,14,16,17
2018-06-06,09:00,2655,13,2,3,4,5,6,7,14,16,18,19
2018-06-06,10:00,2656,8,1,2,4,5,8,10,11,12,14,20
2018-06-06,11:00,2657,13,2,3,4,5,8,10,12,14,15,18
2018-06-06,12:00,2658,3,2,4,6,7,8,10,12,13,14,19
2018-06-06,13:00,2659,13,2,3,7,10,11,12,13,14,16,19
2018-06-06,14:00,2660,9,3,5,6,9,13,14,15,18,19,20
2018-06-06,15:00,2661,8,1,4,5,8,10,12,14,15,17,20
2018-06-06,16:00,2662,6,2,5,6,12,14,15,16,17,19,20
2018-06-06,17:00,2663,12,1,2,4,8,9,11,12,13,16,19
2018-06-06,18:00,2664,16,1,2,3,4,5,6,10,12,14,20
2018-06-06,19:00,2665,14,1,2,3,5,7,14,16,17,18,20
2018-06-06,20:00,2666,11,2,5,7,8,9,11,13,16,18,20
2018-06-06,21:00,2667,13,1,3,5,8,9,12,13,15,16,19
2018-06-06,22:00,2668,5,4,8,12,13,14,15,16,17,18,20
2018-06-06,23:00,2669,1,1,2,3,4,6,8,11,15,16,17
2018-06-07,07:00,2670,14,1,2,3,5,9,10,11,12,19,20
2018-06-07,08:00,2671,18,1,3,4,5,6,7,10,13,16,18
2018-06-07,09:00,2672,19,2,4,5,9,10,11,12,13,14,20
2018-06-07,10:00,2673,2,6,7,8,10,12,13,16,17,19,20
2018-06-07,11:00,2674,15,1,2,3,4,5,7,14,16,17,20
2018-06-07,12:00,2675,6,2,4,8,9,10,11,16,17,18,20
2018-06-07,13:00,2676,8,3,4,6,7,8,9,10,11,13,18
2018-06-07,14:00,2677,7,1,3,4,6,8,9,10,12,18,19
2018-06-07,15:00,2678,11,2,5,7,10,11,15,16,17,18,19
2018-06-07,16:00,2679,10,1,3,4,5,9,12,15,16,18,19
2018-06-07,17:00,2680,10,1,4,5,8,11,13,14,15,19,20
2018-06-07,18:00,2681,7,1,4,5,6,7,8,9,11,12,15
2018-06-07,19:00,2682,8,1,5,7,8,13,14,15,16,17,19
2018-06-07,20:00,2683,12,1,3,5,6,7,8,10,11,13,20
2018-06-07,21:00,2684,20,3,4,6,8,11,12,15,17,18,19
2018-06-07,22:00,2685,15,1,3,4,8,9,10,15,18,19,20
2018-06-07,23:00,2686,2,3,7,8,9,10,11,12,14,17,18
2018-06-08,07:00,2687,12,2,4,9,10,11,14,15,16,17,18
2018-06-08,08:00,2688,10,2,3,4,9,10,11,12,13,14,20
2018-06-08,09:00,2689,3,2,3,6,10,11,14,15,16,18,20
2018-06-08,10:00,2690,10,1,3,4,5,6,7,11,13,14,15
2018-06-08,11:00,2691,17,2,3,4,6,7,9,12,14,15,18
2018-06-08,12:00,2692,6,2,5,7,9,10,12,14,17,18,20
2018-06-08,13:00,2693,15,1,3,6,10,11,14,15,17,19,20
2018-06-08,14:00,2694,3,1,4,5,6,7,11,12,14,16,18
2018-06-08,15:00,2695,2,1,7,8,9,10,13,15,17,18,20
2018-06-08,16:00,2696,1,1,3,4,5,11,14,15,17,19,20
2018-06-08,17:00,2697,11,2,3,4,7,10,11,12,13,16,20
2018-06-08,18:00,2698,13,2,3,5,8,9,10,14,17,18,19
2018-06-08,19:00,2699,13,1,2,3,5,7,11,14,16,17,18
2018-06-08,20:00,2700,2,1,4,7,8,11,12,13,18,19,20
2018-06-08,21:00,2701,13,3,4,6,7,8,9,12,14,16,20
2018-06-08,22:00,2702,13,1,3,4,6,8,9,16,17,19,20
2018-06-08,23:00,2703,15,2,5,6,7,8,9,11,13,14,17
2018-06-09,07:00,2704,20,4,5,7,10,11,12,13,16,17,18
2018-06-09,08:00,2705,17,1,5,8,10,11,13,14,15,17,19
2018-06-09,09:00,2706,4,2,3,4,5,7,9,12,13,14,18
2018-06-09,10:00,2707,9,5,6,8,10,12,16,17,18,19,20
2018-06-09,11:00,2708,19,3,6,7,8,10,11,13,14,15,18
2018-06-09,12:00,2709,1,1,3,4,5,6,7,12,15,16,17
2018-06-09,13:00,2710,9,1,3,5,8,10,12,14,18,19,20
2018-06-09,14:00,2711,20,1,3,4,5,6,8,9,12,15,20
2018-06-09,15:00,2712,11,2,4,5,7,8,9,10,13,16,20
2018-06-09,16:00,2713,3,1,4,9,11,12,15,17,18,19,20
2018-06-09,17:00,2714,7,1,3,4,6,7,12,13,14,16,19
2018-06-09,18:00,2715,8,1,4,5,6,7,9,12,14,15,20
2018-06-09,19:00,2716,7,1,3,4,5,6,8,14,16,19,20
2018-06-09,20:00,2717,11,1,2,3,5,6,9,10,14,17,18
2018-06-09,21:00,2718,20,1,2,4,7,11,12,13,15,17,18
2018-06-09,22:00,2719,4,1,2,3,5,7,8,14,15,17,18
2018-06-09,23:00,2720,11,3,4,7,10,12,14,16,17,18,19
2018-06-10,07:00,2721,16,1,4,5,6,7,11,14,17,18,19
2018-06-10,08:00,2722,8,1,2,5,7,11,12,13,14,16,18
2018-06-10,09:00,2723,6,1,2,5,7,12,13,14,15,17,18
2018-06-10,10:00,2724,13,2,5,7,9,10,11,14,16,17,20
2018-06-10,11:00,2725,17,1,2,5,6,7,9,14,16,18,20
2018-06-10,12:00,2726,11,1,2,3,7,8,9,10,14,16,17
2018-06-10,13:00,2727,9,3,7,10,11,12,13,15,18,19,20
2018-06-10,14:00,2728,13,2,3,5,8,10,11,14,17,18,19
2018-06-10,15:00,2729,10,2,3,6,7,8,9,12,13,16,20
2018-06-10,16:00,2730,16,1,3,8,9,10,14,15,16,18,20
2018-06-10,17:00,2731,1,1,3,4,5,9,12,16,17,18,20
2018-06-10,18:00,2732,7,2,3,5,9,10,13,16,17,18,19
2018-06-10,19:00,2733,3,1,2,3,6,8,10,11,14,19,20
2018-06-10,20:00,2734,4,1,2,3,8,9,10,12,13,16,19
2018-06-10,21:00,2735,6,2,3,4,5,6,8,10,11,12,19
2018-06-10,22:00,2736,6,2,3,6,9,10,13,14,15,16,17
2018-06-10,23:00,2737,3,3,4,5,6,7,11,12,13,14,16
2018-06-11,07:00,2738,7,1,3,4,8,13,14,16,17,18,20
2018-06-11,08:00,2739,18,2,5,6,7,9,11,12,13,16,20
2018-06-11,09:00,2740,13,1,2,4,5,6,7,9,11,12,19
2018-06-11,10:00,2741,3,1,3,4,7,10,13,14,15,18,20
2018-06-11,11:00,2742,4,4,5,7,8,9,10,12,15,18,19
2018-06-11,12:00,2743,12,1,2,3,5,6,9,11,12,15,19
2018-06-11,13:00,2744,3,5,7,9,10,11,16,17,18,19,20
2018-06-11,14:00,2745,14,2,4,6,9,11,12,13,14,15,17
2018-06-11,15:00,2746,20,1,4,5,7,10,14,15,16,19,20
2018-06-11,16:00,2747,19,2,5,6,7,8,12,13,16,18,19
2018-06-11,17:00,2748,7,3,4,7,9,10,13,17,18,19,20
2018-06-11,18:00,2749,12,1,2,7,8,9,10,12,14,16,20
2018-06-11,19:00,2750,20,3,5,6,7,8,11,14,18,19,20
2018-06-11,20:00,2751,4,1,3,4,5,6,8,9,10,14,19
2018-06-11,21:00,2752,17,1,3,4,7,9,10,14,15,16,17
2018-06-11,22:00,2753,1,1,2,3,7,9,10,13,15,18,19
2018-06-11,23:00,2754,16,1,3,4,8,9,10,11,12,14,20
2018-06-12,07:00,2755,4,3,5,6,7,9,12,13,17,18,19
2018-06-12,08:00,2756,14,1,3,5,6,7,11,12,15,16,19
2018-06-12,09:00,2757,7,3,5,6,7,10,12,13,14,17,18
2018-06-12,10:00,2758,19,2,3,5,6,8,12,15,17,19,20
2018-06-12,11:00,2759,12,1,3,4,7,10,14,16,18,19,20
2018-06-12,12:00,2760,12,2,5,7,8,10,11,14,15,16,19
2018-06-12,13:00,2761,16,3,4,5,7,8,10,14,16,19,20
2018-06-12,14:00,2762,16,1,2,3,4,5,7,14,16,17,20
2018-06-12,15:00,2763,11,5,7,8,9,11,13,14,15,16,20
2018-06-12,16:00,2764,17,4,6,9,10,11,12,15,17,18,19
2018-06-12,17:00,2765,11,1,2,3,6,11,12,13,14,17,19
2018-06-12,18:00,2766,9,1,2,3,4,5,9,13,15,18,20
2018-06-12,19:00,2767,18,1,3,4,6,9,14,15,16,17,19
2018-06-12,20:00,2768,18,1,3,5,7,13,15,17,18,19,20
2018-06-12,21:00,2769,3,1,2,3,4,5,6,10,15,19,20
2018-06-12,22:00,2770,4,1,4,5,7,8,9,12,14,15,18
2018-06-12,23:00,2771,6,1,2,3,6,7,8,13,14,19,20
2018-06-13,07:00,2772,10,5,6,7,8,9,11,12,16,19,20
2018-06-13,08:00,2773,5,1,3,4,5,7,9,12,18,19,20
2018-06-13,09:00,2774,12,2,3,4,7,8,9,13,14,15,16
2018-06-13,10:00,2775,8,1,2,4,5,6,7,8,12,13,17
2018-06-13,11:00,2776,15,1,2,6,9,11,12,13,17,19,20
2018-06-13,12:00,2777,16,2,4,5,7,9,10,11,13,18,19
2018-06-13,13:00,2778,9,4,6,8,10,11,15,16,17,19,20
2018-06-13,14:00,2779,2,1,2,3,8,9,10,11,13,16,17
2018-06-13,15:00,2780,16,1,3,5,7,8,11,13,14,17,18
2018-06-13,16:00,2781,5,2,4,5,8,10,12,13,14,16,20
2018-06-13,17:00,2782,15,1,5,11,12,13,15,16,17,18,20
2018-06-13,18:00,2783,20,1,2,4,6,11,12,14,16,18,20
2018-06-13,19:00,2784,16,3,5,8,9,10,12,15,17,18,19
2018-06-13,20:00,2785,14,4,6,7,9,11,15,16,17,19,20
2018-06-13,21:00,2786,10,1,2,6,8,12,13,15,16,18,20
2018-06-13,22:00,2787,18,7,10,11,12,14,15,16,17,18,20
2018-06-13,23:00,2788,2,3,4,5,6,7,8,11,12,14,17
2018-06-14,07:00,2789,9,3,4,5,6,7,10,11,13,18,19
2018-06-14,08:00,2790,13,2,3,4,8,9,13,14,15,18,20
2018-06-14,09:00,2791,4,2,3,4,7,9,10,12,14,15,17
2018-06-14,10:00,2792,7,1,2,3,4,6,11,14,16,17,20
2018-06-14,11:00,2793,7,1,5,7,8,13,14,15,16,18,19
2018-06-14,12:00,2794,19,1,3,7,8,10,12,15,16,19,20
2018-06-14,13:00,2795,11,1,4,7,9,10,12,13,15,17,18
2018-06-14,14:00,2796,2,3,4,5,6,8,14,15,16,17,18
2018-06-14,15:00,2797,14,1,2,3,5,7,10,13,15,17,18
2018-06-14,16:00,2798,6,3,5,7,9,10,11,12,14,15,17
2018-06-14,17:00,2799,16,2,5,7,10,11,12,13,14,18,20
2018-06-14,18:00,2800,19,2,3,5,6,8,9,10,12,15,17
2018-06-14,19:00,2801,13,1,2,3,4,8,9,12,16,17,18
2018-06-14,20:00,2802,6,1,4,5,6,7,9,10,12,14,15
2018-06-14,21:00,2803,17,1,2,8,9,11,12,13,15,18,19
2018-06-14,22:00,2804,10,1,2,4,5,7,11,13,15,16,20
2018-06-14,23:00,2805,16,1,2,5,7,11,12,13,15,17,19
2018-06-15,07:00,2806,5,1,2,4,5,7,8,9,13,18,20
2018-06-15,08:00,2807,13,2,3,8,9,10,12,16,17,18,20
2018-06-15,09:00,2808,6,2,5,9,10,12,14,17,18,19,20
2018-06-15,10:00,2809,17,1,3,5,10,11,15,16,17,18,19
2018-06-15,11:00,2810,4,1,3,4,5,10,12,13,14,16,17
2018-06-15,12:00,2811,12,1,2,3,5,11,13,14,17,18,20
2018-06-15,13:00,2812,16,1,4,7,9,10,11,13,15,16,17
2018-06-15,14:00,2813,20,1,4,5,7,8,10,13,15,17,18
2018-06-15,15:00,2814,17,3,4,10,12,13,14,15,16,17,19
2018-06-15,16:00,2815,1,1,5,7,8,9,10,11,14,15,19
2018-06-15,17:00,2816,5,3,4,7,8,9,10,15,16,17,20
2018-06-15,18:00,2817,13,3,5,6,8,12,13,14,16,18,20
2018-06-15,19:00,2818,14,1,2,3,4,6,8,10,12,15,19
2018-06-15,20:00,2819,3,2,3,6,7,9,11,12,15,19,20
2018-06-15,21:00,2820,14,2,3,4,5,6,9,10,11,15,16
2018-06-15,22:00,2821,12,1,3,4,6,8,11,12,13,15,17
2018-06-15,23:00,2822,9,3,4,8,9,10,12,17,18,19,20
2018-06-16,07:00,2823,12,2,3,4,6,9,10,12,14,15,19
2018-06-16,08:00,2824,10,4,6,8,9,10,12,13,15,18,19
2018-06-16,09:00,2825,9,1,2,5,6,9,10,12,13,14,15
2018-06-16,10:00,2826,14,4,8,9,10,11,14,17,18,19,20
2018-06-16,11:00,2827,5,2,4,5,6,9,11,12,14,16,18
2018-06-16,12:00,2828,7,2,3,4,5,7,10,13,16,17,18
2018-06-16,13:00,2829,5,1,2,3,4,5,6,8,9,11,20
2018-06-16,14:00,2830,11,1,3,4,6,9,11,13,16,19,20
2018-06-16,15:00,2831,18,1,4,5,6,7,12,15,17,18,20
2018-06-16,16:00,2832,16,1,7,8,10,11,12,13,15,16,20
2018-06-16,17:00,2833,12,1,2,3,5,6,12,13,14,17,20
2018-06-16,18:00,2834,3,5,8,9,13,14,15,16,17,18,20
2018-06-16,19:00,2835,16,1,3,7,9,10,11,13,14,15,19
2018-06-16,20:00,2836,4,2,3,4,5,7,8,9,15,16,20
2018-06-16,21:00,2837,5,1,4,6,8,9,11,12,13,14,17
2018-06-16,22:00,2838,18,4,5,6,8,9,11,12,13,14,16
2018-06-16,23:00,2839,5,3,4,7,10,12,13,15,16,18,19
2018-06-17,07:00,2840,3,2,3,4,6,9,10,14,16,17,19
2018-06-17,08:00,2841,11,2,4,7,10,11,13,17,18,19,20
2018-06-17,09:00,2842,5,1,2,4,6,10,11,12,14,15,16
2018-06-17,10:00,2843,13,1,3,6,7,10,11,12,14,17,19
2018-06-17,11:00,2844,18,1,2,5,8,9,10,13,16,18,20
2018-06-17,12:00,2845,6,2,4,6,8,9,10,12,15,17,19
2018-06-17,13:00,2846,13,2,3,6,9,10,11,13,18,19,20
2018-06-17,14:00,2847,19,1,6,7,10,13,14,16,18,19,20
2018-06-17,15:00,2848,15,2,4,6,10,11,16,17,18,19,20
2018-06-17,16:00,2849,9,2,3,4,7,8,10,11,12,13,15
2018-06-17,17:00,2850,20,1,2,3,4,8,10,15,17,18,19
2018-06-17,18:00,2851,4,1,4,5,10,11,12,13,15,17,19
2018-06-17,19:00,2852,15,3,4,7,9,10,12,13,15,18,19
2018-06-17,20:00,2853,18,1,3,4,5,7,9,10,16,17,18
2018-06-17,21:00,2854,10,3,4,7,9,11,12,14,16,17,20
2018-06-17,22:00,2855,12,2,3,4,5,7,11,14,16,17,20
2018-06-17,23:00,2856,12,2,4,8,10,11,12,13,16,18,20
2018-06-18,07:00,2857,14,1,2,3,5,8,9,10,11,13,19
2018-06-18,08:00,2858,19,2,3,4,6,11,12,16,17,18,20
2018-06-18,09:00,2859,2,1,2,3,6,7,9,12,15,16,19
2018-06-18,10:00,2860,17,2,5,6,7,8,11,13,15,18,20
2018-06-18,11:00,2861,11,3,4,5,6,7,9,14,16,18,20
2018-06-18,12:00,2862,4,2,7,10,11,12,13,15,17,18,19
2018-06-18,13:00,2863,1,2,7,8,9,11,12,14,15,16,18
2018-06-18,14:00,2864,12,2,5,8,9,11,12,13,14,16,17
2018-06-18,15:00,2865,16,2,6,7,9,10,12,13,15,17,19
2018-06-18,16:00,2866,5,1,2,8,9,14,15,17,18,19,20
2018-06-18,17:00,2867,7,1,3,5,6,8,11,12,13,15,20
2018-06-18,18:00,2868,4,1,2,3,7,9,12,14,15,17,19
2018-06-18,19:00,2869,2,1,4,5,6,12,13,16,17,18,20
2018-06-18,20:00,2870,16,3,5,6,9,11,16,17,18,19,20
2018-06-18,21:00,2871,15,1,2,4,5,9,11,14,17,18,19
2018-06-18,22:00,2872,8,1,3,4,6,9,10,12,14,19,20
2018-06-18,23:00,2873,16,1,2,4,7,8,9,14,17,18,19
2018-06-19,07:00,2874,1,2,3,4,5,6,15,16,17,18,20
2018-06-19,08:00,2875,11,2,4,7,11,12,15,16,17,18,19
2018-06-19,09:00,2876,13,1,3,4,6,8,10,14,16,17,18
2018-06-19,10:00,2877,2,1,8,11,12,13,16,17,18,19,20
2018-06-19,11:00,2878,3,2,4,5,7,9,12,13,15,18,19
2018-06-19,12:00,2879,12,2,4,5,6,8,10,11,12,16,17
2018-06-19,13:00,2880,5,2,3,4,7,8,9,10,16,18,19
2018-06-19,14:00,2881,4,1,2,8,9,12,13,14,16,17,19
2018-06-19,15:00,2882,9,1,2,4,6,9,11,12,14,15,18
2018-06-19,16:00,2883,3,4,5,6,7,9,11,17,18,19,20
2018-06-19,17:00,2884,1,1,2,5,6,9,10,11,13,14,18
2018-06-19,18:00,2885,11,1,2,7,8,9,11,13,16,18,19
2018-06-19,19:00,2886,5,1,3,4,8,9,10,11,14,17,19
2018-06-19,20:00,2887,2,5,7,8,11,12,13,14,15,17,20
2018-06-19,21:00,2888,12,3,4,5,6,7,8,11,12,18,20
2018-06-19,22:00,2889,5,1,6,7,8,10,12,13,14,15,20
2018-06-19,23:00,2890,12,1,2,4,5,6,7,9,13,18,19
2018-06-20,07:00,2891,7,1,3,4,5,11,12,13,14,15,17
2018-06-20,08:00,2892,12,2,3,6,7,10,12,13,17,18,19
2018-06-20,09:00,2893,20,3,5,6,7,8,9,10,12,18,20
2018-06-20,10:00,2894,4,3,4,5,7,8,11,13,17,19,20
2018-06-20,11:00,2895,17,2,4,5,9,11,12,15,17,19,20
2018-06-20,12:00,2896,9,3,4,6,7,12,14,15,17,18,20
2018-06-20,13:00,2897,4,5,6,8,10,11,13,17,18,19,20
2018-06-20,14:00,2898,9,5,6,7,8,9,10,12,14,17,18
2018-06-20,15:00,2899,10,2,7,8,9,12,14,16,17,18,20
2018-06-20,16:00,2900,10,4,7,9,13,15,16,17,18,19,20
2018-06-20,17:00,2901,8,1,3,5,8,10,11,13,14,17,19
2018-06-20,18:00,2902,15,1,9,11,12,13,14,15,16,17,19
2018-06-20,19:00,2903,11,2,5,6,9,10,11,13,16,18,19
2018-06-20,20:00,2904,2,4,7,11,12,13,14,15,16,18,20
2018-06-20,21:00,2905,4,1,2,4,6,13,14,15,16,19,20
2018-06-20,22:00,2906,10,3,6,7,9,11,13,15,17,19,20
2018-06-20,23:00,2907,10,3,5,8,10,12,13,17,18,19,20
2018-06-21,07:00,2908,6,2,3,6,10,12,14,15,18,19,20
2018-06-21,08:00,2909,5,5,6,7,8,9,13,16,17,18,20
2018-06-21,09:00,2910,15,3,4,5,7,9,12,14,18,19,20
2018-06-21,10:00,2911,17,1,2,3,4,5,6,7,9,12,14
2018-06-21,11:00,2912,14,2,4,5,6,7,8,10,13,16,19
2018-06-21,12:00,2913,4,2,5,6,7,8,9,12,14,15,16
2018-06-21,13:00,2914,8,2,4,5,8,10,12,13,15,18,19
2018-06-21,14:00,2915,3,3,5,6,7,9,13,14,17,19,20
2018-06-21,15:00,2916,7,2,3,5,6,10,13,16,17,18,19
2018-06-21,16:00,2917,20,1,4,5,6,9,13,14,17,18,19
2018-06-21,17:00,2918,3,3,5,6,8,9,11,13,15,18,19
2018-06-21,18:00,2919,5,4,6,7,10,11,13,14,15,18,19
2018-06-21,19:00,2920,7,4,5,6,9,10,12,14,15,19,20
2018-06-21,20:00,2921,4,1,2,3,5,6,7,12,13,14,16
2018-06-21,21:00,2922,16,4,5,6,7,14,15,16,17,19,20
2018-06-21,22:00,2923,12,1,3,5,7,9,10,11,14,18,20
2018-06-21,23:00,2924,3,2,3,4,5,6,15,16,18,19,20
2018-06-22,07:00,2925,4,4,5,6,9,10,12,13,14,17,19
2018-06-22,08:00,2926,1,3,4,5,6,10,14,16,18,19,20
2018-06-22,09:00,2927,17,1,2,3,7,9,15,16,18,19,20
2018-06-22,10:00,2928,20,2,3,5,7,9,10,13,16,19,20
2018-06-22,11:00,2929,8,1,4,8,9,10,12,15,16,17,19
2018-06-22,12:00,2930,8,1,2,4,5,7,8,9,16,17,18
2018-06-22,13:00,2931,15,1,3,6,7,8,14,15,16,19,20
2018-06-22,14:00,2932,10,3,4,5,6,7,8,11,13,16,18
2018-06-22,15:00,2933,9,3,7,8,9,10,12,15,16,18,19
2018-06-22,16:00,2934,4,3,8,9,10,12,13,15,18,19,20
2018-06-22,17:00,2935,9,3,6,7,9,10,14,16,17,18,19
2018-06-22,18:00,2936,10,2,5,7,8,9,12,13,14,16,18
2018-06-22,19:00,2937,7,1,2,4,5,7,8,10,14,16,20
2018-06-22,20:00,2938,1,3,4,5,7,10,11,12,13,15,16
2018-06-22,21:00,2939,14,1,2,3,4,8,9,11,13,15,20
2018-06-22,22:00,2940,5,1,4,8,12,13,14,15,16,19,20
2018-06-22,23:00,2941,3,4,5,6,8,9,10,12,17,19,20
2018-06-23,07:00,2942,3,2,8,9,10,12,13,14,16,18,20
2018-06-23,08:00,2943,17,1,2,3,4,5,15,16,17,19,20
2018-06-23,09:00,2944,3,1,2,7,8,10,11,13,16,18,20
2018-06-23,10:00,2945,11,3,4,5,7,10,11,13,15,17,19
2018-06-23,11:00,2946,14,3,4,6,7,10,13,15,16,19,20
2018-06-23,12:00,2947,9,1,3,4,7,9,11,12,13,16,17
2018-06-23,13:00,2948,19,1,2,5,6,8,10,14,15,16,20
2018-06-23,14:00,2949,6,2,4,8,9,11,12,15,16,17,20
2018-06-23,15:00,2950,12,1,3,7,8,10,12,13,14,15,19
2018-06-23,16:00,2951,1,1,5,6,8,9,11,12,15,16,18
2018-06-23,17:00,2952,1,2,4,5,7,8,9,10,14,15,18
2018-06-23,18:00,2953,5,1,3,5,6,7,9,10,16,17,18
2018-06-23,19:00,2954,4,1,2,3,4,9,10,12,15,19,20
2018-06-23,20:00,2955,16,3,4,6,7,8,9,13,14,17,19
2018-06-23,21:00,2956,13,2,4,7,8,9,12,13,14,18,19
2018-06-23,22:00,2957,13,1,2,5,6,7,10,12,13,14,20
2018-06-23,23:00,2958,3,2,3,4,6,9,11,15,16,17,20
2018-06-24,07:00,2959,4,2,4,6,10,11,12,14,16,17,20
2018-06-24,08:00,2960,4,2,4,6,8,11,13,15,17,19,20
2018-06-24,09:00,2961,9,1,3,4,6,8,9,12,13,16,19
2018-06-24,10:00,2962,20,3,4,5,9,10,11,12,17,19,20
2018-06-24,11:00,2963,12,3,5,6,8,9,11,12,14,17,20
2018-06-24,12:00,2964,13,2,3,5,7,9,10,11,13,16,20
2018-06-24,13:00,2965,10,1,2,4,7,8,10,13,14,19,20
2018-06-24,14:00,2966,9,3,6,8,11,12,13,15,16,17,20
2018-06-24,15:00,2967,15,1,2,7,8,12,13,14,15,17,18
2018-06-24,16:00,2968,5,1,2,3,4,5,8,12,13,18,20
2018-06-24,17:00,2969,20,1,2,3,7,8,12,13,15,19,20
2018-06-24,18:00,2970,19,2,7,8,11,12,13,14,16,17,19
2018-06-24,19:00,2971,16,1,2,4,5,7,9,10,12,14,17
2018-06-24,20:00,2972,9,1,3,5,6,9,13,16,17,19,20
2018-06-24,21:00,2973,15,1,2,3,7,8,9,13,16,18,19
2018-06-24,22:00,2974,16,1,2,3,5,12,14,16,17,19,20
2018-06-24,23:00,2975,19,1,3,6,10,12,14,15,16,19,20
2018-06-25,07:00,2976,11,2,6,9,12,14,15,16,18,19,20
2018-06-25,08:00,2977,4,2,3,5,6,10,11,14,15,17,18
2018-06-25,09:00,2978,3,1,2,4,9,10,12,13,14,16,19
2018-06-25,10:00,2979,1,1,5,6,7,8,10,15,18,19,20
2018-06-25,11:00,2980,16,1,3,6,9,10,12,13,16,17,19
2018-06-25,12:00,2981,5,2,3,5,6,8,12,13,14,15,19
2018-06-25,13:00,2982,10,1,2,6,7,9,13,14,15,16,19
2018-06-25,14:00,2983,17,3,4,7,8,9,12,15,17,19,20
2018-06-25,15:00,2984,7,2,4,5,7,11,13,14,16,18,19
2018-06-25,16:00,2985,9,2,6,9,11,15,16,17,18,19,20
2018-06-25,17:00,2986,1,3,4,7,8,11,12,13,15,16,18
2018-06-25,18:00,2987,4,4,5,6,7,8,9,10,17,18,20
2018-06-25,19:00,2988,3,2,4,5,7,10,12,13,15,18,20
2018-06-25,20:00,2989,6,4,5,10,11,12,13,14,15,17,20
2018-06-25,21:00,2990,12,1,5,6,7,9,11,13,14,15,17
2018-06-25,22:00,2991,14,1,2,5,6,9,10,11,13,19,20
2018-06-25,23:00,2992,11,3,4,6,7,8,11,15,17,19,20
2018-06-26,07:00,2993,7,1,2,6,8,13,14,16,17,18,20
2018-06-26,08:00,2994,2,2,4,6,7,8,9,10,12,17,19
2018-06-26,09:00,2995,20,1,6,7,10,12,13,14,15,17,19
2018-06-26,10:00,2996,2,1,7,8,9,10,11,13,16,18,19
2018-06-26,11:00,2997,10,6,9,11,13,14,16,17,18,19,20
2018-06-26,12:00,2998,17,2,6,7,10,11,12,13,15,18,20
2018-06-26,13:00,2999,12,1,2,3,6,8,9,13,18,19,20
2018-06-26,14:00,3000,2,1,3,4,6,11,13,14,15,16,20
2018-06-26,15:00,3001,10,2,4,7,10,11,13,14,15,18,20
2018-06-26,16:00,3002,15,5,7,9,11,13,14,15,16,19,20
2018-06-26,17:00,3003,15,3,4,5,6,8,12,13,14,15,20
2018-06-26,18:00,3004,8,2,5,6,8,9,14,15,17,18,19
2018-06-26,19:00,3005,15,2,3,4,6,7,8,10,11,12,13
2018-06-26,20:00,3006,2,3,7,10,13,14,15,16,18,19,20
2018-06-26,21:00,3007,16,2,3,4,5,6,7,10,13,15,18
2018-06-26,22:00,3008,20,5,7,8,11,12,14,16,17,18,20
2018-06-26,23:00,3009,11,1,2,4,7,12,13,14,16,18,19
2018-06-27,07:00,3010,8,1,5,6,7,8,9,12,14,18,19
2018-06-27,08:00,3011,11,1,2,3,4,7,11,12,14,16,17
2018-06-27,09:00,3012,4,4,8,9,10,11,13,14,15,16,20
2018-06-27,10:00,3013,5,2,3,5,9,10,12,13,14,18,19
2018-06-27,11:00,3014,15,1,3,5,7,8,12,15,17,18,19
2018-06-27,12:00,3015,2,2,5,6,7,8,10,12,15,18,19
2018-06-27,13:00,3016,14,1,3,6,7,10,11,12,13,18,19
2018-06-27,14:00,3017,3,3,6,8,9,11,13,14,16,19,20
2018-06-27,15:00,3018,14,1,2,3,4,5,6,9,12,13,16
2018-06-27,16:00,3019,3,3,4,5,6,7,8,10,13,15,18
2018-06-27,17:00,3020,7,5,6,7,9,10,11,13,15,16,17
2018-06-27,18:00,3021,1,3,5,6,8,9,10,11,14,19,20
2018-06-27,19:00,3022,9,5,6,7,8,10,12,13,16,17,19
2018-06-27,20:00,3023,19,1,2,4,6,9,15,16,17,18,19
2018-06-27,21:00,3024,1,1,4,6,7,8,9,10,11,14,17
2018-06-27,22:00,3025,15,2,3,4,8,10,11,13,14,16,17
2018-06-27,23:00,3026,13,1,2,3,4,7,10,11,13,14,17
2018-06-28,07:00,3027,15,2,3,4,9,10,13,14,15,17,19
2018-06-28,08:00,3028,11,2,3,5,6,7,8,11,14,17,18
2018-06-28,09:00,3029,12,1,3,7,8,9,10,12,13,15,17
2018-06-28,10:00,3030,16,2,3,5,8,9,11,15,17,19,20
2018-06-28,11:00,3031,14,3,5,6,9,12,14,17,18,19,20
2018-06-28,12:00,3032,14,2,7,8,9,13,15,16,17,18,20
2018-06-28,13:00,3033,8,1,2,4,6,8,9,10,15,17,18
2018-06-28,14:00,3034,12,1,6,7,9,10,11,12,14,17,19
2018-06-28,15:00,3035,13,2,3,7,9,10,12,13,17,19,20
2018-06-28,16:00,3036,17,1,2,3,4,7,8,11,15,16,18
2018-06-28,17:00,3037,3,5,6,9,10,11,14,15,17,18,19
2018-06-28,18:00,3038,15,1,2,3,6,7,10,11,17,18,19
2018-06-28,19:00,3039,18,2,4,8,9,11,14,15,16,18,19
2018-06-28,20:00,3040,1,1,2,6,7,12,14,15,16,17,20
2018-06-28,21:00,3041,14,3,4,5,10,11,12,13,15,19,20
2018-06-28,22:00,3042,1,3,5,6,7,8,9,14,16,17,19
2018-06-28,23:00,3043,14,2,4,5,6,8,9,11,13,14,17
2018-06-29,07:00,3044,3,2,3,5,8,9,10,12,13,19,20
2018-06-29,08:00,3045,2,3,6,8,9,10,11,13,16,17,20
2018-06-29,09:00,3046,1,1,2,6,7,8,11,12,15,16,17
2018-06-29,10:00,3047,11,3,4,5,6,7,10,11,12,13,19
2018-06-29,11:00,3048,5,2,4,7,9,11,14,16,17,18,20
2018-06-29,12:00,3049,6,2,6,10,11,13,14,15,18,19,20
2018-06-29,13:00,3050,5,2,3,4,8,9,12,13,14,16,20
2018-06-29,14:00,3051,20,2,7,8,10,13,14,16,17,18,20
2018-06-29,15:00,3052,6,5,6,7,10,11,12,13,17,19,20
2018-06-29,16:00,3053,13,2,4,5,6,7,8,9,13,18,20
2018-06-29,17:00,3054,3,1,3,5,6,10,12,13,15,18,19
2018-06-29,18:00,3055,12,1,2,4,5,6,7,9,12,14,15
2018-06-29,19:00,3056,7,1,2,3,4,8,10,12,13,16,19
2018-06-29,20:00,3057,16,2,6,8,9,10,11,12,16,17,19
2018-06-29,21:00,3058,11,2,4,5,6,11,12,16,17,19,20
2018-06-29,22:00,3059,7,5,8,9,10,11,12,13,18,19,20
2018-06-29,23:00,3060,14,2,5,6,7,9,11,16,18,19,20
2018-06-30,07:00,3061,12,1,8,10,12,15,16,17,18,19,20
2018-06-30,08:00,3062,17,1,2,4,7,10,12,14,16,17,20
2018-06-30,09:00,3063,18,3,4,5,7,8,9,13,14,16,20
2018-06-30,10:00,3064,8,2,3,5,8,10,11,12,16,18,19
2018-06-30,11:00,3065,10,1,3,4,5,8,9,10,11,12,15
2018-06-30,12:00,3066,3,3,10,11,13,14,15,16,18,19,20
2018-06-30,13:00,3067,13,1,2,5,7,8,12,13,16,17,20
2018-06-30,14:00,3068,6,1,3,4,6,7,8,10,14,15,19
2018-06-30,15:00,3069,9,3,4,5,6,7,8,13,15,18,19
2018-06-30,16:00,3070,2,1,2,3,4,9,11,12,13,14,18
2018-06-30,17:00,3071,13,1,5,6,7,10,12,15,16,18,20
2018-06-30,18:00,3072,8,1,2,3,4,9,10,12,13,16,19
2018-06-30,19:00,3073,6,1,2,3,6,10,11,13,15,17,20
2018-06-30,20:00,3074,8,1,2,3,8,11,12,15,17,19,20
2018-06-30,21:00,3075,19,1,3,4,5,9,11,13,15,17,19
2018-06-30,22:00,3076,17,2,5,6,7,8,12,14,15,17,20
2018-06-30,23:00,3077,6,1,2,3,5,7,10,12,13,19,20
2018-07-01,07:00,3078,20,2,3,4,5,7,14,15,16,18,20
2018-07-01,08:00,3079,18,4,6,7,10,12,13,14,15,16,19
2018-07-01,09:00,3080,15,1,2,4,5,6,7,8,12,14,18
2018-07-01,10:00,3081,10,2,4,7,8,10,14,15,17,18,19
2018-07-01,11:00,3082,20,3,5,9,10,12,13,15,18,19,20
2018-07-01,12:00,3083,4,2,5,6,12,14,15,16,17,18,19
2018-07-01,13:00,3084,3,3,4,5,6,7,8,10,12,17,18
2018-07-01,14:00,3085,18,1,2,5,8,9,10,12,13,15,19
2018-07-01,15:00,3086,7,2,3,5,6,8,10,11,16,17,19
2018-07-01,16:00,3087,12,2,4,5,8,11,14,15,16,18,20
2018-07-01,17:00,3088,4,1,3,7,8,9,11,12,13,14,20
2018-07-01,18:00,3089,3,1,4,6,8,10,11,12,17,19,20
2018-07-01,19:00,3090,12,1,2,5,7,9,11,12,15,18,19
2018-07-01,20:00,3091,6,2,7,8,11,12,14,15,17,18,20
2018-07-01,21:00,3092,4,1,3,4,6,7,8,10,14,17,20
2018-07-01,22:00,3093,6,2,8,9,11,12,13,14,17,18,20
2018-07-01,23:00,3094,12,1,5,7,8,9,14,15,17,18,20
2018-07-02,07:00,3095,6,2,3,5,6,8,10,12,15,16,19
2018-07-02,08:00,3096,17,5,6,7,8,9,10,14,16,18,20
2018-07-02,09:00,3097,13,5,6,7,8,9,11,12,13,18,19
2018-07-02,10:00,3098,6,3,5,6,8,9,10,13,14,15,16
2018-07-02,11:00,3099,18,2,3,4,6,9,13,14,16,18,20
2018-07-02,12:00,3100,4,4,5,6,7,8,10,11,15,18,20
2018-07-02,13:00,3101,2,1,2,3,4,5,7,10,11,12,19
2018-07-02,14:00,3102,15,1,3,5,7,8,11,12,13,17,20
2018-07-02,15:00,3103,4,3,5,6,7,13,14,15,16,18,19
2018-07-02,16:00,3104,20,1,3,4,5,6,9,16,17,19,20
2018-07-02,17:00,3105,6,3,4,9,10,12,13,14,17,18,20
2018-07-02,18:00,3106,6,2,3,4,5,6,7,8,10,11,19
2018-07-02,19:00,3107,15,2,3,4,5,6,7,10,11,14,20
2018-07-02,20:00,3108,6,2,3,4,5,11,12,13,16,18,20
2018-07-02,21:00,3109,15,1,6,7,9,10,12,15,16,17,19
2018-07-02,22:00,3110,4,2,7,9,10,12,14,15,17,18,20
2018-07-02,23:00,3111,4,2,3,5,6,7,8,9,13,14,15
2018-07-03,07:00,3112,5,1,4,5,8,9,10,13,16,18,19
2018-07-03,08:00,3113,17,1,5,7,9,10,11,12,16,17,18
2018-07-03,09:00,3114,17,1,2,3,4,6,10,14,15,17,19
2018-07-03,10:00,3115,14,3,7,11,13,15,16,17,18,19,20
2018-07-03,11:00,3116,3,2,7,10,11,12,13,14,15,16,20
2018-07-03,12:00,3117,7,3,4,5,7,9,10,12,14,18,19
2018-07-03,13:00,3118,13,4,5,6,7,8,10,14,15,17,19
2018-07-03,14:00,3119,19,1,2,6,10,11,13,14,17,18,20
2018-07-03,15:00,3120,7,3,4,8,9,10,12,13,16,17,20
2018-07-03,16:00,3121,17,1,6,7,9,11,12,14,15,17,19
2018-07-03,17:00,3122,11,1,2,7,8,9,12,16,17,18,20
2018-07-03,18:00,3123,2,8,9,12,13,14,16,17,18,19,20
2018-07-03,19:00,3124,2,2,4,5,9,10,11,12,14,16,18
2018-07-03,20:00,3125,10,5,6,8,11,12,13,15,16,19,20
2018-07-03,21:00,3126,13,1,2,4,7,9,11,12,14,19,20
2018-07-03,22:00,3127,9,3,4,6,7,8,14,15,16,17,18
2018-07-03,23:00,3128,5,2,3,4,5,6,11,14,16,17,19
2018-07-04,07:00,3129,10,1,5,6,7,8,9,11,14,15,18
2018-07-04,08:00,3130,1,4,5,6,7,8,13,16,17,18,19
2018-07-04,09:00,3131,20,1,4,6,10,11,12,15,16,19,20
2018-07-04,10:00,3132,14,1,5,6,8,10,12,13,15,17,20
2018-07-04,11:00,3133,14,2,3,6,7,13,14,16,17,19,20
2018-07-04,12:00,3134,2,2,5,6,11,12,13,14,15,18,20
2018-07-04,13:00,3135,2,1,2,4,5,7,8,9,11,13,20
2018-07-04,14:00,3136,19,1,2,4,5,10,12,13,14,18,19
2018-07-04,15:00,3137,19,1,2,5,6,7,9,11,12,13,20
2018-07-04,16:00,3138,4,3,5,6,7,8,11,14,15,16,18
2018-07-04,17:00,3139,14,1,2,4,6,7,11,13,14,15,16
2018-07-04,18:00,3140,18,1,3,5,6,7,8,15,16,17,19
2018-07-04,19:00,3141,11,2,3,4,5,7,8,9,16,17,19
2018-07-04,20:00,3142,12,2,4,6,7,8,10,14,15,17,20
2018-07-04,21:00,3143,6,3,7,8,9,11,14,15,16,17,20
2018-07-04,22:00,3144,4,2,6,7,8,9,10,11,12,15,18
2018-07-04,23:00,3145,5,2,3,5,7,12,13,15,16,18,20
2018-07-05,07:00,3146,13,1,3,4,5,6,8,10,11,17,20
2018-07-05,08:00,3147,9,2,3,4,5,6,11,12,15,17,20
2018-07-05,09:00,3148,12,1,2,4,5,6,7,10,11,14,18
2018-07-05,10:00,3149,8,2,4,5,8,10,12,15,17,18,19
2018-07-05,11:00,3150,3,2,3,4,6,10,11,14,15,18,19
2018-07-05,12:00,3151,1,1,2,5,6,7,9,11,12,13,17
2018-07-05,13:00,3152,4,2,3,4,5,10,12,13,17,18,20
2018-07-05,14:00,3153,15,3,4,5,6,8,11,16,17,18,19
2018-07-05,15:00,3154,8,1,3,4,6,10,13,14,15,18,20
2018-07-05,16:00,3155,16,2,6,8,9,10,12,14,15,16,20
2018-07-05,17:00,3156,11,3,5,6,10,11,12,17,18,19,20
2018-07-05,18:00,3157,10,1,4,6,7,8,11,16,17,19,20
2018-07-05,19:00,3158,9,1,4,5,6,7,8,10,11,14,15
2018-07-05,20:00,3159,4,1,2,5,9,10,11,12,14,15,19
2018-07-05,21:00,3160,9,2,4,6,8,9,11,13,14,16,19
2018-07-05,22:00,3161,12,2,3,6,7,9,10,12,15,16,17
2018-07-05,23:00,3162,6,3,4,6,10,13,14,16,18,19,20
2018-07-06,07:00,3163,13,2,3,5,7,8,12,15,16,17,18
2018-07-06,08:00,3164,17,2,3,6,8,12,13,14,18,19,20
2018-07-06,09:00,3165,20,1,8,9,10,11,13,15,16,18,20
2018-07-06,10:00,3166,4,2,5,8,9,11,13,16,17,18,19
2018-07-06,11:00,3167,13,3,8,12,13,14,15,16,18,19,20
2018-07-06,12:00,3168,12,1,2,3,4,5,6,8,16,17,20
2018-07-06,13:00,3169,5,1,2,4,5,7,8,11,12,13,16
2018-07-06,14:00,3170,10,1,4,6,8,10,13,15,17,18,19
2018-07-06,15:00,3171,2,3,4,5,6,11,13,14,16,19,20
2018-07-06,16:00,3172,12,1,2,5,8,14,15,16,17,18,19
2018-07-06,17:00,3173,19,2,3,5,9,10,11,12,14,17,20
2018-07-06,18:00,3174,9,1,2,3,4,8,9,10,12,14,19
2018-07-06,19:00,3175,1,4,5,6,8,10,11,13,15,16,19
2018-07-06,20:00,3176,10,1,2,5,6,7,9,15,18,19,20
2018-07-06,21:00,3177,6,4,6,8,13,14,16,17,18,19,20
2018-07-06,22:00,3178,8,4,6,8,9,11,14,16,17,19,20
2018-07-06,23:00,3179,11,1,4,10,11,12,13,14,15,16,20
2018-07-07,07:00,3180,15,2,3,8,9,10,14,15,16,18,19
2018-07-07,08:00,3181,20,2,3,4,5,7,9,13,14,15,18
2018-07-07,09:00,3182,2,2,8,10,11,12,15,16,17,19,20
2018-07-07,10:00,3183,17,1,4,7,8,10,11,13,17,18,19
2018-07-07,11:00,3184,8,1,5,6,7,10,11,13,16,19,20
2018-07-07,12:00,3185,4,1,2,3,4,10,11,12,17,19,20
2018-07-07,13:00,3186,8,2,4,9,11,13,14,15,16,17,19
2018-07-07,14:00,3187,10,1,2,3,6,9,10,12,14,15,18
2018-07-07,15:00,3188,20,1,2,4,8,9,13,14,15,16,19
2018-07-07,16:00,3189,6,1,4,6,9,11,12,15,16,18,19
2018-07-07,17:00,3190,20,1,3,4,5,6,8,11,14,15,19
2018-07-07,18:00,3191,10,1,3,4,5,11,13,14,16,17,18
2018-07-07,19:00,3192,18,2,3,4,8,10,13,15,17,18,19
2018-07-07,20:00,3193,3,1,2,8,10,11,12,13,16,17,20
2018-07-07,21:00,3194,6,2,3,4,6,10,11,12,14,16,17
2018-07-07,22:00,3195,16,2,3,7,8,9,10,12,16,17,19
2018-07-07,23:00,3196,11,4,5,8,10,14,16,17,18,19,20
2018-07-08,07:00,3197,15,2,3,7,9,11,12,15,16,18,20
2018-07-08,08:00,3198,16,7,8,9,10,11,12,14,16,18,19
2018-07-08,09:00,3199,17,4,6,7,11,13,14,16,17,18,19
2018-07-08,10:00,3200,9,1,3,7,9,12,14,15,17,18,20
2018-07-08,11:00,3201,18,1,5,6,10,11,12,13,14,17,18
2018-07-08,12:00,3202,4,2,3,4,5,6,13,15,16,17,18
2018-07-08,13:00,3203,4,2,3,5,7,9,10,11,13,14,18
2018-07-08,14:00,3204,13,4,5,9,13,14,15,16,17,19,20
2018-07-08,15:00,3205,7,3,5,8,12,13,14,15,17,18,19
2018-07-08,16:00,3206,17,3,5,6,7,10,12,16,17,18,20
2018-07-08,17:00,3207,8,1,2,7,9,10,11,12,14,15,20
2018-07-08,18:00,3208,6,2,4,10,13,14,15,16,17,19,20
2018-07-08,19:00,3209,13,5,7,8,10,11,13,14,15,17,18
2018-07-08,20:00,3210,18,1,4,6,7,9,10,11,13,15,20
2018-07-08,21:00,3211,11,2,4,5,8,10,14,17,18,19,20
2018-07-08,22:00,3212,19,1,3,4,6,7,9,11,12,17,18
2018-07-08,23:00,3213,5,1,6,7,8,11,12,16,17,18,19
2018-07-09,07:00,3214,3,1,2,4,5,7,10,11,15,17,19
2018-07-09,08:00,3215,9,2,3,7,9,10,11,12,13,15,16
2018-07-09,09:00,3216,7,1,4,6,8,9,11,14,16,17,19
2018-07-09,10:00,3217,7,1,2,7,8,12,13,15,16,17,20
2018-07-09,11:00,3218,19,2,4,6,7,9,14,16,18,19,20
2018-07-09,12:00,3219,14,1,2,3,4,7,8,10,15,18,20
2018-07-09,13:00,3220,8,2,5,6,14,15,16,17,18,19,20
2018-07-09,14:00,3221,20,1,3,8,10,11,12,15,16,17,20
2018-07-09,15:00,3222,8,5,7,8,9,11,14,15,16,18,19
2018-07-09,16:00,3223,12,2,4,6,9,10,11,12,13,15,20
2018-07-09,17:00,3224,8,1,2,5,9,11,12,14,17,18,19
2018-07-09,18:00,3225,18,1,2,5,10,12,13,14,15,16,17
2018-07-09,19:00,3226,14,3,7,8,9,10,13,14,15,17,18
2018-07-09,20:00,3227,16,3,4,5,6,11,15,16,17,19,20
2018-07-09,21:00,3228,20,1,3,8,9,11,14,16,18,19,20
2018-07-09,22:00,3229,17,1,4,5,6,7,15,17,18,19,20
2018-07-09,23:00,3230,16,5,7,8,9,10,11,12,13,15,19
2018-07-10,07:00,3231,12,1,3,5,6,8,10,13,16,17,19
2018-07-10,08:00,3232,4,2,3,5,7,10,15,16,17,18,19
2018-07-10,09:00,3233,3,1,2,7,11,12,14,15,16,18,19
2018-07-10,10:00,3234,11,1,2,3,4,5,7,11,15,16,19
2018-07-10,11:00,3235,12,2,4,5,6,7,8,11,14,17,20
2018-07-10,12:00,3236,2,2,4,6,9,11,12,14,16,19,20
2018-07-10,13:00,3237,9,1,2,3,4,7,8,11,15,16,18
2018-07-10,14:00,3238,18,3,5,11,12,13,14,15,16,17,20
2018-07-10,15:00,3239,13,1,2,6,7,12,14,15,16,18,20
2018-07-10,16:00,3240,6,1,3,4,5,6,7,12,15,18,20
2018-07-10,17:00,3241,11,1,3,4,5,6,9,11,14,18,19
2018-07-10,18:00,3242,8,1,2,3,5,6,7,11,12,18,20
2018-07-10,19:00,3243,11,4,5,6,7,8,12,14,15,19,20
2018-07-10,20:00,3244,2,1,2,4,6,7,10,11,13,14,20
2018-07-10,21:00,3245,12,1,3,5,7,8,10,11,14,16,18
2018-07-10,22:00,3246,19,1,3,7,9,11,12,15,17,18,20
2018-07-10,23:00,3247,11,2,5,6,9,11,13,14,15,16,20
2018-07-11,07:00,3248,15,7,8,11,12,13,15,17,18,19,20
2018-07-11,08:00,3249,10,3,4,5,8,10,11,15,17,19,20
2018-07-11,09:00,3250,7,1,2,4,8,10,14,16,17,18,20
2018-07-11,10:00,3251,15,2,3,5,6,8,9,11,13,14,19
2018-07-11,11:00,3252,3,3,4,5,6,8,9,11,14,16,19
2018-07-11,12:00,3253,6,2,3,4,5,6,7,10,12,16,17
2018-07-11,13:00,3254,16,2,6,8,11,12,14,15,16,18,20
2018-07-11,14:00,3255,3,2,4,5,7,10,11,13,15,17,18
2018-07-11,15:00,3256,7,1,4,5,6,8,10,15,16,18,19
2018-07-11,16:00,3257,19,4,6,8,9,11,12,14,15,16,18
2018-07-11,17:00,3258,7,1,5,6,7,12,13,15,16,17,20
2018-07-11,18:00,3259,7,1,3,4,6,8,11,13,16,17,19
2018-07-11,19:00,3260,13,1,2,5,6,7,8,13,14,17,19
2018-07-11,20:00,3261,4,1,6,7,11,12,13,14,15,18,19
2018-07-11,21:00,3262,20,3,7,8,10,13,14,15,16,17,19
2018-07-11,22:00,3263,2,3,4,7,9,10,13,15,17,18,20
2018-07-11,23:00,3264,18,1,8,9,11,12,13,14,15,16,20
2018-07-12,07:00,3265,8,1,2,3,5,8,9,11,13,14,18
2018-07-12,08:00,3266,17,1,4,5,8,9,10,11,12,13,14
2018-07-12,09:00,3267,18,2,7,8,9,10,11,12,16,18,20
2018-07-12,10:00,3268,13,3,4,5,6,7,8,12,14,15,17
2018-07-12,11:00,3269,19,4,6,7,8,10,11,15,17,19,20
2018-07-12,12:00,3270,8,4,6,7,8,9,10,11,14,15,17
2018-07-12,13:00,3271,17,2,3,5,6,7,9,13,14,16,19
2018-07-12,14:00,3272,20,1,2,5,6,7,10,11,13,14,20
2018-07-12,15:00,3273,13,1,3,5,6,9,10,13,17,18,20
2018-07-12,16:00,3274,19,1,3,4,6,7,9,11,12,13,19
2018-07-12,17:00,3275,16,1,2,3,4,5,6,9,10,15,16
2018-07-12,18:00,3276,10,1,2,6,8,9,10,15,16,19,20
2018-07-12,19:00,3277,13,1,2,4,5,8,10,13,14,18,19
2018-07-12,20:00,3278,14,1,2,4,5,7,10,12,14,15,18
2018-07-12,21:00,3279,17,1,2,4,5,6,7,9,13,17,18
2018-07-12,22:00,3280,1,1,5,6,7,10,11,15,17,19,20
2018-07-12,23:00,3281,18,2,3,5,9,10,13,14,17,18,20
2018-07-13,07:00,3282,6,5,7,10,13,14,15,16,17,18,20
2018-07-13,08:00,3283,17,1,2,6,8,9,10,11,12,14,18
2018-07-13,09:00,3284,8,1,2,3,4,7,9,10,12,13,15
2018-07-13,10:00,3285,11,3,4,6,10,11,13,15,17,18,20
2018-07-13,11:00,3286,16,2,3,4,6,8,10,11,15,16,20
2018-07-13,12:00,3287,14,2,3,4,5,6,7,8,9,11,13
2018-07-13,13:00,3288,10,5,6,8,10,12,13,14,15,16,19
2018-07-13,14:00,3289,2,1,2,3,6,8,10,11,18,19,20
2018-07-13,15:00,3290,19,1,2,3,4,6,8,9,13,14,17
2018-07-13,16:00,3291,19,4,6,7,8,9,10,11,12,16,18
2018-07-13,17:00,3292,14,2,5,7,9,10,13,14,16,18,20
2018-07-13,18:00,3293,9,6,10,11,14,15,16,17,18,19,20
2018-07-13,19:00,3294,1,4,6,7,9,10,12,16,18,19,20
2018-07-13,20:00,3295,11,1,2,4,7,9,10,11,12,13,20
2018-07-13,21:00,3296,6,6,7,8,9,10,11,12,14,16,17
2018-07-13,22:00,3297,7,2,3,4,5,9,10,12,16,17,18
2018-07-13,23:00,3298,20,2,3,4,6,10,11,12,15,16,19
2018-07-14,07:00,3299,16,1,2,3,6,8,10,12,17,18,20
2018-07-14,08:00,3300,18,6,7,8,9,11,12,13,17,19,20
2018-07-14,09:00,3301,5,1,2,4,5,6,8,9,13,18,20
2018-07-14,10:00,3302,15,2,6,7,8,9,11,15,16,17,18
2018-07-14,11:00,3303,4,2,8,9,11,13,14,15,17,18,20
2018-07-14,12:00,3304,17,1,4,7,8,10,12,13,15,17,19
2018-07-14,13:00,3305,19,1,2,4,5,6,9,14,17,19,20
2018-07-14,14:00,3306,3,1,5,6,7,9,11,12,14,19,20
2018-07-14,15:00,3307,16,7,8,9,10,11,13,14,15,19,20
2018-07-14,16:00,3308,17,1,2,3,4,7,9,11,13,14,20
2018-07-14,17:00,3309,12,3,4,5,10,11,14,15,16,17,20
2018-07-14,18:00,3310,7,1,4,5,10,11,12,13,14,15,19
2018-07-14,19:00,3311,4,1,3,4,5,7,8,11,15,16,20
2018-07-14,20:00,3312,1,1,2,4,7,8,11,12,14,16,17
2018-07-14,21:00,3313,4,1,3,8,9,10,12,13,14,15,20
2018-07-14,22:00,3314,14,2,3,7,8,11,14,16,17,18,19
2018-07-14,23:00,3315,3,1,2,6,7,8,11,13,14,15,20
2018-07-15,07:00,3316,12,2,4,6,7,11,12,13,15,17,20
2018-07-15,08:00,3317,15,3,4,8,9,10,11,13,14,15,20
2018-07-15,09:00,3318,15,4,5,6,8,9,13,15,17,18,19
2018-07-15,10:00,3319,20,1,3,4,6,13,15,16,17,18,19
2018-07-15,11:00,3320,5,5,6,7,9,10,11,12,15,16,18
2018-07-15,12:00,3321,17,1,4,5,6,8,9,10,12,18,20
2018-07-15,13:00,3322,7,5,6,7,10,12,13,14,16,18,19
2018-07-15,14:00,3323,11,3,4,5,7,11,14,16,18,19,20
2018-07-15,15:00,3324,1,1,2,3,4,8,12,14,16,17,19
2018-07-15,16:00,3325,17,1,3,4,7,8,10,11,12,13,15
2018-07-15,17:00,3326,5,3,4,5,6,7,8,9,12,14,18
2018-07-15,18:00,3327,20,3,7,8,10,11,12,13,14,15,17
2018-07-15,19:00,3328,19,2,3,4,9,11,13,14,15,18,19
2018-07-15,20:00,3329,6,1,3,5,6,8,9,14,17,18,19
2018-07-15,21:00,3330,1,5,6,7,8,10,11,12,13,14,15
2018-07-15,22:00,3331,17,4,6,7,9,11,13,14,15,16,17
2018-07-15,23:00,3332,8,1,2,7,9,11,12,14,15,19,20
2018-07-16,07:00,3333,14,1,2,3,7,8,14,16,17,18,20
2018-07-16,08:00,3334,7,4,6,7,9,10,11,12,13,16,19
2018-07-16,09:00,3335,19,1,3,6,7,9,10,14,15,16,20
2018-07-16,10:00,3336,12,2,3,5,7,9,10,13,16,19,20
2018-07-16,11:00,3337,16,2,5,6,7,8,9,16,17,18,20
2018-07-16,12:00,3338,6,1,2,4,5,8,9,11,16,18,20
2018-07-16,13:00,3339,17,4,5,6,7,10,15,16,17,19,20
2018-07-16,14:00,3340,10,1,6,7,10,12,13,14,16,17,18
2018-07-16,15:00,3341,4,3,7,8,9,10,11,14,15,16,19
2018-07-16,16:00,3342,20,1,2,3,4,5,12,13,15,17,20
2018-07-16,17:00,3343,1,2,4,6,8,10,11,12,13,14,18
2018-07-16,18:00,3344,8,6,7,8,9,10,11,12,14,15,19
2018-07-16,19:00,3345,12,1,2,3,7,10,11,12,13,16,19
2018-07-16,20:00,3346,6,1,3,4,5,7,8,9,12,19,20
2018-07-16,21:00,3347,2,1,2,6,8,9,11,13,15,18,19
2018-07-16,22:00,3348,1,3,7,8,9,10,11,14,15,16,17
2018-07-16,23:00,3349,17,2,3,4,5,7,12,15,17,18,19
2018-07-17,07:00,3350,6,4,5,7,11,12,14,15,18,19,20
2018-07-17,08:00,3351,17,2,3,5,6,11,12,13,16,17,18
2018-07-17,09:00,3352,1,1,8,10,12,14,15,16,18,19,20
2018-07-17,10:00,3353,2,1,3,5,7,8,9,12,17,19,20
2018-07-17,11:00,3354,14,3,4,5,6,7,10,13,14,15,16
2018-07-17,12:00,3355,11,1,4,6,8,9,10,11,12,18,20
2018-07-17,13:00,3356,14,2,3,5,7,8,10,12,13,14,19
2018-07-17,14:00,3357,2,2,4,5,7,10,11,13,14,16,18
2018-07-17,15:00,3358,10,2,3,5,7,9,11,14,15,17,19
2018-07-17,16:00,3359,8,2,3,5,11,12,13,14,16,17,20
2018-07-17,17:00,3360,10,1,6,10,11,12,14,16,17,18,20
2018-07-17,18:00,3361,10,1,3,5,6,11,12,13,14,17,19
2018-07-17,19:00,3362,9,2,4,6,7,8,9,11,14,15,16
2018-07-17,20:00,3363,18,1,2,6,8,9,10,13,14,15,17
2018-07-17,21:00,3364,5,1,5,6,8,9,11,15,16,18,20
2018-07-17,22:00,3365,1,2,4,5,6,7,10,12,13,17,19
2018-07-17,23:00,3366,18,1,2,3,4,5,10,11,14,15,20
2018-07-18,07:00,3367,6,1,2,5,7,10,12,15,17,18,20
2018-07-18,08:00,3368,20,1,5,6,7,9,10,13,15,16,19
2018-07-18,09:00,3369,15,1,4,5,7,8,10,11,14,18,19
2018-07-18,10:00,3370,1,1,3,5,7,10,11,14,15,16,18
2018-07-18,11:00,3371,6,1,2,3,4,6,7,9,15,17,18
2018-07-18,12:00,3372,2,1,2,3,5,7,9,14,16,18,20
2018-07-18,13:00,3373,4,2,3,4,8,9,10,11,15,16,17
2018-07-18,14:00,3374,19,2,3,4,8,9,12,13,14,15,19
2018-07-18,15:00,3375,19,2,3,4,5,8,12,15,17,19,20
2018-07-18,16:00,3376,13,1,2,3,5,7,10,11,16,17,19
2018-07-18,17:00,3377,11,2,4,5,6,8,9,10,14,16,19
2018-07-18,18:00,3378,14,3,5,6,8,9,11,13,15,16,19
2018-07-18,19:00,3379,6,2,5,6,7,8,10,14,16,19,20
2018-07-18,20:00,3380,16,1,2,4,6,11,12,13,14,15,20
2018-07-18,21:00,3381,12,1,6,8,9,10,11,12,13,15,20
2018-07-18,22:00,3382,8,3,4,6,10,12,13,15,16,17,18
2018-07-18,23:00,3383,19,1,4,8,9,12,13,14,15,18,19
2018-07-19,07:00,3384,9,2,3,5,10,12,13,16,18,19,20
2018-07-19,08:00,3385,5,3,4,5,6,8,12,13,14,15,18
2018-07-19,09:00,3386,3,1,2,3,6,10,11,13,15,16,18
2018-07-19,10:00,3387,1,4,5,6,7,11,12,13,14,16,19
2018-07-19,11:00,3388,14,1,3,8,9,10,11,12,13,16,18
2018-07-19,12:00,3389,15,2,3,7,8,9,13,14,16,18,19
2018-07-19,13:00,3390,7,1,2,6,8,9,11,14,15,17,19
2018-07-19,14:00,3391,7,2,3,4,5,6,9,12,14,15,16
2018-07-19,15:00,3392,12,2,4,6,9,10,13,16,18,19,20
2018-07-19,16:00,3393,3,2,3,5,10,11,13,14,15,19,20
2018-07-19,17:00,3394,2,1,2,3,6,7,8,9,12,14,18
2018-07-19,18:00,3395,13,5,8,10,11,12,13,15,16,17,19
2018-07-19,19:00,3396,3,1,3,7,10,11,13,14,15,16,18
2018-07-19,20:00,3397,9,1,4,6,7,8,11,14,16,19,20
2018-07-19,21:00,3398,7,5,7,9,12,13,14,15,16,17,18
2018-07-19,22:00,3399,10,2,3,4,6,8,9,13,15,17,20
2018-07-19,23:00,3400,6,1,2,3,4,7,11,12,16,17,18
2018-07-20,07:00,3401,4,2,4,5,8,10,12,15,17,18,20
2018-07-20,08:00,3402,5,2,3,6,7,9,10,12,13,16,18
2018-07-20,09:00,3403,16,6,7,9,12,13,14,17,18,19,20
2018-07-20,10:00,3404,13,3,4,5,7,9,10,13,14,16,19
2018-07-20,11:00,3405,10,2,3,4,5,7,11,12,13,14,15
2018-07-20,12:00,3406,5,4,8,9,11,12,14,16,18,19,20
2018-07-20,13:00,3407,10,1,2,6,8,10,11,13,14,15,18
2018-07-20,14:00,3408,2,2,4,6,7,8,9,11,12,16,18
2018-07-20,15:00,3409,9,1,2,4,6,10,11,12,13,17,18
2018-07-20,16:00,3410,15,3,10,11,12,14,15,16,17,18,19
2018-07-20,17:00,3411,14,1,3,4,7,8,10,12,15,18,19
2018-07-20,18:00,3412,12,2,4,5,7,9,10,12,13,14,15
2018-07-20,19:00,3413,2,3,6,9,12,13,15,16,17,18,20
2018-07-20,20:00,3414,5,1,2,6,8,9,10,14,15,16,18
2018-07-20,21:00,3415,7,1,2,3,5,8,9,12,14,18,19
2018-07-20,22:00,3416,8,2,8,10,11,12,13,14,15,18,19
2018-07-20,23:00,3417,14,2,3,5,6,8,11,12,14,19,20
2018-07-21,07:00,3418,3,3,5,7,10,11,12,14,15,18,20
2018-07-21,08:00,3419,20,1,4,6,7,9,10,14,16,17,18
2018-07-21,09:00,3420,8,2,3,4,7,11,12,13,17,18,20
2018-07-21,10:00,3421,16,6,7,10,11,12,13,15,16,19,20
2018-07-21,11:00,3422,17,3,4,5,7,8,9,14,16,18,19
2018-07-21,12:00,3423,14,3,5,6,10,11,12,13,15,17,19
2018-07-21,13:00,3424,12,3,5,7,8,10,11,13,14,16,17
2018-07-21,14:00,3425,8,6,7,8,9,12,13,15,16,19,20
2018-07-21,15:00,3426,18,2,4,6,7,8,13,15,16,17,20
2018-07-21,16:00,3427,11,1,4,6,8,10,11,12,13,15,16
2018-07-21,17:00,3428,4,2,4,5,9,10,11,12,13,16,20
2018-07-21,18:00,3429,5,3,4,9,13,14,16,17,18,19,20
2018-07-21,19:00,3430,16,2,4,8,9,10,11,13,14,18,19
2018-07-21,20:00,3431,14,2,8,9,11,12,13,14,15,16,18
2018-07-21,21:00,3432,3,5,7,10,11,12,13,14,15,17,20
2018-07-21,22:00,3433,17,1,4,6,10,11,12,14,16,17,19
2018-07-21,23:00,3434,14,3,5,7,8,11,12,13,16,18,20
2018-07-22,07:00,3435,13,1,4,5,7,8,11,12,14,17,20
2018-07-22,08:00,3436,13,3,5,6,8,11,13,17,18,19,20
2018-07-22,09:00,3437,17,2,3,5,6,8,9,14,18,19,20
2018-07-22,10:00,3438,7,1,2,4,5,7,8,9,12,13,14
2018-07-22,11:00,3439,17,1,2,5,10,11,13,16,17,18,20
2018-07-22,12:00,3440,18,2,3,7,8,10,12,13,17,18,20
2018-07-22,13:00,3441,2,1,3,6,8,9,10,11,12,18,20
2018-07-22,14:00,3442,1,1,5,7,8,11,14,15,16,17,19
2018-07-22,15:00,3443,10,3,8,9,12,15,16,17,18,19,20
2018-07-22,16:00,3444,5,1,5,6,8,9,13,14,15,17,20
2018-07-22,17:00,3445,13,2,6,7,10,11,12,13,15,16,20
2018-07-22,18:00,3446,16,5,6,8,10,11,12,14,15,16,19
2018-07-22,19:00,3447,2,4,6,7,8,9,10,11,13,19,20
2018-07-22,20:00,3448,7,3,6,7,8,9,11,12,13,15,20
2018-07-22,21:00,3449,16,3,4,8,9,10,12,13,14,17,20
2018-07-22,22:00,3450,20,1,2,4,6,10,11,12,13,14,18
2018-07-22,23:00,3451,6,1,5,6,7,8,10,11,15,16,18
2018-07-23,07:00,3452,4,1,2,7,8,10,11,12,14,17,20
2018-07-23,08:00,3453,10,1,3,4,6,9,10,14,15,17,20
2018-07-23,09:00,3454,11,2,6,8,9,11,12,15,16,17,19
2018-07-23,10:00,3455,7,3,4,5,8,10,12,13,18,19,20
2018-07-23,11:00,3456,14,1,2,3,4,5,7,8,12,14,15
2018-07-23,12:00,3457,7,1,3,4,7,8,13,14,15,17,20
2018-07-23,13:00,3458,18,2,3,6,7,8,11,13,15,19,20
2018-07-23,14:00,3459,10,1,3,5,7,8,9,15,16,18,19
2018-07-23,15:00,3460,12,1,3,4,7,8,10,11,13,14,16
2018-07-23,16:00,3461,4,1,3,4,5,8,10,12,15,16,19
2018-07-23,17:00,3462,14,4,5,6,7,9,14,16,17,18,19
2018-07-23,18:00,3463,17,1,2,6,8,9,10,11,14,17,20
2018-07-23,19:00,3464,14,3,4,5,7,9,12,13,14,18,20
2018-07-23,20:00,3465,15,1,5,6,7,8,12,14,15,16,19
2018-07-23,21:00,3466,18,1,5,6,9,10,12,13,15,19,20
2018-07-23,22:00,3467,7,1,2,5,6,7,8,10,11,16,17
2018-07-23,23:00,3468,12,1,2,3,4,6,8,14,15,18,19
2018-07-24,07:00,3469,8,2,4,5,9,11,12,14,16,17,20
2018-07-24,08:00,3470,14,1,2,3,5,7,8,9,10,13,15
2018-07-24,09:00,3471,18,2,3,5,8,9,14,16,18,19,20
2018-07-24,10:00,3472,4,1,2,4,5,7,8,11,14,16,19
2018-07-24,11:00,3473,20,4,6,8,9,10,11,15,17,18,20
2018-07-24,12:00,3474,19,2,5,7,9,12,13,14,16,17,20
2018-07-24,13:00,3475,1,2,3,8,9,10,12,14,15,18,19
2018-07-24,14:00,3476,12,3,7,9,10,11,14,15,16,17,19
2018-07-24,15:00,3477,9,1,2,4,5,6,8,11,14,16,18
2018-07-24,16:00,3478,18,2,3,5,7,8,12,14,17,18,19
2018-07-24,17:00,3479,12,3,6,7,9,11,13,14,17,19,20
2018-07-24,18:00,3480,8,2,3,7,8,10,11,14,15,18,19
2018-07-24,19:00,3481,7,1,2,3,4,8,13,16,17,19,20
2018-07-24,20:00,3482,16,3,4,5,9,10,11,13,16,18,19
2018-07-24,21:00,3483,7,2,4,7,8,12,13,14,16,19,20
2018-07-24,22:00,3484,2,7,8,10,12,15,16,17,18,19,20
2018-07-24,23:00,3485,18,1,4,5,6,10,11,15,16,17,20
2018-07-25,07:00,3486,5,1,2,3,4,9,11,12,17,18,19
2018-07-25,08:00,3487,6,1,5,6,7,8,11,15,17,18,20
2018-07-25,09:00,3488,2,5,6,7,9,11,12,15,16,17,20
2018-07-25,10:00,3489,14,1,4,6,7,8,12,13,15,16,18
2018-07-25,11:00,3490,14,2,3,4,5,6,10,12,13,15,20
2018-07-25,12:00,3491,19,1,2,3,4,5,8,15,16,17,20
2018-07-25,13:00,3492,6,1,2,4,5,10,11,13,15,16,18
2018-07-25,14:00,3493,11,3,4,5,10,11,12,13,15,18,19
2018-07-25,15:00,3494,11,1,2,5,7,10,11,15,16,19,20
2018-07-25,16:00,3495,15,1,2,5,6,7,11,13,14,16,18
2018-07-25,17:00,3496,18,6,7,8,9,10,12,13,15,17,18
2018-07-25,18:00,3497,9,1,3,6,8,11,12,16,17,19,20
2018-07-25,19:00,3498,2,2,3,4,6,7,9,12,15,18,20
2018-07-25,20:00,3499,14,1,2,4,5,6,8,9,12,13,16
2018-07-25,21:00,3500,7,1,5,6,7,10,11,12,16,18,19
2018-07-25,22:00,3501,5,3,5,9,10,11,16,17,18,19,20
2018-07-25,23:00,3502,5,3,4,5,8,9,10,13,17,18,19
2018-07-26,07:00,3503,19,1,2,3,5,8,9,12,13,17,18
2018-07-26,08:00,3504,4,1,4,7,8,10,13,15,17,19,20
2018-07-26,09:00,3505,1,1,2,7,8,10,11,12,13,14,16
2018-07-26,10:00,3506,2,2,3,5,6,11,13,16,18,19,20
2018-07-26,11:00,3507,7,4,6,9,11,12,14,15,16,19,20
2018-07-26,12:00,3508,2,4,7,9,10,11,12,13,15,18,19
2018-07-26,13:00,3509,3,7,8,9,10,11,12,13,14,17,18
2018-07-26,14:00,3510,5,2,6,7,8,9,11,12,13,17,19
2018-07-26,15:00,3511,3,1,4,6,7,8,9,10,13,19,20
2018-07-26,16:00,3512,1,1,3,8,10,11,12,13,14,15,17
2018-07-26,17:00,3513,17,2,5,6,7,9,10,12,15,16,17
2018-07-26,18:00,3514,19,3,5,6,7,12,13,14,15,19,20
2018-07-26,19:00,3515,11,1,5,10,11,15,16,17,18,19,20
2018-07-26,20:00,3516,6,2,4,7,8,10,11,12,14,15,17
2018-07-26,21:00,3517,8,1,3,4,6,9,10,14,15,16,18
2018-07-26,22:00,3518,4,1,2,3,4,6,9,10,14,15,20
2018-07-26,23:00,3519,17,3,4,7,8,9,10,12,13,15,20
2018-07-27,07:00,3520,17,4,6,7,12,13,16,17,18,19,20
2018-07-27,08:00,3521,19,3,4,5,9,13,14,16,17,18,19
2018-07-27,09:00,3522,8,2,5,6,10,12,13,14,16,18,20
2018-07-27,10:00,3523,6,1,2,4,6,7,8,16,18,19,20
2018-07-27,11:00,3524,2,1,2,5,8,12,14,15,18,19,20
2018-07-27,12:00,3525,7,3,5,6,9,10,11,12,13,17,18
2018-07-27,13:00,3526,18,1,4,5,8,9,10,12,16,18,20
2018-07-27,14:00,3527,1,1,4,5,6,8,9,14,15,16,18
2018-07-27,15:00,3528,17,1,2,5,7,9,10,11,12,14,19
2018-07-27,16:00,3529,2,1,2,4,8,12,13,14,17,18,19
2018-07-27,17:00,3530,11,1,2,5,8,10,12,14,15,17,19
2018-07-27,18:00,3531,12,1,2,3,4,8,10,12,13,14,15
2018-07-27,19:00,3532,12,1,2,6,9,12,14,16,18,19,20
2018-07-27,20:00,3533,20,3,6,7,8,9,11,12,13,18,20
2018-07-27,21:00,3534,8,3,6,7,11,12,13,14,17,18,20
2018-07-27,22:00,3535,10,2,4,5,7,9,10,12,15,17,20
2018-07-27,23:00,3536,18,1,6,8,11,12,13,17,18,19,20
2018-07-28,07:00,3537,3,2,6,9,10,13,14,16,18,19,20
2018-07-28,08:00,3538,20,2,3,6,8,10,11,12,15,19,20
2018-07-28,09:00,3539,1,1,2,5,6,13,15,17,18,19,20
2018-07-28,10:00,3540,1,1,3,6,7,9,11,15,17,19,20
2018-07-28,11:00,3541,15,3,4,6,7,8,11,12,13,17,18
2018-07-28,12:00,3542,18,2,3,5,8,10,11,14,16,17,20
2018-07-28,13:00,3543,13,2,4,5,6,10,11,14,15,17,19
2018-07-28,14:00,3544,8,2,5,7,8,11,12,15,16,17,18
2018-07-28,15:00,3545,12,6,8,10,11,13,14,15,16,18,20
2018-07-28,16:00,3546,12,1,3,4,7,8,11,12,13,14,19
2018-07-28,17:00,3547,18,2,7,12,14,15,16,17,18,19,20
2018-07-28,18:00,3548,18,1,5,6,8,9,10,11,15,18,19
2018-07-28,19:00,3549,9,2,3,4,5,6,8,9,11,15,19
2018-07-28,20:00,3550,9,1,3,5,9,10,11,12,16,18,20
2018-07-28,21:00,3551,12,1,2,4,5,7,9,13,16,18,19
2018-07-28,22:00,3552,17,1,3,5,6,7,9,10,11,14,17
2018-07-28,23:00,3553,8,2,4,5,6,8,13,14,17,19,20
2018-07-29,07:00,3554,5,1,2,3,4,5,7,10,11,16,18
2018-07-29,08:00,3555,7,3,4,5,7,9,10,12,15,17,18
2018-07-29,09:00,3556,16,1,2,3,6,8,11,14,16,17,20
2018-07-29,10:00,3557,11,2,4,5,6,10,12,13,14,18,19
2018-07-29,11:00,3558,10,2,4,9,10,11,12,13,15,17,20
2018-07-29,12:00,3559,5,4,6,7,9,11,12,13,14,17,19
2018-07-29,13:00,3560,13,1,3,5,6,9,11,13,17,19,20
2018-07-29,14:00,3561,9,1,3,6,8,11,12,14,16,17,20
2018-07-29,15:00,3562,8,4,5,6,7,8,11,12,14,16,18
2018-07-29,16:00,3563,5,2,5,8,10,11,14,15,17,18,19
2018-07-29,17:00,3564,6,1,2,6,11,12,13,15,16,17,18
2018-07-29,18:00,3565,17,2,3,4,5,8,9,11,15,16,19
2018-07-29,19:00,3566,9,2,3,4,6,9,10,11,14,15,19
2018-07-29,20:00,3567,15,1,4,6,7,8,10,11,16,18,20
2018-07-29,21:00,3568,6,1,3,4,6,9,11,13,16,17,19
2018-07-29,22:00,3569,20,2,4,5,6,10,11,15,16,18,20
2018-07-29,23:00,3570,2,1,3,5,6,7,9,10,16,17,19
2018-07-30,07:00,3571,17,1,4,6,7,8,9,12,16,17,19
2018-07-30,08:00,3572,2,3,4,7,8,10,11,14,15,16,18
2018-07-30,09:00,3573,4,3,4,5,6,8,11,15,17,19,20
2018-07-30,10:00,3574,6,2,3,7,9,12,13,14,17,18,19
2018-07-30,11:00,3575,1,1,2,3,6,9,10,11,13,15,19
2018-07-30,12:00,3576,13,3,4,8,10,11,13,15,16,17,18
2018-07-30,13:00,3577,10,3,4,5,6,8,10,11,12,13,18
2018-07-30,14:00,3578,2,3,4,5,6,7,8,11,16,18,19
2018-07-30,15:00,3579,17,3,4,5,7,9,13,14,15,18,19
2018-07-30,16:00,3580,6,3,8,9,10,11,13,14,15,16,20
2018-07-30,17:00,3581,3,1,3,4,5,6,8,9,11,17,19
2018-07-30,18:00,3582,9,3,9,10,12,13,14,15,16,18,20
2018-07-30,19:00,3583,6,1,6,7,10,11,15,16,17,18,20
2018-07-30,20:00,3584,18,2,3,4,7,8,10,12,15,17,18
2018-07-30,21:00,3585,20,1,3,4,5,7,9,12,14,15,17
2018-07-30,22:00,3586,3,1,3,6,9,13,14,17,18,19,20
2018-07-30,23:00,3587,17,2,3,5,6,7,13,14,18,19,20
2018-07-31,07:00,3588,15,2,3,4,6,10,12,14,15,17,18
2018-07-31,08:00,3589,11,1,3,6,7,8,13,16,17,18,19
2018-07-31,09:00,3590,18,3,6,7,8,9,12,15,17,18,20
2018-07-31,10:00,3591,17,3,5,7,9,10,11,13,16,17,20
2018-07-31,11:00,3592,13,2,3,6,7,9,10,11,12,17,18
2018-07-31,12:00,3593,1,2,3,6,9,10,11,14,17,18,20
2018-07-31,13:00,3594,5,1,4,5,8,10,11,13,14,18,19
2018-07-31,14:00,3595,13,3,9,10,13,14,15,16,17,18,19
2018-07-31,15:00,3596,17,3,4,7,9,10,14,16,17,19,20
2018-07-31,16:00,3597,10,2,3,4,5,8,14,16,17,19,20
2018-07-31,17:00,3598,7,1,8,10,13,14,15,16,17,18,19
2018-07-31,18:00,3599,15,1,2,3,6,11,14,15,16,19,20
2018-07-31,19:00,3600,7,1,2,4,5,11,12,16,17,18,20
2018-07-31,20:00,3601,8,2,5,7,11,12,13,15,17,18,20
2018-07-31,21:00,3602,12,2,3,4,10,11,12,13,15,17,19
2018-07-31,22:00,3603,4,1,2,3,4,7,8,9,13,14,15
2018-07-31,23:00,3604,14,2,3,4,5,8,9,13,14,15,17
2018-08-01,07:00,3605,16,3,5,8,10,11,12,13,14,18,20
2018-08-01,08:00,3606,8,3,7,8,9,10,13,14,15,18,19
2018-08-01,09:00,3607,13,1,2,6,8,9,10,11,13,16,17
2018-08-01,10:00,3608,6,1,2,5,12,13,15,17,18,19,20
2018-08-01,11:00,3609,20,3,5,6,10,11,12,13,16,18,20
2018-08-01,12:00,3610,3,3,4,5,6,7,8,11,12,15,16
2018-08-01,13:00,3611,20,3,7,9,10,11,12,13,15,17,19
2018-08-01,14:00,3612,18,1,2,9,10,12,13,15,17,18,20
2018-08-01,15:00,3613,17,2,3,5,6,7,8,11,15,17,18
2018-08-01,16:00,3614,15,3,5,6,7,8,9,12,13,18,19
2018-08-01,17:00,3615,13,1,6,7,10,11,12,14,15,17,20
2018-08-01,18:00,3616,13,1,3,5,6,11,12,15,17,19,20
2018-08-01,19:00,3617,10,1,3,4,7,9,12,13,14,17,20
2018-08-01,20:00,3618,11,5,10,11,12,13,14,15,16,19,20
2018-08-01,21:00,3619,14,1,2,3,7,10,11,13,18,19,20
2018-08-01,22:00,3620,20,1,3,5,6,7,11,13,16,18,19
2018-08-01,23:00,3621,14,2,3,4,6,7,8,9,11,15,17
2018-08-02,07:00,3622,2,1,2,4,5,7,8,15,17,18,19
2018-08-02,08:00,3623,15,2,3,4,8,11,12,13,18,19,20
2018-08-02,09:00,3624,5,4,5,6,8,9,10,11,15,16,17
2018-08-02,10:00,3625,18,1,2,7,11,13,15,16,17,18,20
2018-08-02,11:00,3626,10,2,3,4,5,6,8,13,17,19,20
2018-08-02,12:00,3627,20,1,2,3,5,6,8,11,14,15,18
2018-08-02,13:00,3628,13,2,3,5,6,9,10,13,14,15,16
2018-08-02,14:00,3629,1,1,5,6,9,10,11,12,14,16,18
2018-08-02,15:00,3630,9,1,2,6,9,10,12,14,15,17,19
2018-08-02,16:00,3631,15,4,6,7,8,9,10,13,16,18,19
2018-08-02,17:00,3632,4,1,2,3,5,6,10,13,14,18,19
2018-08-02,18:00,3633,8,1,4,6,11,12,13,14,17,19,20
2018-08-02,19:00,3634,19,1,4,5,6,8,12,17,18,19,20
2018-08-02,20:00,3635,13,2,4,7,8,12,13,14,15,18,20
2018-08-02,21:00,3636,20,3,5,7,8,10,12,13,17,18,20
2018-08-02,22:00,3637,6,2,4,5,6,8,12,14,16,18,19
2018-08-02,23:00,3638,5,1,2,6,7,8,12,13,14,16,17
2018-08-03,07:00,3639,18,1,4,8,10,13,14,15,16,18,19
2018-08-03,08:00,3640,19,1,2,6,7,8,9,10,15,17,19
2018-08-03,09:00,3641,3,4,5,6,9,12,13,14,15,16,19
2018-08-03,10:00,3642,6,2,4,6,9,11,12,14,15,16,20
2018-08-03,11:00,3643,15,2,4,5,8,9,10,11,12,13,20
2018-08-03,12:00,3644,16,1,3,5,8,11,12,15,16,18,19
2018-08-03,13:00,3645,15,2,5,7,8,11,12,13,14,19,20
2018-08-03,14:00,3646,14,2,5,6,7,9,14,15,16,17,20
2018-08-03,15:00,3647,6,2,4,7,13,14,15,17,18,19,20
2018-08-03,16:00,3648,11,1,3,8,9,11,12,13,14,16,17
2018-08-03,17:00,3649,5,2,3,6,7,8,12,16,17,18,20
2018-08-03,18:00,3650,15,2,3,4,7,9,10,12,17,19,20
2018-08-03,19:00,3651,19,1,2,3,7,10,11,12,15,17,19
2018-08-03,20:00,3652,19,1,4,5,12,14,15,16,17,19,20
2018-08-03,21:00,3653,9,3,5,7,9,12,14,15,17,18,20
2018-08-03,22:00,3654,11,3,4,5,6,11,12,17,18,19,20
2018-08-03,23:00,3655,9,2,6,7,8,14,15,16,18,19,20
2018-08-04,07:00,3656,4,3,4,7,8,9,10,12,14,15,18
2018-08-04,08:00,3657,8,2,3,6,9,10,11,12,14,17,18
2018-08-04,09:00,3658,2,2,4,8,10,11,14,16,18,19,20
2018-08-04,10:00,3659,8,3,4,7,8,11,12,13,14,15,16
2018-08-04,11:00,3660,10,1,3,4,7,8,11,14,16,19,20
2018-08-04,12:00,3661,9,2,4,5,10,11,12,14,17,19,20
2018-08-04,13:00,3662,18,2,3,5,7,8,9,12,13,17,19
2018-08-04,14:00,3663,7,4,7,8,9,12,15,16,17,18,19
2018-08-04,15:00,3664,6,1,2,5,7,8,13,17,18,19,20
2018-08-04,16:00,3665,13,5,6,8,9,11,12,14,15,19,20
2018-08-04,17:00,3666,7,2,3,4,5,7,9,12,14,17,18
2018-08-04,18:00,3667,8,1,3,7,11,12,13,14,15,18,20
2018-08-04,19:00,3668,4,1,2,4,5,6,7,10,12,14,19
2018-08-04,20:00,3669,13,2,4,5,8,10,12,13,14,17,20
2018-08-04,21:00,3670,2,2,8,9,10,12,13,14,17,18,20
2018-08-04,22:00,3671,2,3,4,5,6,7,10,11,12,15,19
2018-08-04,23:00,3672,19,1,2,6,7,8,10,12,13,14,19
2018-08-05,07:00,3673,17,2,4,6,8,11,13,14,15,16,19
2018-08-05,08:00,3674,14,2,3,8,10,12,13,16,17,18,20
2018-08-05,09:00,3675,8,2,4,5,7,9,13,14,15,17,18
2018-08-05,10:00,3676,1,2,9,11,12,13,14,16,17,18,20
2018-08-05,11:00,3677,7,1,5,7,8,11,12,14,16,17,19
2018-08-05,12:00,3678,4,2,3,5,7,8,10,12,13,19,20
2018-08-05,13:00,3679,10,2,5,6,7,8,9,12,15,18,19
2018-08-05,14:00,3680,8,2,6,7,8,10,11,17,18,19,20
2018-08-05,15:00,3681,19,1,4,5,6,11,13,14,15,18,19
2018-08-05,16:00,3682,15,3,4,7,8,10,12,13,14,16,20
2018-08-05,17:00,3683,10,2,8,11,12,13,15,16,18,19,20
2018-08-05,18:00,3684,19,1,2,5,6,8,9,10,11,16,20
2018-08-05,19:00,3685,20,2,9,10,11,12,14,15,16,17,19
2018-08-05,20:00,3686,7,3,4,6,7,10,11,13,16,17,20
2018-08-05,21:00,3687,9,1,3,6,9,10,11,12,17,19,20
2018-08-05,22:00,3688,9,2,5,6,10,11,13,15,16,17,19
2018-08-05,23:00,3689,7,1,2,4,5,6,14,15,17,18,19
2018-08-06,07:00,3690,8,2,3,6,8,9,10,13,15,18,19
2018-08-06,08:00,3691,19,2,3,4,5,10,14,16,17,19,20
2018-08-06,09:00,3692,4,2,3,4,5,9,10,11,13,14,17
2018-08-06,10:00,3693,18,1,4,5,7,11,14,16,18,19,20
2018-08-06,11:00,3694,6,1,3,5,7,9,10,12,15,16,17
2018-08-06,12:00,3695,16,7,8,10,11,14,15,17,18,19,20
2018-08-06,13:00,3696,5,4,5,6,9,12,14,15,16,18,20
2018-08-06,14:00,3697,9,1,3,5,9,10,11,14,15,19,20
2018-08-06,15:00,3698,6,1,8,9,10,11,12,13,17,18,19
2018-08-06,16:00,3699,10,3,4,5,7,9,14,15,17,18,20
2018-08-06,17:00,3700,15,1,3,7,8,10,11,13,14,17,20
2018-08-06,18:00,3701,18,1,6,9,10,11,12,14,15,18,20
2018-08-06,19:00,3702,17,1,5,6,9,10,11,14,18,19,20
2018-08-06,20:00,3703,18,1,7,10,11,12,15,17,18,19,20
2018-08-06,21:00,3704,2,2,3,4,7,8,11,13,17,18,20
2018-08-06,22:00,3705,10,1,4,5,12,13,14,15,16,17,19
2018-08-06,23:00,3706,7,3,5,6,7,8,10,12,14,17,18
2018-08-07,07:00,3707,13,1,2,4,5,6,11,12,14,17,18
2018-08-07,08:00,3708,12,1,5,6,10,11,13,14,16,17,20
2018-08-07,09:00,3709,13,2,3,4,5,7,8,14,15,18,19
2018-08-07,10:00,3710,20,1,3,6,8,10,14,15,16,17,20
2018-08-07,11:00,3711,14,2,4,5,7,8,11,14,15,16,18
2018-08-07,12:00,3712,19,4,5,6,8,11,12,14,15,18,20
2018-08-07,13:00,3713,6,1,2,3,6,8,11,12,13,15,17
2018-08-07,14:00,3714,4,1,2,3,5,6,10,13,16,17,20
2018-08-07,15:00,3715,14,1,6,8,10,11,13,15,16,17,18
2018-08-07,16:00,3716,7,1,2,3,8,9,10,12,13,16,17
2018-08-07,17:00,3717,12,1,3,4,5,7,9,13,15,16,17
2018-08-07,18:00,3718,1,2,3,4,5,8,10,11,14,16,20
2018-08-07,19:00,3719,7,1,2,4,6,8,11,12,17,18,19
2018-08-07,20:00,3720,2,1,5,6,8,11,14,15,16,19,20
2018-08-07,21:00,3721,16,1,2,4,8,9,10,11,14,15,18
2018-08-07,22:00,3722,20,2,3,4,6,7,8,9,12,13,14
2018-08-07,23:00,3723,15,3,4,6,9,10,11,12,16,18,19
2018-08-08,07:00,3724,1,1,4,5,6,8,10,11,12,13,19
2018-08-08,08:00,3725,16,1,4,5,6,7,8,9,11,15,18
2018-08-08,09:00,3726,6,2,7,9,10,11,12,13,14,17,19
2018-08-08,10:00,3727,9,2,3,5,7,9,12,13,14,16,18
2018-08-08,11:00,3728,1,2,5,7,8,11,14,15,17,18,19
2018-08-08,12:00,3729,14,2,3,4,10,11,13,16,17,19,20
2018-08-08,13:00,3730,3,1,3,4,9,10,13,15,16,17,20
2018-08-08,14:00,3731,4,1,2,4,8,9,11,12,13,15,17
2018-08-08,15:00,3732,20,4,5,8,10,11,12,13,18,19,20
2018-08-08,16:00,3733,17,3,4,8,9,10,11,13,14,16,20
2018-08-08,17:00,3734,19,3,5,6,7,10,11,12,13,17,18
2018-08-08,18:00,3735,17,4,6,7,8,9,10,13,16,18,20
2018-08-08,19:00,3736,2,1,5,8,9,10,12,15,16,18,20
2018-08-08,20:00,3737,8,1,2,4,6,8,9,10,11,12,14
2018-08-08,21:00,3738,14,1,3,6,11,12,14,15,17,19,20
2018-08-08,22:00,3739,4,1,3,4,6,9,10,13,16,19,20
2018-08-08,23:00,3740,13,3,5,8,9,10,11,12,14,18,20
2018-08-09,07:00,3741,20,3,4,8,10,11,12,13,14,15,18
2018-08-09,08:00,3742,20,2,5,8,10,11,14,15,16,17,19
2018-08-09,09:00,3743,5,1,4,7,8,11,13,14,15,19,20
2018-08-09,10:00,3744,3,1,2,6,8,9,13,14,15,16,17
2018-08-09,11:00,3745,14,1,2,3,8,9,12,13,14,15,19
2018-08-09,12:00,3746,19,2,5,8,10,11,14,15,17,18,20
2018-08-09,13:00,3747,1,2,6,7,11,12,13,14,16,17,18
2018-08-09,14:00,3748,13,1,2,3,7,10,12,16,17,18,19
2018-08-09,15:00,3749,3,2,3,7,9,14,16,17,18,19,20
2018-08-09,16:00,3750,6,1,4,5,8,10,11,15,16,17,18
2018-08-09,17:00,3751,10,3,7,8,12,13,14,15,17,18,19
2018-08-09,18:00,3752,4,1,2,6,7,8,11,14,16,18,20
2018-08-09,19:00,3753,14,1,2,4,5,9,11,12,13,14,19
2018-08-09,20:00,3754,4,1,3,4,7,8,10,12,13,16,17
2018-08-09,21:00,3755,5,1,2,3,4,6,7,11,15,16,18
2018-08-09,22:00,3756,6,2,4,6,7,8,11,12,13,14,17
2018-08-09,23:00,3757,2,3,4,6,9,10,11,13,15,16,18
2018-08-10,07:00,3758,15,1,2,6,7,9,13,17,18,19,20
2018-08-10,08:00,3759,17,1,2,4,5,6,8,10,12,16,19
2018-08-10,09:00,3760,10,2,3,5,8,9,14,15,18,19,20
2018-08-10,10:00,3761,4,1,3,4,5,7,8,10,12,13,19
2018-08-10,11:00,3762,17,1,2,3,4,5,6,8,11,13,18
2018-08-10,12:00,3763,17,2,4,5,7,9,11,16,17,18,20
2018-08-10,13:00,3764,17,4,6,9,11,13,14,15,16,17,18
2018-08-10,14:00,3765,18,1,2,4,11,12,13,15,16,19,20
2018-08-10,15:00,3766,2,1,3,6,8,10,11,13,15,16,19
2018-08-10,16:00,3767,2,1,3,4,5,7,8,10,16,17,19
2018-08-10,17:00,3768,8,1,2,3,4,7,10,15,17,18,19
2018-08-10,18:00,3769,9,1,2,5,8,11,13,15,17,18,19
2018-08-10,19:00,3770,20,2,3,7,9,10,14,15,17,19,20
2018-08-10,20:00,3771,16,1,3,4,6,9,12,14,17,18,19
2018-08-10,21:00,3772,12,1,8,9,10,11,12,13,15,19,20
2018-08-10,22:00,3773,13,2,5,8,9,10,11,13,15,16,17
2018-08-10,23:00,3774,17,1,4,8,9,10,12,13,15,18,20
2018-08-11,07:00,3775,4,2,5,7,8,10,12,16,18,19,20
2018-08-11,08:00,3776,20,5,6,7,8,10,11,13,14,16,17
2018-08-11,09:00,3777,16,1,2,6,8,10,11,13,14,16,18
2018-08-11,10:00,3778,17,4,6,9,12,13,14,15,17,18,19
2018-08-11,11:00,3779,14,2,3,6,7,11,12,13,15,18,20
2018-08-11,12:00,3780,11,1,3,7,8,9,10,14,17,18,19
2018-08-11,13:00,3781,5,2,4,5,7,9,10,13,18,19,20
2018-08-11,14:00,3782,19,1,5,6,8,9,11,16,17,18,20
2018-08-11,15:00,3783,17,1,2,3,4,8,12,13,15,16,17
2018-08-11,16:00,3784,8,2,3,4,8,9,10,12,13,16,18
2018-08-11,17:00,3785,16,3,4,7,8,11,14,15,16,18,20
2018-08-11,18:00,3786,16,2,3,5,6,9,10,11,14,17,20
2018-08-11,19:00,3787,9,3,4,5,7,10,12,14,16,19,20
2018-08-11,20:00,3788,16,1,3,4,5,6,11,12,14,16,20
2018-08-11,21:00,3789,18,1,2,4,5,10,11,14,16,18,20
2018-08-11,22:00,3790,13,1,2,3,4,6,9,12,14,16,19
2018-08-11,23:00,3791,18,3,4,5,6,8,11,14,15,16,19
2018-08-12,07:00,3792,15,1,3,4,5,8,9,12,16,17,18
2018-08-12,08:00,3793,13,1,2,4,6,10,11,15,16,18,20
2018-08-12,09:00,3794,11,3,7,8,9,12,13,14,16,17,19
2018-08-12,10:00,3795,11,1,2,3,6,7,8,14,15,17,19
2018-08-12,11:00,3796,11,1,2,4,5,6,9,11,12,15,20
2018-08-12,12:00,3797,7,2,5,6,11,12,13,14,15,18,19
2018-08-12,13:00,3798,3,1,2,3,4,10,12,15,16,17,19
2018-08-12,14:00,3799,10,3,9,11,12,14,15,17,18,19,20
2018-08-12,15:00,3800,2,2,3,4,8,9,11,12,15,16,17
2018-08-12,16:00,3801,8,1,5,6,8,11,12,13,16,19,20
2018-08-12,17:00,3802,11,1,2,3,5,6,10,16,18,19,20
2018-08-12,18:00,3803,16,2,5,7,8,10,13,16,17,19,20
2018-08-12,19:00,3804,1,2,5,8,10,12,13,14,15,19,20
2018-08-12,20:00,3805,9,3,4,5,6,7,9,10,11,14,17
2018-08-12,21:00,3806,8,2,3,4,5,6,8,9,10,11,14
2018-08-12,22:00,3807,3,1,2,3,4,5,10,11,13,14,17
2018-08-12,23:00,3808,14,1,2,3,6,7,8,11,13,14,20
2018-08-13,07:00,3809,6,2,5,6,7,8,10,14,15,16,17
2018-08-13,08:00,3810,20,5,8,9,11,12,13,15,16,17,19
2018-08-13,09:00,3811,18,1,2,3,5,12,15,16,17,18,20
2018-08-13,10:00,3812,15,1,2,5,8,9,11,13,16,19,20
2018-08-13,11:00,3813,16,1,3,8,9,11,12,13,15,16,17
2018-08-13,12:00,3814,2,3,5,6,10,11,12,15,17,18,20
2018-08-13,13:00,3815,1,5,6,8,10,12,13,14,16,18,19
2018-08-13,14:00,3816,7,1,5,6,7,11,12,13,14,15,18
2018-08-13,15:00,3817,12,3,5,6,8,10,13,14,16,17,18
2018-08-13,16:00,3818,9,3,5,6,7,9,11,12,14,18,19
2018-08-13,17:00,3819,20,4,5,8,9,11,13,14,15,17,20
2018-08-13,18:00,3820,6,1,3,4,6,7,8,10,15,18,19
2018-08-13,19:00,3821,14,2,3,8,9,12,13,16,17,18,20
2018-08-13,20:00,3822,19,3,4,7,9,10,12,17,18,19,20
2018-08-13,21:00,3823,6,1,3,5,6,7,9,10,11,16,19
2018-08-13,22:00,3824,12,1,2,3,6,8,11,12,16,18,19
2018-08-13,23:00,3825,15,1,3,4,5,7,8,10,14,16,20
2018-08-14,07:00,3826,1,1,6,7,8,10,12,14,15,19,20
2018-08-14,08:00,3827,3,1,4,6,8,9,11,12,13,17,19
2018-08-14,09:00,3828,2,1,2,3,4,12,16,17,18,19,20
2018-08-14,10:00,3829,15,3,4,7,8,11,13,15,16,17,18
2018-08-14,11:00,3830,20,1,2,3,5,8,10,15,17,19,20
2018-08-14,12:00,3831,2,1,3,4,6,7,8,13,17,18,19
2018-08-14,13:00,3832,14,2,3,4,5,7,8,10,14,16,17
2018-08-14,14:00,3833,14,1,3,4,5,8,11,13,15,18,20
2018-08-14,15:00,3834,5,1,4,5,7,8,9,11,14,15,20
2018-08-14,16:00,3835,19,3,4,6,8,9,10,11,13,18,20
2018-08-14,17:00,3836,8,3,4,7,9,10,11,12,13,16,20
2018-08-14,18:00,3837,20,2,3,4,9,12,13,15,16,17,20
2018-08-14,19:00,3838,8,1,2,4,11,13,14,15,16,17,19
2018-08-14,20:00,3839,14,1,2,3,7,10,11,13,16,18,20
2018-08-14,21:00,3840,11,1,2,5,6,7,9,10,13,15,20
2018-08-14,22:00,3841,8,1,5,8,10,12,13,16,17,19,20
2018-08-14,23:00,3842,17,3,6,7,9,10,11,14,15,16,20
2018-08-15,07:00,3843,16,1,3,4,6,8,9,11,14,18,19
2018-08-15,08:00,3844,10,2,3,4,5,6,9,10,12,13,15
2018-08-15,09:00,3845,17,1,3,4,5,8,11,14,15,18,19
2018-08-15,10:00,3846,17,1,2,3,4,7,13,14,15,18,20
2018-08-15,11:00,3847,11,2,3,4,5,6,8,9,13,15,16
2018-08-15,12:00,3848,20,3,4,6,7,8,9,11,13,16,19
2018-08-15,13:00,3849,18,1,3,4,6,8,9,15,17,18,19
2018-08-15,14:00,3850,2,2,3,5,7,11,15,16,17,19,20
2018-08-15,15:00,3851,16,1,2,5,6,7,8,10,11,13,19
2018-08-15,16:00,3852,12,1,3,6,7,9,10,14,15,16,20
2018-08-15,17:00,3853,5,1,2,3,7,10,13,14,15,16,18
2018-08-15,18:00,3854,12,2,3,4,6,10,12,15,18,19,20
2018-08-15,19:00,3855,11,2,3,4,6,8,10,14,16,17,19
2018-08-15,20:00,3856,4,1,5,6,7,8,9,10,13,17,19
2018-08-15,21:00,3857,10,4,5,7,9,11,12,14,15,16,19
2018-08-15,22:00,3858,8,2,3,6,7,10,11,17,18,19,20
2018-08-15,23:00,3859,19,1,2,5,6,8,11,12,13,14,16
2018-08-16,07:00,3860,5,2,5,7,9,10,11,12,13,16,18
2018-08-16,08:00,3861,2,1,4,8,9,11,12,14,16,17,20
2018-08-16,09:00,3862,19,1,2,4,5,8,11,12,16,17,18
2018-08-16,10:00,3863,18,1,2,3,6,12,13,14,15,17,19
2018-08-16,11:00,3864,11,3,4,7,10,11,13,14,17,19,20
2018-08-16,12:00,3865,20,2,6,7,11,12,13,14,16,17,20
2018-08-16,13:00,3866,20,3,5,6,7,8,11,13,14,16,18
2018-08-16,14:00,3867,20,1,4,6,8,9,11,12,13,16,17
2018-08-16,15:00,3868,6,2,6,7,8,9,12,16,17,18,20
2018-08-16,16:00,3869,14,3,4,5,7,9,13,15,17,18,20
2018-08-16,17:00,3870,10,2,3,6,8,9,11,14,16,18,20
2018-08-16,18:00,3871,17,1,3,5,9,10,11,13,15,17,19
2018-08-16,19:00,3872,18,2,3,5,6,8,10,13,15,19,20
2018-08-16,20:00,3873,16,1,2,3,5,6,10,12,13,17,20
2018-08-16,21:00,3874,2,2,5,7,8,10,14,15,18,19,20
2018-08-16,22:00,3875,11,3,5,6,7,8,9,12,13,15,18
2018-08-16,23:00,3876,13,2,3,6,9,10,12,13,15,16,19
2018-08-17,07:00,3877,9,3,8,10,11,12,15,16,17,19,20
2018-08-17,08:00,3878,3,2,3,5,7,10,14,16,18,19,20
2018-08-17,09:00,3879,16,1,3,6,7,8,9,13,18,19,20
2018-08-17,10:00,3880,1,2,3,5,7,8,9,12,14,18,19
2018-08-17,11:00,3881,7,2,3,6,7,8,10,11,14,15,19
2018-08-17,12:00,3882,6,10,11,12,13,15,16,17,18,19,20
2018-08-17,13:00,3883,17,1,7,9,10,12,13,14,17,18,20
2018-08-17,14:00,3884,16,4,5,6,7,8,10,12,14,15,20
2018-08-17,15:00,3885,6,2,3,4,9,10,13,14,15,18,19
2018-08-17,16:00,3886,10,1,2,3,4,5,8,9,15,17,18
2018-08-17,17:00,3887,8,1,4,5,7,9,11,12,14,16,18
2018-08-17,18:00,3888,11,2,4,5,7,9,11,12,15,19,20
2018-08-17,19:00,3889,11,2,4,5,6,10,13,14,18,19,20
2018-08-17,20:00,3890,3,2,5,6,7,8,9,10,13,16,17
2018-08-17,21:00,3891,19,1,3,4,6,8,9,11,16,19,20
2018-08-17,22:00,3892,13,2,3,4,6,8,12,13,14,15,16
2018-08-17,23:00,3893,9,1,4,6,7,9,10,12,14,15,18
2018-08-18,07:00,3894,3,1,2,4,6,8,11,14,17,18,19
2018-08-18,08:00,3895,9,5,6,10,11,13,16,17,18,19,20
2018-08-18,09:00,3896,11,2,3,4,7,8,10,12,13,17,19
2018-08-18,10:00,3897,15,2,5,6,9,13,14,15,18,19,20
2018-08-18,11:00,3898,11,1,2,4,7,8,13,14,16,17,20
2018-08-18,12:00,3899,1,1,3,4,7,8,11,13,15,18,19
2018-08-18,13:00,3900,2,7,9,10,11,13,14,15,16,17,20
2018-08-18,14:00,3901,4,2,3,5,8,9,10,11,12,16,18
2018-08-18,15:00,3902,5,4,5,8,9,10,12,14,18,19,20
2018-08-18,16:00,3903,11,2,4,6,8,9,10,12,16,17,20
2018-08-18,17:00,3904,14,1,3,5,8,12,14,15,16,17,18
2018-08-18,18:00,3905,17,1,2,3,6,7,8,10,11,12,15
2018-08-18,19:00,3906,17,2,7,8,9,13,14,16,17,19,20
2018-08-18,20:00,3907,14,3,5,6,7,8,9,11,12,17,18
2018-08-18,21:00,3908,19,1,3,5,6,7,10,11,13,17,19
2018-08-18,22:00,3909,12,1,2,7,8,10,12,13,14,16,19
2018-08-18,23:00,3910,6,2,4,5,8,9,10,11,14,16,20
2018-08-19,07:00,3911,5,5,6,7,8,9,10,11,12,13,20
2018-08-19,08:00,3912,11,2,3,5,6,7,10,11,12,13,18
2018-08-19,09:00,3913,12,1,4,5,6,13,14,16,17,18,19
2018-08-19,10:00,3914,11,1,2,6,7,8,10,12,13,16,17
2018-08-19,11:00,3915,2,1,2,5,8,9,10,11,18,19,20
2018-08-19,12:00,3916,20,1,2,4,5,10,11,14,15,17,19
2018-08-19,13:00,3917,17,1,3,5,6,9,10,12,14,15,16
2018-08-19,14:00,3918,5,1,3,4,6,8,9,10,12,13,15
2018-08-19,15:00,3919,15,1,2,4,6,8,9,13,15,16,17
2018-08-19,16:00,3920,18,1,2,4,6,8,10,12,17,18,19
2018-08-19,17:00,3921,13,1,3,4,5,6,7,8,11,13,20
2018-08-19,18:00,3922,11,2,3,5,6,9,10,12,14,16,19
2018-08-19,19:00,3923,19,1,2,3,4,6,8,13,16,18,19
2018-08-19,20:00,3924,15,2,4,7,8,9,11,13,14,17,19
2018-08-19,21:00,3925,5,4,5,7,8,10,11,12,17,18,19
2018-08-19,22:00,3926,3,1,4,5,6,7,9,11,16,18,19
2018-08-19,23:00,3927,5,3,4,5,7,10,12,14,16,17,20
2018-08-20,07:00,3928,17,1,2,7,11,13,14,15,17,19,20
2018-08-20,08:00,3929,15,2,4,6,7,10,11,13,18,19,20
2018-08-20,09:00,3930,11,3,5,9,10,13,14,15,16,19,20
2018-08-20,10:00,3931,10,1,2,4,5,6,10,11,16,17,18
2018-08-20,11:00,3932,7,2,3,4,8,9,10,11,12,17,19
2018-08-20,12:00,3933,14,2,4,5,6,10,12,13,16,17,20
2018-08-20,13:00,3934,2,1,3,5,10,11,12,13,17,18,19
2018-08-20,14:00,3935,7,3,4,6,7,11,12,15,17,18,20
2018-08-20,15:00,3936,14,3,4,5,9,10,12,13,14,19,20
2018-08-20,16:00,3937,19,1,2,7,8,10,13,14,15,17,18
2018-08-20,17:00,3938,4,1,4,5,6,7,8,10,11,17,19
2018-08-20,18:00,3939,3,1,2,4,9,10,12,14,15,17,20
2018-08-20,19:00,3940,15,1,2,4,5,6,7,10,11,12,18
2018-08-20,20:00,3941,1,1,2,4,5,8,10,11,16,17,18
2018-08-20,21:00,3942,2,1,4,6,9,10,11,16,17,19,20
2018-08-20,22:00,3943,13,3,4,6,7,8,9,10,12,14,20
2018-08-20,23:00,3944,13,3,4,5,9,10,12,16,17,18,20
2018-08-21,07:00,3945,19,2,3,4,8,9,10,12,15,19,20
2018-08-21,08:00,3946,1,1,2,3,4,6,7,10,11,15,19
2018-08-21,09:00,3947,8,1,6,8,9,10,11,15,18,19,20
2018-08-21,10:00,3948,5,1,2,3,5,6,9,10,14,15,19
2018-08-21,11:00,3949,9,1,2,3,6,7,8,11,15,16,19
2018-08-21,12:00,3950,16,3,4,5,6,7,11,14,16,17,20
2018-08-21,13:00,3951,1,1,2,6,7,11,12,13,16,17,20
2018-08-21,14:00,3952,16,1,5,8,9,10,12,13,17,19,20
2018-08-21,15:00,3953,17,1,4,6,9,11,12,13,15,17,19
2018-08-21,16:00,3954,12,3,6,7,8,12,14,15,18,19,20
2018-08-21,17:00,3955,19,1,6,7,10,11,12,13,15,17,20
2018-08-21,18:00,3956,3,1,5,7,8,11,14,15,18,19,20
2018-08-21,19:00,3957,6,1,3,5,8,10,14,16,17,18,19
2018-08-21,20:00,3958,18,3,5,7,8,10,11,12,14,17,20
2018-08-21,21:00,3959,13,1,3,5,6,7,11,12,16,17,18
2018-08-21,22:00,3960,10,1,2,4,5,6,7,9,11,16,19
2018-08-21,23:00,3961,12,3,4,5,7,10,15,17,18,19,20
2018-08-22,07:00,3962,4,6,7,8,9,10,11,17,18,19,20
2018-08-22,08:00,3963,14,2,4,5,7,8,10,11,12,13,20
2018-08-22,09:00,3964,20,1,2,4,8,11,13,14,17,19,20
2018-08-22,10:00,3965,5,2,5,6,7,8,12,15,18,19,20
2018-08-22,11:00,3966,9,1,3,5,6,10,14,15,17,18,19
2018-08-22,12:00,3967,18,3,7,9,10,11,12,13,15,16,17
2018-08-22,13:00,3968,18,2,3,4,5,6,7,8,9,11,17
2018-08-22,14:00,3969,1,1,3,6,7,9,12,14,16,17,19
2018-08-22,15:00,3970,15,1,2,3,4,5,10,11,12,13,17
2018-08-22,16:00,3971,8,2,4,6,9,12,14,15,18,19,20
2018-08-22,17:00,3972,3,1,2,3,4,6,8,10,15,17,19
2018-08-22,18:00,3973,16,3,4,6,7,10,11,15,16,17,18
2018-08-22,19:00,3974,3,1,2,3,6,9,13,14,15,16,17
2018-08-22,20:00,3975,20,1,2,3,4,7,9,16,18,19,20
2018-08-22,21:00,3976,14,3,4,5,6,9,13,16,17,19,20
2018-08-22,22:00,3977,6,1,4,8,10,11,12,13,15,16,20
2018-08-22,23:00,3978,12,1,3,4,5,7,9,11,16,18,20
2018-08-23,07:00,3979,10,2,3,4,5,6,7,11,16,18,20
2018-08-23,08:00,3980,7,2,5,6,7,8,9,12,15,16,17
2018-08-23,09:00,3981,18,2,4,7,8,10,12,14,15,17,19
2018-08-23,10:00,3982,12,2,4,7,8,11,13,15,16,18,20
2018-08-23,11:00,3983,11,2,3,4,5,7,10,13,17,18,20
2018-08-23,12:00,3984,12,1,2,4,6,9,11,15,17,18,20
2018-08-23,13:00,3985,5,3,5,9,10,11,12,15,17,18,19
2018-08-23,14:00,3986,11,5,6,8,9,11,12,14,15,16,18
2018-08-23,15:00,3987,11,1,3,6,8,9,10,11,12,13,15
2018-08-23,16:00,3988,15,1,2,3,4,5,6,9,12,15,17
2018-08-23,17:00,3989,9,1,4,5,7,8,11,13,15,17,18
2018-08-23,18:00,3990,15,1,2,3,7,9,10,12,17,18,19
2018-08-23,19:00,3991,10,1,2,5,6,7,8,15,17,18,19
2018-08-23,20:00,3992,3,1,2,3,4,5,6,12,14,15,18
2018-08-23,21:00,3993,9,3,4,8,11,12,13,15,16,17,20
2018-08-23,22:00,3994,11,3,7,8,10,12,15,16,17,18,20
2018-08-23,23:00,3995,1,1,4,7,8,9,10,11,14,15,20
2018-08-24,07:00,3996,14,2,4,5,7,8,13,15,16,18,19
2018-08-24,08:00,3997,17,3,4,5,6,7,8,10,12,15,18
2018-08-24,09:00,3998,7,2,3,5,7,8,9,14,15,17,20
2018-08-24,10:00,3999,9,2,3,4,5,6,10,13,14,16,20
2018-08-24,11:00,4000,7,2,4,6,7,10,11,12,15,18,19
2018-08-24,12:00,4001,14,1,2,3,5,10,13,14,17,18,20
2018-08-24,13:00,4002,13,2,4,5,6,9,10,11,12,17,19
2018-08-24,14:00,4003,20,2,3,5,6,7,8,12,13,16,19
2018-08-24,15:00,4004,8,3,5,7,8,11,13,14,17,19,20
2018-08-24,16:00,4005,17,1,7,11,12,13,14,16,17,18,19
2018-08-24,17:00,4006,7,4,5,6,9,10,12,14,15,17,19
2018-08-24,18:00,4007,18,1,2,4,5,7,8,10,12,14,20
2018-08-24,19:00,4008,7,1,3,7,8,9,12,17,18,19,20
2018-08-24,20:00,4009,17,1,4,5,6,7,8,10,13,14,15
2018-08-24,21:00,4010,14,2,3,6,7,8,12,13,17,18,20
2018-08-24,22:00,4011,20,1,3,5,6,7,10,11,15,16,18
2018-08-24,23:00,4012,2,1,2,3,5,7,11,14,15,19,20
2018-08-25,07:00,4013,20,1,3,11,12,13,14,16,17,19,20
2018-08-25,08:00,4014,3,2,3,4,5,8,10,14,16,18,19
2018-08-25,09:00,4015,11,2,4,6,8,12,13,14,17,18,19
2018-08-25,10:00,4016,14,2,3,6,9,10,12,15,16,19,20
2018-08-25,11:00,4017,17,1,2,4,5,7,8,10,14,15,18
2018-08-25,12:00,4018,15,1,2,6,9,12,13,15,16,17,19
2018-08-25,13:00,4019,12,1,3,8,9,10,11,12,13,19,20
2018-08-25,14:00,4020,10,5,8,9,10,11,13,14,15,17,20
2018-08-25,15:00,4021,13,1,2,6,9,12,13,14,15,16,17
2018-08-25,16:00,4022,19,2,3,9,10,12,13,14,16,17,18
2018-08-25,17:00,4023,15,3,4,6,11,12,13,15,16,18,19
2018-08-25,18:00,4024,3,2,5,7,8,9,12,13,15,16,19
2018-08-25,19:00,4025,10,5,6,7,12,15,16,17,18,19,20
2018-08-25,20:00,4026,15,2,6,7,8,10,11,14,17,18,19
2018-08-25,21:00,4027,10,1,3,5,6,9,10,11,13,15,17
2018-08-25,22:00,4028,1,1,2,3,7,9,12,14,17,18,20
2018-08-25,23:00,4029,20,2,5,7,10,13,14,15,18,19,20
2018-08-26,07:00,4030,14,1,2,4,6,9,10,12,13,15,16
2018-08-26,08:00,4031,15,3,5,6,7,11,13,14,16,17,19
2018-08-26,09:00,4032,13,1,4,5,7,8,11,12,13,15,16
2018-08-26,10:00,4033,10,2,3,4,6,8,9,11,12,14,17
2018-08-26,11:00,4034,3,3,5,6,7,8,10,11,18,19,20
2018-08-26,12:00,4035,2,4,8,9,10,11,12,14,15,16,20
2018-08-26,13:00,4036,1,1,2,3,6,7,14,15,17,18,19
2018-08-26,14:00,4037,4,1,4,5,7,8,11,13,17,18,20
2018-08-26,15:00,4038,8,1,2,4,5,6,7,12,14,19,20
2018-08-26,16:00,4039,2,5,10,11,12,13,16,17,18,19,20
2018-08-26,17:00,4040,6,1,4,6,9,11,12,13,15,18,19
2018-08-26,18:00,4041,1,1,3,4,7,9,10,13,16,17,18
2018-08-26,19:00,4042,4,2,3,4,7,12,13,14,15,19,20
2018-08-26,20:00,4043,20,2,5,6,8,9,11,14,16,17,19
2018-08-26,21:00,4044,9,1,5,6,7,8,12,14,15,16,17
2018-08-26,22:00,4045,16,2,4,8,9,10,12,14,15,17,18
2018-08-26,23:00,4046,15,1,3,7,9,11,12,16,18,19,20
2018-08-27,07:00,4047,11,3,4,6,7,8,9,10,11,17,20
2018-08-27,08:00,4048,11,2,3,10,12,15,16,17,18,19,20
2018-08-27,09:00,4049,12,1,2,4,5,10,11,14,15,16,17
2018-08-27,10:00,4050,18,1,4,5,8,9,14,15,18,19,20
2018-08-27,11:00,4051,18,1,4,7,12,13,15,16,18,19,20
2018-08-27,12:00,4052,10,1,2,4,5,6,7,9,11,13,15
2018-08-27,13:00,4053,6,2,3,4,5,8,11,12,14,16,20
2018-08-27,14:00,4054,14,5,6,8,10,12,13,14,15,17,18
2018-08-27,15:00,4055,7,1,4,6,9,10,12,14,16,18,19
2018-08-27,16:00,4056,11,3,4,5,7,8,9,16,17,18,20
2018-08-27,17:00,4057,7,1,2,3,4,5,6,7,8,13,19
2018-08-27,18:00,4058,20,1,2,3,4,6,7,12,13,14,19
2018-08-27,19:00,4059,13,4,5,6,8,10,14,15,16,18,19
2018-08-27,20:00,4060,16,7,8,10,13,14,15,17,18,19,20
2018-08-27,21:00,4061,8,1,3,5,7,8,10,11,12,18,20
2018-08-27,22:00,4062,1,2,3,6,8,12,14,16,17,18,19
2018-08-27,23:00,4063,19,1,2,3,6,7,8,9,10,11,15
2018-08-28,07:00,4064,17,2,5,6,7,10,11,14,18,19,20
2018-08-28,08:00,4065,8,2,8,10,12,13,14,15,16,18,20
2018-08-28,09:00,4066,12,4,5,9,10,11,12,13,14,16,20
2018-08-28,10:00,4067,14,4,5,7,8,9,11,12,16,18,19
2018-08-28,11:00,4068,16,6,7,9,10,11,13,14,15,17,19
2018-08-28,12:00,4069,9,1,2,3,8,9,12,13,18,19,20
2018-08-28,13:00,4070,5,1,2,4,5,7,8,11,15,17,19
2018-08-28,14:00,4071,17,2,3,5,6,7,10,11,16,18,20
2018-08-28,15:00,4072,9,1,4,7,8,10,11,12,14,17,19
2018-08-28,16:00,4073,19,2,5,7,9,10,11,12,17,19,20
2018-08-28,17:00,4074,9,2,6,11,12,13,14,15,16,17,19
2018-08-28,18:00,4075,10,1,2,3,6,10,13,15,16,17,18
2018-08-28,19:00,4076,10,3,4,7,9,10,12,14,17,18,20
2018-08-28,20:00,4077,9,1,2,5,6,10,16,17,18,19,20
2018-08-28,21:00,4078,2,2,4,5,6,9,11,12,13,14,17
2018-08-28,22:00,4079,16,1,2,4,5,7,8,11,12,16,18
2018-08-28,23:00,4080,2,1,4,5,6,7,12,14,15,18,19
2018-08-29,07:00,4081,16,4,6,8,11,12,14,16,17,18,20
2018-08-29,08:00,4082,18,4,6,9,10,11,12,16,18,19,20
2018-08-29,09:00,4083,12,4,6,7,8,9,10,11,14,16,18
2018-08-29,10:00,4084,19,2,5,7,9,11,13,14,16,17,20
2018-08-29,11:00,4085,13,2,5,6,7,8,13,14,18,19,20
2018-08-29,12:00,4086,19,2,4,10,12,13,14,16,17,18,20
2018-08-29,13:00,4087,1,2,5,6,8,11,12,13,14,15,16
2018-08-29,14:00,4088,1,5,6,12,13,14,16,17,18,19,20
2018-08-29,15:00,4089,3,2,3,9,10,11,14,15,17,18,20
2018-08-29,16:00,4090,5,1,4,5,6,8,9,11,16,17,19
2018-08-29,17:00,4091,1,2,3,4,7,10,11,12,13,14,18
2018-08-29,18:00,4092,18,2,4,5,10,11,12,13,14,17,19
2018-08-29,19:00,4093,7,2,3,4,6,11,12,14,16,19,20
2018-08-29,20:00,4094,16,2,4,5,9,10,11,12,17,18,19
2018-08-29,21:00,4095,8,2,3,4,5,7,9,10,16,18,20
2018-08-29,22:00,4096,6,1,2,3,4,6,11,12,14,16,20
2018-08-29,23:00,4097,4,1,3,5,7,8,10,14,17,18,20
2018-08-30,07:00,4098,12,1,2,4,5,6,9,10,11,14,18
2018-08-30,08:00,4099,20,1,4,5,8,10,12,15,16,17,18
2018-08-30,09:00,4100,14,1,2,7,8,12,13,14,16,17,19
2018-08-30,10:00,4101,18,1,4,7,8,10,11,12,17,19,20
2018-08-30,11:00,4102,10,1,2,3,6,7,11,12,16,17,18
2018-08-30,12:00,4103,16,2,3,5,12,13,14,16,17,19,20
2018-08-30,13:00,4104,4,1,2,3,5,6,7,8,10,14,19
2018-08-30,14:00,4105,7,5,6,10,13,14,15,16,18,19,20
2018-08-30,15:00,4106,16,2,4,5,7,8,9,13,15,17,18
2018-08-30,16:00,4107,4,1,2,5,6,7,10,12,15,16,19
2018-08-30,17:00,4108,12,4,6,7,8,10,14,16,17,18,19
2018-08-30,18:00,4109,2,1,2,4,7,8,10,11,13,16,17
2018-08-30,19:00,4110,12,1,2,3,4,6,8,12,13,14,15
2018-08-30,20:00,4111,9,1,2,4,7,8,12,15,16,18,20
2018-08-30,21:00,4112,13,6,8,11,13,14,16,17,18,19,20
2018-08-30,22:00,4113,15,2,3,4,8,11,14,15,16,18,19
2018-08-30,23:00,4114,9,4,5,6,7,8,10,14,15,18,20
2018-08-31,07:00,4115,19,1,4,8,9,12,13,15,16,17,20
2018-08-31,08:00,4116,9,2,8,10,11,12,13,15,16,18,19
2018-08-31,09:00,4117,10,3,5,6,8,9,11,13,14,17,18
2018-08-31,10:00,4118,18,1,3,4,6,8,11,12,16,17,19
2018-08-31,11:00,4119,15,2,4,7,8,9,13,15,16,18,19
2018-08-31,12:00,4120,6,2,4,6,7,9,12,13,18,19,20
2018-08-31,13:00,4121,1,1,2,5,6,8,10,14,17,18,19
2018-08-31,14:00,4122,17,5,10,11,12,13,15,16,17,18,20
2018-08-31,15:00,4123,8,4,6,8,10,12,14,15,17,18,20
2018-08-31,16:00,4124,13,5,6,7,8,10,13,14,15,16,18
2018-08-31,17:00,4125,4,2,5,6,7,10,12,13,14,18,19
2018-08-31,18:00,4126,12,2,3,6,7,8,10,11,12,14,19
2018-08-31,19:00,4127,20,4,5,6,7,9,11,14,15,18,20
2018-08-31,20:00,4128,20,1,3,4,5,6,10,12,15,16,17
2018-08-31,21:00,4129,12,2,3,8,9,11,12,13,14,17,20
2018-08-31,22:00,4130,10,1,2,4,5,6,7,12,16,19,20
2018-08-31,23:00,4131,10,1,2,5,6,8,11,14,15,16,18
2018-09-01,07:00,4132,15,1,2,5,8,9,11,14,15,16,18
2018-09-01,08:00,4133,16,1,3,4,9,11,13,15,16,18,20
2018-09-01,09:00,4134,14,3,4,7,8,9,14,15,16,19,20
2018-09-01,10:00,4135,12,3,4,7,9,12,15,16,18,19,20
2018-09-01,11:00,4136,11,4,5,6,8,9,10,14,15,16,19
2018-09-01,12:00,4137,2,1,4,5,8,10,11,12,15,17,19
2018-09-01,13:00,4138,9,2,7,10,11,12,14,15,16,17,18
2018-09-01,14:00,4139,2,1,2,5,6,10,12,14,15,16,18
2018-09-01,15:00,4140,3,5,9,10,11,14,15,16,17,18,20
2018-09-01,16:00,4141,13,3,5,6,8,12,14,15,16,17,18
2018-09-01,17:00,4142,12,1,6,9,11,14,15,16,18,19,20
2018-09-01,18:00,4143,3,2,4,7,8,11,12,14,17,19,20
2018-09-01,19:00,4144,16,3,4,5,6,7,9,10,13,14,20
2018-09-01,20:00,4145,17,1,2,6,8,9,12,14,15,16,19
2018-09-01,21:00,4146,18,1,2,4,7,9,11,13,15,16,20
2018-09-01,22:00,4147,9,1,2,5,6,7,9,10,11,13,20
2018-09-01,23:00,4148,7,1,3,4,7,8,9,10,13,15,19
2018-09-02,07:00,4149,5,1,7,9,13,14,16,17,18,19,20
2018-09-02,08:00,4150,7,1,4,5,10,11,12,13,15,17,18
2018-09-02,09:00,4151,12,1,3,5,8,9,11,12,14,15,19
2018-09-02,10:00,4152,10,4,5,6,7,8,12,13,14,16,20
2018-09-02,11:00,4153,4,1,3,5,7,10,11,12,15,18,20
2018-09-02,12:00,4154,1,3,6,7,8,11,12,13,16,17,20
2018-09-02,13:00,4155,16,1,3,5,7,11,13,14,16,17,18
2018-09-02,14:00,4156,17,1,4,7,9,11,12,13,18,19,20
2018-09-02,15:00,4157,18,4,5,6,8,11,14,15,18,19,20
2018-09-02,16:00,4158,16,4,6,7,8,9,10,14,15,18,20
2018-09-02,17:00,4159,11,1,5,6,8,9,10,11,13,17,20
2018-09-02,18:00,4160,1,1,3,4,6,7,10,13,14,15,19
2018-09-02,19:00,4161,6,3,5,8,11,12,14,15,17,18,20
2018-09-02,20:00,4162,5,3,4,5,6,7,9,11,13,17,20
2018-09-02,21:00,4163,8,1,2,4,6,7,8,12,13,17,18
2018-09-02,22:00,4164,1,1,3,4,6,7,8,10,16,17,18
2018-09-02,23:00,4165,9,1,2,6,11,14,15,16,17,19,20
2018-09-03,07:00,4166,17,1,5,7,9,11,13,15,17,18,19
2018-09-03,08:00,4167,8,1,4,6,7,11,12,14,17,18,19
2018-09-03,09:00,4168,17,1,5,6,7,8,9,12,14,17,18
2018-09-03,10:00,4169,4,1,2,4,9,10,11,13,15,16,20
2018-09-03,11:00,4170,14,2,4,7,8,9,10,13,17,18,19
2018-09-03,12:00,4171,18,1,4,5,9,11,13,15,16,17,20
2018-09-03,13:00,4172,3,1,7,8,9,11,13,15,17,18,19
2018-09-03,14:00,4173,5,1,2,3,4,5,6,11,12,18,20
2018-09-03,15:00,4174,16,1,4,5,6,8,11,12,17,18,19
2018-09-03,16:00,4175,7,1,2,6,8,10,12,13,14,15,17
2018-09-03,17:00,4176,3,2,3,4,7,9,10,13,14,17,18
2018-09-03,18:00,4177,13,1,2,6,7,8,9,12,13,14,18
2018-09-03,19:00,4178,13,2,3,4,7,12,13,14,15,16,19
2018-09-03,20:00,4179,7,1,2,3,5,7,9,11,12,13,18
2018-09-03,21:00,4180,17,1,4,6,8,10,11,12,16,19,20
2018-09-03,22:00,4181,9,1,2,3,4,5,10,11,12,16,20
2018-09-03,23:00,4182,4,3,4,5,6,11,12,14,16,19,20
2018-09-04,07:00,4183,8,2,6,7,8,11,12,14,18,19,20
2018-09-04,08:00,4184,1,2,3,4,5,8,9,10,11,13,15
2018-09-04,09:00,4185,5,1,4,5,9,11,12,17,18,19,20
2018-09-04,10:00,4186,8,1,2,3,5,9,10,12,14,18,19
2018-09-04,11:00,4187,6,4,5,6,7,8,10,11,13,14,18
2018-09-04,12:00,4188,14,2,3,5,11,12,13,14,15,19,20
2018-09-04,13:00,4189,14,2,3,4,7,8,11,12,13,15,18
2018-09-04,14:00,4190,15,2,6,7,8,9,10,12,13,16,19
2018-09-04,15:00,4191,16,1,2,5,7,9,11,13,15,16,18
2018-09-04,16:00,4192,5,1,2,7,9,10,11,13,16,18,20
2018-09-04,17:00,4193,9,1,7,8,9,12,13,16,18,19,20
2018-09-04,18:00,4194,12,1,4,5,6,11,15,16,17,19,20
2018-09-04,19:00,4195,2,1,2,8,10,14,15,16,18,19,20
2018-09-04,20:00,4196,7,2,4,6,9,10,11,12,14,16,17
2018-09-04,21:00,4197,15,1,3,5,6,8,11,12,15,17,19
2018-09-04,22:00,4198,3,3,4,5,10,11,16,17,18,19,20
2018-09-04,23:00,4199,7,1,3,4,7,8,9,13,14,18,20
2018-09-05,07:00,4200,11,1,3,5,6,8,10,13,14,16,19
2018-09-05,08:00,4201,9,2,4,5,7,8,10,13,14,19,20
2018-09-05,09:00,4202,7,1,2,3,4,8,12,13,17,18,20
2018-09-05,10:00,4203,5,1,2,3,7,8,11,13,14,16,18
2018-09-05,11:00,4204,14,1,2,4,6,7,8,9,10,16,17
2018-09-05,12:00,4205,7,1,2,3,5,6,9,14,15,16,20
2018-09-05,13:00,4206,6,3,6,7,8,10,11,13,17,19,20
2018-09-05,14:00,4207,5,1,2,3,7,9,13,14,17,18,20
2018-09-05,15:00,4208,20,1,3,4,5,9,10,12,13,15,16
2018-09-05,16:00,4209,17,3,5,7,8,9,11,14,17,18,20
2018-09-05,17:00,4210,16,3,4,5,6,7,9,14,15,17,19
2018-09-05,18:00,4211,8,1,2,7,8,10,12,13,14,15,17
2018-09-05,19:00,4212,5,2,3,5,9,11,13,14,16,17,18
2018-09-05,20:00,4213,18,1,3,8,12,13,15,16,18,19,20
2018-09-05,21:00,4214,10,2,4,7,8,10,11,13,17,19,20
2018-09-05,22:00,4215,20,1,2,6,12,14,15,17,18,19,20
2018-09-05,23:00,4216,16,1,3,5,7,8,9,14,17,18,20
2018-09-06,07:00,4217,9,1,2,5,9,10,13,14,17,19,20
2018-09-06,08:00,4218,18,2,5,7,10,12,14,15,16,17,18
2018-09-06,09:00,4219,16,1,2,3,5,10,12,13,14,17,20
2018-09-06,10:00,4220,3,2,5,7,9,10,11,12,14,16,18
2018-09-06,11:00,4221,6,1,3,4,8,10,12,14,16,17,20
2018-09-06,12:00,4222,8,1,2,3,4,5,6,7,8,18,20
2018-09-06,13:00,4223,1,3,4,7,10,12,13,14,17,18,19
2018-09-06,14:00,4224,16,2,3,6,7,8,9,10,13,16,18
2018-09-06,15:00,4225,17,1,5,6,7,8,12,13,15,16,19
2018-09-06,16:00,4226,11,1,3,4,5,8,10,12,13,17,18
2018-09-06,17:00,4227,7,1,2,3,5,7,9,12,16,18,19
2018-09-06,18:00,4228,18,2,4,6,9,10,14,15,16,19,20
2018-09-06,19:00,4229,6,2,5,6,8,10,11,14,16,18,20
2018-09-06,20:00,4230,16,2,3,4,5,9,12,14,15,16,20
2018-09-06,21:00,4231,2,4,7,8,10,11,13,15,16,17,20
2018-09-06,22:00,4232,3,5,7,10,11,12,13,15,16,18,20
2018-09-06,23:00,4233,9,3,4,6,9,13,14,15,16,17,20
2018-09-07,07:00,4234,8,2,5,6,7,8,13,15,16,17,20
2018-09-07,08:00,4235,12,2,3,4,5,6,7,10,13,14,18
2018-09-07,09:00,4236,7,2,3,4,6,7,9,10,11,13,18
2018-09-07,10:00,4237,18,1,2,4,5,8,11,12,13,17,20
2018-09-07,11:00,4238,1,2,3,6,8,9,10,15,16,17,18
2018-09-07,12:00,4239,3,1,2,3,10,12,13,15,18,19,20
2018-09-07,13:00,4240,15,1,2,4,6,7,9,10,17,19,20
2018-09-07,14:00,4241,17,1,3,4,8,11,12,14,17,19,20
2018-09-07,15:00,4242,6,1,2,3,4,5,6,8,10,16,17
2018-09-07,16:00,4243,3,1,2,3,4,6,7,11,12,14,18
2018-09-07,17:00,4244,4,7,8,9,10,12,13,17,18,19,20
2018-09-07,18:00,4245,2,1,4,6,8,9,10,11,14,16,18
2018-09-07,19:00,4246,4,3,4,6,7,8,9,14,15,16,18
2018-09-07,20:00,4247,2,2,3,6,7,8,10,11,13,14,16
2018-09-07,21:00,4248,14,1,2,4,6,10,13,14,16,18,19
2018-09-07,22:00,4249,17,1,5,6,7,8,10,11,14,17,18
2018-09-07,23:00,4250,15,5,6,7,9,11,12,14,15,16,20
2018-09-08,07:00,4251,8,2,3,4,5,10,11,12,13,17,19
2018-09-08,08:00,4252,4,2,4,5,6,8,9,10,11,19,20
2018-09-08,09:00,4253,12,2,3,4,5,6,9,15,16,17,18
2018-09-08,10:00,4254,8,2,3,6,8,10,15,16,17,18,20
2018-09-08,11:00,4255,13,1,4,5,7,8,9,11,13,16,19
2018-09-08,12:00,4256,15,1,3,5,7,8,9,12,16,17,20
2018-09-08,13:00,4257,2,1,5,6,7,8,11,13,15,17,18
2018-09-08,14:00,4258,7,1,2,3,5,6,7,9,10,15,16
2018-09-08,15:00,4259,16,1,2,3,7,8,13,14,15,19,20
2018-09-08,16:00,4260,11,1,3,7,8,9,11,14,17,18,20
2018-09-08,17:00,4261,3,3,4,5,7,13,14,15,16,18,20
2018-09-08,18:00,4262,11,5,7,8,10,11,12,13,14,16,17
2018-09-08,19:00,4263,11,1,4,7,8,10,11,13,16,17,19
2018-09-08,20:00,4264,13,3,6,7,8,9,12,15,16,19,20
2018-09-08,21:00,4265,11,2,4,6,7,10,13,15,16,19,20
2018-09-08,22:00,4266,19,2,3,7,8,9,11,13,16,17,18
2018-09-08,23:00,4267,3,1,5,6,7,11,12,16,18,19,20
2018-09-09,07:00,4268,8,2,3,6,7,8,9,11,12,13,16
2018-09-09,08:00,4269,6,1,4,5,7,8,9,10,14,15,17
2018-09-09,09:00,4270,6,3,6,7,9,11,13,16,18,19,20
2018-09-09,10:00,4271,7,2,3,4,6,9,11,13,16,18,20
2018-09-09,11:00,4272,4,1,4,5,11,12,13,14,15,18,19
2018-09-09,12:00,4273,5,8,9,12,13,14,15,17,18,19,20
2018-09-09,13:00,4274,5,4,7,8,10,12,14,15,17,19,20
2018-09-09,14:00,4275,6,3,5,6,8,10,11,12,13,14,17
2018-09-09,15:00,4276,19,4,6,7,9,12,14,15,17,18,19
2018-09-09,16:00,4277,6,1,2,4,6,12,13,14,15,18,19
2018-09-09,17:00,4278,9,1,2,3,5,6,8,11,12,14,17
2018-09-09,18:00,4279,8,3,4,5,9,10,12,13,14,18,20
2018-09-09,19:00,4280,15,1,2,5,7,10,11,13,15,16,17
2018-09-09,20:00,4281,6,3,5,6,7,9,14,15,16,17,20
2018-09-09,21:00,4282,7,1,2,3,7,9,10,11,14,15,18
2018-09-09,22:00,4283,15,1,3,6,7,9,12,13,16,17,18
2018-09-09,23:00,4284,13,2,3,5,8,10,12,13,15,16,17
2018-09-10,07:00,4285,14,1,3,4,5,6,8,9,16,17,18
2018-09-10,08:00,4286,13,3,5,8,9,14,16,17,18,19,20
2018-09-10,09:00,4287,7,4,5,6,8,12,13,16,17,18,20
2018-09-10,10:00,4288,4,2,4,6,7,9,10,12,17,19,20
2018-09-10,11:00,4289,15,2,3,5,6,7,8,10,11,12,14
2018-09-10,12:00,4290,10,3,5,6,8,9,10,11,14,18,19
2018-09-10,13:00,4291,16,2,3,4,5,6,7,9,10,12,13
2018-09-10,14:00,4292,16,2,7,8,9,10,11,12,14,15,20
2018-09-10,15:00,4293,3,2,3,8,10,11,13,14,15,16,18
2018-09-10,16:00,4294,12,2,5,6,9,10,12,13,14,16,19
2018-09-10,17:00,4295,7,5,8,9,10,11,12,13,17,18,19
2018-09-10,18:00,4296,17,1,3,5,7,8,9,10,12,16,17
2018-09-10,19:00,4297,19,3,4,7,10,11,13,15,16,17,18
2018-09-10,20:00,4298,11,7,8,9,11,13,15,17,18,19,20
2018-09-10,21:00,4299,10,1,2,3,7,8,9,10,12,13,17
2018-09-10,22:00,4300,7,1,3,4,10,11,12,17,18,19,20
2018-09-10,23:00,4301,2,1,4,6,7,11,12,15,17,18,19
2018-09-11,07:00,4302,18,1,4,11,12,13,15,16,17,18,20
2018-09-11,08:00,4303,3,2,3,4,8,10,12,13,16,18,19
2018-09-11,09:00,4304,11,1,2,9,10,13,15,16,17,19,20
2018-09-11,10:00,4305,11,6,9,10,11,13,14,16,18,19,20
2018-09-11,11:00,4306,13,1,2,4,5,7,10,12,17,19,20
2018-09-11,12:00,4307,8,2,7,10,12,13,14,16,17,19,20
2018-09-11,13:00,4308,19,1,5,7,9,11,13,15,16,17,18
2018-09-11,14:00,4309,19,2,3,5,6,7,8,9,12,13,20
2018-09-11,15:00,4310,13,1,6,7,10,11,13,15,18,19,20
2018-09-11,16:00,4311,12,1,2,3,4,7,11,12,13,19,20
2018-09-11,17:00,4312,4,1,5,7,8,10,12,16,17,18,19
2018-09-11,18:00,4313,6,1,4,5,7,8,10,11,14,17,20
2018-09-11,19:00,4314,18,1,3,4,5,6,8,10,14,17,18
2018-09-11,20:00,4315,19,3,4,5,10,12,14,16,17,18,19
2018-09-11,21:00,4316,14,2,3,7,8,9,10,12,16,19,20
2018-09-11,22:00,4317,2,2,4,8,9,10,12,15,18,19,20
2018-09-11,23:00,4318,14,1,3,5,6,9,10,13,14,17,18
2018-09-12,07:00,4319,13,4,6,8,10,12,13,15,16,18,19
2018-09-12,08:00,4320,19,1,2,3,4,6,12,14,16,17,20
2018-09-12,09:00,4321,12,3,4,7,9,10,12,13,15,19,20
2018-09-12,10:00,4322,5,1,4,5,6,9,11,12,16,18,19
2018-09-12,11:00,4323,10,2,3,5,8,10,13,14,16,17,20
2018-09-12,12:00,4324,2,1,2,3,4,6,7,8,9,12,13
2018-09-12,13:00,4325,6,1,2,3,4,5,8,9,13,16,19
2018-09-12,14:00,4326,8,3,4,6,7,10,12,13,15,16,18
2018-09-12,15:00,4327,8,7,8,10,11,14,15,16,17,19,20
2018-09-12,16:00,4328,15,2,4,6,8,11,12,13,16,17,18
2018-09-12,17:00,4329,12,3,4,5,7,11,13,14,15,17,18
2018-09-12,18:00,4330,14,1,2,3,7,9,11,13,17,18,20
2018-09-12,19:00,4331,19,2,4,5,6,7,13,14,16,18,20
2018-09-12,20:00,4332,11,4,7,8,9,10,11,12,14,17,18
2018-09-12,21:00,4333,3,1,2,5,7,10,12,13,15,19,20
2018-09-12,22:00,4334,14,1,2,3,5,6,7,15,16,17,19
2018-09-12,23:00,4335,10,2,3,6,8,9,10,13,14,15,17
2018-09-13,07:00,4336,4,1,3,4,8,10,13,15,17,19,20
2018-09-13,08:00,4337,3,3,4,6,8,11,14,16,17,19,20
2018-09-13,09:00,4338,17,2,3,7,9,10,13,15,17,19,20
2018-09-13,10:00,4339,6,5,8,9,10,11,12,13,14,17,19
2018-09-13,11:00,4340,15,1,2,4,5,6,10,12,13,16,18
2018-09-13,12:00,4341,17,1,2,3,5,6,9,11,14,16,20
2018-09-13,13:00,4342,13,1,2,5,6,10,11,14,15,16,18
2018-09-13,14:00,4343,5,1,4,5,7,8,10,13,14,16,19
2018-09-13,15:00,4344,11,6,7,8,10,13,14,15,16,19,20
2018-09-13,16:00,4345,19,4,5,7,11,12,13,14,15,17,18
2018-09-13,17:00,4346,11,2,3,4,6,7,9,11,13,15,20
2018-09-13,18:00,4347,13,1,4,5,6,8,9,12,14,16,17
2018-09-13,19:00,4348,1,2,3,5,8,9,15,16,17,18,20
2018-09-13,20:00,4349,13,1,2,4,6,8,10,11,12,17,18
2018-09-13,21:00,4350,14,3,4,6,8,11,13,16,17,18,20
2018-09-13,22:00,4351,14,4,5,6,8,9,11,14,15,17,19
2018-09-13,23:00,4352,3,5,7,9,10,12,13,14,15,17,18
2018-09-14,07:00,4353,20,1,6,7,8,9,10,12,14,19,20
2018-09-14,08:00,4354,5,1,2,7,8,13,14,15,16,18,19
2018-09-14,09:00,4355,12,1,3,4,6,7,10,11,14,16,18
2018-09-14,10:00,4356,7,1,3,4,7,8,9,14,17,19,20
2018-09-14,11:00,4357,11,1,2,4,5,6,11,12,16,17,19
2018-09-14,12:00,4358,11,2,4,5,8,9,10,15,17,18,20
2018-09-14,13:00,4359,5,1,2,4,8,9,10,13,17,19,20
2018-09-14,14:00,4360,11,1,6,7,9,10,11,12,13,16,20
2018-09-14,15:00,4361,15,1,4,6,7,8,9,10,11,14,15
2018-09-14,16:00,4362,10,1,2,5,8,10,14,15,16,17,20
2018-09-14,17:00,4363,10,1,2,4,5,7,9,12,15,17,18
2018-09-14,18:00,4364,5,5,6,7,9,10,12,14,16,19,20
2018-09-14,19:00,4365,11,3,5,6,8,9,11,14,15,16,18
2018-09-14,20:00,4366,15,1,2,3,4,9,12,13,15,16,19
2018-09-14,21:00,4367,13,2,4,6,10,11,14,16,17,19,20
2018-09-14,22:00,4368,14,3,4,5,9,10,11,15,16,19,20
2018-09-14,23:00,4369,1,1,5,6,7,10,13,16,17,18,19
2018-09-15,07:00,4370,14,1,3,4,5,8,13,14,17,19,20
2018-09-15,08:00,4371,6,2,6,7,9,10,11,13,14,17,19
2018-09-15,09:00,4372,7,1,5,6,8,10,11,12,14,15,17
2018-09-15,10:00,4373,15,3,4,7,9,11,12,15,16,18,19
2018-09-15,11:00,4374,9,3,6,7,8,11,15,16,17,18,19
2018-09-15,12:00,4375,20,1,4,5,6,7,8,11,15,19,20
2018-09-15,13:00,4376,3,1,2,4,7,8,12,14,17,18,20
2018-09-15,14:00,4377,5,3,8,9,12,13,14,15,16,18,19
2018-09-15,15:00,4378,1,1,6,10,12,13,14,16,17,18,20
2018-09-15,16:00,4379,2,1,2,3,5,7,11,12,14,18,20
2018-09-15,17:00,4380,20,1,3,4,5,6,7,11,13,16,17
2018-09-15,18:00,4381,10,3,4,8,10,14,15,16,18,19,20
2018-09-15,19:00,4382,7,1,4,8,9,10,12,15,17,18,19
2018-09-15,20:00,4383,5,5,6,7,8,9,10,13,15,17,19
2018-09-15,21:00,4384,15,1,2,4,5,6,9,10,13,18,19
2018-09-15,22:00,4385,18,2,3,5,10,13,14,16,17,18,19
2018-09-15,23:00,4386,6,1,2,4,7,12,13,15,18,19,20
2018-09-16,07:00,4387,20,2,3,5,11,12,13,14,15,16,18
2018-09-16,08:00,4388,1,1,2,4,9,11,14,15,16,18,19
2018-09-16,09:00,4389,1,1,3,4,5,7,9,11,15,18,20
2018-09-16,10:00,4390,18,3,5,8,10,11,13,15,16,19,20
2018-09-16,11:00,4391,8,3,4,5,6,9,12,15,16,17,20
2018-09-16,12:00,4392,5,2,5,9,10,12,14,15,18,19,20
2018-09-16,13:00,4393,8,1,4,6,7,9,13,16,17,18,19
2018-09-16,14:00,4394,17,2,4,7,8,9,12,15,16,17,19
2018-09-16,15:00,4395,5,1,5,7,9,11,14,15,17,19,20
2018-09-16,16:00,4396,14,1,5,6,10,11,12,14,15,17,20
2018-09-16,17:00,4397,6,2,3,6,7,8,9,13,14,18,19
2018-09-16,18:00,4398,12,4,7,8,9,13,14,15,16,17,18
2018-09-16,19:00,4399,16,1,2,4,9,10,13,15,16,18,20
2018-09-16,20:00,4400,9,2,7,10,14,15,16,17,18,19,20
2018-09-16,21:00,4401,14,1,2,5,9,11,12,14,15,19,20
2018-09-16,22:00,4402,13,1,3,4,6,7,10,11,12,17,20
2018-09-16,23:00,4403,13,1,3,8,10,12,14,16,17,18,19
2018-09-17,07:00,4404,12,3,4,5,6,10,11,12,13,16,18
2018-09-17,08:00,4405,15,6,7,9,10,13,14,15,16,19,20
2018-09-17,09:00,4406,11,2,3,4,7,8,9,12,14,16,17
2018-09-17,10:00,4407,12,2,3,5,8,9,12,13,15,17,20
2018-09-17,11:00,4408,19,1,2,5,6,10,11,14,16,17,18
2018-09-17,12:00,4409,16,2,3,4,5,8,11,13,14,15,20
2018-09-17,13:00,4410,6,1,2,5,6,10,11,13,16,18,19
2018-09-17,14:00,4411,20,1,2,3,5,8,10,12,13,14,20
2018-09-17,15:00,4412,18,3,4,5,6,8,11,13,16,18,20
2018-09-17,16:00,4413,4,6,7,8,10,13,15,17,18,19,20
2018-09-17,17:00,4414,2,2,4,7,10,11,15,16,17,19,20
2018-09-17,18:00,4415,8,1,3,5,7,10,14,16,18,19,20
2018-09-17,19:00,4416,13,2,5,8,9,10,11,12,13,14,17
2018-09-17,20:00,4417,20,1,3,5,8,10,11,12,14,15,18
2018-09-17,21:00,4418,9,1,4,5,6,7,8,12,15,17,19
2018-09-17,22:00,4419,15,1,3,5,7,8,9,10,15,17,20
2018-09-17,23:00,4420,7,6,8,10,11,12,16,17,18,19,20
2018-09-18,07:00,4421,19,2,3,4,7,8,10,15,16,17,20
2018-09-18,08:00,4422,14,1,3,6,10,11,12,15,16,17,18
2018-09-18,09:00,4423,17,1,3,8,9,10,12,14,15,16,17
2018-09-18,10:00,4424,8,1,2,4,5,7,11,12,13,18,20
2018-09-18,11:00,4425,13,1,2,3,4,11,12,15,16,17,18
2018-09-18,12:00,4426,1,3,4,5,6,7,11,12,14,18,20
2018-09-18,13:00,4427,18,3,4,6,7,12,14,15,16,17,18
2018-09-18,14:00,4428,7,1,4,7,8,9,10,11,13,18,20
2018-09-18,15:00,4429,5,3,7,8,9,12,13,14,15,16,17
2018-09-18,16:00,4430,16,1,4,5,6,8,10,13,14,16,18
2018-09-18,17:00,4431,17,2,3,8,9,10,12,14,15,16,17
2018-09-18,18:00,4432,18,3,7,8,9,10,13,15,16,17,18
2018-09-18,19:00,4433,8,1,3,4,8,12,16,17,18,19,20
2018-09-18,20:00,4434,17,3,4,7,9,10,12,14,15,19,20
2018-09-18,21:00,4435,18,1,2,3,4,5,6,12,16,17,19
2018-09-18,22:00,4436,6,2,3,4,5,7,9,10,12,16,20
2018-09-18,23:00,4437,12,1,2,3,4,7,12,13,17,18,19
2018-09-19,07:00,4438,12,3,7,10,11,12,13,14,16,19,20
2018-09-19,08:00,4439,6,3,4,6,10,12,13,15,17,18,20
2018-09-19,09:00,4440,10,1,4,6,7,9,10,13,15,16,20
2018-09-19,10:00,4441,12,3,6,8,11,13,14,15,16,17,18
2018-09-19,11:00,4442,7,2,4,5,7,8,12,13,16,17,18
2018-09-19,12:00,4443,2,1,3,6,9,10,12,13,17,18,20
2018-09-19,13:00,4444,9,5,8,9,14,15,16,17,18,19,20
2018-09-19,14:00,4445,4,1,2,5,6,8,10,12,13,14,18
2018-09-19,15:00,4446,7,2,3,4,7,8,10,11,12,13,15
2018-09-19,16:00,4447,17,1,2,3,7,8,9,13,14,18,19
2018-09-19,17:00,4448,4,3,5,6,7,8,10,13,15,17,18
2018-09-19,18:00,4449,17,1,6,8,11,14,15,16,17,19,20
2018-09-19,19:00,4450,11,1,3,5,6,7,8,9,10,12,13
2018-09-19,20:00,4451,15,1,2,4,7,8,9,11,15,16,18
2018-09-19,21:00,4452,3,2,3,5,6,7,9,12,16,18,20
2018-09-19,22:00,4453,11,2,3,5,7,9,10,15,16,19,20
2018-09-19,23:00,4454,13,2,4,5,10,11,13,15,16,18,19
2018-09-20,07:00,4455,12,1,2,3,5,7,11,14,16,17,19
2018-09-20,08:00,4456,20,2,4,5,8,10,13,14,15,17,18
2018-09-20,09:00,4457,7,1,4,5,6,7,10,11,13,17,20
2018-09-20,10:00,4458,11,3,4,6,7,9,11,14,16,18,20
2018-09-20,11:00,4459,12,1,2,5,9,10,12,15,16,19,20
2018-09-20,12:00,4460,7,3,5,6,8,10,13,16,17,18,19
2018-09-20,13:00,4461,1,3,6,7,8,9,11,13,14,16,18
2018-09-20,14:00,4462,4,2,4,6,7,10,11,12,14,18,19
2018-09-20,15:00,4463,14,2,5,7,9,10,11,12,13,14,16
2018-09-20,16:00,4464,11,1,3,5,8,10,11,14,15,16,18
2018-09-20,17:00,4465,9,5,6,8,9,10,11,13,18,19,20
2018-09-20,18:00,4466,12,1,2,3,7,12,13,14,15,16,17
2018-09-20,19:00,4467,17,1,4,5,7,10,13,14,16,18,19
2018-09-20,20:00,4468,13,1,2,3,6,8,10,11,13,17,20
2018-09-20,21:00,4469,7,1,2,4,5,9,12,13,14,16,17
2018-09-20,22:00,4470,14,3,5,6,7,10,11,14,15,18,19
2018-09-20,23:00,4471,13,1,5,6,7,8,9,10,12,13,15
2018-09-21,07:00,4472,9,2,8,9,10,12,13,15,18,19,20
2018-09-21,08:00,4473,5,1,4,6,8,11,13,15,16,17,19
2018-09-21,09:00,4474,10,3,4,7,10,12,15,16,18,19,20
2018-09-21,10:00,4475,9,1,5,8,10,12,13,15,16,18,19
2018-09-21,11:00,4476,7,2,3,4,6,10,13,14,16,18,19
2018-09-21,12:00,4477,10,1,3,5,6,11,12,16,17,19,20
2018-09-21,13:00,4478,10,1,2,3,5,8,14,16,18,19,20
2018-09-21,14:00,4479,18,1,3,4,11,12,13,16,18,19,20
2018-09-21,15:00,4480,20,1,2,4,6,9,11,15,16,18,20
2018-09-21,16:00,4481,6,2,10,12,13,14,15,17,18,19,20
2018-09-21,17:00,4482,3,1,2,3,4,5,7,9,14,19,20
2018-09-21,18:00,4483,7,3,5,6,7,9,10,14,15,19,20
2018-09-21,19:00,4484,12,1,2,4,5,9,12,14,15,18,19
2018-09-21,20:00,4485,1,1,2,7,8,10,11,17,18,19,20
2018-09-21,21:00,4486,4,2,4,6,9,14,15,16,18,19,20
2018-09-21,22:00,4487,19,3,4,6,9,11,12,15,17,18,19
2018-09-21,23:00,4488,8,3,7,9,11,12,13,15,16,17,19
2018-09-22,07:00,4489,5,1,3,4,7,9,13,15,16,18,19
2018-09-22,08:00,4490,19,3,4,6,7,8,10,13,14,15,17
2018-09-22,09:00,4491,12,3,4,8,9,10,12,13,17,19,20
2018-09-22,10:00,4492,8,1,2,3,5,6,8,11,12,14,18
2018-09-22,11:00,4493,10,1,5,6,10,11,15,16,17,19,20
2018-09-22,12:00,4494,18,4,7,8,11,13,15,17,18,19,20
2018-09-22,13:00,4495,10,1,2,3,6,7,8,11,14,18,20
2018-09-22,14:00,4496,15,3,4,5,6,7,9,13,15,16,17
2018-09-22,15:00,4497,5,3,7,8,9,10,12,13,14,15,16
2018-09-22,16:00,4498,17,1,6,7,9,10,12,13,16,17,20
2018-09-22,17:00,4499,18,1,3,5,6,7,8,10,11,18,19
2018-09-22,18:00,4500,8,1,3,4,11,13,15,16,17,18,20
2018-09-22,19:00,4501,5,1,2,3,4,5,9,10,11,15,18
2018-09-22,20:00,4502,18,1,3,4,8,9,13,15,17,18,20
2018-09-22,21:00,4503,4,1,2,4,6,10,11,12,13,15,18
2018-09-22,22:00,4504,13,1,6,7,8,10,12,14,15,18,19
2018-09-22,23:00,4505,3,2,6,7,8,13,14,15,18,19,20
2018-09-23,07:00,4506,1,1,3,4,5,9,10,14,16,17,20
2018-09-23,08:00,4507,5,2,3,5,8,12,13,14,15,16,19
2018-09-23,09:00,4508,15,4,5,6,7,9,10,12,15,18,19
2018-09-23,10:00,4509,14,2,4,5,7,11,12,16,17,18,20
2018-09-23,11:00,4510,11,1,3,5,8,9,12,13,14,15,17
2018-09-23,12:00,4511,7,2,5,6,9,11,15,16,18,19,20
2018-09-23,13:00,4512,8,1,2,3,6,10,11,12,14,15,16
2018-09-23,14:00,4513,10,2,3,4,5,6,7,8,9,17,18
2018-09-23,15:00,4514,18,1,2,5,8,9,12,13,17,19,20
2018-09-23,16:00,4515,13,1,2,3,6,8,10,12,17,18,19
2018-09-23,17:00,4516,17,4,5,8,9,14,15,16,17,18,20
2018-09-23,18:00,4517,1,3,6,8,12,13,14,17,18,19,20
2018-09-23,19:00,4518,13,3,7,9,10,12,13,14,16,18,19
2018-09-23,20:00,4519,3,1,2,4,6,8,9,13,14,18,20
2018-09-23,21:00,4520,5,2,3,5,6,8,9,12,14,16,20
2018-09-23,22:00,4521,14,1,2,5,8,10,11,13,16,19,20
2018-09-23,23:00,4522,11,1,4,5,7,10,13,14,15,17,20
2018-09-24,07:00,4523,11,2,3,4,6,8,9,10,11,13,17
2018-09-24,08:00,4524,11,2,3,4,5,6,8,9,12,13,17
2018-09-24,09:00,4525,7,1,4,5,9,12,13,14,15,16,20
2018-09-24,10:00,4526,11,1,3,5,6,7,9,13,14,18,19
2018-09-24,11:00,4527,9,1,2,3,4,7,12,14,18,19,20
2018-09-24,12:00,4528,4,1,3,6,8,11,12,13,15,16,20
2018-09-24,13:00,4529,20,1,3,4,5,7,8,10,11,17,18
2018-09-24,14:00,4530,19,1,2,5,10,11,13,14,16,17,19
2018-09-24,15:00,4531,8,5,6,11,12,13,16,17,18,19,20
2018-09-24,16:00,4532,20,2,5,7,8,11,13,17,18,19,20
2018-09-24,17:00,4533,20,1,3,4,5,7,9,10,12,13,19
2018-09-24,18:00,4534,10,1,2,3,5,7,10,13,17,18,20
2018-09-24,19:00,4535,20,2,5,7,10,11,12,14,16,17,20
2018-09-24,20:00,4536,5,1,2,4,5,7,8,10,12,13,19
2018-09-24,21:00,4537,14,4,7,8,10,12,13,16,17,18,19
2018-09-24,22:00,4538,5,1,3,7,8,9,11,15,16,18,20
2018-09-24,23:00,4539,5,4,5,6,8,10,15,17,18,19,20
2018-09-25,07:00,4540,6,3,6,7,9,10,11,12,14,17,18
2018-09-25,08:00,4541,7,1,3,4,6,10,11,14,15,16,18
2018-09-25,09:00,4542,6,4,6,8,10,11,13,14,17,18,20
2018-09-25,10:00,4543,11,1,2,3,5,7,9,12,13,16,18
2018-09-25,11:00,4544,18,1,3,5,6,7,8,12,18,19,20
2018-09-25,12:00,4545,7,1,2,6,7,8,9,13,14,15,18
2018-09-25,13:00,4546,20,3,4,8,10,11,12,13,15,19,20
2018-09-25,14:00,4547,16,2,3,4,7,8,9,11,12,13,18
2018-09-25,15:00,4548,7,1,2,3,4,8,9,11,12,14,17
2018-09-25,16:00,4549,8,1,2,3,6,7,8,10,17,18,20
2018-09-25,17:00,4550,12,1,2,3,4,5,10,15,16,18,20
2018-09-25,18:00,4551,1,3,4,5,6,7,10,13,14,16,17
2018-09-25,19:00,4552,13,1,2,6,7,8,9,10,13,16,20
2018-09-25,20:00,4553,11,1,3,4,6,7,8,11,13,18,20
2018-09-25,21:00,4554,17,2,3,4,6,8,11,12,15,16,17
2018-09-25,22:00,4555,18,2,3,4,6,8,11,12,15,16,18
2018-09-25,23:00,4556,20,1,2,4,6,8,10,11,15,17,20
2018-09-26,07:00,4557,5,1,4,5,10,11,13,15,16,17,20
2018-09-26,08:00,4558,5,1,2,3,4,11,12,13,14,18,20
2018-09-26,09:00,4559,1,1,6,7,9,12,13,14,15,17,18
2018-09-26,10:00,4560,15,5,6,8,10,11,12,13,17,19,20
2018-09-26,11:00,4561,11,2,3,4,5,6,8,9,10,14,20
2018-09-26,12:00,4562,16,1,2,4,5,6,8,13,14,15,20
2018-09-26,13:00,4563,18,4,5,6,10,11,13,16,18,19,20
2018-09-26,14:00,4564,16,1,2,3,4,6,8,9,11,12,17
2018-09-26,15:00,4565,3,3,5,7,9,10,12,13,16,17,20
2018-09-26,16:00,4566,14,3,7,8,9,10,11,13,14,16,18
2018-09-26,17:00,4567,18,1,2,3,4,5,6,9,11,12,16
2018-09-26,18:00,4568,16,2,4,6,7,8,13,15,16,17,18
2018-09-26,19:00,4569,13,2,3,4,7,9,11,12,13,15,18
2018-09-26,20:00,4570,15,1,2,3,5,6,11,12,14,17,18
2018-09-26,21:00,4571,19,1,2,3,4,5,12,13,17,18,20
2018-09-26,22:00,4572,13,4,6,7,9,10,11,17,18,19,20
2018-09-26,23:00,4573,4,1,2,8,9,10,12,15,18,19,20
2018-09-27,07:00,4574,4,2,4,8,9,10,11,15,16,18,20
2018-09-27,08:00,4575,5,3,5,9,11,12,15,17,18,19,20
2018-09-27,09:00,4576,20,2,3,8,10,11,13,14,15,16,18
2018-09-27,10:00,4577,8,2,3,6,9,10,14,15,16,17,19
2018-09-27,11:00,4578,19,1,4,5,6,9,10,13,14,18,20
2018-09-27,12:00,4579,13,1,3,4,6,7,8,9,10,17,18
2018-09-27,13:00,4580,18,6,8,12,13,14,15,16,18,19,20
2018-09-27,14:00,4581,11,1,3,6,7,9,11,13,15,17,18
2018-09-27,15:00,4582,13,1,3,7,10,11,12,13,14,16,18
2018-09-27,16:00,4583,14,1,3,8,9,10,11,12,15,19,20
2018-09-27,17:00,4584,4,1,3,4,6,7,10,12,17,19,20
2018-09-27,18:00,4585,2,2,5,7,8,11,13,14,15,16,17
2018-09-27,19:00,4586,15,2,5,9,10,12,13,15,17,19,20
2018-09-27,20:00,4587,18,2,4,5,10,13,14,15,16,17,19
2018-09-27,21:00,4588,9,3,4,5,6,9,13,14,15,18,20
2018-09-27,22:00,4589,4,1,2,3,6,7,10,15,17,19,20
2018-09-27,23:00,4590,10,1,3,6,11,12,13,14,15,18,20
2018-09-28,07:00,4591,16,2,4,5,6,7,8,9,14,15,20
2018-09-28,08:00,4592,18,1,3,4,6,8,11,12,14,15,19
2018-09-28,09:00,4593,11,1,4,5,7,11,12,14,15,17,18
2018-09-28,10:00,4594,13,3,5,6,7,10,13,14,15,17,19
2018-09-28,11:00,4595,5,2,3,4,7,8,9,12,16,18,19
2018-09-28,12:00,4596,2,5,7,8,10,11,12,13,15,17,20
2018-09-28,13:00,4597,16,1,4,5,8,9,11,14,17,18,20
2018-09-28,14:00,4598,18,3,5,6,7,8,9,11,12,13,14
2018-09-28,15:00,4599,1,1,2,4,9,10,13,15,18,19,20
2018-09-28,16:00,4600,10,4,5,6,7,8,11,13,14,17,18
2018-09-28,17:00,4601,13,1,3,5,7,9,11,13,15,18,19
2018-09-28,18:00,4602,1,3,4,6,7,9,10,11,12,17,19
2018-09-28,19:00,4603,14,1,2,5,6,7,8,12,13,15,17
2018-09-28,20:00,4604,2,1,3,4,10,11,12,15,16,18,19
2018-09-28,21:00,4605,1,3,4,8,10,14,15,16,17,18,20
2018-09-28,22:00,4606,19,2,4,5,8,9,10,14,15,18,20
2018-09-28,23:00,4607,14,1,4,6,8,10,11,13,14,16,19
2018-09-29,07:00,4608,1,1,2,3,6,7,9,10,11,16,17
2018-09-29,08:00,4609,7,4,6,9,10,11,12,15,16,19,20
2018-09-29,09:00,4610,11,3,5,7,8,10,12,13,14,16,20
2018-09-29,10:00,4611,12,4,5,6,7,10,11,12,16,17,20
2018-09-29,11:00,4612,17,3,5,8,9,11,12,14,15,17,20
2018-09-29,12:00,4613,9,4,5,7,9,10,13,15,16,19,20
2018-09-29,13:00,4614,1,5,8,9,10,13,15,16,17,19,20
2018-09-29,14:00,4615,16,2,3,5,7,8,9,10,11,15,16
2018-09-29,15:00,4616,7,2,4,5,6,8,10,11,13,14,19
2018-09-29,16:00,4617,19,4,6,8,9,10,12,15,16,18,19
2018-09-29,17:00,4618,14,2,5,7,10,11,12,13,17,18,20
2018-09-29,18:00,4619,7,1,4,5,6,9,10,13,16,18,20
2018-09-29,19:00,4620,14,1,2,3,5,7,8,10,14,16,18
2018-09-29,20:00,4621,19,1,2,4,5,7,8,9,13,16,19
2018-09-29,21:00,4622,13,2,3,4,5,6,13,14,15,17,19
2018-09-29,22:00,4623,2,3,4,5,7,9,10,14,15,16,19
2018-09-29,23:00,4624,20,1,2,3,4,5,10,11,14,18,20
2018-09-30,07:00,4625,6,3,4,9,11,13,14,15,16,17,18
2018-09-30,08:00,4626,15,1,2,6,8,9,10,12,16,19,20
2018-09-30,09:00,4627,17,2,4,6,8,11,12,14,15,16,17
2018-09-30,10:00,4628,8,1,2,3,4,7,9,15,16,18,19
2018-09-30,11:00,4629,1,2,5,6,7,9,12,13,16,17,20
2018-09-30,12:00,4630,16,1,11,12,14,15,16,17,18,19,20
2018-09-30,13:00,4631,13,1,2,4,9,11,12,15,18,19,20
2018-09-30,14:00,4632,5,2,3,4,5,7,8,14,16,17,20
2018-09-30,15:00,4633,9,2,8,10,12,13,14,15,16,18,19
2018-09-30,16:00,4634,17,3,5,6,7,11,12,14,16,17,20
2018-09-30,17:00,4635,13,1,2,3,4,7,9,12,13,17,19
2018-09-30,18:00,4636,14,1,2,7,8,9,11,13,15,17,19
2018-09-30,19:00,4637,15,3,4,5,9,10,14,15,16,17,18
2018-09-30,20:00,4638,5,1,2,4,5,7,12,14,17,19,20
2018-09-30,21:00,4639,17,1,3,4,5,6,7,14,16,18,20
2018-09-30,22:00,4640,16,3,4,5,7,9,10,11,13,17,20
2018-09-30,23:00,4641,10,3,6,7,8,10,12,13,16,17,20
2018-10-01,07:00,4642,8,2,4,7,8,9,10,12,13,14,20
2018-10-01,08:00,4643,3,1,2,3,7,9,11,13,17,18,20
2018-10-01,09:00,4644,13,4,5,6,7,9,12,13,14,18,19
2018-10-01,10:00,4645,13,2,3,7,8,10,11,13,15,16,17
2018-10-01,11:00,4646,2,2,3,4,8,9,10,13,15,16,20
2018-10-01,12:00,4647,19,1,4,5,8,9,11,12,13,17,20
2018-10-01,13:00,4648,6,1,3,6,8,10,11,12,15,18,20
2018-10-01,14:00,4649,6,2,6,8,11,12,13,14,16,18,20
2018-10-01,15:00,4650,7,1,2,5,10,12,14,15,18,19,20
2018-10-01,16:00,4651,5,1,3,5,6,7,12,13,17,19,20
2018-10-01,17:00,4652,4,5,7,9,10,11,12,15,17,18,20
2018-10-01,18:00,4653,1,4,6,8,9,10,11,15,17,18,19
2018-10-01,19:00,4654,4,2,3,4,7,8,9,10,12,16,17
2018-10-01,20:00,4655,1,3,4,7,9,10,13,15,17,18,19
2018-10-01,21:00,4656,20,5,6,9,10,14,15,17,18,19,20
2018-10-01,22:00,4657,8,1,3,11,12,13,14,16,17,18,20
2018-10-01,23:00,4658,9,2,3,4,8,11,12,15,16,18,20
2018-10-02,07:00,4659,7,1,4,8,10,11,12,13,17,19,20
2018-10-02,08:00,4660,12,2,6,9,12,14,15,16,18,19,20
2018-10-02,09:00,4661,15,1,3,4,5,8,12,14,15,17,19
2018-10-02,10:00,4662,18,2,3,4,8,9,11,17,18,19,20
2018-10-02,11:00,4663,19,1,4,6,7,8,13,14,15,18,20
2018-10-02,12:00,4664,18,3,4,5,6,7,8,12,13,15,19
2018-10-02,13:00,4665,5,1,2,5,6,8,9,11,13,19,20
2018-10-02,14:00,4666,16,2,4,5,6,7,10,11,16,18,20
2018-10-02,15:00,4667,20,2,3,5,6,8,9,11,13,17,19
2018-10-02,16:00,4668,1,1,2,3,4,5,13,16,18,19,20
2018-10-02,17:00,4669,14,3,8,9,10,11,12,13,15,16,17
2018-10-02,18:00,4670,5,1,3,6,7,8,11,13,18,19,20
2018-10-02,19:00,4671,10,2,3,4,6,10,11,12,17,19,20
2018-10-02,20:00,4672,16,3,4,5,7,10,12,14,15,17,18
2018-10-02,21:00,4673,7,2,4,7,8,9,10,12,16,18,20
2018-10-02,22:00,4674,2,2,3,6,8,11,13,14,18,19,20
2018-10-02,23:00,4675,19,1,2,3,8,12,13,17,18,19,20
2018-10-03,07:00,4676,7,1,6,7,8,12,13,14,17,18,20
2018-10-03,08:00,4677,20,4,5,6,8,9,11,12,15,16,17
2018-10-03,09:00,4678,18,1,3,5,7,8,13,15,18,19,20
2018-10-03,10:00,4679,9,1,4,6,7,8,9,12,14,17,20
2018-10-03,11:00,4680,9,1,2,3,5,7,9,10,17,18,20
2018-10-03,12:00,4681,4,4,6,8,10,11,13,14,15,18,20
2018-10-03,13:00,4682,4,3,4,5,13,14,15,16,18,19,20
2018-10-03,14:00,4683,5,4,7,8,10,12,13,14,16,17,20
2018-10-03,15:00,4684,11,1,2,3,7,8,14,15,17,19,20
2018-10-03,16:00,4685,20,4,5,6,10,11,12,13,15,19,20
2018-10-03,17:00,4686,2,2,4,6,8,9,11,13,16,17,20
2018-10-03,18:00,4687,6,1,2,4,5,7,9,10,12,13,15
2018-10-03,19:00,4688,7,1,2,7,8,12,16,17,18,19,20
2018-10-03,20:00,4689,20,3,4,7,9,11,13,14,15,18,20
2018-10-03,21:00,4690,15,1,2,3,5,6,7,8,10,11,19
2018-10-03,22:00,4691,16,5,8,9,13,14,15,16,17,19,20
2018-10-03,23:00,4692,14,1,5,7,8,9,11,15,16,19,20
2018-10-04,07:00,4693,4,1,2,6,9,13,14,16,17,18,20
2018-10-04,08:00,4694,16,1,3,5,6,7,8,10,14,16,19
2018-10-04,09:00,4695,9,4,5,6,9,10,11,13,14,18,19
2018-10-04,10:00,4696,6,1,5,10,11,12,14,15,16,17,20
2018-10-04,11:00,4697,18,1,2,4,7,10,12,14,15,16,19
2018-10-04,12:00,4698,5,1,2,3,4,7,11,12,14,16,19
2018-10-04,13:00,4699,17,1,3,5,6,7,9,14,17,18,20
2018-10-04,14:00,4700,13,2,3,4,6,7,8,13,15,16,17
2018-10-04,15:00,4701,3,1,2,3,12,13,15,16,18,19,20
2018-10-04,16:00,4702,5,2,4,5,9,10,12,13,16,18,19
2018-10-04,17:00,4703,10,1,4,5,8,9,13,15,16,17,18
2018-10-04,18:00,4704,17,3,6,7,8,10,11,14,15,17,18
2018-10-04,19:00,4705,15,2,4,6,10,11,14,16,18,19,20
2018-10-04,20:00,4706,16,2,3,4,7,9,15,16,17,18,20
2018-10-04,21:00,4707,2,1,4,7,10,11,13,14,16,17,19
2018-10-04,22:00,4708,17,2,4,6,12,13,14,16,18,19,20
2018-10-04,23:00,4709,20,3,4,5,7,9,11,14,17,18,20
2018-10-05,07:00,4710,19,1,3,8,9,11,12,15,16,17,18
2018-10-05,08:00,4711,14,2,3,4,5,9,10,11,14,16,20
2018-10-05,09:00,4712,7,3,4,5,8,13,14,15,17,18,19
2018-10-05,10:00,4713,16,2,4,5,7,10,14,16,17,18,19
2018-10-05,11:00,4714,1,4,5,7,8,9,10,12,15,17,18
2018-10-05,12:00,4715,10,3,5,7,8,9,11,12,15,16,17
2018-10-05,13:00,4716,11,1,2,3,4,6,7,9,11,15,16
2018-10-05,14:00,4717,12,1,2,6,9,10,12,13,14,15,16
2018-10-05,15:00,4718,9,1,3,4,5,10,13,14,17,18,20
2018-10-05,16:00,4719,17,2,3,5,7,10,12,13,16,17,19
2018-10-05,17:00,4720,4,1,5,6,9,11,12,13,15,18,20
2018-10-05,18:00,4721,18,3,4,6,8,9,10,12,14,18,20
2018-10-05,19:00,4722,1,2,4,8,9,10,14,16,17,18,20
2018-10-05,20:00,4723,13,3,4,6,7,8,9,11,12,19,20
2018-10-05,21:00,4724,6,2,3,4,5,6,12,14,15,16,20
2018-10-05,22:00,4725,4,1,3,4,5,6,10,14,15,16,18
2018-10-05,23:00,4726,5,1,2,3,4,7,8,9,10,12,15
2018-10-06,07:00,4727,13,3,4,6,7,11,16,17,18,19,20
2018-10-06,08:00,4728,6,1,2,3,4,7,9,12,14,15,17
2018-10-06,09:00,4729,10,1,2,5,6,8,10,14,15,18,20
2018-10-06,10:00,4730,16,2,4,5,6,7,9,11,12,15,18
2018-10-06,11:00,4731,11,3,4,7,10,11,12,13,16,17,18
2018-10-06,12:00,4732,2,1,2,3,5,6,9,11,12,19,20
2018-10-06,13:00,4733,17,3,5,7,9,10,11,13,14,19,20
2018-10-06,14:00,4734,11,1,3,7,11,14,15,16,18,19,20
2018-10-06,15:00,4735,4,5,6,7,9,10,12,13,14,16,20
2018-10-06,16:00,4736,18,1,2,3,5,6,12,13,15,16,20
2018-10-06,17:00,4737,17,2,3,4,5,7,9,10,12,13,15
2018-10-06,18:00,4738,10,1,2,3,4,5,9,10,14,16,19
2018-10-06,19:00,4739,4,4,5,6,7,11,12,17,18,19,20
2018-10-06,20:00,4740,9,2,3,5,8,10,13,14,15,18,19
2018-10-06,21:00,4741,18,4,5,8,9,11,13,15,16,19,20
2018-10-06,22:00,4742,12,1,2,3,5,7,8,10,11,16,20
2018-10-06,23:00,4743,12,2,3,5,6,12,14,15,18,19,20
2018-10-07,07:00,4744,12,1,2,3,5,7,9,12,13,18,19
2018-10-07,08:00,4745,8,3,5,6,7,8,9,10,11,14,20
2018-10-07,09:00,4746,13,1,2,6,8,10,13,14,16,18,20
2018-10-07,10:00,4747,15,2,6,7,9,10,12,13,14,17,18
2018-10-07,11:00,4748,15,1,2,3,4,5,8,9,10,16,20
2018-10-07,12:00,4749,7,1,2,4,5,6,9,11,12,16,18
2018-10-07,13:00,4750,5,3,5,7,8,9,10,11,12,15,19
2018-10-07,14:00,4751,14,1,6,7,10,11,13,16,17,19,20
2018-10-07,15:00,4752,17,4,5,6,10,11,12,13,15,17,18
2018-10-07,16:00,4753,19,1,2,4,9,10,12,16,17,19,20
2018-10-07,17:00,4754,1,1,5,6,7,9,11,15,18,19,20
2018-10-07,18:00,4755,6,1,3,4,6,7,8,13,14,17,19
2018-10-07,19:00,4756,8,3,4,5,6,8,10,15,17,18,20
2018-10-07,20:00,4757,20,4,5,9,10,11,13,15,16,19,20
2018-10-07,21:00,4758,19,5,6,8,9,10,14,17,18,19,20
2018-10-07,22:00,4759,19,2,5,6,8,9,11,13,14,15,20
2018-10-07,23:00,4760,9,2,6,7,8,9,13,14,17,18,19
2018-10-08,07:00,4761,20,2,9,11,12,13,14,17,18,19,20
2018-10-08,08:00,4762,6,2,3,4,8,9,11,13,15,17,20
2018-10-08,09:00,4763,1,1,5,7,8,9,13,14,15,16,18
2018-10-08,10:00,4764,3,1,2,3,4,6,7,11,12,17,18
2018-10-08,11:00,4765,14,2,4,5,10,11,15,16,17,18,19
2018-10-08,12:00,4766,16,3,7,8,10,11,12,13,15,18,19
2018-10-08,13:00,4767,14,2,3,5,6,7,13,15,16,17,18
2018-10-08,14:00,4768,2,1,3,5,6,7,10,14,16,19,20
2018-10-08,15:00,4769,4,1,2,4,6,8,9,12,14,15,17
2018-10-08,16:00,4770,1,2,3,4,5,9,10,11,14,15,20
2018-10-08,17:00,4771,2,2,3,4,7,9,10,13,16,17,20
2018-10-08,18:00,4772,11,1,2,3,5,6,9,10,12,14,17
2018-10-08,19:00,4773,7,4,5,6,8,9,14,15,16,17,18
2018-10-08,20:00,4774,14,2,7,8,9,12,13,15,16,17,19
2018-10-08,21:00,4775,10,2,4,5,6,7,10,11,15,18,19
2018-10-08,22:00,4776,17,1,2,3,6,10,11,12,14,15,19
2018-10-08,23:00,4777,9,2,3,7,8,10,12,13,15,16,20
2018-10-09,07:00,4778,19,1,2,10,11,12,13,14,16,18,19
2018-10-09,08:00,4779,9,1,3,6,8,13,14,16,18,19,20
2018-10-09,09:00,4780,19,2,3,6,8,12,13,14,15,18,19
2018-10-09,10:00,4781,19,1,2,4,6,8,13,15,16,17,20
2018-10-09,11:00,4782,11,6,8,9,11,13,15,17,18,19,20
2018-10-09,12:00,4783,7,2,3,7,8,10,12,13,16,19,20
2018-10-09,13:00,4784,8,2,3,5,7,9,12,13,15,18,20
2018-10-09,14:00,4785,13,1,4,5,6,7,9,11,14,17,18
2018-10-09,15:00,4786,5,1,3,5,6,8,10,11,12,13,14
2018-10-09,16:00,4787,5,2,4,5,6,7,8,14,15,16,20
2018-10-09,17:00,4788,14,3,4,5,7,8,10,11,12,14,17
2018-10-09,18:00,4789,11,3,4,7,9,10,11,14,15,16,19
2018-10-09,19:00,4790,18,1,2,3,8,9,11,12,13,14,16
2018-10-09,20:00,4791,11,3,4,7,8,10,12,14,15,16,18
2018-10-09,21:00,4792,3,1,3,5,7,9,11,12,13,14,15
2018-10-09,22:00,4793,16,1,3,4,7,11,12,13,14,16,18
2018-10-09,23:00,4794,13,1,4,6,8,11,12,14,16,18,19
2018-10-10,07:00,4795,3,1,2,5,7,9,11,13,14,19,20
2018-10-10,08:00,4796,18,3,4,5,6,8,11,15,16,17,20
2018-10-10,09:00,4797,15,1,2,3,6,9,10,12,15,19,20
2018-10-10,10:00,4798,8,3,6,7,9,10,12,14,15,17,20
2018-10-10,11:00,4799,19,1,3,4,5,7,8,9,10,13,15
2018-10-10,12:00,4800,5,2,4,5,9,11,14,15,17,19,20
2018-10-10,13:00,4801,4,2,3,5,6,7,9,10,14,18,20
2018-10-10,14:00,4802,9,2,6,7,9,10,11,12,13,15,20
2018-10-10,15:00,4803,12,3,6,8,10,12,13,14,17,18,20
2018-10-10,16:00,4804,19,2,4,7,8,9,10,13,14,16,17
2018-10-10,17:00,4805,5,1,2,3,5,7,8,9,11,14,16
2018-10-10,18:00,4806,13,5,7,8,9,10,12,13,16,18,19
2018-10-10,19:00,4807,2,1,3,4,5,10,11,12,15,17,20
2018-10-10,20:00,4808,9,1,2,4,7,8,9,12,15,17,18
2018-10-10,21:00,4809,11,1,3,4,6,7,8,12,13,14,18
2018-10-10,22:00,4810,18,1,3,5,6,7,12,14,15,16,17
2018-10-10,23:00,4811,17,1,2,3,4,5,10,11,14,19,20
2018-10-11,07:00,4812,16,2,6,8,9,10,11,12,13,17,19
2018-10-11,08:00,4813,11,1,2,3,6,9,11,12,16,18,19
2018-10-11,09:00,4814,3,5,6,7,8,9,10,13,14,16,19
2018-10-11,10:00,4815,15,2,4,5,10,11,12,14,16,18,19
2018-10-11,11:00,4816,1,2,3,4,5,6,9,11,12,13,17
2018-10-11,12:00,4817,18,1,3,5,6,7,8,11,12,13,17
2018-10-11,13:00,4818,9,3,6,8,11,12,14,16,17,18,19
2018-10-11,14:00,4819,12,1,2,6,8,9,11,15,16,17,19
2018-10-11,15:00,4820,17,4,7,9,11,14,15,16,18,19,20
2018-10-11,16:00,4821,9,3,4,8,9,10,11,15,16,17,18
2018-10-11,17:00,4822,19,2,3,4,5,7,9,11,12,15,17
2018-10-11,18:00,4823,5,2,3,4,5,10,11,12,16,17,19
2018-10-11,19:00,4824,6,3,7,8,11,13,14,15,17,18,20
2018-10-11,20:00,4825,5,1,2,3,6,7,8,9,10,14,18
2018-10-11,21:00,4826,9,1,2,3,4,5,7,10,11,13,16
2018-10-11,22:00,4827,14,2,3,4,6,10,13,14,16,17,18
2018-10-11,23:00,4828,18,3,5,7,10,13,14,15,17,18,20
2018-10-12,07:00,4829,14,1,4,5,6,8,10,11,13,16,18
2018-10-12,08:00,4830,11,3,7,8,9,10,11,14,15,16,17
2018-10-12,09:00,4831,18,3,4,6,7,9,14,15,16,19,20
2018-10-12,10:00,4832,17,4,5,8,10,13,14,16,17,19,20
2018-10-12,11:00,4833,2,6,7,8,9,11,12,13,17,19,20
2018-10-12,12:00,4834,7,2,3,5,6,8,11,12,13,14,16
2018-10-12,13:00,4835,15,1,3,4,5,8,9,13,17,18,20
2018-10-12,14:00,4836,19,2,3,5,6,10,12,17,18,19,20
2018-10-12,15:00,4837,7,3,4,6,9,10,12,13,14,18,19
2018-10-12,16:00,4838,18,1,2,5,10,13,14,15,16,18,19
2018-10-12,17:00,4839,13,3,4,5,7,8,10,11,16,18,19
2018-10-12,18:00,4840,4,3,7,9,10,12,13,15,16,19,20
2018-10-12,19:00,4841,7,5,6,7,8,9,11,12,15,17,20
2018-10-12,20:00,4842,12,2,3,4,7,8,13,14,15,17,18
2018-10-12,21:00,4843,13,1,2,4,5,7,11,13,15,17,19
2018-10-12,22:00,4844,3,2,3,4,6,8,9,11,15,16,18
2018-10-12,23:00,4845,3,2,4,6,7,11,14,15,16,18,19
2018-10-13,07:00,4846,18,1,5,8,9,10,14,16,18,19,20
2018-10-13,08:00,4847,8,5,6,11,12,13,14,15,16,17,20
2018-10-13,09:00,4848,2,2,3,5,6,7,11,13,17,19,20
2018-10-13,10:00,4849,4,2,3,5,7,8,9,10,13,14,15
2018-10-13,11:00,4850,17,1,6,7,8,9,10,16,17,18,20
2018-10-13,12:00,4851,9,1,3,6,7,8,12,13,14,17,19
2018-10-13,13:00,4852,6,1,2,4,5,7,8,11,13,19,20
2018-10-13,14:00,4853,14,1,2,5,6,10,12,13,16,18,20
2018-10-13,15:00,4854,2,2,4,5,6,8,10,13,14,15,19
2018-10-13,16:00,4855,10,1,2,4,8,11,13,16,18,19,20
2018-10-13,17:00,4856,10,2,3,4,7,9,12,14,15,17,19
2018-10-13,18:00,4857,7,1,2,3,6,7,8,13,14,15,18
2018-10-13,19:00,4858,9,1,6,7,9,12,13,14,15,17,19
2018-10-13,20:00,4859,12,2,4,6,8,9,11,13,14,15,16
2018-10-13,21:00,4860,8,1,4,8,9,12,15,16,18,19,20
2018-10-13,22:00,4861,16,1,2,5,6,7,9,11,14,16,17
2018-10-13,23:00,4862,6,1,2,4,6,9,14,15,16,18,19
2018-10-14,07:00,4863,2,1,4,7,8,9,10,12,13,14,17
2018-10-14,08:00,4864,10,1,4,6,7,8,9,12,17,18,20
2018-10-14,09:00,4865,5,1,2,3,4,5,8,12,14,15,20
2018-10-14,10:00,4866,18,1,3,6,8,10,12,13,15,16,19
2018-10-14,11:00,4867,19,1,3,4,5,7,11,14,15,16,20
2018-10-14,12:00,4868,3,2,3,4,8,9,10,11,13,14,15
2018-10-14,13:00,4869,18,3,4,5,6,7,8,10,16,17,19
2018-10-14,14:00,4870,8,1,4,5,7,8,9,11,15,19,20
2018-10-14,15:00,4871,11,1,4,5,6,7,8,9,12,17,18
2018-10-14,16:00,4872,11,1,3,4,5,8,10,12,14,16,20
2018-10-14,17:00,4873,13,2,3,8,9,14,15,17,18,19,20
2018-10-14,18:00,4874,13,2,5,7,8,9,13,14,15,17,19
2018-10-14,19:00,4875,16,4,7,9,10,11,12,13,15,18,19
2018-10-14,20:00,4876,6,1,6,7,8,11,14,15,17,19,20
2018-10-14,21:00,4877,17,1,2,5,6,9,10,12,14,17,18
2018-10-14,22:00,4878,17,1,2,6,7,9,14,15,16,17,20
2018-10-14,23:00,4879,20,1,3,4,5,9,12,13,15,17,20
2018-10-15,07:00,4880,2,1,3,5,6,7,10,16,17,18,20
2018-10-15,08:00,4881,18,1,2,5,7,10,13,14,17,18,19
2018-10-15,09:00,4882,14,1,3,4,8,9,10,12,14,19,20
2018-10-15,10:00,4883,4,2,3,4,6,10,13,16,17,18,20
2018-10-15,11:00,4884,13,1,2,4,6,7,8,11,16,17,20
2018-10-15,12:00,4885,14,5,6,8,10,12,13,14,17,19,20
2018-10-15,13:00,4886,2,2,3,7,10,12,13,14,15,17,18
2018-10-15,14:00,4887,17,1,6,7,8,10,11,12,16,17,19
2018-10-15,15:00,4888,12,2,3,4,5,10,13,14,15,16,20
2018-10-15,16:00,4889,18,2,6,8,10,11,13,15,16,18,19
2018-10-15,17:00,4890,3,1,4,5,6,7,8,11,15,18,19
2018-10-15,18:00,4891,4,3,5,6,9,11,12,14,15,17,20
2018-10-15,19:00,4892,15,1,2,3,4,6,9,12,15,16,17
2018-10-15,20:00,4893,2,3,4,6,7,10,11,15,17,18,20
2018-10-15,21:00,4894,5,3,4,5,6,7,9,15,16,19,20
2018-10-15,22:00,4895,10,1,4,5,7,9,10,11,14,15,18
2018-10-15,23:00,4896,10,2,8,11,12,13,14,17,18,19,20
2018-10-16,07:00,4897,4,1,3,4,7,8,10,15,17,18,20
2018-10-16,08:00,4898,11,2,4,5,7,10,11,15,16,17,18
2018-10-16,09:00,4899,4,1,2,5,6,10,11,12,14,16,19
2018-10-16,10:00,4900,12,1,2,5,7,8,9,12,14,15,20
2018-10-16,11:00,4901,8,2,6,7,9,11,12,16,17,18,19
2018-10-16,12:00,4902,7,4,7,8,9,10,12,13,15,16,18
2018-10-16,13:00,4903,7,1,3,5,8,9,11,13,14,16,17
2018-10-16,14:00,4904,2,2,4,5,6,8,13,14,15,18,20
2018-10-16,15:00,4905,15,4,7,8,9,10,11,13,17,19,20
2018-10-16,16:00,4906,10,2,3,9,10,11,12,13,14,16,17
2018-10-16,17:00,4907,10,7,8,9,10,11,12,14,15,16,20
2018-10-16,18:00,4908,2,4,5,6,7,9,12,13,16,18,19
2018-10-16,19:00,4909,1,1,2,4,7,10,13,15,16,17,20
2018-10-16,20:00,4910,11,2,3,4,5,6,8,9,12,14,15
2018-10-16,21:00,4911,4,1,2,3,4,6,7,8,15,16,17
2018-10-16,22:00,4912,4,1,2,3,4,5,10,14,16,18,19
2018-10-16,23:00,4913,12,2,6,7,8,13,15,16,17,18,20
2018-10-17,07:00,4914,16,1,2,3,6,7,12,17,18,19,20
2018-10-17,08:00,4915,1,1,2,3,7,9,11,13,14,16,19
2018-10-17,09:00,4916,18,1,2,6,9,10,12,14,17,18,19
2018-10-17,10:00,4917,6,1,3,4,6,8,12,15,16,17,18
2018-10-17,11:00,4918,4,1,2,3,6,7,8,10,15,18,19
2018-10-17,12:00,4919,4,3,5,6,8,9,10,13,16,18,19
2018-10-17,13:00,4920,5,1,4,5,7,9,11,13,17,19,20
2018-10-17,14:00,4921,5,3,5,7,8,9,13,15,16,17,19
2018-10-17,15:00,4922,6,2,4,5,6,11,12,14,15,16,20
2018-10-17,16:00,4923,13,5,6,8,9,10,11,13,14,17,18
2018-10-17,17:00,4924,4,1,4,7,10,12,13,14,16,19,20
2018-10-17,18:00,4925,16,1,2,3,5,7,8,12,14,16,20
2018-10-17,19:00,4926,10,1,2,5,6,9,10,11,12,16,19
2018-10-17,20:00,4927,8,1,2,4,7,9,10,15,18,19,20
2018-10-17,21:00,4928,3,1,4,7,10,11,12,13,14,16,19
2018-10-17,22:00,4929,20,1,3,4,5,6,9,11,12,13,15
2018-10-17,23:00,4930,9,2,6,8,9,12,15,17,18,19,20
2018-10-18,07:00,4931,18,3,4,5,6,7,10,12,15,16,18
2018-10-18,08:00,4932,13,3,5,6,7,8,10,11,12,13,20
2018-10-18,09:00,4933,7,1,4,6,9,10,11,13,14,15,16
2018-10-18,10:00,4934,8,4,5,6,7,8,9,10,13,16,17
2018-10-18,11:00,4935,14,5,6,7,8,9,10,11,14,15,19
2018-10-18,12:00,4936,6,3,5,7,8,10,12,14,15,17,18
2018-10-18,13:00,4937,20,1,2,4,5,7,9,11,14,16,19
2018-10-18,14:00,4938,4,1,3,4,6,12,13,15,16,17,19
2018-10-18,15:00,4939,20,1,2,4,6,8,9,12,14,16,20
2018-10-18,16:00,4940,8,2,4,5,8,9,13,14,17,18,20
2018-10-18,17:00,4941,12,1,2,3,4,8,9,10,12,14,18
2018-10-18,18:00,4942,5,2,3,4,5,7,8,10,12,19,20
2018-10-18,19:00,4943,14,1,4,7,8,10,11,12,14,17,20
2018-10-18,20:00,4944,5,1,2,3,5,8,9,11,13,18,20
2018-10-18,21:00,4945,11,1,3,4,5,10,12,15,17,18,19
2018-10-18,22:00,4946,3,1,4,5,8,11,12,13,15,16,20
2018-10-18,23:00,4947,19,1,5,6,9,11,12,14,17,19,20
2018-10-19,07:00,4948,7,3,5,6,7,8,10,12,13,14,20
2018-10-19,08:00,4949,5,1,4,5,8,10,11,13,15,16,18
2018-10-19,09:00,4950,4,4,5,6,9,11,14,15,16,18,19
2018-10-19,10:00,4951,12,1,2,3,6,7,8,10,14,15,16
2018-10-19,11:00,4952,1,3,4,5,7,11,14,15,16,17,18
2018-10-19,12:00,4953,1,2,5,7,8,10,12,14,15,18,20
2018-10-19,13:00,4954,8,2,5,6,9,10,12,15,18,19,20
2018-10-19,14:00,4955,16,4,8,10,12,13,15,16,17,19,20
2018-10-19,15:00,4956,18,3,4,6,7,8,9,13,14,16,17
2018-10-19,16:00,4957,12,1,5,7,8,9,10,11,13,16,20
2018-10-19,17:00,4958,2,2,3,4,6,11,13,15,16,18,19
2018-10-19,18:00,4959,3,2,5,6,8,9,10,11,15,17,19
2018-10-19,19:00,4960,5,3,9,10,11,12,14,15,16,18,19
2018-10-19,20:00,4961,12,1,2,3,6,7,10,11,13,15,18
2018-10-19,21:00,4962,3,2,3,5,6,11,13,15,16,18,20
2018-10-19,22:00,4963,18,2,3,4,5,8,9,16,18,19,20
2018-10-19,23:00,4964,17,3,6,8,11,12,14,15,16,19,20
2018-10-20,07:00,4965,7,1,2,3,5,8,14,15,16,18,20
2018-10-20,08:00,4966,11,1,2,3,4,8,11,13,14,15,19
2018-10-20,09:00,4967,17,1,4,5,7,8,11,12,14,17,19
2018-10-20,10:00,4968,7,2,3,4,7,8,12,13,14,15,19
2018-10-20,11:00,4969,16,6,7,9,10,11,12,13,14,15,20
2018-10-20,12:00,4970,10,1,6,10,12,14,15,17,18,19,20
2018-10-20,13:00,4971,12,3,4,5,6,8,9,10,11,13,14
2018-10-20,14:00,4972,17,1,2,3,6,11,13,14,17,18,19
2018-10-20,15:00,4973,14,1,4,5,7,9,13,16,18,19,20
2018-10-20,16:00,4974,18,2,3,6,9,10,12,13,14,16,20
2018-10-20,17:00,4975,2,1,2,6,7,9,10,13,14,19,20
2018-10-20,18:00,4976,3,3,6,7,8,12,13,14,16,17,18
2018-10-20,19:00,4977,10,1,3,5,6,8,11,13,15,16,19
2018-10-20,20:00,4978,2,2,4,6,7,8,9,12,14,15,18
2018-10-20,21:00,4979,14,2,4,10,11,12,13,14,15,17,20
2018-10-20,22:00,4980,7,1,3,6,7,8,9,11,16,17,19
2018-10-20,23:00,4981,17,4,5,6,8,9,10,11,13,14,17
2018-10-21,07:00,4982,13,1,5,7,9,11,12,13,16,17,20
2018-10-21,08:00,4983,2,5,6,8,9,10,12,13,14,16,18
2018-10-21,09:00,4984,1,3,7,8,12,13,16,17,18,19,20
2018-10-21,10:00,4985,11,1,4,6,9,10,12,13,14,17,19
2018-10-21,11:00,4986,1,2,3,7,10,11,12,13,16,19,20
2018-10-21,12:00,4987,20,2,4,6,7,8,9,11,18,19,20
2018-10-21,13:00,4988,3,1,2,3,4,9,11,12,17,18,20
2018-10-21,14:00,4989,11,5,7,9,10,12,13,14,17,19,20
2018-10-21,15:00,4990,18,2,5,8,10,11,12,14,17,18,19
2018-10-21,16:00,4991,13,1,2,3,7,10,13,15,16,17,18
2018-10-21,17:00,4992,19,2,4,7,9,10,12,13,16,17,19
2018-10-21,18:00,4993,8,1,2,3,5,10,12,15,17,19,20
2018-10-21,19:00,4994,8,2,3,4,5,7,8,9,11,14,18
2018-10-21,20:00,4995,13,1,3,4,5,7,8,9,15,17,20
2018-10-21,21:00,4996,15,1,2,3,5,6,8,9,16,17,20
2018-10-21,22:00,4997,11,5,7,9,10,11,12,14,16,18,20
2018-10-21,23:00,4998,11,3,4,7,8,9,10,11,12,15,19
2018-10-22,07:00,4999,15,1,6,7,8,9,10,11,15,16,19
2018-10-22,08:00,5000,14,3,4,6,8,9,10,13,17,18,20
2018-10-22,09:00,5001,9,1,3,5,6,7,13,16,17,18,20
2018-10-22,10:00,5002,15,1,2,4,6,7,9,10,13,19,20
2018-10-22,11:00,5003,12,2,5,6,8,10,12,15,18,19,20
2018-10-22,12:00,5004,7,3,4,8,9,10,11,15,18,19,20
2018-10-22,13:00,5005,18,1,2,5,10,12,13,14,16,17,19
2018-10-22,14:00,5006,12,1,3,5,6,7,8,12,18,19,20
2018-10-22,15:00,5007,13,2,3,4,5,7,10,12,13,15,19
2018-10-22,16:00,5008,15,4,5,6,8,13,16,17,18,19,20
2018-10-22,17:00,5009,17,1,2,8,10,11,12,13,14,15,17
2018-10-22,18:00,5010,2,1,3,6,7,8,11,14,17,18,20
2018-10-22,19:00,5011,5,1,2,6,7,9,10,12,15,19,20
2018-10-22,20:00,5012,17,2,6,8,9,11,13,16,17,19,20
2018-10-22,21:00,5013,2,2,4,5,6,8,9,12,13,16,18
2018-10-22,22:00,5014,12,2,3,4,5,6,8,10,11,15,18
2018-10-22,23:00,5015,13,3,10,11,12,13,14,15,16,19,20
2018-10-23,07:00,5016,9,3,4,5,7,9,10,11,12,13,20
2018-10-23,08:00,5017,9,2,3,4,5,7,9,12,16,18,20
2018-10-23,09:00,5018,19,2,5,6,7,8,10,13,16,17,19
2018-10-23,10:00,5019,18,1,2,3,6,8,9,11,16,17,20
2018-10-23,11:00,5020,6,1,2,3,4,5,9,10,12,18,19
2018-10-23,12:00,5021,8,5,6,8,9,10,12,14,16,17,19
2018-10-23,13:00,5022,4,1,3,4,7,10,11,15,17,18,20
2018-10-23,14:00,5023,19,1,2,6,7,9,14,16,17,18,19
2018-10-23,15:00,5024,16,1,6,8,10,11,12,13,15,17,20
2018-10-23,16:00,5025,4,1,3,5,10,12,13,14,15,16,20
2018-10-23,17:00,5026,18,1,2,3,4,5,6,8,13,15,20
2018-10-23,18:00,5027,6,2,3,8,9,10,11,12,15,17,20
2018-10-23,19:00,5028,5,1,2,3,11,12,13,14,16,17,18
2018-10-23,20:00,5029,20,1,3,4,7,8,9,10,12,15,16
2018-10-23,21:00,5030,14,1,3,4,7,9,11,14,15,18,20
2018-10-23,22:00,5031,17,1,2,6,8,10,14,15,17,18,19
2018-10-23,23:00,5032,7,3,5,9,10,13,14,15,17,18,19
2018-10-24,07:00,5033,1,4,5,8,10,11,13,14,15,17,19
2018-10-24,08:00,5034,17,2,4,5,6,8,9,10,14,16,19
2018-10-24,09:00,5035,1,1,2,3,4,6,7,9,11,18,20
2018-10-24,10:00,5036,7,1,2,4,7,8,11,12,14,19,20
2018-10-24,11:00,5037,4,1,4,5,6,8,9,10,16,17,18
2018-10-24,12:00,5038,11,1,2,8,9,12,13,16,17,18,19
2018-10-24,13:00,5039,3,2,4,7,8,9,14,16,18,19,20
2018-10-24,14:00,5040,15,1,2,9,11,13,15,16,17,19,20
2018-10-24,15:00,5041,18,1,3,5,6,7,10,16,17,18,20
2018-10-24,16:00,5042,2,1,7,9,10,13,14,16,17,18,19
2018-10-24,17:00,5043,7,2,3,7,8,10,11,14,16,19,20
2018-10-24,18:00,5044,9,3,5,6,8,9,13,14,15,19,20
2018-10-24,19:00,5045,7,1,3,4,5,6,7,8,14,15,20
2018-10-24,20:00,5046,18,1,2,3,5,10,14,15,17,19,20
2018-10-24,21:00,5047,4,2,4,5,8,9,10,14,15,17,18
2018-10-24,22:00,5048,15,1,2,3,4,9,11,13,16,17,18
2018-10-24,23:00,5049,15,3,5,6,7,9,10,11,12,18,19
2018-10-25,07:00,5050,8,2,3,5,9,12,13,14,17,18,19
2018-10-25,08:00,5051,10,2,4,6,10,11,12,13,15,16,18
2018-10-25,09:00,5052,7,3,5,6,7,9,12,13,15,16,18
2018-10-25,10:00,5053,18,3,4,7,8,9,12,13,16,18,20
2018-10-25,11:00,5054,13,2,5,6,7,10,11,13,14,15,16
2018-10-25,12:00,5055,8,1,3,5,6,8,11,16,17,18,20
2018-10-25,13:00,5056,12,1,3,8,9,11,12,14,15,16,19
2018-10-25,14:00,5057,9,2,3,5,6,7,8,16,17,18,19
2018-10-25,15:00,5058,4,1,3,5,6,9,11,13,14,15,17
2018-10-25,16:00,5059,18,2,5,7,10,12,13,14,18,19,20
2018-10-25,17:00,5060,7,4,8,9,10,12,15,16,17,18,19
2018-10-25,18:00,5061,12,2,5,7,8,9,10,17,18,19,20
2018-10-25,19:00,5062,6,5,7,8,9,11,14,15,16,17,20
2018-10-25,20:00,5063,1,1,2,3,4,8,9,14,16,19,20
2018-10-25,21:00,5064,11,2,3,6,7,12,14,17,18,19,20
2018-10-25,22:00,5065,2,1,3,5,6,9,10,12,16,17,19
2018-10-25,23:00,5066,5,1,2,4,6,8,9,11,12,19,20
2018-10-26,07:00,5067,20,1,2,6,8,9,10,11,15,17,19
2018-10-26,08:00,5068,12,1,3,5,6,7,8,10,11,13,19
2018-10-26,09:00,5069,18,2,3,4,8,9,15,16,17,19,20
2018-10-26,10:00,5070,10,2,3,6,7,8,11,12,13,14,17
2018-10-26,11:00,5071,19,2,3,5,6,8,9,10,16,18,19
2018-10-26,12:00,5072,2,2,4,5,6,8,11,12,13,14,20
2018-10-26,13:00,5073,18,3,6,7,9,10,13,14,15,16,20
2018-10-26,14:00,5074,1,2,5,6,7,10,12,15,18,19,20
2018-10-26,15:00,5075,2,1,4,6,8,10,11,12,16,19,20
2018-10-26,16:00,5076,10,1,2,3,5,9,10,13,16,18,20
2018-10-26,17:00,5077,4,1,2,3,5,8,10,11,12,17,18
2018-10-26,18:00,5078,7,1,6,7,9,11,12,14,15,16,20
2018-10-26,19:00,5079,3,4,5,6,8,11,12,13,17,18,19
2018-10-26,20:00,5080,16,2,5,6,7,8,9,11,14,19,20
2018-10-26,21:00,5081,17,3,5,7,9,14,15,16,18,19,20
2018-10-26,22:00,5082,19,3,4,8,9,10,12,13,15,16,20
2018-10-26,23:00,5083,12,2,4,5,6,7,10,14,15,18,19
2018-10-27,07:00,5084,3,1,9,10,12,14,15,17,18,19,20
2018-10-27,08:00,5085,11,2,4,5,6,7,8,9,11,12,16
2018-10-27,09:00,5086,12,1,2,5,7,8,11,12,14,15,19
2018-10-27,10:00,5087,11,3,4,7,9,11,12,16,18,19,20
2018-10-27,11:00,5088,5,1,2,4,6,8,9,10,12,14,17
2018-10-27,12:00,5089,3,1,2,5,8,11,12,13,14,15,18
2018-10-27,13:00,5090,16,2,4,7,8,10,12,13,14,16,17
2018-10-27,14:00,5091,15,2,4,5,6,8,9,10,11,14,17
2018-10-27,15:00,5092,11,3,5,7,8,9,11,13,15,16,18
2018-10-27,16:00,5093,2,1,2,3,8,9,10,13,14,15,17
2018-10-27,17:00,5094,12,3,6,8,9,10,13,14,16,17,18
2018-10-27,18:00,5095,7,2,4,5,6,7,8,11,15,17,18
2018-10-27,19:00,5096,6,1,3,4,8,10,14,15,17,18,20
2018-10-27,20:00,5097,13,1,5,6,11,12,13,14,16,18,20
2018-10-27,21:00,5098,9,1,3,4,5,6,13,15,16,17,19
2018-10-27,22:00,5099,16,1,3,4,6,7,8,14,15,17,18
2018-10-27,23:00,5100,1,2,5,6,7,8,10,12,15,17,18
2018-10-28,07:00,5101,11,4,5,6,8,10,11,12,13,14,20
2018-10-28,08:00,5102,17,1,3,6,7,10,11,14,17,18,20
2018-10-28,09:00,5103,19,1,2,3,4,7,11,13,14,15,18
2018-10-28,10:00,5104,19,5,6,7,9,10,12,13,16,17,18
2018-10-28,11:00,5105,17,1,2,4,6,8,9,16,17,18,19
2018-10-28,12:00,5106,17,1,3,7,8,10,11,15,16,17,20
2018-10-28,13:00,5107,7,1,5,7,9,10,11,15,16,17,19
2018-10-28,14:00,5108,9,1,2,4,5,7,10,12,13,14,18
2018-10-28,15:00,5109,12,1,3,5,6,9,10,11,15,19,20
2018-10-28,16:00,5110,17,1,2,3,4,7,9,14,15,17,18
2018-10-28,17:00,5111,14,3,4,7,9,10,11,15,16,17,20
2018-10-28,18:00,5112,17,3,4,5,6,7,8,11,12,16,20
2018-10-28,19:00,5113,20,5,6,7,8,11,12,15,16,17,20
2018-10-28,20:00,5114,14,1,4,6,7,9,11,13,14,15,19
2018-10-28,21:00,5115,13,1,2,3,6,8,9,11,13,19,20
2018-10-28,22:00,5116,17,1,4,7,8,9,12,13,14,16,17
2018-10-28,23:00,5117,10,3,4,5,8,9,12,14,15,17,19
2018-10-29,07:00,5118,19,1,3,4,8,9,10,11,12,17,19
2018-10-29,08:00,5119,19,3,5,8,10,12,13,14,16,17,20
2018-10-29,09:00,5120,18,3,5,6,8,9,12,13,14,19,20
2018-10-29,10:00,5121,4,1,4,8,9,10,13,15,16,19,20
2018-10-29,11:00,5122,8,1,2,5,6,7,8,9,11,13,16
2018-10-29,12:00,5123,19,3,5,7,8,10,11,13,14,15,20
2018-10-29,13:00,5124,11,4,7,9,10,11,13,15,17,19,20
2018-10-29,14:00,5125,1,1,2,4,6,8,10,14,16,17,20
2018-10-29,15:00,5126,19,6,7,8,10,12,13,14,15,16,20
2018-10-29,16:00,5127,12,1,2,4,8,9,12,14,15,18,19
2018-10-29,17:00,5128,1,1,6,9,10,13,14,15,16,18,20
2018-10-29,18:00,5129,19,1,2,3,7,9,11,13,14,18,19
2018-10-29,19:00,5130,16,1,6,9,11,14,16,17,18,19,20
2018-10-29,20:00,5131,6,1,2,3,4,10,12,14,16,19,20
2018-10-29,21:00,5132,18,1,2,3,6,7,10,12,13,14,15
2018-10-29,22:00,5133,16,4,5,10,13,14,15,16,18,19,20
2018-10-29,23:00,5134,18,2,3,4,5,6,8,9,14,18,19
2018-10-30,07:00,5135,4,2,4,6,7,9,11,13,14,18,19
2018-10-30,08:00,5136,14,2,4,5,7,8,10,15,17,18,20
2018-10-30,09:00,5137,1,4,7,8,9,11,13,17,18,19,20
2018-10-30,10:00,5138,14,4,7,8,9,10,11,13,15,17,20
2018-10-30,11:00,5139,17,1,2,4,5,7,9,13,14,18,20
2018-10-30,12:00,5140,16,6,9,10,13,14,15,16,17,19,20
2018-10-30,13:00,5141,17,2,4,5,8,10,11,12,17,18,20
2018-10-30,14:00,5142,19,2,5,6,8,10,12,15,16,19,20
2018-10-30,15:00,5143,15,2,3,4,8,9,11,14,17,18,20
2018-10-30,16:00,5144,7,2,4,5,6,10,11,12,13,15,20
2018-10-30,17:00,5145,17,1,2,3,4,10,11,13,15,18,19
2018-10-30,18:00,5146,9,2,3,7,10,12,13,16,17,19,20
2018-10-30,19:00,5147,20,3,4,6,7,8,9,12,13,15,18
2018-10-30,20:00,5148,10,2,3,4,5,8,10,13,15,17,20
2018-10-30,21:00,5149,1,2,6,8,9,10,12,15,16,17,20
2018-10-30,22:00,5150,7,3,4,6,9,10,11,12,14,16,18
2018-10-30,23:00,5151,16,2,3,6,7,8,9,12,14,15,18
2018-10-31,07:00,5152,2,7,8,9,11,12,13,14,15,18,20
2018-10-31,08:00,5153,17,5,7,8,10,11,12,14,15,19,20
2018-10-31,09:00,5154,13,2,3,4,6,10,11,15,17,18,20
2018-10-31,10:00,5155,1,1,5,8,13,14,15,16,17,18,19
2018-10-31,11:00,5156,1,1,2,5,6,7,9,10,12,14,18
2018-10-31,12:00,5157,7,5,6,9,11,12,13,14,15,18,19
2018-10-31,13:00,5158,15,1,2,6,9,10,11,12,13,15,17
2018-10-31,14:00,5159,5,1,3,4,6,7,8,9,12,13,17
2018-10-31,15:00,5160,2,2,3,7,9,10,14,17,18,19,20
2018-10-31,16:00,5161,15,2,3,5,7,8,9,12,14,15,16
2018-10-31,17:00,5162,12,2,5,7,9,11,12,14,16,19,20
2018-10-31,18:00,5163,4,3,5,7,8,10,12,13,16,17,18
2018-10-31,19:00,5164,7,1,2,9,10,13,15,16,17,18,20
2018-10-31,20:00,5165,15,1,2,4,9,10,11,13,15,16,17
2018-10-31,21:00,5166,4,2,7,8,10,13,14,16,18,19,20
2018-10-31,22:00,5167,11,2,3,6,7,10,11,12,14,18,19
2018-10-31,23:00,5168,16,1,2,3,5,7,8,9,12,13,19
2018-11-01,07:00,5169,16,4,7,8,10,11,12,15,17,18,19
2018-11-01,08:00,5170,18,2,3,7,10,11,15,16,18,19,20
2018-11-01,09:00,5171,12,1,3,5,6,9,12,15,16,17,20
2018-11-01,10:00,5172,17,2,4,7,8,9,10,12,14,18,19
2018-11-01,11:00,5173,12,1,5,6,7,8,13,14,15,19,20
2018-11-01,12:00,5174,18,4,8,9,10,11,12,13,18,19,20
2018-11-01,13:00,5175,5,3,4,10,11,13,14,15,18,19,20
2018-11-01,14:00,5176,6,1,3,4,6,7,8,9,15,19,20
2018-11-01,15:00,5177,19,2,3,6,8,12,14,15,16,17,19
2018-11-01,16:00,5178,7,1,3,5,6,11,12,13,15,18,19
2018-11-01,17:00,5179,2,1,2,4,6,9,13,15,17,18,19
2018-11-01,18:00,5180,17,1,2,3,4,5,7,12,15,18,19
2018-11-01,19:00,5181,6,4,5,6,9,10,11,13,14,16,20
2018-11-01,20:00,5182,19,4,5,6,8,11,14,15,17,19,20
2018-11-01,21:00,5183,13,2,3,4,9,10,14,16,17,19,20
2018-11-01,22:00,5184,5,1,5,6,7,9,13,16,17,18,19
2018-11-01,23:00,5185,7,1,2,8,10,13,15,16,17,19,20
2018-11-02,07:00,5186,6,1,2,5,6,7,9,10,11,17,19
2018-11-02,08:00,5187,20,1,2,3,4,7,9,10,15,17,19
2018-11-02,09:00,5188,3,1,2,3,4,5,7,11,13,15,18
2018-11-02,10:00,5189,6,1,4,6,8,9,13,14,15,16,18
2018-11-02,11:00,5190,14,1,4,5,6,9,10,11,15,16,17
2018-11-02,12:00,5191,4,1,4,6,8,10,11,13,14,16,18
2018-11-02,13:00,5192,12,2,4,5,7,10,14,16,17,18,19
2018-11-02,14:00,5193,4,1,3,4,5,6,9,10,12,18,19
2018-11-02,15:00,5194,13,1,2,5,6,7,9,10,13,15,16
2018-11-02,16:00,5195,15,2,4,6,7,9,10,12,16,18,19
2018-11-02,17:00,5196,8,6,7,9,11,13,14,15,16,17,19
2018-11-02,18:00,5197,7,1,4,8,9,12,14,16,17,19,20
2018-11-02,19:00,5198,18,2,3,5,11,12,13,14,16,18,19
2018-11-02,20:00,5199,12,1,2,3,5,8,10,11,14,19,20
2018-11-02,21:00,5200,7,1,4,6,7,8,12,14,15,16,19
2018-11-02,22:00,5201,5,2,3,4,7,9,10,13,14,19,20
2018-11-02,23:00,5202,16,2,3,5,9,10,11,14,15,18,19
2018-11-03,07:00,5203,7,6,8,9,10,12,13,15,16,18,20
2018-11-03,08:00,5204,8,1,2,3,4,9,10,14,17,18,19
2018-11-03,09:00,5205,15,1,2,3,4,6,7,8,11,12,14
2018-11-03,10:00,5206,7,1,2,5,7,9,11,13,14,15,18
2018-11-03,11:00,5207,8,4,5,8,10,11,12,13,16,17,18
2018-11-03,12:00,5208,14,1,4,5,6,7,8,13,15,18,20
2018-11-03,13:00,5209,3,2,7,8,9,10,11,14,16,18,19
2018-11-03,14:00,5210,19,1,3,4,10,11,12,14,16,17,19
2018-11-03,15:00,5211,17,4,5,8,9,10,11,13,16,17,18
2018-11-03,16:00,5212,9,1,2,9,11,12,13,14,15,18,19
2018-11-03,17:00,5213,1,3,4,5,7,8,12,15,16,17,18
2018-11-03,18:00,5214,18,2,3,6,7,8,9,11,15,16,17
2018-11-03,19:00,5215,16,1,7,8,9,11,14,16,17,18,20
2018-11-03,20:00,5216,13,1,2,3,4,6,10,13,14,15,18
2018-11-03,21:00,5217,12,1,3,5,9,10,12,13,15,19,20
2018-11-03,22:00,5218,14,2,3,5,7,8,9,12,13,18,20
2018-11-03,23:00,5219,16,1,2,4,10,11,12,15,16,17,20
2018-11-04,07:00,5220,5,3,4,5,9,11,12,14,15,16,17
2018-11-04,08:00,5221,5,1,2,3,5,6,13,15,16,17,18
2018-11-04,09:00,5222,15,2,4,5,8,11,12,13,14,15,16
2018-11-04,10:00,5223,1,6,7,8,13,14,16,17,18,19,20
2018-11-04,11:00,5224,18,1,7,9,10,11,13,16,17,19,20
2018-11-04,12:00,5225,15,4,5,6,8,10,12,15,18,19,20
2018-11-04,13:00,5226,12,1,2,4,5,9,13,14,15,17,19
2018-11-04,14:00,5227,17,1,6,7,8,9,10,12,15,16,18
2018-11-04,15:00,5228,15,2,7,8,12,13,16,17,18,19,20
2018-11-04,16:00,5229,15,1,2,5,7,8,10,15,16,17,18
2018-11-04,17:00,5230,20,3,6,8,11,13,14,15,17,18,20
2018-11-04,18:00,5231,17,1,2,4,5,6,7,9,11,16,19
2018-11-04,19:00,5232,3,1,3,4,7,9,11,12,18,19,20
2018-11-04,20:00,5233,12,1,4,6,7,10,12,14,15,19,20
2018-11-04,21:00,5234,17,2,3,4,6,7,8,12,18,19,20
2018-11-04,22:00,5235,18,1,2,3,4,8,12,15,16,17,20
2018-11-04,23:00,5236,19,2,3,4,6,8,9,11,14,16,19
2018-11-05,07:00,5237,3,1,2,4,7,9,10,14,18,19,20
2018-11-05,08:00,5238,17,1,3,5,6,7,11,15,16,18,19
2018-11-05,09:00,5239,17,3,4,5,9,10,14,15,17,18,19
2018-11-05,10:00,5240,17,1,7,9,10,11,13,16,17,18,20
2018-11-05,11:00,5241,1,3,4,5,6,7,12,16,17,18,20
2018-11-05,12:00,5242,11,1,5,6,7,11,12,13,16,17,18
2018-11-05,13:00,5243,19,1,3,5,6,7,8,11,15,17,18
2018-11-05,14:00,5244,14,1,6,7,8,9,10,11,16,17,19
2018-11-05,15:00,5245,16,1,2,8,9,11,13,14,15,17,19
2018-11-05,16:00,5246,8,1,4,5,7,11,15,16,17,19,20
2018-11-05,17:00,5247,1,1,5,9,10,12,13,15,17,18,19
2018-11-05,18:00,5248,17,3,4,6,10,12,14,16,17,19,20
2018-11-05,19:00,5249,12,2,3,5,7,9,13,14,15,16,20
2018-11-05,20:00,5250,3,3,4,5,6,8,9,13,15,17,20
2018-11-05,21:00,5251,12,2,3,6,7,8,9,10,13,15,16
2018-11-05,22:00,5252,8,4,7,8,9,10,11,13,14,15,20
2018-11-05,23:00,5253,6,1,2,4,10,11,14,16,17,18,19
2018-11-06,07:00,5254,19,2,3,4,5,7,11,12,18,19,20
2018-11-06,08:00,5255,6,1,2,4,7,8,11,14,18,19,20
2018-11-06,09:00,5256,9,1,2,7,8,12,14,17,18,19,20
2018-11-06,10:00,5257,11,1,7,8,9,11,12,15,16,18,20
2018-11-06,11:00,5258,10,1,2,3,4,5,6,11,12,16,18
2018-11-06,12:00,5259,11,1,2,3,6,9,10,17,18,19,20
2018-11-06,13:00,5260,8,1,4,5,7,8,10,13,16,18,19
2018-11-06,14:00,5261,8,1,2,4,5,9,11,12,15,18,20
2018-11-06,15:00,5262,8,1,2,4,6,8,10,11,18,19,20
2018-11-06,16:00,5263,6,1,2,5,6,9,10,13,15,16,17
2018-11-06,17:00,5264,4,2,4,5,10,11,14,15,17,19,20
2018-11-06,18:00,5265,10,1,3,5,7,9,10,12,13,17,19
2018-11-06,19:00,5266,2,1,2,6,9,10,11,13,14,15,16
2018-11-06,20:00,5267,7,1,2,4,6,8,11,12,13,16,17
2018-11-06,21:00,5268,1,1,2,3,5,7,8,9,10,18,20
2018-11-06,22:00,5269,2,1,3,5,6,7,11,13,14,18,20
2018-11-06,23:00,5270,13,3,7,8,9,10,11,13,14,16,18
2018-11-07,07:00,5271,6,1,2,5,7,8,10,14,15,17,18
2018-11-07,08:00,5272,7,2,3,5,6,10,11,12,13,15,16
2018-11-07,09:00,5273,14,2,5,6,10,11,16,17,18,19,20
2018-11-07,10:00,5274,17,1,3,5,8,9,13,15,18,19,20
2018-11-07,11:00,5275,9,2,5,6,9,11,13,14,15,19,20
2018-11-07,12:00,5276,4,2,4,6,7,9,11,13,15,18,20
2018-11-07,13:00,5277,17,2,3,5,7,9,10,11,12,15,16
2018-11-07,14:00,5278,10,1,4,5,6,7,9,10,11,13,18
2018-11-07,15:00,5279,19,4,5,7,8,9,10,12,17,18,19
2018-11-07,16:00,5280,12,1,5,6,7,8,12,13,16,19,20
2018-11-07,17:00,5281,14,4,6,7,8,11,12,14,15,19,20
2018-11-07,18:00,5282,9,5,6,8,10,11,14,16,17,19,20
2018-11-07,19:00,5283,12,1,5,7,8,9,11,12,13,16,20
2018-11-07,20:00,5284,6,4,5,6,8,9,10,15,16,19,20
2018-11-07,21:00,5285,20,2,3,6,8,12,14,15,17,18,19
2018-11-07,22:00,5286,13,3,5,7,10,12,13,15,17,18,20
2018-11-07,23:00,5287,18,4,5,6,8,9,12,16,17,18,20
2018-11-08,07:00,5288,17,1,9,11,12,13,14,15,16,17,20
2018-11-08,08:00,5289,10,2,3,5,6,7,9,12,14,15,17
2018-11-08,09:00,5290,13,1,2,4,5,6,8,9,14,17,18
2018-11-08,10:00,5291,13,1,2,3,11,12,13,14,15,17,20
2018-11-08,11:00,5292,17,5,7,9,10,13,14,16,17,18,20
2018-11-08,12:00,5293,9,2,4,5,8,10,12,13,15,17,20
2018-11-08,13:00,5294,17,1,2,3,4,5,7,9,12,14,19
2018-11-08,14:00,5295,4,1,3,4,5,6,8,10,11,13,15
2018-11-08,15:00,5296,11,1,3,4,7,9,10,12,13,18,20
2018-11-08,16:00,5297,5,3,5,6,12,13,15,16,17,18,19
2018-11-08,17:00,5298,7,1,2,6,7,11,12,14,15,17,19
2018-11-08,18:00,5299,10,1,2,3,4,5,7,11,12,13,20
2018-11-08,19:00,5300,15,1,2,3,6,8,12,13,16,17,18
2018-11-08,20:00,5301,13,4,6,9,11,12,13,14,16,19,20
2018-11-08,21:00,5302,18,2,4,5,6,8,10,11,13,14,15
2018-11-08,22:00,5303,15,4,5,6,7,8,9,13,15,16,20
2018-11-08,23:00,5304,12,1,2,3,4,8,11,14,16,17,18
2018-11-09,07:00,5305,14,1,2,3,4,5,10,11,12,14,16
2018-11-09,08:00,5306,17,4,5,6,7,8,11,12,13,18,19
2018-11-09,09:00,5307,6,1,2,5,6,11,12,13,16,17,18
2018-11-09,10:00,5308,5,1,2,5,6,8,9,11,15,17,20
2018-11-09,11:00,5309,3,1,2,3,4,10,12,13,15,16,20
2018-11-09,12:00,5310,9,1,5,6,7,8,9,10,13,15,19
2018-11-09,13:00,5311,9,3,5,7,10,11,14,15,16,17,20
2018-11-09,14:00,5312,7,1,6,8,9,12,13,16,17,18,20
2018-11-09,15:00,5313,8,1,2,6,7,8,10,13,14,15,18
2018-11-09,16:00,5314,17,3,6,7,9,11,12,15,17,19,20
2018-11-09,17:00,5315,5,1,3,4,5,8,11,13,16,17,19
2018-11-09,18:00,5316,18,2,4,5,9,10,11,13,18,19,20
2018-11-09,19:00,5317,17,3,4,6,10,13,14,16,17,18,19
2018-11-09,20:00,5318,3,1,2,3,7,8,10,12,13,15,17
2018-11-09,21:00,5319,18,1,2,3,5,7,9,13,15,16,20
2018-11-09,22:00,5320,4,1,4,5,6,7,8,10,12,14,20
2018-11-09,23:00,5321,20,1,2,4,6,12,13,15,17,19,20
2018-11-10,07:00,5322,2,1,4,5,6,7,8,10,12,13,20
2018-11-10,08:00,5323,1,2,3,4,9,12,14,16,17,18,19
2018-11-10,09:00,5324,12,1,2,4,6,8,11,15,17,18,20
2018-11-10,10:00,5325,12,1,3,4,5,9,13,15,16,18,20
2018-11-10,11:00,5326,4,2,3,4,5,7,14,15,17,18,19
2018-11-10,12:00,5327,4,2,4,5,8,9,10,14,15,17,18
2018-11-10,13:00,5328,18,1,6,7,8,10,13,14,15,18,19
2018-11-10,14:00,5329,4,2,3,4,9,11,13,14,15,16,17
2018-11-10,15:00,5330,16,2,5,6,10,12,13,14,15,16,19
2018-11-10,16:00,5331,13,1,2,4,6,9,10,13,14,16,19
2018-11-10,17:00,5332,16,1,2,9,10,11,13,15,16,17,18
2018-11-10,18:00,5333,12,2,4,6,11,12,13,15,16,18,20
2018-11-10,19:00,5334,10,3,7,8,9,10,11,12,13,15,17
2018-11-10,20:00,5335,6,2,4,5,6,8,10,12,14,16,20
2018-11-10,21:00,5336,10,1,4,5,12,13,14,15,16,17,18
2018-11-10,22:00,5337,12,1,2,5,10,13,16,17,18,19,20
2018-11-10,23:00,5338,19,1,2,8,9,11,12,13,15,16,17
2018-11-11,07:00,5339,10,1,2,5,7,9,10,13,17,18,19
2018-11-11,08:00,5340,20,1,4,5,8,9,10,11,18,19,20
2018-11-11,09:00,5341,15,3,4,6,9,10,12,13,16,17,20
2018-11-11,10:00,5342,18,1,2,7,10,12,13,15,16,17,18
2018-11-11,11:00,5343,7,1,2,4,6,7,8,10,13,18,20
2018-11-11,12:00,5344,7,1,2,4,9,11,12,13,16,17,19
2018-11-11,13:00,5345,9,2,4,7,9,12,13,14,16,17,20
2018-11-11,14:00,5346,14,2,3,8,9,10,12,14,15,16,19
2018-11-11,15:00,5347,9,1,3,4,7,8,9,12,17,18,20
2018-11-11,16:00,5348,18,2,3,4,5,6,10,11,14,15,17
2018-11-11,17:00,5349,17,2,3,4,11,15,16,17,18,19,20
2018-11-11,18:00,5350,14,3,4,7,8,10,11,13,15,16,19
2018-11-11,19:00,5351,6,5,7,8,9,12,15,16,17,18,20
2018-11-11,20:00,5352,3,2,3,4,6,10,14,15,16,18,19
2018-11-11,21:00,5353,7,4,6,7,8,14,15,16,17,18,20
2018-11-11,22:00,5354,18,4,5,9,11,12,13,14,16,18,20
2018-11-11,23:00,5355,3,3,5,6,9,11,12,15,16,17,18
2018-11-12,07:00,5356,7,2,5,6,8,10,12,13,16,17,20
2018-11-12,08:00,5357,17,1,5,6,8,9,12,13,14,17,20
2018-11-12,09:00,5358,17,1,5,9,10,12,13,16,17,18,20
2018-11-12,10:00,5359,14,3,6,7,8,12,13,15,16,18,19
2018-11-12,11:00,5360,6,1,3,4,6,9,13,15,16,17,19
2018-11-12,12:00,5361,3,2,3,4,6,7,11,13,15,18,19
2018-11-12,13:00,5362,15,1,4,5,6,11,13,14,16,17,20
2018-11-12,14:00,5363,17,2,4,5,7,10,14,16,18,19,20
2018-11-12,15:00,5364,10,2,4,6,7,9,10,12,15,18,20
2018-11-12,16:00,5365,2,1,3,6,7,9,12,14,16,17,20
2018-11-12,17:00,5366,8,2,4,6,8,10,14,15,16,18,19
2018-11-12,18:00,5367,11,1,2,4,9,13,14,15,16,17,18
2018-11-12,19:00,5368,6,1,2,5,9,10,12,13,18,19,20
2018-11-12,20:00,5369,7,1,2,4,11,12,15,16,17,18,19
2018-11-12,21:00,5370,1,1,2,3,6,9,11,13,14,15,17
2018-11-12,22:00,5371,4,1,5,7,11,12,14,15,16,17,18
2018-11-12,23:00,5372,15,1,2,4,7,9,10,11,13,16,17
2018-11-13,07:00,5373,8,1,2,4,6,9,10,13,15,16,17
2018-11-13,08:00,5374,16,1,2,4,8,10,13,15,17,18,19
2018-11-13,09:00,5375,4,4,6,9,10,11,12,15,16,17,19
2018-11-13,10:00,5376,1,1,4,5,6,7,9,14,15,16,18
2018-11-13,11:00,5377,11,1,2,6,9,11,12,13,16,19,20
2018-11-13,12:00,5378,15,1,4,6,8,9,11,13,15,18,19
2018-11-13,13:00,5379,4,1,2,5,7,9,15,16,18,19,20
2018-11-13,14:00,5380,12,2,3,4,8,9,10,11,13,17,18
2018-11-13,15:00,5381,3,1,3,4,5,6,11,15,16,19,20
2018-11-13,16:00,5382,15,3,5,10,11,12,13,14,15,16,17
2018-11-13,17:00,5383,13,1,2,3,7,8,10,11,12,14,19
2018-11-13,18:00,5384,4,2,3,4,6,9,10,11,13,14,19
2018-11-13,19:00,5385,5,5,7,8,10,11,12,14,15,17,18
2018-11-13,20:00,5386,4,1,4,7,11,12,13,14,16,17,20
2018-11-13,21:00,5387,5,1,3,4,6,7,10,11,16,19,20
2018-11-13,22:00,5388,12,1,2,3,5,7,9,10,12,17,18
2018-11-13,23:00,5389,13,1,4,6,9,11,12,14,16,18,20
2018-11-14,07:00,5390,11,1,3,5,7,10,11,12,16,18,19
2018-11-14,08:00,5391,12,1,2,3,5,6,7,9,11,12,13
2018-11-14,09:00,5392,12,2,3,6,7,8,9,12,16,17,19
2018-11-14,10:00,5393,8,1,4,9,10,11,13,16,18,19,20
2018-11-14,11:00,5394,1,3,5,6,9,14,15,16,18,19,20
2018-11-14,12:00,5395,12,1,2,3,5,6,7,8,9,12,14
2018-11-14,13:00,5396,17,1,3,6,7,9,10,12,16,17,20
2018-11-14,14:00,5397,16,1,3,4,5,7,12,13,15,16,20
2018-11-14,15:00,5398,5,3,6,8,11,12,14,15,17,18,20
2018-11-14,16:00,5399,7,1,4,5,8,9,10,12,14,18,20
2018-11-14,17:00,5400,3,2,6,7,10,12,13,16,18,19,20
2018-11-14,18:00,5401,19,3,4,5,6,7,9,12,13,15,20
2018-11-14,19:00,5402,9,4,5,6,7,8,10,11,15,17,18
2018-11-14,20:00,5403,18,3,4,10,13,14,15,16,17,19,20
2018-11-14,21:00,5404,5,2,7,8,9,10,11,14,16,17,19
2018-11-14,22:00,5405,6,2,3,6,7,9,11,12,14,16,20
2018-11-14,23:00,5406,10,1,2,4,7,8,9,10,13,14,15
2018-11-15,07:00,5407,4,2,3,4,6,7,12,13,16,18,20
2018-11-15,08:00,5408,6,2,3,5,6,7,9,10,13,14,20
2018-11-15,09:00,5409,18,3,4,6,7,10,11,14,18,19,20
2018-11-15,10:00,5410,9,1,2,3,4,7,8,9,10,11,12
2018-11-15,11:00,5411,17,1,2,4,7,8,9,11,13,17,19
2018-11-15,12:00,5412,6,1,3,4,8,9,10,12,13,18,20
2018-11-15,13:00,5413,20,2,3,4,9,11,14,15,16,17,18
2018-11-15,14:00,5414,13,2,3,5,6,9,11,14,15,18,19
2018-11-15,15:00,5415,19,2,3,4,10,11,14,15,17,18,20
2018-11-15,16:00,5416,14,3,4,5,8,9,11,12,15,16,20
2018-11-15,17:00,5417,2,1,3,7,9,10,12,13,14,15,20
2018-11-15,18:00,5418,11,2,3,4,5,6,8,9,10,11,14
2018-11-15,19:00,5419,12,5,6,7,9,11,15,16,17,18,20
2018-11-15,20:00,5420,11,1,2,4,6,7,8,11,14,19,20
2018-11-15,21:00,5421,19,2,4,6,7,8,9,12,14,15,17
2018-11-15,22:00,5422,13,3,5,7,9,10,12,13,16,19,20
2018-11-15,23:00,5423,2,2,4,5,7,10,12,16,17,19,20
2018-11-16,07:00,5424,8,3,5,8,9,10,15,16,17,18,20
2018-11-16,08:00,5425,7,1,3,4,5,8,10,12,16,17,19
2018-11-16,09:00,5426,20,3,4,6,11,12,13,14,15,17,18
2018-11-16,10:00,5427,19,2,6,7,8,9,12,13,14,15,16
2018-11-16,11:00,5428,5,1,3,4,6,11,13,14,15,17,19
2018-11-16,12:00,5429,15,1,5,9,10,13,16,17,18,19,20
2018-11-16,13:00,5430,5,3,4,5,6,10,12,14,15,17,19
2018-11-16,14:00,5431,20,2,4,5,10,11,12,14,15,17,18
2018-11-16,15:00,5432,14,2,3,4,5,11,12,13,17,19,20
2018-11-16,16:00,5433,3,1,3,5,6,7,11,13,14,15,16
2018-11-16,17:00,5434,14,1,2,3,8,10,11,15,16,18,20
2018-11-16,18:00,5435,19,1,4,6,8,10,13,16,17,18,19
2018-11-16,19:00,5436,9,3,6,7,9,10,11,15,16,17,20
2018-11-16,20:00,5437,3,1,4,6,7,13,14,15,18,19,20
2018-11-16,21:00,5438,4,3,4,5,8,10,11,12,16,18,20
2018-11-16,22:00,5439,20,2,4,9,10,11,12,13,15,18,19
2018-11-16,23:00,5440,15,1,2,3,4,7,9,13,14,18,19
2018-11-17,07:00,5441,16,1,4,6,8,13,15,17,18,19,20
2018-11-17,08:00,5442,15,2,4,5,7,8,12,14,15,19,20
2018-11-17,09:00,5443,12,1,2,3,7,8,9,11,17,18,19
2018-11-17,10:00,5444,9,1,3,6,8,9,10,13,16,17,19
2018-11-17,11:00,5445,4,4,7,8,12,13,14,17,18,19,20
2018-11-17,12:00,5446,16,1,4,6,8,11,12,16,17,19,20
2018-11-17,13:00,5447,20,1,5,6,10,12,13,14,16,19,20
2018-11-17,14:00,5448,4,1,6,7,9,10,12,14,15,18,20
2018-11-17,15:00,5449,7,3,4,5,6,7,11,12,13,18,20
2018-11-17,16:00,5450,16,4,5,7,8,9,10,13,16,19,20
2018-11-17,17:00,5451,6,2,5,6,7,9,13,14,16,17,18
2018-11-17,18:00,5452,9,3,5,6,8,9,13,14,16,17,20
2018-11-17,19:00,5453,17,2,3,7,8,9,13,14,15,17,19
2018-11-17,20:00,5454,1,4,6,8,9,11,12,17,18,19,20
2018-11-17,21:00,5455,16,1,3,4,9,11,12,14,15,17,18
2018-11-17,22:00,5456,16,4,5,6,10,12,14,16,17,18,19
2018-11-17,23:00,5457,7,1,3,6,8,9,10,11,13,15,16
2018-11-18,07:00,5458,3,1,3,6,8,9,10,11,12,15,18
2018-11-18,08:00,5459,15,3,7,8,9,13,16,17,18,19,20
2018-11-18,09:00,5460,15,2,6,8,9,11,13,16,17,19,20
2018-11-18,10:00,5461,16,3,4,5,6,7,10,11,12,14,17
2018-11-18,11:00,5462,6,3,6,9,10,11,12,13,15,17,20
2018-11-18,12:00,5463,7,1,3,4,5,8,9,12,16,19,20
2018-11-18,13:00,5464,6,2,4,5,6,9,12,13,14,15,18
2018-11-18,14:00,5465,5,1,2,4,6,7,8,17,18,19,20
2018-11-18,15:00,5466,11,4,5,6,8,12,13,14,15,17,20
2018-11-18,16:00,5467,19,3,5,6,7,9,10,11,15,17,20
2018-11-18,17:00,5468,16,1,2,3,6,10,11,16,17,19,20
2018-11-18,18:00,5469,18,3,4,5,6,8,10,11,12,14,17
2018-11-18,19:00,5470,9,2,3,6,7,11,12,13,18,19,20
2018-11-18,20:00,5471,11,1,3,4,5,8,11,12,15,16,17
2018-11-18,21:00,5472,16,3,4,5,7,9,12,13,15,18,19
2018-11-18,22:00,5473,16,4,5,6,7,8,13,14,18,19,20
2018-11-18,23:00,5474,15,2,6,7,8,12,13,15,16,18,19
2018-11-19,07:00,5475,16,3,4,7,8,12,14,15,17,18,20
2018-11-19,08:00,5476,14,2,3,5,12,13,14,15,17,19,20
2018-11-19,09:00,5477,3,2,4,9,11,12,14,15,16,17,18
2018-11-19,10:00,5478,8,1,3,4,8,14,15,16,17,19,20
2018-11-19,11:00,5479,8,2,4,5,6,7,8,11,13,16,18
2018-11-19,12:00,5480,9,1,3,5,7,10,11,14,15,18,20
2018-11-19,13:00,5481,15,1,2,4,5,7,8,9,10,14,19
2018-11-19,14:00,5482,11,1,6,9,11,13,14,16,17,18,20
2018-11-19,15:00,5483,5,2,5,6,7,12,15,17,18,19,20
2018-11-19,16:00,5484,15,1,6,9,10,11,12,14,17,18,20
2018-11-19,17:00,5485,15,3,4,5,8,10,11,12,14,16,18
2018-11-19,18:00,5486,8,2,4,5,6,7,11,14,15,17,20
2018-11-19,19:00,5487,17,1,3,4,5,6,9,15,16,17,18
2018-11-19,20:00,5488,6,2,3,6,11,12,13,14,16,17,18
2018-11-19,21:00,5489,12,3,4,7,8,12,13,14,16,17,20
2018-11-19,22:00,5490,20,1,3,5,6,7,10,11,15,19,20
2018-11-19,23:00,5491,16,1,3,4,6,7,8,13,18,19,20
2018-11-20,07:00,5492,9,1,3,4,5,9,12,14,16,17,19
2018-11-20,08:00,5493,7,1,2,3,9,13,14,15,16,18,20
2018-11-20,09:00,5494,5,1,5,7,9,10,13,15,17,19,20
2018-11-20,10:00,5495,9,2,5,6,8,9,11,13,14,17,20
2018-11-20,11:00,5496,10,1,4,11,12,14,15,17,18,19,20
2018-11-20,12:00,5497,9,2,3,5,8,10,12,14,15,17,19
2018-11-20,13:00,5498,16,2,4,6,7,8,12,14,16,18,19
2018-11-20,14:00,5499,8,4,6,7,8,12,13,15,16,17,18
2018-11-20,15:00,5500,13,1,2,4,5,7,8,9,12,16,17
2018-11-20,16:00,5501,17,1,3,4,8,10,11,13,16,17,18
2018-11-20,17:00,5502,10,2,3,4,5,9,10,12,14,15,18
2018-11-20,18:00,5503,10,4,5,6,8,10,11,14,16,17,19
2018-11-20,19:00,5504,16,1,2,4,8,9,12,17,18,19,20
2018-11-20,20:00,5505,9,2,5,6,9,11,13,14,15,18,19
2018-11-20,21:00,5506,13,2,3,4,5,7,11,13,15,17,20
2018-11-20,22:00,5507,7,1,2,3,4,5,7,11,18,19,20
2018-11-20,23:00,5508,1,1,2,3,5,10,11,13,16,17,20
2018-11-21,07:00,5509,14,1,2,8,9,11,12,14,16,17,18
2018-11-21,08:00,5510,19,2,3,4,8,9,10,12,14,15,16
2018-11-21,09:00,5511,1,3,4,5,8,10,11,12,13,19,20
2018-11-21,10:00,5512,15,1,2,4,8,12,15,17,18,19,20
2018-11-21,11:00,5513,15,3,4,6,7,13,14,15,17,18,19
2018-11-21,12:00,5514,12,8,9,13,14,15,16,17,18,19,20
2018-11-21,13:00,5515,19,1,2,3,5,8,9,10,13,18,20
2018-11-21,14:00,5516,5,6,7,8,10,12,13,14,15,17,18
2018-11-21,15:00,5517,12,2,4,9,10,13,14,15,16,18,20
2018-11-21,16:00,5518,8,1,2,10,11,12,15,16,17,19,20
2018-11-21,17:00,5519,5,1,2,4,6,8,10,11,16,18,19
2018-11-21,18:00,5520,10,1,4,8,10,11,12,13,15,16,18
2018-11-21,19:00,5521,14,1,3,6,7,8,10,12,16,18,20
2018-11-21,20:00,5522,1,1,3,4,5,8,13,17,18,19,20
2018-11-21,21:00,5523,6,1,5,6,10,12,13,15,17,19,20
2018-11-21,22:00,5524,3,2,3,8,9,10,12,14,15,17,19
2018-11-21,23:00,5525,10,1,3,5,7,10,11,15,17,18,20
2018-11-22,07:00,5526,8,1,4,5,6,9,10,12,13,14,15
2018-11-22,08:00,5527,9,3,4,7,8,9,10,11,16,17,19
2018-11-22,09:00,5528,13,1,2,5,6,7,9,13,14,18,19
2018-11-22,10:00,5529,16,3,5,6,7,8,9,11,17,18,19
2018-11-22,11:00,5530,1,3,6,7,10,11,12,13,14,16,18
2018-11-22,12:00,5531,1,1,3,6,8,9,10,13,14,17,20
2018-11-22,13:00,5532,10,1,5,6,7,9,10,14,16,17,20
2018-11-22,14:00,5533,12,1,3,4,9,10,11,14,15,17,18
2018-11-22,15:00,5534,5,2,4,5,6,7,9,12,17,18,19
2018-11-22,16:00,5535,7,2,3,4,6,7,8,13,16,17,18
2018-11-22,17:00,5536,19,1,2,4,5,7,11,14,16,19,20
2018-11-22,18:00,5537,16,1,2,3,6,8,9,11,12,18,20
2018-11-22,19:00,5538,7,10,11,12,13,14,16,17,18,19,20
2018-11-22,20:00,5539,13,2,4,7,8,11,12,14,15,16,20
2018-11-22,21:00,5540,1,1,5,8,10,11,14,15,16,19,20
2018-11-22,22:00,5541,6,1,2,4,11,12,13,16,17,19,20
2018-11-22,23:00,5542,3,1,3,8,9,11,13,15,16,19,20
2018-11-23,07:00,5543,20,6,7,8,10,11,13,16,18,19,20
2018-11-23,08:00,5544,9,1,2,4,8,12,14,16,17,18,20
2018-11-23,09:00,5545,16,2,5,6,7,9,10,16,18,19,20
2018-11-23,10:00,5546,4,3,4,5,6,7,10,14,16,17,19
2018-11-23,11:00,5547,13,1,6,10,11,12,13,15,17,18,19
2018-11-23,12:00,5548,6,2,3,4,5,6,8,13,14,16,19
2018-11-23,13:00,5549,1,1,2,7,9,10,11,12,13,17,18
2018-11-23,14:00,5550,1,2,3,4,7,10,11,15,16,18,20
2018-11-23,15:00,5551,20,2,4,10,12,14,15,16,17,18,19
2018-11-23,16:00,5552,19,1,3,4,6,12,13,14,15,17,18
2018-11-23,17:00,5553,7,1,2,3,5,7,9,14,17,18,19
2018-11-23,18:00,5554,6,1,4,7,9,10,13,14,15,17,19
2018-11-23,19:00,5555,2,3,5,7,8,12,14,16,17,18,19
2018-11-23,20:00,5556,3,4,5,7,8,10,13,16,17,18,20
2018-11-23,21:00,5557,6,1,4,5,6,8,13,17,18,19,20
2018-11-23,22:00,5558,7,3,5,7,9,10,12,14,16,18,20
2018-11-23,23:00,5559,12,1,4,8,9,13,14,15,16,18,20
2018-11-24,07:00,5560,20,1,3,4,5,9,12,13,15,19,20
2018-11-24,08:00,5561,4,1,5,6,7,12,13,14,15,16,18
2018-11-24,09:00,5562,20,3,4,6,7,9,11,12,17,18,20
2018-11-24,10:00,5563,6,1,3,8,9,10,15,16,18,19,20
2018-11-24,11:00,5564,18,1,2,3,8,9,10,14,17,18,19
2018-11-24,12:00,5565,9,1,2,6,9,11,14,16,17,18,20
2018-11-24,13:00,5566,3,4,5,7,9,11,13,14,15,16,18
2018-11-24,14:00,5567,5,2,4,5,13,15,16,17,18,19,20
2018-11-24,15:00,5568,9,1,2,5,8,9,11,12,15,17,20
2018-11-24,16:00,5569,15,3,5,6,7,8,9,15,17,18,19
2018-11-24,17:00,5570,13,1,3,5,8,9,13,14,15,16,17
2018-11-24,18:00,5571,19,2,4,6,7,10,14,16,17,19,20
2018-11-24,19:00,5572,15,1,3,4,6,8,9,14,18,19,20
2018-11-24,20:00,5573,6,3,4,5,8,9,10,12,15,17,18
2018-11-24,21:00,5574,7,1,3,4,8,10,12,13,16,18,19
2018-11-24,22:00,5575,16,2,3,4,6,7,12,14,15,16,17
2018-11-24,23:00,5576,13,2,3,4,5,9,10,16,18,19,20
2018-11-25,07:00,5577,20,2,3,4,5,7,8,11,12,15,20
2018-11-25,08:00,5578,8,1,2,7,8,9,13,14,17,18,20
2018-11-25,09:00,5579,13,1,2,5,10,12,15,16,17,19,20
2018-11-25,10:00,5580,2,4,9,11,12,13,14,15,16,18,19
2018-11-25,11:00,5581,20,3,4,5,6,7,8,11,12,13,15
2018-11-25,12:00,5582,7,3,8,10,11,13,14,16,17,19,20
2018-11-25,13:00,5583,15,1,3,9,10,11,12,14,15,18,20
2018-11-25,14:00,5584,1,1,2,4,6,8,11,12,13,17,20
2018-11-25,15:00,5585,1,2,3,4,5,9,10,13,16,19,20
2018-11-25,16:00,5586,1,1,2,4,7,8,9,10,16,17,19
2018-11-25,17:00,5587,1,1,6,7,9,11,15,17,18,19,20
2018-11-25,18:00,5588,3,1,2,4,5,8,9,11,12,13,18
2018-11-25,19:00,5589,5,2,3,8,9,10,13,17,18,19,20
2018-11-25,20:00,5590,11,1,4,5,8,9,10,15,16,17,18
2018-11-25,21:00,5591,12,4,5,7,8,10,11,14,15,17,18
2018-11-25,22:00,5592,5,1,2,7,9,10,11,12,14,18,19
2018-11-25,23:00,5593,3,1,3,5,8,9,11,13,17,19,20
2018-11-26,07:00,5594,13,2,3,5,6,10,12,13,16,17,20
2018-11-26,08:00,5595,10,3,6,8,11,12,14,15,18,19,20
2018-11-26,09:00,5596,1,3,6,7,9,10,11,16,17,18,19
2018-11-26,10:00,5597,18,2,3,4,8,9,10,11,13,15,17
2018-11-26,11:00,5598,12,3,4,6,7,8,10,11,12,17,19
2018-11-26,12:00,5599,10,2,8,9,10,11,12,13,14,17,20
2018-11-26,13:00,5600,8,2,5,7,8,9,11,14,16,18,20
2018-11-26,14:00,5601,20,2,4,6,7,10,11,12,14,15,16
2018-11-26,15:00,5602,15,3,5,6,7,8,10,12,16,17,20
2018-11-26,16:00,5603,14,1,2,3,7,9,15,17,18,19,20
2018-11-26,17:00,5604,12,2,3,4,5,7,10,11,13,16,20
2018-11-26,18:00,5605,10,2,3,4,5,7,9,12,17,18,19
2018-11-26,19:00,5606,2,1,3,4,5,8,10,11,12,19,20
2018-11-26,20:00,5607,14,1,2,4,8,12,15,16,18,19,20
2018-11-26,21:00,5608,3,1,5,6,10,11,12,15,16,19,20
2018-11-26,22:00,5609,6,3,9,11,12,13,14,15,17,19,20
2018-11-26,23:00,5610,11,2,3,4,8,12,13,14,15,17,20
2018-11-27,07:00,5611,5,2,4,10,11,14,16,17,18,19,20
2018-11-27,08:00,5612,10,4,5,8,10,14,15,16,17,18,20
2018-11-27,09:00,5613,2,1,2,3,6,10,11,12,14,17,19
2018-11-27,10:00,5614,19,1,4,7,9,10,12,13,17,19,20
2018-11-27,11:00,5615,5,1,2,3,5,11,13,15,18,19,20
2018-11-27,12:00,5616,9,2,3,4,8,9,14,15,16,17,20
2018-11-27,13:00,5617,1,1,3,5,6,8,10,13,15,18,19
2018-11-27,14:00,5618,17,1,4,6,7,8,9,11,16,17,18
2018-11-27,15:00,5619,12,4,7,8,9,10,13,14,15,16,17
2018-11-27,16:00,5620,4,1,3,4,5,9,10,11,12,16,20
2018-11-27,17:00,5621,9,2,5,10,11,13,14,16,17,19,20
2018-11-27,18:00,5622,12,1,5,7,9,10,12,13,17,18,20
2018-11-27,19:00,5623,20,1,2,3,5,7,12,14,15,16,18
2018-11-27,20:00,5624,17,3,4,6,7,10,11,13,14,16,17
2018-11-27,21:00,5625,2,1,2,9,10,13,15,16,17,19,20
2018-11-27,22:00,5626,5,2,3,4,5,8,10,11,12,14,18
2018-11-27,23:00,5627,20,1,3,5,8,9,11,12,13,18,19
2018-11-28,07:00,5628,13,1,5,6,7,9,11,12,13,15,17
2018-11-28,08:00,5629,6,3,4,6,7,10,13,14,16,17,19
2018-11-28,09:00,5630,17,1,5,6,7,8,10,11,13,18,20
2018-11-28,10:00,5631,11,2,5,8,10,11,12,15,16,18,19
2018-11-28,11:00,5632,3,3,5,6,8,9,10,11,12,15,18
2018-11-28,12:00,5633,12,2,4,5,11,13,15,16,17,19,20
2018-11-28,13:00,5634,5,3,5,7,8,10,11,12,13,14,17
2018-11-28,14:00,5635,11,1,4,5,6,9,11,12,14,15,18
2018-11-28,15:00,5636,14,1,2,5,6,10,11,13,16,17,19
2018-11-28,16:00,5637,8,2,3,6,7,10,12,13,16,19,20
2018-11-28,17:00,5638,16,1,2,3,8,10,12,14,16,18,19
2018-11-28,18:00,5639,6,1,3,4,6,7,9,12,13,17,19
2018-11-28,19:00,5640,8,2,3,5,7,8,9,10,15,19,20
2018-11-28,20:00,5641,4,1,2,3,4,5,10,14,17,18,20
2018-11-28,21:00,5642,17,3,4,5,6,8,11,13,15,18,19
2018-11-28,22:00,5643,15,5,6,10,11,13,14,16,18,19,20
2018-11-28,23:00,5644,2,2,3,5,7,8,9,10,13,16,20
2018-11-29,07:00,5645,5,2,3,5,8,9,10,12,15,17,20
2018-11-29,08:00,5646,18,1,2,4,5,12,14,15,16,18,20
2018-11-29,09:00,5647,14,1,5,6,7,9,11,13,14,17,19
2018-11-29,10:00,5648,5,1,2,4,6,7,10,16,17,18,20
2018-11-29,11:00,5649,14,1,3,5,7,8,10,11,12,16,18
2018-11-29,12:00,5650,14,1,7,10,11,13,15,16,17,19,20
2018-11-29,13:00,5651,16,1,3,7,12,13,14,15,16,18,19
2018-11-29,14:00,5652,17,1,2,4,9,12,13,17,18,19,20
2018-11-29,15:00,5653,10,2,3,5,6,7,9,10,12,19,20
2018-11-29,16:00,5654,17,1,3,5,6,12,13,14,15,18,19
2018-11-29,17:00,5655,9,1,4,5,6,7,8,9,14,15,19
2018-11-29,18:00,5656,2,1,2,3,4,9,13,16,17,18,20
2018-11-29,19:00,5657,10,2,5,8,9,11,13,15,16,17,20
2018-11-29,20:00,5658,16,1,3,8,11,12,13,15,16,18,20
2018-11-29,21:00,5659,12,1,5,6,7,11,12,15,16,17,18
2018-11-29,22:00,5660,3,2,4,7,8,13,14,15,17,18,19
2018-11-29,23:00,5661,1,1,2,5,9,10,11,12,13,14,16
2018-11-30,07:00,5662,10,2,4,5,7,9,12,13,16,17,20
2018-11-30,08:00,5663,16,1,4,7,9,10,14,16,18,19,20
2018-11-30,09:00,5664,1,1,3,9,10,12,13,14,15,17,18
2018-11-30,10:00,5665,6,3,4,6,8,11,13,14,15,18,19
2018-11-30,11:00,5666,11,1,4,7,8,9,11,13,14,16,19
2018-11-30,12:00,5667,12,1,5,6,7,9,11,16,17,18,19
2018-11-30,13:00,5668,17,1,5,9,11,13,15,17,18,19,20
2018-11-30,14:00,5669,4,1,6,7,8,9,11,12,14,16,19
2018-11-30,15:00,5670,18,1,2,5,9,10,14,16,18,19,20
2018-11-30,16:00,5671,9,1,4,6,10,11,12,13,14,17,19
2018-11-30,17:00,5672,18,1,4,5,7,8,11,12,15,17,19
2018-11-30,18:00,5673,12,3,5,9,10,11,12,15,17,18,20
2018-11-30,19:00,5674,15,1,3,4,6,9,12,13,14,16,17
2018-11-30,20:00,5675,3,2,3,7,11,13,15,16,17,18,19
2018-11-30,21:00,5676,1,1,2,8,9,10,11,12,14,15,18
2018-11-30,22:00,5677,7,6,7,8,13,15,16,17,18,19,20
2018-11-30,23:00,5678,10,1,3,4,5,7,8,12,14,17,18
2018-12-01,07:00,5679,16,2,5,6,8,9,10,11,13,17,18
2018-12-01,08:00,5680,4,1,6,7,9,10,11,12,15,16,19
2018-12-01,09:00,5681,19,1,3,6,7,11,13,17,18,19,20
2018-12-01,10:00,5682,7,1,5,8,10,12,14,15,17,18,20
2018-12-01,11:00,5683,15,7,8,9,11,12,14,15,16,17,19
2018-12-01,12:00,5684,9,2,4,6,7,8,13,14,17,18,19
2018-12-01,13:00,5685,12,4,5,6,7,10,11,14,16,17,20
2018-12-01,14:00,5686,8,1,2,3,4,6,9,11,12,17,18
2018-12-01,15:00,5687,16,3,5,6,11,13,16,17,18,19,20
2018-12-01,16:00,5688,15,2,5,7,8,11,13,14,15,17,19
2018-12-01,17:00,5689,13,1,2,7,8,11,13,14,16,19,20
2018-12-01,18:00,5690,13,3,6,9,10,13,14,15,16,17,18
2018-12-01,19:00,5691,8,1,3,5,6,8,12,16,17,18,20
2018-12-01,20:00,5692,1,2,3,4,7,9,10,13,16,18,19
2018-12-01,21:00,5693,8,2,3,4,6,8,9,12,13,16,20
2018-12-01,22:00,5694,4,3,5,6,8,11,14,15,16,17,18
2018-12-01,23:00,5695,11,2,7,9,12,13,14,15,16,17,18
2018-12-02,07:00,5696,18,2,8,10,11,12,13,14,15,17,18
2018-12-02,08:00,5697,5,3,6,7,8,11,13,14,16,18,20
2018-12-02,09:00,5698,9,2,3,4,7,12,13,15,17,19,20
2018-12-02,10:00,5699,20,1,3,4,5,6,11,12,14,16,20
2018-12-02,11:00,5700,20,3,6,7,8,9,10,14,15,19,20
2018-12-02,12:00,5701,18,1,2,3,8,9,12,14,16,17,20
2018-12-02,13:00,5702,17,1,2,3,4,6,8,12,14,18,19
2018-12-02,14:00,5703,11,3,4,7,9,12,13,14,16,17,19
2018-12-02,15:00,5704,14,4,7,9,10,11,13,14,16,17,20
2018-12-02,16:00,5705,7,1,5,6,8,10,13,15,17,18,19
2018-12-02,17:00,5706,9,3,4,9,10,11,13,15,17,18,19
2018-12-02,18:00,5707,6,1,3,4,5,7,8,10,11,16,20
2018-12-02,19:00,5708,6,1,4,7,8,10,11,13,14,15,19
2018-12-02,20:00,5709,6,2,3,11,12,13,14,16,17,18,19
2018-12-02,21:00,5710,11,1,9,10,12,15,16,17,18,19,20
2018-12-02,22:00,5711,5,1,3,4,7,9,11,12,13,16,20
2018-12-02,23:00,5712,1,1,2,3,5,7,8,11,12,18,19
2018-12-03,07:00,5713,1,1,2,5,7,8,9,11,14,15,16
2018-12-03,08:00,5714,5,2,3,6,8,9,10,14,18,19,20
2018-12-03,09:00,5715,6,1,3,5,6,8,10,14,17,18,20
2018-12-03,10:00,5716,6,5,6,7,9,10,13,14,16,17,20
2018-12-03,11:00,5717,4,1,2,3,4,5,7,8,9,13,19
2018-12-03,12:00,5718,2,1,2,4,7,9,10,15,16,19,20
2018-12-03,13:00,5719,16,3,4,6,8,9,11,12,13,18,19
2018-12-03,14:00,5720,6,1,2,4,9,11,13,14,17,19,20
2018-12-03,15:00,5721,3,3,5,9,10,11,14,17,18,19,20
2018-12-03,16:00,5722,8,1,2,3,9,10,11,12,13,18,20
2018-12-03,17:00,5723,19,1,2,4,7,11,13,16,18,19,20
2018-12-03,18:00,5724,2,3,4,5,8,10,11,16,18,19,20
2018-12-03,19:00,5725,16,2,8,9,10,11,13,15,16,18,19
2018-12-03,20:00,5726,3,3,4,5,8,11,12,14,15,18,19
2018-12-03,21:00,5727,5,1,2,4,7,9,10,11,13,14,15
2018-12-03,22:00,5728,2,3,5,7,10,11,14,15,17,19,20
2018-12-03,23:00,5729,4,4,5,10,11,12,13,14,15,18,19
2018-12-04,07:00,5730,18,3,4,5,6,9,10,13,16,17,19
2018-12-04,08:00,5731,13,2,4,5,8,9,10,11,13,14,16
2018-12-04,09:00,5732,2,3,9,11,12,14,15,17,18,19,20
2018-12-04,10:00,5733,4,3,5,7,8,10,13,14,15,16,19
2018-12-04,11:00,5734,1,3,4,5,7,10,11,12,15,18,19
2018-12-04,12:00,5735,4,2,3,6,10,11,13,14,17,18,20
2018-12-04,13:00,5736,18,2,3,8,9,10,11,12,16,17,19
2018-12-04,14:00,5737,17,4,5,7,8,9,11,12,17,18,19
2018-12-04,15:00,5738,3,2,4,8,9,11,13,16,17,18,19
2018-12-04,16:00,5739,20,2,6,7,9,11,13,14,15,17,19
2018-12-04,17:00,5740,17,2,3,5,6,7,12,16,18,19,20
2018-12-04,18:00,5741,12,3,4,5,8,10,11,16,18,19,20
2018-12-04,19:00,5742,4,1,3,4,5,7,11,12,15,18,19
2018-12-04,20:00,5743,10,3,4,5,8,9,11,15,16,18,20
2018-12-04,21:00,5744,8,3,4,6,7,9,11,12,13,17,20
2018-12-04,22:00,5745,19,1,2,3,5,6,8,10,11,19,20
2018-12-04,23:00,5746,5,4,5,7,8,9,10,12,17,18,20
2018-12-05,07:00,5747,3,2,3,4,5,9,10,12,16,17,20
2018-12-05,08:00,5748,17,1,2,3,5,10,11,15,16,19,20
2018-12-05,09:00,5749,4,4,5,6,10,12,13,17,18,19,20
2018-12-05,10:00,5750,4,2,4,5,8,9,10,11,13,15,20
2018-12-05,11:00,5751,2,1,2,4,6,10,11,12,15,16,17
2018-12-05,12:00,5752,15,1,2,5,9,10,12,15,16,18,20
2018-12-05,13:00,5753,14,1,3,4,5,6,8,9,13,18,20
2018-12-05,14:00,5754,3,1,2,5,6,8,11,13,15,16,17
2018-12-05,15:00,5755,9,3,4,6,9,11,13,15,18,19,20
2018-12-05,16:00,5756,1,1,2,3,4,6,10,11,16,17,18
2018-12-05,17:00,5757,4,1,3,4,6,7,8,10,11,15,17
2018-12-05,18:00,5758,12,1,2,3,4,5,6,11,13,15,16
2018-12-05,19:00,5759,7,1,4,7,10,12,16,17,18,19,20
2018-12-05,20:00,5760,4,3,6,10,11,12,13,14,16,19,20
2018-12-05,21:00,5761,11,1,3,4,6,7,9,11,12,18,19
2018-12-05,22:00,5762,10,1,2,4,5,7,10,13,18,19,20
2018-12-05,23:00,5763,15,2,6,7,9,10,11,13,16,17,19
2018-12-06,07:00,5764,7,4,5,6,8,9,11,12,13,14,16
2018-12-06,08:00,5765,8,2,3,4,6,7,10,12,16,17,19
2018-12-06,09:00,5766,10,1,3,5,6,7,8,9,11,12,20
2018-12-06,10:00,5767,7,3,4,5,9,11,12,14,16,17,19
2018-12-06,11:00,5768,10,2,3,5,8,9,10,13,15,16,19
2018-12-06,12:00,5769,1,1,2,3,4,6,7,8,11,14,16
2018-12-06,13:00,5770,20,2,3,5,6,7,8,12,13,15,20
2018-12-06,14:00,5771,11,1,3,4,7,10,11,12,13,15,18
2018-12-06,15:00,5772,4,1,3,4,6,9,10,11,13,16,19
2018-12-06,16:00,5773,2,2,3,5,6,9,11,12,13,15,20
2018-12-06,17:00,5774,12,2,4,5,8,9,10,12,14,15,17
2018-12-06,18:00,5775,10,2,6,10,11,13,15,16,17,19,20
2018-12-06,19:00,5776,14,2,3,5,8,12,13,14,15,16,17
2018-12-06,20:00,5777,10,1,5,6,7,8,10,11,14,15,18
2018-12-06,21:00,5778,1,1,3,6,9,12,13,15,17,18,20
2018-12-06,22:00,5779,12,2,3,5,6,7,8,9,11,12,14
2018-12-06,23:00,5780,20,4,5,6,7,13,14,17,18,19,20
2018-12-07,07:00,5781,14,1,2,4,6,8,9,10,13,14,19
2018-12-07,08:00,5782,8,2,6,7,8,10,12,14,15,16,20
2018-12-07,09:00,5783,9,1,2,6,7,8,10,11,14,15,19
2018-12-07,10:00,5784,4,8,10,11,12,13,14,15,17,18,20
2018-12-07,11:00,5785,13,1,2,6,8,9,10,12,13,19,20
2018-12-07,12:00,5786,16,1,3,6,7,10,11,13,15,18,20
2018-12-07,13:00,5787,18,2,4,8,11,12,13,15,17,18,19
2018-12-07,14:00,5788,7,1,4,5,7,9,11,14,15,16,17
2018-12-07,15:00,5789,18,1,3,4,5,6,7,8,11,12,15
2018-12-07,16:00,5790,18,3,4,6,7,8,12,15,17,19,20
2018-12-07,17:00,5791,3,1,2,4,6,8,11,13,16,17,20
2018-12-07,18:00,5792,15,1,5,6,8,9,14,15,17,18,20
2018-12-07,19:00,5793,7,4,6,7,9,11,12,13,16,17,18
2018-12-07,20:00,5794,20,2,3,4,6,7,10,11,12,15,17
2018-12-07,21:00,5795,10,4,5,8,9,10,15,16,18,19,20
2018-12-07,22:00,5796,11,1,2,6,7,8,13,14,16,17,19
2018-12-07,23:00,5797,17,1,2,6,8,11,12,13,18,19,20
2018-12-08,07:00,5798,12,1,2,6,9,12,13,14,18,19,20
2018-12-08,08:00,5799,1,2,3,4,5,7,8,11,13,14,16
2018-12-08,09:00,5800,15,2,3,5,8,9,11,12,13,15,19
2018-12-08,10:00,5801,18,2,4,7,9,15,16,17,18,19,20
2018-12-08,11:00,5802,11,1,4,6,7,8,13,14,16,17,20
2018-12-08,12:00,5803,17,2,3,5,6,8,10,12,14,19,20
2018-12-08,13:00,5804,3,2,3,9,11,12,14,15,17,18,19
2018-12-08,14:00,5805,15,1,2,5,7,8,9,11,14,15,16
2018-12-08,15:00,5806,18,2,3,5,7,8,9,10,12,14,17
2018-12-08,16:00,5807,14,2,3,11,12,14,15,17,18,19,20
2018-12-08,17:00,5808,18,1,7,9,11,13,14,16,17,18,19
2018-12-08,18:00,5809,11,4,5,8,10,11,14,15,17,18,20
2018-12-08,19:00,5810,2,2,4,7,8,10,12,14,15,16,18
2018-12-08,20:00,5811,4,3,4,5,7,10,11,12,13,14,16
2018-12-08,21:00,5812,13,2,3,4,5,6,7,11,14,15,18
2018-12-08,22:00,5813,1,2,4,5,8,12,14,15,17,19,20
2018-12-08,23:00,5814,3,2,5,6,9,10,11,12,14,15,17
2018-12-09,07:00,5815,16,3,5,6,7,11,13,15,17,18,19
2018-12-09,08:00,5816,4,2,5,6,11,12,13,15,16,18,20
2018-12-09,09:00,5817,11,3,4,6,7,8,10,12,13,15,18
2018-12-09,10:00,5818,13,1,6,9,10,11,12,14,16,17,18
2018-12-09,11:00,5819,8,4,5,7,10,11,12,14,15,16,18
2018-12-09,12:00,5820,3,4,5,7,9,11,13,17,18,19,20
2018-12-09,13:00,5821,11,2,3,7,8,9,10,13,16,17,19
2018-12-09,14:00,5822,4,1,2,4,7,10,13,15,16,17,20
2018-12-09,15:00,5823,16,1,3,4,5,6,9,14,17,18,19
2018-12-09,16:00,5824,6,2,3,4,5,6,7,8,12,13,14
2018-12-09,17:00,5825,18,1,4,5,8,9,10,11,12,16,19
2018-12-09,18:00,5826,4,1,2,4,5,6,7,13,14,16,20
2018-12-09,19:00,5827,5,1,2,3,6,7,11,12,14,16,20
2018-12-09,20:00,5828,19,2,5,7,9,10,11,12,13,14,16
2018-12-09,21:00,5829,6,1,5,7,12,15,16,17,18,19,20
2018-12-09,22:00,5830,15,1,3,5,6,7,8,9,12,18,20
2018-12-09,23:00,5831,17,1,5,7,10,11,13,15,17,18,19
2018-12-10,07:00,5832,8,2,3,4,5,7,8,9,16,17,19
2018-12-10,08:00,5833,5,1,9,11,13,14,15,16,17,18,19
2018-12-10,09:00,5834,6,4,5,6,10,11,12,13,16,17,18
2018-12-10,10:00,5835,6,1,3,5,10,12,13,14,15,17,18
2018-12-10,11:00,5836,15,2,4,5,6,10,11,13,16,18,19
2018-12-10,12:00,5837,9,1,2,5,6,7,8,9,10,14,18
2018-12-10,13:00,5838,13,2,3,4,6,8,9,10,13,14,18
2018-12-10,14:00,5839,7,1,3,4,6,8,10,12,14,18,19
2018-12-10,15:00,5840,20,4,6,9,10,11,14,15,16,18,19
2018-12-10,16:00,5841,16,1,2,6,10,12,13,14,15,16,18
2018-12-10,17:00,5842,20,1,3,4,5,10,14,15,17,18,20
2018-12-10,18:00,5843,13,3,4,5,7,9,10,12,15,18,19
2018-12-10,19:00,5844,20,1,2,3,4,9,10,11,14,16,20
2018-12-10,20:00,5845,6,1,4,5,8,10,11,12,15,18,19
2018-12-10,21:00,5846,10,1,2,5,7,8,9,10,11,12,16
2018-12-10,22:00,5847,16,1,2,3,4,6,8,10,12,13,17
2018-12-10,23:00,5848,15,1,2,3,4,6,13,14,15,17,18
2018-12-11,07:00,5849,11,5,6,7,9,11,13,16,17,19,20
2018-12-11,08:00,5850,17,1,2,3,4,5,6,7,8,9,17
2018-12-11,09:00,5851,12,1,2,3,6,7,11,12,14,16,20
2018-12-11,10:00,5852,19,3,5,6,8,9,11,14,15,18,19
2018-12-11,11:00,5853,7,2,4,7,8,9,10,14,16,17,19
2018-12-11,12:00,5854,8,1,2,7,12,13,15,16,17,18,19
2018-12-11,13:00,5855,16,1,2,5,7,8,11,16,17,18,19
2018-12-11,14:00,5856,7,2,5,6,7,8,11,12,13,16,18
2018-12-11,15:00,5857,16,1,2,6,7,9,12,13,14,15,18
2018-12-11,16:00,5858,11,1,2,5,7,8,12,14,15,18,19
2018-12-11,17:00,5859,12,1,2,5,7,8,10,14,16,17,18
2018-12-11,18:00,5860,4,3,4,5,9,10,11,14,15,18,19
2018-12-11,19:00,5861,2,1,2,3,4,8,9,11,12,14,19
2018-12-11,20:00,5862,13,2,5,6,8,11,13,16,18,19,20
2018-12-11,21:00,5863,13,3,4,7,10,12,13,15,17,19,20
2018-12-11,22:00,5864,6,1,3,6,8,9,11,12,13,15,16
2018-12-11,23:00,5865,15,2,6,7,9,11,12,13,15,17,18
2018-12-12,07:00,5866,6,3,9,10,12,13,14,15,17,19,20
2018-12-12,08:00,5867,11,2,3,4,7,8,10,11,12,18,20
2018-12-12,09:00,5868,20,1,3,4,5,6,11,17,18,19,20
2018-12-12,10:00,5869,20,4,5,9,10,12,13,15,16,17,20
2018-12-12,11:00,5870,10,3,4,5,7,8,9,12,14,15,16
2018-12-12,12:00,5871,18,1,7,8,9,11,13,14,17,18,19
2018-12-12,13:00,5872,20,1,3,5,7,10,11,12,13,14,17
2018-12-12,14:00,5873,3,3,4,6,9,10,11,13,14,17,18
2018-12-12,15:00,5874,4,2,3,4,7,8,10,11,12,14,20
2018-12-12,16:00,5875,9,1,5,6,8,10,11,12,13,14,18
2018-12-12,17:00,5876,18,1,2,3,5,6,7,10,13,15,20
2018-12-12,18:00,5877,7,1,2,4,6,9,11,12,16,19,20
2018-12-12,19:00,5878,3,4,6,8,11,12,13,14,16,18,20
2018-12-12,20:00,5879,6,6,8,10,11,13,15,16,17,19,20
2018-12-12,21:00,5880,3,1,2,4,5,6,9,12,15,16,17
2018-12-12,22:00,5881,8,3,5,8,9,10,11,13,15,16,18
2018-12-12,23:00,5882,10,2,3,4,9,11,12,13,16,17,20
2018-12-13,07:00,5883,12,4,6,9,10,11,12,13,16,17,20
2018-12-13,08:00,5884,6,2,3,4,6,7,8,11,13,15,19
2018-12-13,09:00,5885,18,2,3,4,7,8,9,12,14,16,17
2018-12-13,10:00,5886,10,2,3,4,5,9,13,14,16,17,20
2018-12-13,11:00,5887,12,1,4,5,6,7,8,13,16,18,19
2018-12-13,12:00,5888,5,1,4,6,7,9,11,14,16,18,20
2018-12-13,13:00,5889,9,1,2,5,9,10,11,13,14,17,19
2018-12-13,14:00,5890,14,5,6,7,9,10,11,12,13,14,20
2018-12-13,15:00,5891,1,1,4,5,6,7,9,10,16,18,19
2018-12-13,16:00,5892,3,3,6,7,8,11,12,13,15,16,19
2018-12-13,17:00,5893,17,1,2,4,6,7,10,12,13,14,15
2018-12-13,18:00,5894,18,2,5,6,8,11,14,15,16,17,20
2018-12-13,19:00,5895,12,3,4,7,11,12,13,14,16,17,18
2018-12-13,20:00,5896,4,1,5,6,7,9,11,12,13,14,20
2018-12-13,21:00,5897,3,1,5,7,10,14,15,17,18,19,20
2018-12-13,22:00,5898,17,1,8,9,10,11,14,15,16,18,19
2018-12-13,23:00,5899,20,1,2,5,9,11,14,15,17,18,20
2018-12-14,07:00,5900,16,2,3,5,6,8,12,13,15,17,20
2018-12-14,08:00,5901,8,1,2,3,4,9,10,11,13,17,19
2018-12-14,09:00,5902,6,2,6,8,10,11,12,14,17,19,20
2018-12-14,10:00,5903,19,3,5,6,8,10,12,14,15,17,20
2018-12-14,11:00,5904,15,2,5,7,8,9,13,14,15,16,18
2018-12-14,12:00,5905,17,8,10,11,12,13,15,16,18,19,20
2018-12-14,13:00,5906,16,1,2,3,8,11,12,13,17,18,20
2018-12-14,14:00,5907,3,2,3,4,7,9,11,13,15,16,17
2018-12-14,15:00,5908,4,1,3,4,6,11,13,14,17,18,19
2018-12-14,16:00,5909,12,1,4,6,9,10,11,12,16,17,19
2018-12-14,17:00,5910,7,2,3,5,8,9,13,16,17,18,20
2018-12-14,18:00,5911,6,1,2,4,6,7,14,16,17,18,19
2018-12-14,19:00,5912,2,1,2,4,7,10,11,12,14,16,20
2018-12-14,20:00,5913,9,3,4,5,6,7,11,12,14,16,19
2018-12-14,21:00,5914,7,1,3,5,6,7,11,14,16,17,20
2018-12-14,22:00,5915,3,2,3,4,7,8,9,13,15,16,19
2018-12-14,23:00,5916,6,1,4,7,10,11,14,16,17,18,20
2018-12-15,07:00,5917,16,1,2,3,5,7,8,9,11,15,20
2018-12-15,08:00,5918,15,3,5,6,7,12,14,17,18,19,20
2018-12-15,09:00,5919,19,2,5,7,14,15,16,17,18,19,20
2018-12-15,10:00,5920,8,1,7,8,10,11,12,13,16,17,18
2018-12-15,11:00,5921,7,1,2,3,5,7,10,13,15,17,18
2018-12-15,12:00,5922,5,1,5,6,7,8,10,12,13,16,20
2018-12-15,13:00,5923,4,3,4,6,7,9,12,15,16,17,19
2018-12-15,14:00,5924,8,1,3,4,10,11,13,15,17,18,19
2018-12-15,15:00,5925,2,2,3,4,10,12,13,14,15,18,19
2018-12-15,16:00,5926,3,2,4,9,10,11,12,14,15,16,18
2018-12-15,17:00,5927,13,4,5,7,8,10,13,14,16,17,18
2018-12-15,18:00,5928,13,2,3,4,6,8,9,15,16,18,19
2018-12-15,19:00,5929,18,3,4,8,10,13,14,15,17,19,20
2018-12-15,20:00,5930,5,3,6,7,9,10,13,15,16,18,20
2018-12-15,21:00,5931,15,2,4,5,8,9,10,14,15,17,18
2018-12-15,22:00,5932,8,2,5,8,9,11,13,14,17,18,19
2018-12-15,23:00,5933,9,1,2,5,7,8,9,13,15,18,20
2018-12-16,07:00,5934,17,2,3,4,5,7,9,10,13,17,18
2018-12-16,08:00,5935,4,5,7,8,9,10,12,13,16,17,20
2018-12-16,09:00,5936,1,1,3,4,6,11,12,13,16,17,19
2018-12-16,10:00,5937,14,2,5,7,8,9,11,14,17,18,19
2018-12-16,11:00,5938,16,1,3,5,7,9,10,11,14,16,20
2018-12-16,12:00,5939,8,3,4,8,10,11,14,15,17,18,19
2018-12-16,13:00,5940,11,6,7,8,10,12,13,14,17,18,19
2018-12-16,14:00,5941,9,2,3,6,9,11,12,13,14,15,19
2018-12-16,15:00,5942,6,1,4,5,6,9,11,12,14,16,20
2018-12-16,16:00,5943,20,3,4,8,9,10,12,15,16,17,18
2018-12-16,17:00,5944,20,1,3,4,5,6,7,11,13,14,15
2018-12-16,18:00,5945,8,1,3,4,6,10,12,13,17,18,20
2018-12-16,19:00,5946,17,2,6,7,9,12,14,15,16,17,20
2018-12-16,20:00,5947,19,4,6,8,10,11,12,13,16,17,19
2018-12-16,21:00,5948,17,1,8,10,12,13,14,15,17,18,19
2018-12-16,22:00,5949,13,4,5,6,7,8,9,10,14,17,19
2018-12-16,23:00,5950,7,1,4,5,7,14,15,16,17,18,20
2018-12-17,07:00,5951,3,1,4,5,6,9,11,12,14,15,20
2018-12-17,08:00,5952,13,1,2,3,4,6,7,8,10,12,13
2018-12-17,09:00,5953,4,1,2,4,5,6,8,14,15,17,18
2018-12-17,10:00,5954,12,3,4,6,9,12,14,15,17,19,20
2018-12-17,11:00,5955,20,4,6,7,10,11,12,14,15,18,19
2018-12-17,12:00,5956,15,3,5,9,10,11,12,13,15,17,20
2018-12-17,13:00,5957,16,1,4,6,7,11,12,13,18,19,20
2018-12-17,14:00,5958,18,1,3,5,8,10,13,15,17,19,20
2018-12-17,15:00,5959,14,3,5,7,10,14,15,16,17,18,19
2018-12-17,16:00,5960,8,3,4,7,8,9,10,13,14,19,20
2018-12-17,17:00,5961,14,1,2,4,7,8,10,11,14,18,20
2018-12-17,18:00,5962,5,1,2,6,8,9,10,12,13,18,19
2018-12-17,19:00,5963,16,2,3,4,7,8,9,12,13,15,19
2018-12-17,20:00,5964,8,1,4,5,8,10,11,13,15,17,19
2018-12-17,21:00,5965,20,3,4,6,7,10,11,12,17,18,19
2018-12-17,22:00,5966,17,1,2,7,10,11,12,13,17,18,19
2018-12-17,23:00,5967,2,3,4,9,13,14,15,16,18,19,20
2018-12-18,07:00,5968,6,1,2,4,7,9,10,11,14,15,18
2018-12-18,08:00,5969,12,1,2,3,9,11,12,14,15,19,20
2018-12-18,09:00,5970,7,1,4,5,6,7,9,12,13,15,19
2018-12-18,10:00,5971,15,1,4,7,9,10,11,15,16,19,20
2018-12-18,11:00,5972,11,1,4,5,9,10,13,16,17,19,20
2018-12-18,12:00,5973,13,1,3,8,9,10,13,15,16,19,20
2018-12-18,13:00,5974,2,1,4,7,9,10,12,13,14,16,20
2018-12-18,14:00,5975,19,1,3,6,10,12,14,15,16,18,20
2018-12-18,15:00,5976,17,1,2,3,7,8,10,14,18,19,20
2018-12-18,16:00,5977,5,2,6,8,9,12,13,15,16,17,20
2018-12-18,17:00,5978,16,3,4,7,8,10,13,14,15,17,20
2018-12-18,18:00,5979,13,1,4,6,9,10,11,12,15,17,20
2018-12-18,19:00,5980,15,1,3,4,6,7,8,14,15,17,20
2018-12-18,20:00,5981,2,1,3,4,10,12,13,14,15,17,18
2018-12-18,21:00,5982,16,1,2,3,4,8,11,13,17,18,19
2018-12-18,22:00,5983,14,1,2,4,6,7,8,9,10,14,16
2018-12-18,23:00,5984,20,1,2,3,7,8,9,12,15,18,20
2018-12-19,07:00,5985,14,3,5,8,9,10,11,12,15,18,20
2018-12-19,08:00,5986,19,5,6,7,8,9,13,14,15,17,19
2018-12-19,09:00,5987,17,1,2,3,4,6,9,11,12,15,19
2018-12-19,10:00,5988,11,2,4,5,7,13,14,15,17,18,20
2018-12-19,11:00,5989,4,3,5,6,7,10,11,13,17,19,20
2018-12-19,12:00,5990,4,3,5,6,7,9,11,12,14,15,16
2018-12-19,13:00,5991,9,1,2,4,9,10,11,13,15,16,19
2018-12-19,14:00,5992,16,1,5,8,9,10,11,12,16,18,20
2018-12-19,15:00,5993,5,1,2,5,7,9,11,14,15,18,20
2018-12-19,16:00,5994,9,1,6,7,10,12,13,14,16,17,18
2018-12-19,17:00,5995,18,5,6,7,8,9,13,14,16,17,20
2018-12-19,18:00,5996,19,1,3,4,5,7,10,13,15,18,20
2018-12-19,19:00,5997,8,4,5,6,7,10,12,13,16,18,19
2018-12-19,20:00,5998,6,2,3,6,7,10,11,15,16,18,20
2018-12-19,21:00,5999,16,1,9,10,12,13,14,15,16,18,20
2018-12-19,22:00,6000,19,1,3,7,8,9,14,16,17,18,19
2018-12-19,23:00,6001,15,3,4,5,6,7,13,15,16,18,20
2018-12-20,07:00,6002,16,3,4,5,6,7,9,10,12,15,16
2018-12-20,08:00,6003,12,1,3,4,5,6,7,8,12,15,20
2018-12-20,09:00,6004,8,2,6,8,9,10,11,15,18,19,20
2018-12-20,10:00,6005,3,1,4,6,7,9,11,13,16,17,19
2018-12-20,11:00,6006,20,3,4,8,10,12,16,17,18,19,20
2018-12-20,12:00,6007,3,1,2,6,7,9,10,11,12,14,20
2018-12-20,13:00,6008,2,1,2,3,5,8,11,14,15,17,18
2018-12-20,14:00,6009,19,1,2,4,6,7,9,13,17,18,19
2018-12-20,15:00,6010,10,1,3,4,5,6,7,8,11,12,16
2018-12-20,16:00,6011,12,3,5,11,12,13,15,17,18,19,20
2018-12-20,17:00,6012,14,3,5,7,11,12,13,14,15,16,18
2018-12-20,18:00,6013,8,1,3,6,7,9,10,11,12,16,20
2018-12-20,19:00,6014,19,2,5,6,7,8,9,10,13,17,20
2018-12-20,20:00,6015,14,2,3,6,7,9,11,13,14,15,20
2018-12-20,21:00,6016,13,1,5,6,8,9,11,14,15,17,19
2018-12-20,22:00,6017,6,1,3,5,10,11,12,13,15,17,19
2018-12-20,23:00,6018,14,4,5,6,7,10,11,13,14,18,20
2018-12-21,07:00,6019,13,3,6,9,11,13,14,15,17,18,19
2018-12-21,08:00,6020,16,1,2,5,9,11,12,13,15,17,19
2018-12-21,09:00,6021,4,1,3,8,11,12,15,16,18,19,20
2018-12-21,10:00,6022,20,3,6,7,8,9,10,12,13,17,19
2018-12-21,11:00,6023,18,1,9,10,11,12,13,14,15,17,18
2018-12-21,12:00,6024,3,2,6,7,8,11,12,15,17,18,19
2018-12-21,13:00,6025,4,1,2,5,6,8,10,12,14,15,19
2018-12-21,14:00,6026,19,1,3,5,7,9,11,12,14,15,18
2018-12-21,15:00,6027,4,1,5,7,8,10,11,12,13,15,16
2018-12-21,16:00,6028,2,1,3,4,6,7,13,14,17,18,19
2018-12-21,17:00,6029,19,1,3,5,7,8,11,12,13,16,19
2018-12-21,18:00,6030,9,1,3,8,9,11,12,13,14,18,20
2018-12-21,19:00,6031,5,2,5,6,7,11,12,13,14,15,19
2018-12-21,20:00,6032,1,1,2,5,7,9,10,11,12,13,20
2018-12-21,21:00,6033,20,1,3,4,6,11,13,14,15,16,17
2018-12-21,22:00,6034,5,1,3,8,11,12,13,14,15,18,20
2018-12-21,23:00,6035,8,3,4,5,6,8,9,11,12,13,16
2018-12-22,07:00,6036,1,1,4,5,8,9,11,14,16,17,20
2018-12-22,08:00,6037,6,2,5,6,11,15,16,17,18,19,20
2018-12-22,09:00,6038,17,3,6,7,8,10,12,15,16,17,19
2018-12-22,10:00,6039,12,5,8,11,13,15,16,17,18,19,20
2018-12-22,11:00,6040,4,2,3,8,9,10,13,14,15,18,20
2018-12-22,12:00,6041,17,1,2,3,6,8,11,12,13,14,19
2018-12-22,13:00,6042,5,2,3,5,8,10,11,12,14,18,19
2018-12-22,14:00,6043,20,1,9,11,13,14,15,16,17,18,19
2018-12-22,15:00,6044,16,4,7,10,12,14,15,16,17,18,20
2018-12-22,16:00,6045,17,1,3,4,6,7,11,13,14,15,20
2018-12-22,17:00,6046,1,2,5,7,8,10,12,13,16,19,20
2018-12-22,18:00,6047,20,2,3,4,5,6,8,9,12,16,19
2018-12-22,19:00,6048,14,1,4,5,7,10,15,16,17,18,19
2018-12-22,20:00,6049,15,2,4,5,7,9,11,14,16,17,19
2018-12-22,21:00,6050,13,2,8,10,11,12,13,15,16,17,19
2018-12-22,22:00,6051,6,2,3,4,5,11,12,13,15,17,19
2018-12-22,23:00,6052,16,4,5,6,7,9,10,11,17,18,19
2018-12-23,07:00,6053,12,1,3,5,10,11,15,16,17,19,20
2018-12-23,08:00,6054,13,1,2,4,9,14,15,16,17,19,20
2018-12-23,09:00,6055,13,2,5,7,10,12,14,16,17,18,19
2018-12-23,10:00,6056,4,2,4,5,6,8,10,11,13,16,18
2018-12-23,11:00,6057,10,1,2,3,5,10,12,13,15,17,20
2018-12-23,12:00,6058,15,1,2,3,6,8,10,11,15,16,19
2018-12-23,13:00,6059,12,3,4,5,7,8,9,11,16,17,20
2018-12-23,14:00,6060,17,1,5,8,11,12,13,15,16,18,19
2018-12-23,15:00,6061,20,1,3,4,5,7,11,15,16,19,20
2018-12-23,16:00,6062,17,1,2,3,8,10,14,15,16,17,20
2018-12-23,17:00,6063,19,2,4,6,7,8,9,10,11,14,15
2018-12-23,18:00,6064,16,3,6,7,8,9,10,13,17,18,20
2018-12-23,19:00,6065,10,1,3,4,5,7,12,13,15,16,17
2018-12-23,20:00,6066,13,1,3,5,6,7,13,14,16,19,20
2018-12-23,21:00,6067,17,2,5,6,13,14,16,17,18,19,20
2018-12-23,22:00,6068,13,1,2,3,5,9,10,14,18,19,20
2018-12-23,23:00,6069,12,1,4,9,11,12,14,16,17,18,20
2018-12-24,07:00,6070,11,2,5,7,9,11,12,14,17,18,19
2018-12-24,08:00,6071,13,1,5,6,10,12,13,14,15,17,18
2018-12-24,09:00,6072,13,2,5,6,7,11,15,16,17,18,20
2018-12-24,10:00,6073,3,1,2,6,7,8,9,10,13,16,18
2018-12-24,11:00,6074,13,1,2,12,13,14,15,17,18,19,20
2018-12-24,12:00,6075,10,2,3,6,8,9,11,12,15,16,20
2018-12-24,13:00,6076,9,2,5,6,8,9,10,11,12,17,19
2018-12-24,14:00,6077,17,1,2,9,12,13,14,15,17,18,19
2018-12-24,15:00,6078,16,1,5,7,8,10,12,15,16,18,19
2018-12-24,16:00,6079,8,1,2,7,8,9,13,16,18,19,20
2018-12-24,17:00,6080,10,1,2,3,4,5,7,8,12,13,18
2018-12-24,18:00,6081,2,1,8,9,11,12,14,15,17,19,20
2018-12-24,19:00,6082,3,4,6,7,11,13,14,15,16,17,18
2018-12-24,20:00,6083,2,1,3,5,6,8,9,11,14,19,20
2018-12-24,21:00,6084,13,2,3,5,7,9,13,15,17,18,19
2018-12-24,22:00,6085,6,2,4,7,9,11,12,15,16,18,19
2018-12-24,23:00,6086,8,4,5,7,8,10,13,16,17,18,20
2018-12-25,07:00,6087,20,3,4,5,8,9,11,12,16,17,19
2018-12-25,08:00,6088,1,1,2,5,6,7,8,10,11,12,15
2018-12-25,09:00,6089,13,1,5,6,7,8,16,17,18,19,20
2018-12-25,10:00,6090,9,1,4,6,7,10,11,13,14,19,20
2018-12-25,11:00,6091,19,3,4,5,6,8,10,12,14,15,19
2018-12-25,12:00,6092,1,1,2,3,6,7,9,10,12,15,20
2018-12-25,13:00,6093,8,1,3,4,6,7,10,11,13,18,20
2018-12-25,14:00,6094,18,1,2,6,7,8,9,10,15,16,20
2018-12-25,15:00,6095,20,2,4,5,7,8,11,15,16,17,19
2018-12-25,16:00,6096,19,3,4,5,6,8,11,12,16,17,20
2018-12-25,17:00,6097,3,1,3,4,7,8,10,11,13,19,20
2018-12-25,18:00,6098,13,1,2,4,7,12,13,15,18,19,20
2018-12-25,19:00,6099,15,1,3,4,5,6,7,10,11,12,15
2018-12-25,20:00,6100,12,5,6,7,8,9,10,11,12,13,16
2018-12-25,21:00,6101,9,2,5,7,9,10,11,12,13,17,18
2018-12-25,22:00,6102,12,2,3,5,8,10,11,13,14,15,17
2018-12-25,23:00,6103,18,2,3,4,5,6,11,13,16,17,18
2018-12-26,07:00,6104,13,4,5,6,9,10,13,14,15,16,20
2018-12-26,08:00,6105,8,2,4,7,8,10,11,12,16,17,19
2018-12-26,09:00,6106,19,1,3,4,5,7,9,10,14,17,20
2018-12-26,10:00,6107,14,1,3,4,6,8,13,14,17,18,19
2018-12-26,11:00,6108,1,4,7,11,12,13,14,16,17,18,20
2018-12-26,12:00,6109,5,1,2,3,4,6,8,10,11,14,15
2018-12-26,13:00,6110,7,1,5,7,9,12,13,15,17,19,20
2018-12-26,14:00,6111,4,1,2,3,5,6,9,12,15,17,19
2018-12-26,15:00,6112,10,3,5,6,7,10,13,14,15,16,19
2018-12-26,16:00,6113,18,1,3,4,8,10,13,14,15,18,20
2018-12-26,17:00,6114,3,1,2,3,4,6,7,11,13,17,20
2018-12-26,18:00,6115,13,1,2,3,9,10,15,16,17,19,20
2018-12-26,19:00,6116,6,3,5,6,10,11,13,15,16,17,18
2018-12-26,20:00,6117,19,1,2,5,6,11,12,16,17,19,20
2018-12-26,21:00,6118,9,1,2,5,7,8,10,11,16,17,18
2018-12-26,22:00,6119,3,1,2,5,6,8,10,11,13,16,17
2018-12-26,23:00,6120,1,1,3,5,7,8,12,13,14,16,17
2018-12-27,07:00,6121,12,2,6,9,12,13,14,15,16,19,20
2018-12-27,08:00,6122,15,1,2,4,5,8,10,13,16,18,19
2018-12-27,09:00,6123,16,2,3,4,5,7,8,9,13,17,20
2018-12-27,10:00,6124,1,1,2,3,4,5,11,12,16,18,19
2018-12-27,11:00,6125,10,1,2,4,7,9,15,17,18,19,20
2018-12-27,12:00,6126,7,2,4,5,7,8,9,10,11,14,18
2018-12-27,13:00,6127,10,1,3,5,6,7,8,12,17,18,19
2018-12-27,14:00,6128,15,1,3,9,10,11,13,16,17,18,19
2018-12-27,15:00,6129,10,1,5,6,8,9,10,11,14,15,16
2018-12-27,16:00,6130,8,1,3,7,8,9,10,11,12,13,20
2018-12-27,17:00,6131,17,1,2,3,4,5,9,10,13,18,19
2018-12-27,18:00,6132,14,1,5,6,7,8,10,13,14,16,20
2018-12-27,19:00,6133,18,1,3,4,7,8,10,13,14,17,20
2018-12-27,20:00,6134,10,2,4,8,12,14,15,16,18,19,20
2018-12-27,21:00,6135,4,6,7,8,9,11,12,14,17,18,20
2018-12-27,22:00,6136,8,1,4,7,10,11,13,16,17,19,20
2018-12-27,23:00,6137,16,1,6,8,9,12,13,14,17,18,20
2018-12-28,07:00,6138,6,3,7,8,9,12,13,14,16,17,18
2018-12-28,08:00,6139,5,3,5,8,9,10,11,12,14,17,18
2018-12-28,09:00,6140,2,2,3,4,7,8,11,13,14,16,20
2018-12-28,10:00,6141,10,2,3,5,9,10,11,13,15,16,17
2018-12-28,11:00,6142,14,4,6,9,10,12,13,15,16,17,20
2018-12-28,12:00,6143,8,2,3,4,7,10,12,13,17,18,20
2018-12-28,13:00,6144,3,2,3,5,6,11,12,14,16,18,19
2018-12-28,14:00,6145,17,1,2,6,8,9,10,12,14,16,18
2018-12-28,15:00,6146,8,3,4,5,6,7,8,10,13,16,20
2018-12-28,16:00,6147,13,2,4,5,6,8,9,10,13,18,20
2018-12-28,17:00,6148,12,6,7,8,9,11,12,14,15,18,20
2018-12-28,18:00,6149,5,1,4,5,8,11,12,13,16,18,19
2018-12-28,19:00,6150,7,1,2,3,4,8,9,13,15,17,19
2018-12-28,20:00,6151,12,2,6,7,9,10,15,16,17,19,20
2018-12-28,21:00,6152,14,1,3,4,9,11,12,15,17,19,20
2018-12-28,22:00,6153,3,1,2,5,6,7,8,11,15,18,20
2018-12-28,23:00,6154,10,3,4,6,7,8,11,12,14,15,17
2018-12-29,07:00,6155,7,2,7,9,10,11,12,14,15,19,20
2018-12-29,08:00,6156,16,4,5,7,10,11,12,13,14,17,20
2018-12-29,09:00,6157,16,1,3,4,6,9,10,12,14,15,18
2018-12-29,10:00,6158,19,1,2,3,5,11,12,15,16,19,20
2018-12-29,11:00,6159,11,4,6,7,10,11,12,16,17,19,20
2018-12-29,12:00,6160,10,1,4,6,7,10,11,13,17,18,20
2018-12-29,13:00,6161,20,2,4,5,7,9,11,15,17,18,20
2018-12-29,14:00,6162,16,2,3,6,7,13,14,15,17,18,20
2018-12-29,15:00,6163,7,4,6,9,10,11,13,15,16,18,20
2018-12-29,16:00,6164,2,1,2,3,4,13,14,17,18,19,20
2018-12-29,17:00,6165,2,3,5,7,8,9,11,15,16,17,18
2018-12-29,18:00,6166,15,4,7,9,10,12,13,16,17,19,20
2018-12-29,19:00,6167,16,1,2,4,5,7,9,12,13,18,20
2018-12-29,20:00,6168,18,6,7,8,10,12,13,14,15,16,18
2018-12-29,21:00,6169,19,1,3,4,6,8,9,12,13,16,18
2018-12-29,22:00,6170,15,1,4,5,7,11,12,13,15,17,18
2018-12-29,23:00,6171,1,2,3,5,6,8,10,11,16,17,19
2018-12-30,07:00,6172,3,1,4,8,10,11,12,13,14,16,17
2018-12-30,08:00,6173,5,2,3,4,8,11,15,16,17,18,20
2018-12-30,09:00,6174,16,2,4,6,7,10,15,16,17,19,20
2018-12-30,10:00,6175,3,3,7,9,10,14,16,17,18,19,20
2018-12-30,11:00,6176,1,1,2,5,6,9,10,12,14,17,18
2018-12-30,12:00,6177,3,1,2,4,8,10,12,13,14,16,17
2018-12-30,13:00,6178,5,1,2,3,5,8,10,12,15,18,20
2018-12-30,14:00,6179,5,1,6,9,10,11,12,14,15,17,19
2018-12-30,15:00,6180,9,1,4,5,6,7,9,14,18,19,20
2018-12-30,16:00,6181,6,2,3,5,6,8,10,11,13,14,16
2018-12-30,17:00,6182,2,2,3,7,9,12,13,14,15,18,20
2018-12-30,18:00,6183,6,1,3,4,6,7,8,12,13,16,17
2018-12-30,19:00,6184,2,7,9,10,11,12,14,15,16,17,18
2018-12-30,20:00,6185,16,2,4,6,7,10,16,17,18,19,20
2018-12-30,21:00,6186,16,2,4,6,7,11,12,14,17,18,19
2018-12-30,22:00,6187,14,1,2,3,9,10,11,12,14,16,18
2018-12-30,23:00,6188,16,1,2,3,12,15,16,17,18,19,20
2018-12-31,07:00,6189,2,5,7,8,10,11,15,16,17,19,20
2018-12-31,08:00,6190,10,1,2,4,7,11,14,15,16,17,20
2018-12-31,09:00,6191,4,1,5,9,10,11,12,15,16,17,19
2018-12-31,10:00,6192,11,4,6,7,8,9,10,12,15,16,20
2018-12-31,11:00,6193,12,2,3,4,5,7,8,11,16,17,18
2018-12-31,12:00,6194,16,1,2,3,5,6,7,9,11,13,20
2018-12-31,13:00,6195,3,1,2,5,7,11,13,14,17,19,20
2018-12-31,14:00,6196,9,1,2,3,6,7,8,12,14,15,17
2018-12-31,15:00,6197,7,3,6,7,8,10,12,14,16,18,19
2018-12-31,16:00,6198,15,1,2,3,5,6,11,12,16,17,19
2018-12-31,17:00,6199,14,1,2,3,6,7,9,13,14,18,20
2018-12-31,18:00,6200,20,2,4,6,8,9,10,11,13,14,15
2018-12-31,19:00,6201,10,1,5,6,9,12,14,15,16,17,20
2018-12-31,20:00,6202,15,1,4,7,9,10,11,12,15,17,19
2018-12-31,21:00,6203,2,1,2,3,6,8,11,13,14,17,19
2018-12-31,22:00,6204,5,1,2,3,5,6,9,10,14,15,17
2018-12-31,23:00,6205,9,1,3,6,7,9,11,15,16,17,19
