date,time,contest,numerone,n1,n2,n3,n4,n5,n6,n7,n8,n9,n10
2015-01-01,07:00,1,1,3,4,5,6,9,10,13,14,15,19
2015-01-01,08:00,2,14,1,2,5,8,9,10,13,16,19,20
2015-01-01,09:00,3,16,3,4,5,7,10,11,15,17,18,19
2015-01-01,10:00,4,18,5,7,8,9,10,12,13,16,17,18
2015-01-01,11:00,5,5,3,5,6,7,8,12,13,14,15,17
2015-01-01,12:00,6,9,1,2,4,5,6,8,9,11,13,19
2015-01-01,13:00,7,19,3,4,6,12,15,16,17,18,19,20
2015-01-01,14:00,8,20,4,5,6,10,11,13,14,15,17,18
2015-01-01,15:00,9,10,2,3,4,8,12,13,14,16,18,19
2015-01-01,16:00,10,9,2,3,5,9,10,13,14,15,17,18
2015-01-01,17:00,11,3,3,6,7,9,11,15,16,17,18,20
2015-01-01,18:00,12,12,2,4,5,6,8,9,10,11,19,20
2015-01-01,19:00,13,20,1,3,5,7,8,9,16,17,18,20
2015-01-01,20:00,14,1,2,5,9,13,14,15,16,17,19,20
2015-01-01,21:00,15,20,1,2,7,8,9,11,12,14,17,20
2015-01-01,22:00,16,4,1,3,4,6,7,8,12,15,17,20
2015-01-01,23:00,17,7,1,4,5,8,11,15,17,18,19,20
2015-01-02,07:00,18,9,1,4,7,8,10,11,14,17,18,20
2015-01-02,08:00,19,17,1,4,6,7,8,9,14,16,17,19
2015-01-02,09:00,20,17,1,3,9,10,11,12,13,14,18,19
2015-01-02,10:00,21,3,2,3,4,6,9,11,13,16,19,20
2015-01-02,11:00,22,1,2,3,6,8,9,12,14,15,16,18
2015-01-02,12:00,23,8,1,3,5,6,8,13,16,17,18,20
2015-01-02,13:00,24,2,3,4,5,6,7,9,13,16,18,19
2015-01-02,14:00,25,20,3,4,6,7,9,10,13,15,18,20
2015-01-02,15:00,26,16,1,2,3,4,5,10,11,12,15,18
2015-01-02,16:00,27,11,3,4,6,7,8,11,14,16,18,19
2015-01-02,17:00,28,6,1,2,3,5,8,9,13,15,18,19
2015-01-02,18:00,29,19,2,4,5,6,8,12,13,15,17,20
2015-01-02,19:00,30,10,1,5,7,10,11,12,13,14,16,20
2015-01-02,20:00,31,9,2,3,5,6,8,10,11,12,17,18
2015-01-02,21:00,32,8,2,6,7,8,10,13,14,15,17,19
2015-01-02,22:00,33,8,4,5,6,10,12,14,15,16,17,20
2015-01-02,23:00,34,5,3,7,10,11,12,13,14,16,17,18
2015-01-03,07:00,35,12,5,6,7,8,10,11,13,14,16,20
2015-01-03,08:00,36,15,1,3,6,11,13,15,16,17,18,19
2015-01-03,09:00,37,7,3,4,5,7,8,10,14,15,17,19
2015-01-03,10:00,38,9,1,6,8,9,11,15,16,17,19,20
2015-01-03,11:00,39,5,4,5,8,10,11,13,15,18,19,20
2015-01-03,12:00,40,18,2,6,7,9,11,13,14,15,16,19
2015-01-03,13:00,41,16,2,4,7,8,10,14,15,16,17,19
2015-01-03,14:00,42,14,2,3,4,9,11,12,14,16,17,20
2015-01-03,15:00,43,13,2,3,5,8,11,13,15,16,17,20
2015-01-03,16:00,44,15,4,5,6,9,14,16,17,18,19,20
2015-01-03,17:00,45,11,1,2,4,6,7,10,13,14,19,20
2015-01-03,18:00,46,16,2,3,5,6,8,11,13,14,15,17
2015-01-03,19:00,47,8,1,3,4,9,10,13,14,18,19,20
2015-01-03,20:00,48,17,1,2,3,8,9,11,12,13,15,17
2015-01-03,21:00,49,12,1,2,4,6,10,12,13,15,18,19
2015-01-03,22:00,50,20,1,2,3,4,5,10,12,16,18,19
2015-01-03,23:00,51,8,2,3,4,5,6,9,10,11,17,19
2015-01-04,07:00,52,11,2,3,6,10,11,12,15,17,19,20
2015-01-04,08:00,53,18,1,2,3,4,5,7,8,10,16,17
2015-01-04,09:00,54,13,2,4,6,9,10,11,14,17,18,20
2015-01-04,10:00,55,13,3,5,9,11,12,13,14,16,17,18
2015-01-04,11:00,56,2,6,9,10,12,13,15,16,18,19,20
2015-01-04,12:00,57,13,1,3,5,6,11,12,15,16,17,19
2015-01-04,13:00,58,11,1,4,5,7,12,13,14,15,18,20
2015-01-04,14:00,59,4,2,6,7,8,9,11,15,17,19,20
2015-01-04,15:00,60,15,2,3,5,8,9,13,15,16,17,18
2015-01-04,16:00,61,20,1,2,4,5,8,11,12,14,16,20
2015-01-04,17:00,62,8,4,7,8,10,12,13,15,17,18,20
2015-01-04,18:00,63,17,3,6,7,10,11,12,14,15,18,19
2015-01-04,19:00,64,13,1,2,5,6,7,8,9,12,16,20
2015-01-04,20:00,65,17,1,6,7,8,10,11,13,15,17,20
2015-01-04,21:00,66,15,6,10,11,12,13,14,15,16,17,19
2015-01-04,22:00,67,10,2,4,5,8,10,11,12,14,18,19
2015-01-04,23:00,68,15,1,3,5,6,7,9,12,14,16,20
2015-01-05,07:00,69,18,2,3,7,8,10,11,12,13,19,20
2015-01-05,08:00,70,20,1,2,3,5,6,8,9,10,15,19
2015-01-05,09:00,71,3,2,4,6,7,9,11,15,16,19,20
2015-01-05,10:00,72,18,5,8,9,10,14,16,17,18,19,20
2015-01-05,11:00,73,3,3,4,6,8,13,14,15,17,19,20
2015-01-05,12:00,74,13,2,3,5,7,10,12,16,18,19,20
2015-01-05,13:00,75,1,1,2,7,9,10,11,12,16,19,20
2015-01-05,14:00,76,2,1,2,3,4,5,9,13,17,18,20
2015-01-05,15:00,77,9,1,6,7,8,9,10,11,12,15,19
2015-01-05,16:00,78,16,1,6,7,8,9,13,15,17,19,20
2015-01-05,17:00,79,1,4,5,7,8,9,12,15,16,17,19
2015-01-05,18:00,80,12,2,4,6,7,9,11,12,13,14,18
2015-01-05,19:00,81,8,1,3,5,8,9,10,13,14,17,19
2015-01-05,20:00,82,20,1,3,4,5,6,7,10,14,19,20
2015-01-05,21:00,83,20,5,6,7,8,11,12,13,14,15,18
2015-01-05,22:00,84,7,2,4,5,6,7,9,13,14,17,19
2015-01-05,23:00,85,3,1,3,6,8,10,11,13,14,17,19
2015-01-06,07:00,86,12,1,6,8,10,11,12,13,14,16,17
2015-01-06,08:00,87,2,3,5,6,8,9,16,17,18,19,20
2015-01-06,09:00,88,19,3,4,5,7,9,14,15,16,17,18
2015-01-06,10:00,89,8,2,4,6,10,11,12,17,18,19,20
2015-01-06,11:00,90,5,1,2,3,4,5,7,9,15,17,19
2015-01-06,12:00,91,1,1,2,3,9,10,11,13,14,16,18
2015-01-06,13:00,92,7,1,2,3,4,6,9,13,16,17,18
2015-01-06,14:00,93,19,1,4,5,8,9,10,12,16,17,20
2015-01-06,15:00,94,5,1,3,4,5,7,9,12,14,18,19
2015-01-06,16:00,95,10,5,7,11,12,13,15,16,17,19,20
2015-01-06,17:00,96,20,2,4,8,9,12,16,17,18,19,20
2015-01-06,18:00,97,9,1,2,5,8,9,12,13,15,18,19
2015-01-06,19:00,98,11,1,3,4,5,6,7,8,11,13,18
2015-01-06,20:00,99,15,2,3,7,9,10,13,15,17,19,20
2015-01-06,21:00,100,15,1,3,4,5,8,10,13,16,18,20
2015-01-06,22:00,101,8,5,7,8,9,10,11,14,16,17,19
2015-01-06,23:00,102,1,1,3,7,9,11,13,14,16,17,18
2015-01-07,07:00,103,17,4,9,11,12,13,14,15,16,17,19
2015-01-07,08:00,104,8,1,2,3,4,8,9,11,16,18,20
2015-01-07,09:00,105,11,1,3,7,9,10,11,13,15,17,19
2015-01-07,10:00,106,3,1,5,6,10,11,14,15,17,18,19
2015-01-07,11:00,107,3,1,2,3,8,9,12,14,15,18,19
2015-01-07,12:00,108,16,5,7,8,9,12,14,15,16,17,18
2015-01-07,13:00,109,17,4,6,8,10,11,12,13,14,17,20
2015-01-07,14:00,110,12,1,2,3,4,5,8,12,16,19,20
2015-01-07,15:00,111,14,2,4,5,8,9,11,12,16,17,18
2015-01-07,16:00,112,9,1,3,4,7,8,11,12,14,19,20
2015-01-07,17:00,113,2,2,3,5,6,8,9,13,15,17,18
2015-01-07,18:00,114,1,2,3,6,8,11,12,14,15,18,19
2015-01-07,19:00,115,6,1,6,7,9,11,13,14,16,17,20
2015-01-07,20:00,116,5,1,2,3,6,7,9,14,17,18,20
2015-01-07,21:00,117,3,1,3,4,6,7,9,10,13,15,17
2015-01-07,22:00,118,1,2,3,4,6,7,9,10,11,17,19
2015-01-07,23:00,119,13,2,5,8,9,12,13,14,15,17,19
2015-01-08,07:00,120,17,2,8,9,10,11,14,15,16,18,19
2015-01-08,08:00,121,4,2,4,7,8,9,13,17,18,19,20
2015-01-08,09:00,122,11,1,2,4,6,7,11,12,17,18,20
2015-01-08,10:00,123,4,2,3,6,9,10,13,15,17,19,20
2015-01-08,11:00,124,14,3,4,6,8,9,10,14,16,18,19
2015-01-08,12:00,125,14,1,2,7,8,10,11,15,16,19,20
2015-01-08,13:00,126,1,1,2,3,4,5,6,9,15,16,18
2015-01-08,14:00,127,2,1,3,4,8,9,11,14,16,19,20
2015-01-08,15:00,128,16,1,3,4,7,8,11,12,15,17,20
2015-01-08,16:00,129,7,3,4,6,8,10,11,14,16,18,19
2015-01-08,17:00,130,15,1,2,3,5,6,8,10,13,16,17
2015-01-08,18:00,131,7,2,4,6,7,8,10,11,14,15,20
2015-01-08,19:00,132,5,1,2,5,8,10,13,14,16,17,20
2015-01-08,20:00,133,7,4,5,6,7,10,11,15,16,18,20
2015-01-08,21:00,134,20,1,3,4,6,7,8,9,13,14,18
2015-01-08,22:00,135,3,2,3,4,7,9,10,11,12,15,19
2015-01-08,23:00,136,4,2,7,8,9,10,13,14,17,18,20
2015-01-09,07:00,137,7,1,5,6,9,10,13,14,15,16,20
2015-01-09,08:00,138,13,2,4,9,10,11,12,14,16,17,18
2015-01-09,09:00,139,16,1,3,6,7,11,13,14,15,16,20
2015-01-09,10:00,140,10,2,4,7,9,11,13,14,15,16,18
2015-01-09,11:00,141,15,1,5,6,7,8,11,12,13,17,19
2015-01-09,12:00,142,11,1,2,4,6,8,9,10,12,15,16
2015-01-09,13:00,143,16,1,2,6,8,12,13,15,16,17,19
2015-01-09,14:00,144,16,2,3,6,8,9,11,15,18,19,20
2015-01-09,15:00,145,18,3,4,7,9,10,11,13,14,16,19
2015-01-09,16:00,146,13,1,2,3,4,8,10,14,17,18,20
2015-01-09,17:00,147,19,1,2,5,7,10,13,14,15,16,20
2015-01-09,18:00,148,18,3,5,6,8,10,12,15,16,17,20
2015-01-09,19:00,149,5,2,5,6,7,9,11,14,15,17,20
2015-01-09,20:00,150,18,3,4,5,6,7,9,12,17,19,20
2015-01-09,21:00,151,12,1,3,4,5,6,8,9,10,11,15
2015-01-09,22:00,152,13,1,4,6,8,10,11,13,16,18,20
2015-01-09,23:00,153,15,3,6,7,8,9,10,13,15,16,18
2015-01-10,07:00,154,9,1,2,5,6,8,9,12,15,16,18
2015-01-10,08:00,155,14,1,6,7,11,12,13,15,17,18,19
2015-01-10,09:00,156,15,2,3,4,5,6,8,9,12,15,18
2015-01-10,10:00,157,13,2,3,5,8,9,11,13,14,16,20
2015-01-10,11:00,158,8,1,5,9,11,12,14,15,17,19,20
2015-01-10,12:00,159,10,2,5,6,7,8,9,14,16,18,20
2015-01-10,13:00,160,2,1,2,5,8,10,11,12,16,18,20
2015-01-10,14:00,161,17,1,2,3,4,5,7,14,18,19,20
2015-01-10,15:00,162,6,1,2,3,6,7,11,12,15,19,20
2015-01-10,16:00,163,1,1,2,3,6,7,8,14,15,19,20
2015-01-10,17:00,164,6,6,7,9,10,12,14,16,17,19,20
2015-01-10,18:00,165,11,3,4,5,6,7,8,9,13,16,20
2015-01-10,19:00,166,15,2,5,7,8,11,12,13,15,18,20
2015-01-10,20:00,167,17,4,5,8,9,10,13,14,15,17,18
2015-01-10,21:00,168,11,3,5,8,9,10,12,14,16,18,20
2015-01-10,22:00,169,19,2,5,6,7,8,9,13,14,18,19
2015-01-10,23:00,170,5,2,3,7,8,10,11,12,16,19,20
2015-01-11,07:00,171,10,1,5,6,11,12,15,16,17,18,19
2015-01-11,08:00,172,1,1,5,6,8,12,13,14,15,18,20
2015-01-11,09:00,173,4,2,4,6,7,10,14,15,16,18,19
2015-01-11,10:00,174,10,3,4,5,6,8,11,12,14,16,20
2015-01-11,11:00,175,12,1,6,7,8,9,11,12,13,14,16
2015-01-11,12:00,176,5,1,2,4,7,8,13,14,17,18,20
2015-01-11,13:00,177,15,1,2,5,6,8,9,11,12,15,17
2015-01-11,14:00,178,18,1,2,3,4,5,6,9,12,13,18
2015-01-11,15:00,179,12,2,3,5,6,9,10,11,13,17,20
2015-01-11,16:00,180,7,1,3,4,5,6,8,9,10,18,20
2015-01-11,17:00,181,4,1,2,9,10,12,15,16,17,19,20
2015-01-11,18:00,182,13,3,5,7,8,10,11,12,16,17,19
2015-01-11,19:00,183,1,1,2,3,6,7,8,12,15,16,19
2015-01-11,20:00,184,7,4,5,6,7,9,11,12,17,18,20
2015-01-11,21:00,185,12,1,5,6,8,11,12,13,17,19,20
2015-01-11,22:00,186,9,2,4,5,7,8,10,13,14,15,19
2015-01-11,23:00,187,5,2,4,7,8,9,11,12,13,17,20
2015-01-12,07:00,188,12,6,7,8,9,10,11,12,15,17,20
2015-01-12,08:00,189,7,1,2,3,7,10,11,13,17,19,20
2015-01-12,09:00,190,1,1,2,7,8,10,11,14,17,18,19
2015-01-12,10:00,191,5,2,3,4,5,7,10,14,15,16,18
2015-01-12,11:00,192,17,1,2,3,4,5,8,11,12,13,15
2015-01-12,12:00,193,3,1,2,5,8,9,10,11,12,13,15
2015-01-12,13:00,194,11,4,9,10,11,12,14,15,17,19,20
2015-01-12,14:00,195,7,1,3,4,10,11,12,14,15,16,20
2015-01-12,15:00,196,7,4,5,6,7,9,12,13,14,15,19
2015-01-12,16:00,197,17,4,6,7,10,12,14,15,17,19,20
2015-01-12,17:00,198,20,1,5,7,8,9,11,14,15,16,18
2015-01-12,18:00,199,12,1,2,4,5,8,9,11,13,18,19
2015-01-12,19:00,200,11,1,2,3,4,5,6,7,12,18,20
2015-01-12,20:00,201,18,3,4,6,8,11,13,15,17,18,20
2015-01-12,21:00,202,20,1,2,5,8,9,10,11,16,19,20
2015-01-12,22:00,203,16,2,3,4,7,9,11,12,18,19,20
2015-01-12,23:00,204,11,2,5,8,9,10,12,15,18,19,20
2015-01-13,07:00,205,5,1,2,7,8,9,10,12,13,17,19
2015-01-13,08:00,206,10,1,3,6,7,9,11,12,13,15,20
2015-01-13,09:00,207,10,1,2,3,4,5,8,10,11,13,14
2015-01-13,10:00,208,6,1,5,6,8,9,14,15,17,18,19
2015-01-13,11:00,209,16,1,2,4,9,10,12,13,15,18,19
2015-01-13,12:00,210,16,1,5,7,11,12,14,16,18,19,20
2015-01-13,13:00,211,2,1,2,3,7,10,13,14,16,17,19
2015-01-13,14:00,212,7,3,5,6,8,9,10,13,16,18,19
2015-01-13,15:00,213,4,1,6,8,10,11,13,14,16,17,20
2015-01-13,16:00,214,18,2,4,6,8,10,12,13,16,17,19
2015-01-13,17:00,215,8,1,2,3,5,7,12,13,17,18,19
2015-01-13,18:00,216,5,1,4,5,6,7,13,15,16,17,18
2015-01-13,19:00,217,2,1,2,3,6,8,10,11,14,17,19
2015-01-13,20:00,218,20,1,3,9,11,12,14,15,16,17,18
2015-01-13,21:00,219,16,1,4,7,11,12,13,14,15,16,17
2015-01-13,22:00,220,18,1,2,3,5,6,8,15,16,19,20
2015-01-13,23:00,221,20,3,7,9,10,11,13,14,15,16,20
2015-01-14,07:00,222,1,1,4,5,7,11,13,14,15,19,20
2015-01-14,08:00,223,17,1,2,4,5,8,10,14,15,16,18
2015-01-14,09:00,224,12,2,3,4,6,10,12,13,14,16,18
2015-01-14,10:00,225,1,2,3,4,7,9,11,16,18,19,20
2015-01-14,11:00,226,19,2,3,4,5,6,7,10,16,17,20
2015-01-14,12:00,227,3,1,2,5,6,11,12,14,15,18,20
2015-01-14,13:00,228,13,2,4,5,7,10,14,15,16,18,19
2015-01-14,14:00,229,5,2,4,5,6,7,9,12,13,14,19
2015-01-14,15:00,230,8,1,2,5,7,10,13,14,15,16,17
2015-01-14,16:00,231,18,2,5,6,7,9,11,14,17,19,20
2015-01-14,17:00,232,9,1,2,3,4,5,7,8,11,13,18
2015-01-14,18:00,233,15,1,4,5,6,11,13,16,17,18,20
2015-01-14,19:00,234,17,2,3,5,6,9,10,11,12,14,18
2015-01-14,20:00,235,10,3,4,7,10,11,12,15,16,17,19
2015-01-14,21:00,236,16,1,2,6,7,8,9,12,14,15,17
2015-01-14,22:00,237,8,1,4,6,7,8,9,11,12,17,19
2015-01-14,23:00,238,19,4,5,6,8,9,13,14,15,16,17
2015-01-15,07:00,239,7,2,3,4,5,6,10,14,18,19,20
2015-01-15,08:00,240,3,1,2,3,5,9,10,12,13,14,17
2015-01-15,09:00,241,8,1,3,4,6,7,10,12,13,19,20
2015-01-15,10:00,242,14,1,4,5,6,7,8,9,11,13,15
2015-01-15,11:00,243,11,3,4,6,7,8,10,12,15,17,18
2015-01-15,12:00,244,13,3,5,7,8,9,11,13,14,16,17
2015-01-15,13:00,245,17,1,5,7,8,10,13,14,17,18,20
2015-01-15,14:00,246,19,2,3,7,8,9,10,13,15,17,18
2015-01-15,15:00,247,9,2,3,4,6,8,10,12,17,18,20
2015-01-15,16:00,248,9,2,4,5,10,11,12,14,16,17,19
2015-01-15,17:00,249,2,5,6,9,12,13,14,15,17,18,19
2015-01-15,18:00,250,18,1,6,9,10,12,14,15,16,18,19
2015-01-15,19:00,251,18,1,2,3,4,7,9,14,15,16,17
2015-01-15,20:00,252,20,5,6,8,9,10,11,12,15,16,20
2015-01-15,21:00,253,13,2,3,5,6,7,8,9,10,11,14
2015-01-15,22:00,254,7,2,3,4,7,10,11,12,16,17,18
2015-01-15,23:00,255,1,1,3,8,11,14,15,16,17,18,20
2015-01-16,07:00,256,14,2,3,5,7,8,9,10,11,18,20
2015-01-16,08:00,257,19,3,4,5,6,10,11,15,16,19,20
2015-01-16,09:00,258,7,2,3,6,7,9,10,11,15,18,19
2015-01-16,10:00,259,12,1,2,4,5,9,14,15,16,17,19
2015-01-16,11:00,260,16,1,3,8,9,10,12,13,14,18,19
2015-01-16,12:00,261,14,1,2,3,4,6,7,12,14,16,18
2015-01-16,13:00,262,10,4,5,8,9,10,11,12,16,18,20
2015-01-16,14:00,263,3,3,7,8,9,10,11,13,14,16,20
2015-01-16,15:00,264,13,4,6,7,9,10,12,15,16,18,19
2015-01-16,16:00,265,18,1,4,6,7,9,11,12,17,18,20
2015-01-16,17:00,266,18,3,5,6,7,12,13,14,15,17,20
2015-01-16,18:00,267,3,1,3,6,7,8,9,11,12,14,18
2015-01-16,19:00,268,2,5,7,9,10,12,13,14,17,18,19
2015-01-16,20:00,269,12,1,5,8,9,10,11,12,15,18,20
2015-01-16,21:00,270,8,2,4,7,9,11,13,14,17,18,19
2015-01-16,22:00,271,12,1,2,3,5,8,10,11,15,18,19
2015-01-16,23:00,272,14,2,3,6,10,11,12,13,15,18,20
2015-01-17,07:00,273,14,2,4,9,11,13,15,16,17,19,20
2015-01-17,08:00,274,1,1,2,3,4,8,10,11,12,13,14
2015-01-17,09:00,275,20,3,6,8,11,12,13,14,15,16,20
2015-01-17,10:00,276,19,1,2,5,6,7,9,11,14,17,18
2015-01-17,11:00,277,19,1,2,3,7,10,13,14,16,17,18
2015-01-17,12:00,278,10,1,2,3,4,5,6,14,15,19,20
2015-01-17,13:00,279,1,2,4,8,9,12,13,14,15,18,20
2015-01-17,14:00,280,2,3,4,6,8,10,13,15,16,18,19
2015-01-17,15:00,281,6,2,7,9,13,15,16,17,18,19,20
2015-01-17,16:00,282,7,6,7,8,10,11,12,13,16,18,19
2015-01-17,17:00,283,20,1,5,8,11,12,14,15,16,17,20
2015-01-17,18:00,284,6,2,3,4,5,6,10,13,18,19,20
2015-01-17,19:00,285,20,1,7,9,10,12,13,14,16,17,18
2015-01-17,20:00,286,7,2,5,6,8,10,12,13,14,15,19
2015-01-17,21:00,287,10,1,2,7,8,10,13,15,16,19,20
2015-01-17,22:00,288,7,2,5,6,7,8,11,15,16,19,20
2015-01-17,23:00,289,11,3,4,7,9,12,13,14,16,18,20
2015-01-18,07:00,290,10,1,4,6,8,10,12,13,14,18,20
2015-01-18,08:00,291,4,1,2,3,4,6,9,13,17,18,20
2015-01-18,09:00,292,14,4,7,10,12,15,16,17,18,19,20
2015-01-18,10:00,293,17,1,5,7,11,12,13,17,18,19,20
2015-01-18,11:00,294,16,1,4,7,8,9,10,12,14,16,18
2015-01-18,12:00,295,13,4,6,7,9,12,13,14,18,19,20
2015-01-18,13:00,296,16,1,3,4,7,10,11,12,13,18,20
2015-01-18,14:00,297,6,1,3,5,9,11,12,13,14,16,20
2015-01-18,15:00,298,19,1,2,5,6,7,9,10,14,16,18
2015-01-18,16:00,299,19,2,3,5,10,11,14,16,17,19,20
2015-01-18,17:00,300,18,1,3,4,5,6,11,14,15,16,17
2015-01-18,18:00,301,16,2,3,4,6,7,11,12,13,14,17
2015-01-18,19:00,302,14,2,6,7,8,10,12,13,15,18,20
2015-01-18,20:00,303,15,1,3,5,7,8,9,10,12,14,19
2015-01-18,21:00,304,8,1,5,6,7,8,9,10,12,15,19
2015-01-18,22:00,305,15,1,2,4,6,8,10,13,14,16,19
2015-01-18,23:00,306,3,1,2,4,7,8,10,11,14,16,17
2015-01-19,07:00,307,17,3,8,9,12,13,15,16,17,18,19
2015-01-19,08:00,308,3,2,4,7,8,11,12,13,14,17,18
2015-01-19,09:00,309,1,5,6,11,12,13,16,17,18,19,20
2015-01-19,10:00,310,12,1,2,10,11,13,14,16,17,18,20
2015-01-19,11:00,311,3,2,3,4,7,9,12,13,15,17,19
2015-01-19,12:00,312,10,4,5,8,10,13,14,16,17,19,20
2015-01-19,13:00,313,12,1,7,8,11,13,15,16,17,18,19
2015-01-19,14:00,314,20,2,4,5,7,8,10,11,12,14,18
2015-01-19,15:00,315,7,2,4,5,7,9,10,11,16,17,19
2015-01-19,16:00,316,19,1,4,8,12,13,15,16,18,19,20
2015-01-19,17:00,317,18,3,4,5,6,8,14,15,16,18,19
2015-01-19,18:00,318,16,3,6,10,11,12,14,15,16,17,18
2015-01-19,19:00,319,11,4,6,7,11,12,14,15,17,18,20
2015-01-19,20:00,320,8,3,4,8,9,10,14,15,16,17,18
2015-01-19,21:00,321,5,3,4,5,6,9,13,15,16,18,19
2015-01-19,22:00,322,14,1,2,3,4,6,9,10,12,14,15
2015-01-19,23:00,323,1,2,9,11,12,13,14,15,16,17,19
2015-01-20,07:00,324,17,1,2,3,6,7,14,15,16,17,20
2015-01-20,08:00,325,1,1,4,9,10,12,13,14,17,19,20
2015-01-20,09:00,326,20,1,4,5,6,10,12,13,14,15,17
2015-01-20,10:00,327,11,3,4,7,8,11,13,15,16,17,19
2015-01-20,11:00,328,3,4,5,6,7,11,12,13,14,16,18
2015-01-20,12:00,329,19,1,8,9,10,11,12,15,18,19,20
2015-01-20,13:00,330,6,2,3,9,10,11,12,15,16,18,20
2015-01-20,14:00,331,11,1,2,5,9,11,12,14,15,17,18
2015-01-20,15:00,332,18,1,2,3,5,6,7,11,15,16,19
2015-01-20,16:00,333,3,1,5,6,7,10,12,16,17,19,20
2015-01-20,17:00,334,3,2,5,6,7,8,10,12,15,17,20
2015-01-20,18:00,335,17,1,3,4,5,7,8,12,15,17,19
2015-01-20,19:00,336,18,1,3,6,7,8,9,11,12,16,19
2015-01-20,20:00,337,15,1,2,7,8,9,10,13,16,18,19
2015-01-20,21:00,338,14,3,4,5,6,7,10,15,16,17,20
2015-01-20,22:00,339,4,2,3,4,6,8,9,10,16,17,20
2015-01-20,23:00,340,18,1,5,7,8,10,12,13,14,17,18
2015-01-21,07:00,341,3,5,6,8,10,11,12,17,18,19,20
2015-01-21,08:00,342,4,1,3,5,6,8,10,11,12,18,20
2015-01-21,09:00,343,7,1,2,5,6,7,9,12,14,16,19
2015-01-21,10:00,344,4,2,4,5,7,9,10,14,16,17,19
2015-01-21,11:00,345,15,1,2,3,7,10,11,13,16,18,20
2015-01-21,12:00,346,13,1,3,4,5,9,10,13,14,15,18
2015-01-21,13:00,347,20,1,3,5,7,11,12,13,16,18,20
2015-01-21,14:00,348,7,4,6,7,9,13,14,15,16,17,20
2015-01-21,15:00,349,13,2,4,5,8,9,11,14,16,18,20
2015-01-21,16:00,350,9,1,3,4,7,9,12,13,15,18,20
2015-01-21,17:00,351,7,3,5,6,9,10,13,14,17,18,19
2015-01-21,18:00,352,17,1,2,4,9,11,12,14,16,17,19
2015-01-21,19:00,353,3,1,2,3,4,7,8,9,13,14,20
2015-01-21,20:00,354,16,2,3,4,9,10,11,12,15,17,19
2015-01-21,21:00,355,19,2,3,4,5,10,11,12,15,16,19
2015-01-21,22:00,356,13,1,4,6,7,10,11,12,13,16,18
2015-01-21,23:00,357,10,1,2,4,5,9,12,14,17,18,19
2015-01-22,07:00,358,12,2,4,5,6,8,11,14,17,18,19
2015-01-22,08:00,359,5,2,3,5,6,9,10,12,16,18,19
2015-01-22,09:00,360,16,4,5,7,8,12,13,16,17,18,19
2015-01-22,10:00,361,4,1,3,6,7,8,9,16,17,18,20
2015-01-22,11:00,362,13,1,3,8,10,11,12,16,17,18,19
2015-01-22,12:00,363,14,1,2,3,4,5,9,11,16,17,19
2015-01-22,13:00,364,14,1,4,6,8,10,12,15,16,18,20
2015-01-22,14:00,365,19,1,2,5,6,7,10,11,13,14,18
2015-01-22,15:00,366,18,3,4,5,8,9,10,11,12,15,16
2015-01-22,16:00,367,5,1,3,8,9,10,11,12,14,18,19
2015-01-22,17:00,368,6,1,4,7,9,10,12,14,17,18,19
2015-01-22,18:00,369,13,1,2,3,7,9,11,13,14,18,20
2015-01-22,19:00,370,10,2,4,5,6,8,11,13,15,16,19
2015-01-22,20:00,371,6,1,2,3,5,8,9,10,13,14,19
2015-01-22,21:00,372,1,3,4,8,11,14,15,16,18,19,20
2015-01-22,22:00,373,16,1,4,5,8,11,12,14,15,16,18
2015-01-22,23:00,374,1,2,4,8,10,13,14,16,17,19,20
2015-01-23,07:00,375,7,2,6,8,9,10,11,13,14,16,20
2015-01-23,08:00,376,18,2,4,7,8,9,13,14,15,17,18
2015-01-23,09:00,377,10,1,6,8,9,10,12,13,14,16,18
2015-01-23,10:00,378,11,1,2,4,5,6,7,11,13,18,19
2015-01-23,11:00,379,17,2,3,4,8,10,11,13,17,18,20
2015-01-23,12:00,380,14,1,4,6,9,11,12,13,15,18,19
2015-01-23,13:00,381,18,1,4,5,7,8,13,14,18,19,20
2015-01-23,14:00,382,3,2,4,5,7,9,11,12,13,17,18
2015-01-23,15:00,383,17,5,6,7,8,10,11,13,17,18,19
2015-01-23,16:00,384,20,3,4,5,8,12,13,15,16,17,19
2015-01-23,17:00,385,9,3,6,8,9,12,13,14,15,17,18
2015-01-23,18:00,386,12,1,5,6,11,12,14,15,17,18,19
2015-01-23,19:00,387,14,1,2,3,4,6,9,10,11,12,17
2015-01-23,20:00,388,16,2,4,5,6,9,10,12,14,19,20
2015-01-23,21:00,389,14,1,2,3,7,9,10,13,14,18,20
2015-01-23,22:00,390,8,1,2,7,10,12,13,16,17,19,20
2015-01-23,23:00,391,12,4,7,10,11,13,14,15,16,17,19
2015-01-24,07:00,392,16,3,5,6,7,11,12,15,17,18,19
2015-01-24,08:00,393,19,1,4,6,8,9,10,11,14,16,18
2015-01-24,09:00,394,2,6,8,9,10,12,13,14,17,18,20
2015-01-24,10:00,395,2,2,7,8,9,13,14,17,18,19,20
2015-01-24,11:00,396,20,3,4,5,9,10,11,15,18,19,20
2015-01-24,12:00,397,15,1,6,9,11,12,13,15,16,17,18
2015-01-24,13:00,398,13,1,2,4,6,7,8,9,10,14,15
2015-01-24,14:00,399,19,2,6,7,8,9,12,16,17,19,20
2015-01-24,15:00,400,3,1,4,6,7,8,14,16,17,19,20
2015-01-24,16:00,401,12,2,3,5,8,12,15,16,17,19,20
2015-01-24,17:00,402,12,2,3,4,5,6,8,9,12,15,17
2015-01-24,18:00,403,10,1,2,4,9,10,13,14,16,17,19
2015-01-24,19:00,404,1,3,4,6,8,9,10,16,17,18,19
2015-01-24,20:00,405,14,1,3,7,9,10,12,15,17,19,20
2015-01-24,21:00,406,20,4,8,10,11,13,14,16,17,18,19
2015-01-24,22:00,407,15,1,4,6,8,9,10,11,14,16,20
2015-01-24,23:00,408,15,4,5,6,7,13,14,15,16,17,19
2015-01-25,07:00,409,5,1,4,5,7,8,10,12,13,17,20
2015-01-25,08:00,410,1,2,5,6,8,11,12,13,14,18,20
2015-01-25,09:00,411,3,1,3,5,7,10,12,13,15,16,19
2015-01-25,10:00,412,17,1,6,7,8,9,10,11,17,19,20
2015-01-25,11:00,413,16,1,5,6,8,10,12,13,15,19,20
2015-01-25,12:00,414,14,3,8,9,10,11,15,16,18,19,20
2015-01-25,13:00,415,7,1,2,3,4,5,7,9,12,13,14
2015-01-25,14:00,416,3,1,2,3,5,6,7,8,13,17,19
2015-01-25,15:00,417,14,3,5,6,7,8,10,11,13,15,19
2015-01-25,16:00,418,12,1,2,4,6,10,14,16,17,19,20
2015-01-25,17:00,419,11,1,3,9,10,12,13,14,17,19,20
2015-01-25,18:00,420,3,2,5,8,9,10,12,15,16,19,20
2015-01-25,19:00,421,2,2,4,6,7,9,10,13,16,17,20
2015-01-25,20:00,422,12,1,2,3,6,8,10,12,13,17,19
2015-01-25,21:00,423,13,1,2,3,9,12,14,15,16,17,18
2015-01-25,22:00,424,7,2,4,6,7,8,12,13,15,18,20
2015-01-25,23:00,425,13,2,3,4,5,8,11,12,18,19,20
2015-01-26,07:00,426,17,1,3,5,7,11,15,16,17,18,20
2015-01-26,08:00,427,16,2,3,4,5,7,8,13,16,18,20
2015-01-26,09:00,428,7,1,2,6,7,8,10,11,15,18,20
2015-01-26,10:00,429,6,6,7,9,13,15,16,17,18,19,20
2015-01-26,11:00,430,2,2,3,4,6,10,11,14,15,16,17
2015-01-26,12:00,431,16,3,4,5,8,11,12,13,14,16,18
2015-01-26,13:00,432,16,2,3,4,7,8,9,11,13,14,20
2015-01-26,14:00,433,2,3,5,7,8,11,12,16,17,18,20
2015-01-26,15:00,434,8,2,4,5,8,12,13,15,17,18,20
2015-01-26,16:00,435,16,2,3,7,8,10,14,15,18,19,20
2015-01-26,17:00,436,3,4,6,7,8,10,12,14,17,18,19
2015-01-26,18:00,437,12,3,5,6,10,11,13,14,15,16,20
2015-01-26,19:00,438,4,2,6,7,8,10,11,12,14,16,20
2015-01-26,20:00,439,9,4,6,7,9,10,12,13,15,17,19
2015-01-26,21:00,440,7,2,3,4,6,8,9,13,14,16,19
2015-01-26,22:00,441,18,1,2,4,7,12,13,15,17,18,20
2015-01-26,23:00,442,15,3,4,6,7,8,10,14,15,18,19
2015-01-27,07:00,443,4,2,4,8,9,10,11,12,13,17,18
2015-01-27,08:00,444,1,3,5,6,7,11,12,15,16,18,20
2015-01-27,09:00,445,6,2,3,4,5,7,10,12,13,15,18
2015-01-27,10:00,446,6,1,2,4,6,7,13,15,17,19,20
2015-01-27,11:00,447,7,1,4,6,10,11,12,13,14,15,18
2015-01-27,12:00,448,15,3,6,11,12,13,14,16,17,18,19
2015-01-27,13:00,449,8,3,4,5,7,10,11,13,14,15,16
2015-01-27,14:00,450,16,1,4,5,10,11,13,15,16,17,19
2015-01-27,15:00,451,15,2,3,6,7,11,12,13,14,17,19
2015-01-27,16:00,452,4,2,3,4,7,9,10,13,17,19,20
2015-01-27,17:00,453,10,2,5,6,8,9,11,12,13,14,19
2015-01-27,18:00,454,10,1,8,12,13,14,15,16,17,18,19
2015-01-27,19:00,455,16,3,4,5,6,11,13,14,15,19,20
2015-01-27,20:00,456,19,1,2,5,9,10,11,12,13,16,18
2015-01-27,21:00,457,10,3,5,7,10,11,14,15,16,17,18
2015-01-27,22:00,458,9,2,4,5,6,7,9,10,13,15,17
2015-01-27,23:00,459,20,2,4,7,10,12,13,14,15,16,20
2015-01-28,07:00,460,15,2,4,6,7,11,12,15,17,19,20
2015-01-28,08:00,461,3,1,3,6,9,11,12,14,15,17,20
2015-01-28,09:00,462,4,4,6,9,10,11,13,14,15,16,19
2015-01-28,10:00,463,20,2,3,4,5,6,7,12,13,15,20
2015-01-28,11:00,464,20,2,3,4,6,8,9,10,12,16,17
2015-01-28,12:00,465,4,3,4,5,7,8,10,11,12,14,20
2015-01-28,13:00,466,19,2,3,4,6,9,10,12,13,18,20
2015-01-28,14:00,467,4,2,3,5,6,7,14,16,17,19,20
2015-01-28,15:00,468,13,1,2,4,6,7,12,13,14,15,17
2015-01-28,16:00,469,10,3,7,11,13,14,15,16,17,19,20
2015-01-28,17:00,470,12,2,7,8,9,13,14,15,16,19,20
2015-01-28,18:00,471,10,1,2,3,4,6,7,12,13,17,18
2015-01-28,19:00,472,11,1,3,4,5,6,7,8,13,14,15
2015-01-28,20:00,473,6,2,6,7,10,12,13,16,17,18,19
2015-01-28,21:00,474,14,2,6,7,8,9,10,13,16,17,19
2015-01-28,22:00,475,19,2,3,5,7,10,12,13,15,17,19
2015-01-28,23:00,476,18,2,3,5,9,10,13,16,17,18,19
2015-01-29,07:00,477,20,1,2,3,6,9,10,11,17,18,20
2015-01-29,08:00,478,20,1,2,3,5,10,11,12,15,16,17
2015-01-29,09:00,479,2,2,3,7,8,11,12,13,15,16,17
2015-01-29,10:00,480,15,4,7,8,11,12,14,15,16,19,20
2015-01-29,11:00,481,1,1,8,10,11,12,13,15,17,18,20
2015-01-29,12:00,482,20,1,2,3,4,6,8,11,18,19,20
2015-01-29,13:00,483,4,2,4,6,7,9,10,13,16,18,20
2015-01-29,14:00,484,18,2,3,4,7,8,10,12,15,18,19
2015-01-29,15:00,485,9,2,3,5,6,9,10,11,12,18,19
2015-01-29,16:00,486,15,2,3,6,8,11,12,15,16,17,20
2015-01-29,17:00,487,15,2,4,7,8,10,11,13,15,18,19
2015-01-29,18:00,488,1,4,6,8,10,11,13,14,15,16,18
2015-01-29,19:00,489,16,5,6,7,9,11,14,15,16,18,19
2015-01-29,20:00,490,2,1,6,10,12,13,16,17,18,19,20
2015-01-29,21:00,491,20,2,4,7,9,10,13,14,15,16,18
2015-01-29,22:00,492,13,2,5,7,8,10,11,13,15,16,20
2015-01-29,23:00,493,4,1,2,4,6,8,11,12,16,19,20
2015-01-30,07:00,494,12,4,5,7,9,10,12,13,15,16,17
2015-01-30,08:00,495,11,2,3,5,6,7,8,9,11,15,18
2015-01-30,09:00,496,20,3,4,8,9,10,11,14,15,17,20
2015-01-30,10:00,497,20,1,2,4,5,6,8,15,17,19,20
2015-01-30,11:00,498,10,1,4,6,7,9,12,16,17,18,20
2015-01-30,12:00,499,2,3,4,5,6,8,9,12,13,15,16
2015-01-30,13:00,500,20,1,6,8,9,11,13,15,16,18,19
2015-01-30,14:00,501,17,2,6,7,9,11,12,13,14,18,19
2015-01-30,15:00,502,10,1,2,5,7,9,10,12,17,19,20
2015-01-30,16:00,503,5,5,7,8,9,10,11,13,16,18,19
2015-01-30,17:00,504,20,2,3,6,7,8,9,10,13,16,17
2015-01-30,18:00,505,13,3,4,8,9,10,12,13,14,16,19
2015-01-30,19:00,506,14,2,3,5,6,7,8,13,17,18,19
2015-01-30,20:00,507,6,1,2,3,5,6,8,9,11,15,18
2015-01-30,21:00,508,3,1,2,3,7,8,9,11,13,19,20
2015-01-30,22:00,509,19,1,3,5,6,7,14,17,18,19,20
2015-01-30,23:00,510,9,1,4,7,9,11,12,17,18,19,20
2015-01-31,07:00,511,7,1,4,6,7,9,10,12,15,16,20
2015-01-31,08:00,512,20,1,3,5,6,8,10,11,13,18,20
2015-01-31,09:00,513,15,1,4,5,8,10,11,12,14,18,20
2015-01-31,10:00,514,6,2,3,7,8,9,10,12,13,15,20
2015-01-31,11:00,515,18,1,2,3,5,8,10,14,16,18,20
2015-01-31,12:00,516,5,1,2,4,5,8,11,12,16,18,19
2015-01-31,13:00,517,15,1,7,9,12,13,16,17,18,19,20
2015-01-31,14:00,518,9,1,4,5,6,7,8,10,11,13,17
2015-01-31,15:00,519,12,1,2,5,6,10,11,14,15,18,19
2015-01-31,16:00,520,8,2,4,6,8,10,11,13,15,16,17
2015-01-31,17:00,521,16,1,5,6,7,10,11,12,13,16,19
2015-01-31,18:00,522,1,2,4,5,6,9,11,13,15,17,18
2015-01-31,19:00,523,19,1,2,3,4,5,10,11,12,14,18
2015-01-31,20:00,524,3,1,5,6,7,8,9,16,17,19,20
2015-01-31,21:00,525,9,1,2,3,4,6,8,11,13,14,18
2015-01-31,22:00,526,18,4,5,7,9,11,12,14,15,18,19
2015-01-31,23:00,527,10,1,3,5,7,11,12,13,16,17,19
2015-02-01,07:00,528,13,1,2,8,9,10,12,13,15,17,19
2015-02-01,08:00,529,16,3,4,6,8,9,11,12,15,16,19
2015-02-01,09:00,530,19,3,4,5,7,10,12,14,16,17,20
2015-02-01,10:00,531,14,1,3,5,6,9,10,13,14,15,18
2015-02-01,11:00,532,7,1,2,3,6,9,11,12,13,15,17
2015-02-01,12:00,533,9,2,4,5,9,13,14,15,16,17,20
2015-02-01,13:00,534,20,1,3,4,8,10,11,13,15,16,17
2015-02-01,14:00,535,10,2,7,8,10,11,12,13,16,17,18
2015-02-01,15:00,536,5,1,2,6,7,12,13,14,17,19,20
2015-02-01,16:00,537,10,1,3,9,10,11,13,14,17,18,20
2015-02-01,17:00,538,16,1,2,3,5,8,12,13,16,17,18
2015-02-01,18:00,539,20,3,5,7,8,10,11,12,15,17,19
2015-02-01,19:00,540,3,1,2,3,4,6,11,12,14,15,19
2015-02-01,20:00,541,13,2,3,4,5,8,9,14,15,17,19
2015-02-01,21:00,542,13,1,2,3,6,10,11,12,14,18,19
2015-02-01,22:00,543,18,1,4,5,6,10,12,13,16,17,18
2015-02-01,23:00,544,16,1,2,3,6,7,10,11,12,15,18
2015-02-02,07:00,545,5,1,3,4,6,7,8,13,14,15,17
2015-02-02,08:00,546,10,2,5,6,10,11,12,14,16,18,19
2015-02-02,09:00,547,1,2,5,7,12,14,15,16,17,18,20
2015-02-02,10:00,548,2,2,4,5,6,7,9,12,14,15,20
2015-02-02,11:00,549,15,4,7,8,9,11,12,14,16,18,20
2015-02-02,12:00,550,6,2,3,6,10,12,13,16,18,19,20
2015-02-02,13:00,551,2,1,6,7,8,11,12,15,18,19,20
2015-02-02,14:00,552,20,1,2,4,8,9,10,12,13,17,18
2015-02-02,15:00,553,7,1,3,4,5,8,9,12,18,19,20
2015-02-02,16:00,554,17,2,3,7,8,10,11,15,16,19,20
2015-02-02,17:00,555,6,4,5,6,8,9,12,14,16,17,20
2015-02-02,18:00,556,2,1,2,3,4,5,7,12,14,17,18
2015-02-02,19:00,557,15,4,5,6,8,10,12,14,15,16,18
2015-02-02,20:00,558,16,1,5,8,9,10,11,14,18,19,20
2015-02-02,21:00,559,8,1,3,4,7,10,12,13,14,19,20
2015-02-02,22:00,560,14,1,2,3,5,10,11,12,14,15,20
2015-02-02,23:00,561,20,1,6,7,12,13,14,15,16,18,19
2015-02-03,07:00,562,5,1,3,5,6,9,10,12,13,14,20
2015-02-03,08:00,563,8,2,3,4,5,6,9,11,12,14,16
2015-02-03,09:00,564,2,2,7,9,10,12,13,14,15,17,20
2015-02-03,10:00,565,6,1,2,4,8,9,10,11,16,18,20
2015-02-03,11:00,566,15,2,4,6,10,12,14,16,17,18,20
2015-02-03,12:00,567,19,1,4,8,9,11,12,13,15,16,18
2015-02-03,13:00,568,4,1,3,6,7,8,10,12,15,16,19
2015-02-03,14:00,569,11,3,4,5,8,9,10,13,14,18,19
2015-02-03,15:00,570,19,1,6,8,9,11,13,15,16,17,20
2015-02-03,16:00,571,1,1,2,4,7,9,10,11,12,15,17
2015-02-03,17:00,572,6,2,3,5,8,9,11,12,14,16,17
2015-02-03,18:00,573,8,1,4,9,11,13,14,16,17,18,20
2015-02-03,19:00,574,14,2,6,8,12,15,16,17,18,19,20
2015-02-03,20:00,575,8,1,2,7,8,9,10,13,15,16,19
2015-02-03,21:00,576,13,2,6,8,10,11,12,13,14,16,19
2015-02-03,22:00,577,13,3,5,10,11,13,14,17,18,19,20
2015-02-03,23:00,578,14,1,2,3,6,8,9,12,14,15,16
2015-02-04,07:00,579,16,3,4,6,8,11,12,13,15,16,18
2015-02-04,08:00,580,9,3,4,6,8,12,14,16,17,19,20
2015-02-04,09:00,581,4,1,2,3,4,8,11,13,15,16,17
2015-02-04,10:00,582,4,3,5,7,9,10,11,12,16,18,20
2015-02-04,11:00,583,11,1,5,6,7,8,11,12,15,18,20
2015-02-04,12:00,584,9,1,6,7,8,11,14,15,16,17,18
2015-02-04,13:00,585,2,1,4,6,7,9,10,11,14,15,19
2015-02-04,14:00,586,18,1,5,8,10,11,13,14,15,19,20
2015-02-04,15:00,587,12,1,2,7,8,10,13,15,16,17,18
2015-02-04,16:00,588,7,1,6,9,10,12,13,15,18,19,20
2015-02-04,17:00,589,17,2,3,4,5,6,11,12,14,15,16
2015-02-04,18:00,590,10,3,7,8,11,13,14,15,18,19,20
2015-02-04,19:00,591,12,2,5,7,9,12,13,14,15,16,20
2015-02-04,20:00,592,4,1,3,5,8,10,11,12,13,18,19
2015-02-04,21:00,593,14,1,3,4,6,8,10,15,16,18,20
2015-02-04,22:00,594,20,4,5,9,11,12,14,16,17,18,20
2015-02-04,23:00,595,5,1,2,4,5,6,11,12,13,15,19
2015-02-05,07:00,596,19,2,4,5,6,7,10,11,13,16,20
2015-02-05,08:00,597,16,1,2,4,5,8,11,13,17,19,20
2015-02-05,09:00,598,5,3,4,5,8,10,13,14,17,19,20
2015-02-05,10:00,599,5,2,5,6,7,9,10,14,15,16,17
2015-02-05,11:00,600,3,1,4,7,8,11,12,14,16,17,18
2015-02-05,12:00,601,7,1,2,3,7,9,15,16,17,18,20
2015-02-05,13:00,602,10,1,2,4,5,6,7,10,11,18,20
2015-02-05,14:00,603,10,2,3,4,5,9,10,11,14,15,18
2015-02-05,15:00,604,19,2,5,7,9,10,12,13,15,17,20
2015-02-05,16:00,605,8,5,7,8,12,13,14,15,17,18,19
2015-02-05,17:00,606,11,2,4,5,10,11,13,17,18,19,20
2015-02-05,18:00,607,19,2,7,10,11,12,13,14,18,19,20
2015-02-05,19:00,608,15,2,7,8,9,11,13,16,17,18,20
2015-02-05,20:00,609,2,2,3,4,5,6,8,10,14,16,18
2015-02-05,21:00,610,12,1,2,3,4,5,6,7,10,12,13
2015-02-05,22:00,611,19,1,3,6,7,8,11,12,17,18,20
2015-02-05,23:00,612,17,1,5,7,9,11,12,14,16,19,20
2015-02-06,07:00,613,20,2,3,5,8,10,13,14,17,19,20
2015-02-06,08:00,614,13,1,2,8,9,12,14,15,16,18,20
2015-02-06,09:00,615,1,1,3,7,8,9,12,13,18,19,20
2015-02-06,10:00,616,12,1,3,6,7,8,11,12,13,18,20
2015-02-06,11:00,617,3,1,3,5,12,13,15,16,17,19,20
2015-02-06,12:00,618,3,2,3,4,5,7,8,12,14,15,19
2015-02-06,13:00,619,8,4,8,9,10,12,13,14,16,18,19
2015-02-06,14:00,620,9,1,3,5,8,9,11,12,13,19,20
2015-02-06,15:00,621,12,1,3,4,10,11,12,14,16,17,19
2015-02-06,16:00,622,20,1,2,9,10,11,12,14,16,17,18
2015-02-06,17:00,623,5,1,2,6,9,10,13,16,17,18,20
2015-02-06,18:00,624,9,1,3,5,6,8,11,12,14,18,19
2015-02-06,19:00,625,6,1,4,5,6,12,14,16,17,18,20
2015-02-06,20:00,626,17,5,8,10,11,13,14,15,17,18,19
2015-02-06,21:00,627,8,2,3,6,10,11,12,14,16,17,20
2015-02-06,22:00,628,4,1,2,6,8,9,10,13,14,16,19
2015-02-06,23:00,629,15,1,4,5,6,7,10,13,14,18,20
2015-02-07,07:00,630,13,3,4,5,6,7,10,13,14,15,16
2015-02-07,08:00,631,1,1,3,4,5,6,8,9,10,12,14
2015-02-07,09:00,632,1,2,4,5,6,7,9,12,16,17,19
2015-02-07,10:00,633,16,2,4,5,8,11,13,14,15,18,20
2015-02-07,11:00,634,19,1,4,6,8,9,13,15,18,19,20
2015-02-07,12:00,635,3,1,5,9,10,12,13,14,15,16,19
2015-02-07,13:00,636,11,1,3,4,5,7,8,10,12,14,19
2015-02-07,14:00,637,10,1,5,8,11,12,14,15,16,17,18
2015-02-07,15:00,638,13,2,7,8,9,12,14,15,17,18,19
2015-02-07,16:00,639,13,1,4,5,6,11,12,15,17,18,20
2015-02-07,17:00,640,17,2,3,4,5,6,7,9,10,19,20
2015-02-07,18:00,641,2,1,2,3,4,6,9,10,11,16,17
2015-02-07,19:00,642,18,3,6,7,8,12,13,14,15,18,20
2015-02-07,20:00,643,18,1,2,4,5,8,9,10,13,16,18
2015-02-07,21:00,644,10,1,2,3,4,5,6,7,10,15,17
2015-02-07,22:00,645,6,3,5,6,7,8,9,12,14,15,20
2015-02-07,23:00,646,2,2,3,5,6,8,12,13,18,19,20
2015-02-08,07:00,647,6,2,3,6,8,9,10,11,13,15,19
2015-02-08,08:00,648,8,2,3,6,8,11,16,17,18,19,20
2015-02-08,09:00,649,11,1,2,4,5,11,12,13,16,17,20
2015-02-08,10:00,650,19,1,2,3,4,6,7,8,12,15,19
2015-02-08,11:00,651,1,1,2,3,10,12,13,14,16,18,19
2015-02-08,12:00,652,15,1,6,7,11,14,15,16,18,19,20
2015-02-08,13:00,653,11,3,5,6,11,12,14,15,16,18,19
2015-02-08,14:00,654,17,2,4,8,10,12,13,14,15,16,19
2015-02-08,15:00,655,19,1,2,3,6,7,9,12,13,16,20
2015-02-08,16:00,656,1,2,5,7,10,14,15,16,17,18,19
2015-02-08,17:00,657,18,1,2,3,4,6,10,13,14,18,20
2015-02-08,18:00,658,16,5,6,7,8,10,12,15,18,19,20
2015-02-08,19:00,659,20,1,2,9,10,13,14,16,17,19,20
2015-02-08,20:00,660,19,2,3,4,5,6,8,9,15,18,20
2015-02-08,21:00,661,19,3,5,6,9,11,13,14,16,18,20
2015-02-08,22:00,662,12,1,4,6,7,8,10,13,15,16,18
2015-02-08,23:00,663,17,2,3,4,5,9,10,11,15,19,20
2015-02-09,07:00,664,17,2,3,5,6,9,10,12,13,15,19
2015-02-09,08:00,665,7,1,2,3,5,6,9,14,16,17,19
2015-02-09,09:00,666,4,3,5,6,7,8,10,11,14,15,16
2015-02-09,10:00,667,13,2,3,6,7,8,9,12,16,18,19
2015-02-09,11:00,668,2,1,3,4,11,13,14,15,16,19,20
2015-02-09,12:00,669,13,2,3,6,7,10,11,13,16,19,20
2015-02-09,13:00,670,20,1,3,4,6,7,8,10,15,18,20
2015-02-09,14:00,671,6,1,3,4,5,7,9,10,12,13,20
2015-02-09,15:00,672,14,1,2,3,4,10,11,12,17,18,20
2015-02-09,16:00,673,17,2,5,6,8,10,11,12,13,18,20
2015-02-09,17:00,674,6,1,2,3,5,7,11,14,17,18,20
2015-02-09,18:00,675,3,2,4,8,9,12,14,15,16,19,20
2015-02-09,19:00,676,9,2,3,4,10,11,12,15,17,19,20
2015-02-09,20:00,677,1,2,4,7,8,9,11,13,15,16,17
2015-02-09,21:00,678,12,3,4,6,9,11,15,16,17,18,19
2015-02-09,22:00,679,13,1,6,7,8,9,10,14,16,18,19
2015-02-09,23:00,680,11,1,5,6,7,8,10,12,14,15,17
2015-02-10,07:00,681,8,1,2,3,6,7,9,13,16,17,18
2015-02-10,08:00,682,20,1,2,3,6,9,10,12,14,17,20
2015-02-10,09:00,683,1,2,4,5,6,8,11,14,17,18,20
2015-02-10,10:00,684,18,1,2,4,5,9,10,13,16,18,20
2015-02-10,11:00,685,20,2,5,6,13,14,15,16,17,19,20
2015-02-10,12:00,686,18,2,3,4,6,8,9,10,14,15,17
2015-02-10,13:00,687,14,2,5,7,8,9,11,14,17,19,20
2015-02-10,14:00,688,12,1,3,5,6,7,8,10,13,17,18
2015-02-10,15:00,689,10,2,5,8,9,10,15,16,17,19,20
2015-02-10,16:00,690,4,4,5,7,8,9,11,14,15,17,19
2015-02-10,17:00,691,9,4,6,10,11,14,16,17,18,19,20
2015-02-10,18:00,692,9,2,3,6,9,11,13,14,16,17,20
2015-02-10,19:00,693,16,3,4,5,8,11,14,16,17,18,19
2015-02-10,20:00,694,13,1,3,4,5,8,10,13,14,17,18
2015-02-10,21:00,695,9,2,7,9,10,11,13,15,17,18,19
2015-02-10,22:00,696,13,4,7,8,9,10,11,12,15,17,18
2015-02-10,23:00,697,11,4,5,6,7,11,13,16,17,19,20
2015-02-11,07:00,698,17,1,3,8,9,10,13,14,15,16,19
2015-02-11,08:00,699,6,1,2,3,4,6,7,10,13,14,18
2015-02-11,09:00,700,16,3,8,9,11,14,16,17,18,19,20
2015-02-11,10:00,701,8,2,3,6,7,9,13,14,16,18,19
2015-02-11,11:00,702,14,1,2,3,5,10,11,12,13,16,17
2015-02-11,12:00,703,2,1,3,6,11,12,15,16,17,18,19
2015-02-11,13:00,704,14,3,4,6,7,9,10,11,12,14,20
2015-02-11,14:00,705,20,3,5,6,7,11,12,13,17,18,20
2015-02-11,15:00,706,1,1,2,3,4,9,10,12,14,18,20
2015-02-11,16:00,707,3,1,3,4,6,7,8,9,14,17,19
2015-02-11,17:00,708,2,3,4,6,8,10,12,16,18,19,20
2015-02-11,18:00,709,16,3,4,5,6,7,9,12,14,16,19
2015-02-11,19:00,710,20,4,5,7,9,11,12,13,16,17,20
2015-02-11,20:00,711,1,4,8,9,11,13,14,15,16,17,18
2015-02-11,21:00,712,6,3,4,5,8,9,12,14,16,18,19
2015-02-11,22:00,713,6,4,7,10,12,13,14,15,18,19,20
2015-02-11,23:00,714,15,2,4,5,7,11,13,15,17,18,20
2015-02-12,07:00,715,2,1,2,4,8,9,10,12,15,19,20
2015-02-12,08:00,716,12,1,3,4,5,6,12,13,14,17,20
2015-02-12,09:00,717,15,6,7,8,11,12,13,15,16,19,20
2015-02-12,10:00,718,6,4,5,6,7,8,11,12,14,17,18
2015-02-12,11:00,719,19,2,4,7,9,10,15,16,18,19,20
2015-02-12,12:00,720,10,1,2,3,5,7,12,14,17,19,20
2015-02-12,13:00,721,8,1,2,3,5,8,10,11,13,19,20
2015-02-12,14:00,722,20,2,5,8,9,10,11,16,17,18,19
2015-02-12,15:00,723,1,3,5,6,8,10,11,12,14,16,17
2015-02-12,16:00,724,9,1,2,4,7,8,9,11,12,13,16
2015-02-12,17:00,725,14,2,5,8,9,11,13,14,17,19,20
2015-02-12,18:00,726,5,1,2,3,5,6,8,10,12,14,20
2015-02-12,19:00,727,12,1,3,4,5,9,10,12,14,15,16
2015-02-12,20:00,728,16,2,3,5,6,7,8,9,10,13,18
2015-02-12,21:00,729,8,2,3,4,5,6,8,9,13,17,19
2015-02-12,22:00,730,7,4,5,9,10,12,14,15,16,18,20
2015-02-12,23:00,731,17,1,6,9,10,11,12,13,14,15,20
2015-02-13,07:00,732,8,1,3,6,8,10,13,17,18,19,20
2015-02-13,08:00,733,5,3,4,6,9,10,11,14,16,17,20
2015-02-13,09:00,734,19,1,2,3,7,8,10,12,13,18,20
2015-02-13,10:00,735,2,2,5,8,9,10,11,14,15,16,18
2015-02-13,11:00,736,4,1,4,5,7,9,10,12,13,17,19
2015-02-13,12:00,737,3,2,5,7,8,9,13,14,15,17,18
2015-02-13,13:00,738,11,1,3,4,8,9,12,14,16,18,19
2015-02-13,14:00,739,13,1,5,6,7,8,10,13,15,16,20
2015-02-13,15:00,740,20,2,4,5,6,9,12,13,14,17,19
2015-02-13,16:00,741,14,1,4,6,7,8,9,11,12,14,19
2015-02-13,17:00,742,12,2,4,5,7,11,12,14,17,19,20
2015-02-13,18:00,743,18,2,4,5,8,10,12,14,17,18,20
2015-02-13,19:00,744,16,1,2,3,4,5,6,7,9,11,19
2015-02-13,20:00,745,10,2,3,5,7,8,10,11,13,15,18
2015-02-13,21:00,746,19,1,2,9,12,14,16,17,18,19,20
2015-02-13,22:00,747,19,3,4,9,10,11,12,14,15,18,20
2015-02-13,23:00,748,3,4,5,8,10,11,12,14,16,17,20
2015-02-14,07:00,749,8,2,4,6,7,11,12,13,15,18,19
2015-02-14,08:00,750,16,2,4,6,7,10,13,15,18,19,20
2015-02-14,09:00,751,2,6,7,9,10,11,13,15,16,17,18
2015-02-14,10:00,752,8,2,4,6,9,10,11,13,15,19,20
2015-02-14,11:00,753,7,1,2,4,8,11,13,17,18,19,20
2015-02-14,12:00,754,4,2,4,5,6,8,11,13,15,17,19
2015-02-14,13:00,755,3,1,2,3,5,9,11,12,15,16,17
2015-02-14,14:00,756,19,1,2,6,7,10,11,12,16,19,20
2015-02-14,15:00,757,20,1,4,10,11,12,13,14,17,18,20
2015-02-14,16:00,758,2,3,4,5,9,10,13,14,15,17,18
2015-02-14,17:00,759,2,3,4,6,7,11,12,13,15,16,18
2015-02-14,18:00,760,15,1,4,5,8,9,10,11,12,18,19
2015-02-14,19:00,761,17,1,3,4,6,8,9,10,17,19,20
2015-02-14,20:00,762,1,1,2,4,7,10,13,14,15,17,18
2015-02-14,21:00,763,12,4,5,6,7,10,11,13,15,16,19
2015-02-14,22:00,764,20,2,6,7,8,12,14,15,16,17,18
2015-02-14,23:00,765,2,2,3,4,5,7,9,11,15,16,19
2015-02-15,07:00,766,8,3,4,5,10,11,12,15,16,18,20
2015-02-15,08:00,767,16,1,3,4,11,12,13,14,16,18,20
2015-02-15,09:00,768,13,1,3,5,7,8,10,15,16,17,20
2015-02-15,10:00,769,10,3,4,5,8,10,11,13,14,16,19
2015-02-15,11:00,770,18,2,3,6,8,9,12,14,17,18,19
2015-02-15,12:00,771,12,1,2,4,8,10,11,12,14,16,20
2015-02-15,13:00,772,20,1,4,7,10,11,13,16,17,19,20
2015-02-15,14:00,773,17,2,3,4,6,9,10,12,15,18,20
2015-02-15,15:00,774,15,1,2,5,12,15,16,17,18,19,20
2015-02-15,16:00,775,14,6,9,11,12,14,15,16,17,18,20
2015-02-15,17:00,776,12,1,7,10,11,14,15,16,18,19,20
2015-02-15,18:00,777,2,1,3,5,7,8,10,11,15,16,17
2015-02-15,19:00,778,19,1,2,3,7,9,11,14,15,17,20
2015-02-15,20:00,779,17,4,5,8,9,11,13,14,16,17,20
2015-02-15,21:00,780,5,1,5,6,11,12,14,16,17,18,19
2015-02-15,22:00,781,15,2,3,4,6,7,9,10,12,14,19
2015-02-15,23:00,782,20,3,4,5,6,7,11,13,15,18,20
2015-02-16,07:00,783,5,6,7,8,9,10,11,12,13,14,20
2015-02-16,08:00,784,8,3,5,6,9,10,12,13,14,16,19
2015-02-16,09:00,785,1,2,3,9,10,11,14,16,17,18,19
2015-02-16,10:00,786,18,1,2,4,6,7,10,11,14,16,17
2015-02-16,11:00,787,14,2,3,4,5,11,12,13,14,16,19
2015-02-16,12:00,788,1,1,4,5,6,7,10,14,16,19,20
2015-02-16,13:00,789,12,1,2,4,5,8,9,11,15,16,17
2015-02-16,14:00,790,3,6,8,11,12,13,14,16,18,19,20
2015-02-16,15:00,791,5,2,3,4,5,11,12,14,16,18,19
2015-02-16,16:00,792,6,1,2,3,4,5,6,10,14,16,19
2015-02-16,17:00,793,10,1,2,4,5,9,10,11,12,19,20
2015-02-16,18:00,794,17,2,5,6,8,9,11,13,14,16,19
2015-02-16,19:00,795,5,1,2,5,8,11,12,13,15,16,17
2015-02-16,20:00,796,6,4,7,10,11,12,13,15,16,19,20
2015-02-16,21:00,797,20,4,5,6,7,10,11,13,17,18,19
2015-02-16,22:00,798,3,2,3,4,6,8,11,13,15,16,19
2015-02-16,23:00,799,6,6,8,9,12,14,15,16,17,18,19
2015-02-17,07:00,800,17,3,4,5,7,9,11,12,14,18,20
2015-02-17,08:00,801,18,2,3,4,7,8,12,16,17,18,19
2015-02-17,09:00,802,2,1,2,5,7,10,11,12,14,17,19
2015-02-17,10:00,803,18,2,5,8,9,12,14,16,17,18,19
2015-02-17,11:00,804,3,2,3,5,9,11,12,13,14,15,20
2015-02-17,12:00,805,12,1,2,3,5,7,9,15,16,19,20
2015-02-17,13:00,806,1,4,5,7,9,10,11,12,13,16,20
2015-02-17,14:00,807,9,1,4,5,6,9,10,11,15,17,20
2015-02-17,15:00,808,18,1,2,3,4,8,9,12,13,15,16
2015-02-17,16:00,809,16,1,2,5,7,10,11,14,16,17,20
2015-02-17,17:00,810,6,1,3,5,7,8,10,14,15,16,20
2015-02-17,18:00,811,16,1,7,8,10,13,15,16,17,18,19
2015-02-17,19:00,812,20,2,3,4,6,8,9,15,16,19,20
2015-02-17,20:00,813,16,1,4,5,7,8,10,12,13,14,20
2015-02-17,21:00,814,9,1,3,8,9,13,14,17,18,19,20
2015-02-17,22:00,815,6,1,4,6,8,10,12,13,17,18,20
2015-02-17,23:00,816,9,1,4,6,7,8,9,12,13,14,17
2015-02-18,07:00,817,6,1,3,4,5,7,9,16,17,19,20
2015-02-18,08:00,818,1,3,5,6,7,8,9,10,11,13,15
2015-02-18,09:00,819,8,3,4,5,7,10,13,14,17,18,20
2015-02-18,10:00,820,6,1,2,5,6,8,9,12,13,16,19
2015-02-18,11:00,821,15,1,2,3,4,6,12,14,15,18,19
2015-02-18,12:00,822,11,1,2,3,6,7,8,9,11,17,19
2015-02-18,13:00,823,20,1,2,5,6,8,12,13,15,16,19
2015-02-18,14:00,824,18,2,5,7,8,10,11,14,16,18,20
2015-02-18,15:00,825,16,1,5,6,7,8,13,14,15,17,20
2015-02-18,16:00,826,1,1,4,5,9,10,11,12,15,18,20
2015-02-18,17:00,827,20,1,2,3,4,5,6,7,11,16,20
2015-02-18,18:00,828,13,2,3,4,5,6,12,13,14,15,19
2015-02-18,19:00,829,4,1,2,4,5,8,9,11,13,14,19
2015-02-18,20:00,830,8,1,2,7,10,11,12,13,15,18,20
2015-02-18,21:00,831,15,2,4,7,9,10,12,13,17,19,20
2015-02-18,22:00,832,20,1,6,7,9,12,13,15,16,18,19
2015-02-18,23:00,833,20,2,3,4,5,8,10,14,16,18,19
2015-02-19,07:00,834,5,1,2,3,4,7,9,13,15,16,19
2015-02-19,08:00,835,16,3,4,5,8,10,12,14,15,16,18
2015-02-19,09:00,836,9,4,5,7,8,9,11,12,13,14,20
2015-02-19,10:00,837,20,4,6,9,11,12,13,16,17,19,20
2015-02-19,11:00,838,19,2,3,5,6,7,9,14,16,18,20
2015-02-19,12:00,839,19,3,4,11,12,13,14,16,18,19,20
2015-02-19,13:00,840,9,3,4,7,11,12,14,16,17,19,20
2015-02-19,14:00,841,3,1,3,4,5,6,10,11,15,16,20
2015-02-19,15:00,842,7,1,3,4,6,8,9,10,15,17,18
2015-02-19,16:00,843,16,4,5,7,9,10,11,12,15,17,18
2015-02-19,17:00,844,17,3,5,6,9,10,12,13,14,17,20
2015-02-19,18:00,845,11,1,3,4,5,6,9,11,12,18,20
2015-02-19,19:00,846,8,2,3,5,8,10,11,13,17,18,20
2015-02-19,20:00,847,13,1,2,3,5,6,7,9,11,18,20
2015-02-19,21:00,848,13,4,5,7,8,9,11,13,14,18,19
2015-02-19,22:00,849,11,2,3,6,9,11,12,16,17,18,19
2015-02-19,23:00,850,9,1,2,3,6,7,12,15,16,18,20
2015-02-20,07:00,851,14,1,4,5,6,7,9,10,17,18,19
2015-02-20,08:00,852,2,1,4,6,7,8,10,12,14,15,17
2015-02-20,09:00,853,18,5,7,10,11,13,14,15,16,18,20
2015-02-20,10:00,854,4,3,4,7,8,10,11,12,13,14,19
2015-02-20,11:00,855,12,3,5,6,8,9,10,11,12,15,18
2015-02-20,12:00,856,3,1,2,3,5,8,11,12,15,17,20
2015-02-20,13:00,857,12,3,4,5,6,7,10,11,18,19,20
2015-02-20,14:00,858,16,1,6,9,10,11,13,16,17,18,20
2015-02-20,15:00,859,1,1,3,6,7,14,15,17,18,19,20
2015-02-20,16:00,860,20,2,6,7,8,9,10,15,16,17,19
2015-02-20,17:00,861,9,3,5,6,9,12,13,14,15,18,20
2015-02-20,18:00,862,17,3,4,6,11,12,13,15,17,18,19
2015-02-20,19:00,863,17,1,2,4,5,6,7,10,12,14,15
2015-02-20,20:00,864,1,2,3,4,5,6,9,12,15,17,20
2015-02-20,21:00,865,5,1,2,4,5,8,10,11,12,16,18
2015-02-20,22:00,866,12,1,7,9,11,12,14,15,17,18,19
2015-02-20,23:00,867,8,3,5,6,9,11,12,16,17,18,19
2015-02-21,07:00,868,11,5,7,8,9,10,12,13,15,19,20
2015-02-21,08:00,869,14,1,3,5,6,7,10,11,14,15,16
2015-02-21,09:00,870,12,1,2,3,6,7,8,14,15,17,18
2015-02-21,10:00,871,19,3,5,7,8,9,13,15,16,19,20
2015-02-21,11:00,872,11,1,3,4,7,8,12,13,17,19,20
2015-02-21,12:00,873,1,2,4,7,10,11,12,13,16,17,19
2015-02-21,13:00,874,16,1,4,6,8,9,11,13,15,16,19
2015-02-21,14:00,875,16,3,6,9,10,12,13,15,16,17,18
2015-02-21,15:00,876,8,2,3,4,5,7,8,9,14,15,16
2015-02-21,16:00,877,9,1,5,7,10,11,12,15,17,19,20
2015-02-21,17:00,878,3,1,2,3,5,9,12,14,15,18,19
2015-02-21,18:00,879,17,2,4,6,8,9,10,11,14,17,19
2015-02-21,19:00,880,17,1,5,7,11,12,13,14,15,17,18
2015-02-21,20:00,881,19,1,2,5,7,9,11,12,15,17,20
2015-02-21,21:00,882,5,1,3,4,12,13,15,16,17,18,19
2015-02-21,22:00,883,10,3,4,5,6,7,8,10,13,15,17
2015-02-21,23:00,884,12,1,3,4,9,10,12,16,17,18,20
2015-02-22,07:00,885,19,4,7,9,10,12,13,14,16,19,20
2015-02-22,08:00,886,16,1,7,8,9,10,11,12,14,17,20
2015-02-22,09:00,887,14,1,2,3,4,7,8,14,15,17,19
2015-02-22,10:00,888,14,1,4,7,9,11,15,16,17,18,19
2015-02-22,11:00,889,9,2,3,4,7,8,10,13,16,18,20
2015-02-22,12:00,890,20,1,4,5,6,10,12,13,15,17,19
2015-02-22,13:00,891,20,2,3,6,7,11,12,16,17,18,19
2015-02-22,14:00,892,6,2,4,5,6,10,11,14,16,19,20
2015-02-22,15:00,893,8,4,5,6,10,12,14,16,17,18,20
2015-02-22,16:00,894,5,4,6,7,9,12,13,14,15,17,20
2015-02-22,17:00,895,15,1,3,4,6,10,13,14,16,18,19
2015-02-22,18:00,896,9,1,2,3,5,8,12,16,17,18,19
2015-02-22,19:00,897,1,3,5,6,9,10,11,14,17,19,20
2015-02-22,20:00,898,14,2,3,7,11,12,13,17,18,19,20
2015-02-22,21:00,899,12,1,2,6,7,9,10,11,13,14,15
2015-02-22,22:00,900,10,1,2,3,4,5,9,13,14,15,18
2015-02-22,23:00,901,7,1,5,7,9,11,12,14,17,18,19
2015-02-23,07:00,902,3,2,3,4,9,10,13,15,17,18,19
2015-02-23,08:00,903,1,6,7,10,11,12,15,17,18,19,20
2015-02-23,09:00,904,18,3,4,10,11,13,14,16,17,18,19
2015-02-23,10:00,905,19,1,3,5,6,7,13,14,16,18,20
2015-02-23,11:00,906,17,2,3,6,10,12,13,14,17,18,19
2015-02-23,12:00,907,3,2,5,8,11,13,15,16,17,18,19
2015-02-23,13:00,908,20,1,2,5,6,8,9,10,12,17,18
2015-02-23,14:00,909,5,2,3,6,7,9,10,12,14,15,17
2015-02-23,15:00,910,3,1,2,3,4,5,7,13,15,17,20
2015-02-23,16:00,911,8,6,8,9,10,11,12,13,15,16,20
2015-02-23,17:00,912,7,1,6,7,8,10,12,13,15,17,18
2015-02-23,18:00,913,11,2,6,7,8,9,10,12,15,18,19
2015-02-23,19:00,914,14,1,3,7,9,13,14,15,16,18,19
2015-02-23,20:00,915,19,4,7,8,10,11,12,14,17,18,20
2015-02-23,21:00,916,15,2,3,4,5,6,7,10,13,14,18
2015-02-23,22:00,917,17,1,2,5,8,9,10,11,12,14,17
2015-02-23,23:00,918,12,1,4,5,6,8,14,15,16,19,20
2015-02-24,07:00,919,5,1,2,4,6,9,10,15,16,19,20
2015-02-24,08:00,920,14,1,3,5,6,7,11,12,15,16,17
2015-02-24,09:00,921,12,1,8,9,10,11,13,14,16,17,20
2015-02-24,10:00,922,8,2,4,5,7,9,11,12,15,16,19
2015-02-24,11:00,923,15,3,4,6,8,10,12,15,16,18,19
2015-02-24,12:00,924,9,2,4,5,6,7,8,10,14,15,19
2015-02-24,13:00,925,18,1,2,3,5,6,8,10,16,17,19
2015-02-24,14:00,926,14,4,5,8,11,15,16,17,18,19,20
2015-02-24,15:00,927,20,1,4,7,8,9,10,13,14,17,19
2015-02-24,16:00,928,4,2,3,5,6,8,9,11,15,17,20
2015-02-24,17:00,929,3,2,5,6,7,8,9,11,15,17,20
2015-02-24,18:00,930,14,2,3,4,5,7,14,15,17,19,20
2015-02-24,19:00,931,9,4,5,7,11,13,15,16,17,19,20
2015-02-24,20:00,932,5,1,4,6,7,9,11,15,16,19,20
2015-02-24,21:00,933,3,1,2,4,5,9,10,14,15,16,19
2015-02-24,22:00,934,15,1,2,3,7,8,10,13,15,16,19
2015-02-24,23:00,935,5,1,3,4,6,7,11,15,18,19,20
2015-02-25,07:00,936,20,1,6,7,8,9,10,13,16,19,20
2015-02-25,08:00,937,5,4,5,6,9,10,11,14,15,16,18
2015-02-25,09:00,938,2,1,2,4,5,9,10,16,17,19,20
2015-02-25,10:00,939,18,1,3,4,5,6,8,14,16,17,20
2015-02-25,11:00,940,6,1,3,4,6,7,9,10,11,15,16
2015-02-25,12:00,941,8,1,2,4,5,7,8,10,17,19,20
2015-02-25,13:00,942,6,1,3,6,7,8,9,10,14,15,16
2015-02-25,14:00,943,20,1,2,4,5,9,12,15,16,17,18
2015-02-25,15:00,944,9,3,4,5,6,10,16,17,18,19,20
2015-02-25,16:00,945,11,2,3,5,6,8,9,11,12,13,20
2015-02-25,17:00,946,18,2,3,10,12,13,15,16,17,19,20
2015-02-25,18:00,947,14,1,3,4,7,8,10,11,13,14,18
2015-02-25,19:00,948,7,2,6,7,8,9,15,16,17,19,20
2015-02-25,20:00,949,5,3,6,8,9,10,11,14,17,18,19
2015-02-25,21:00,950,20,2,3,4,6,9,10,14,17,19,20
2015-02-25,22:00,951,11,2,3,5,9,10,11,13,14,19,20
2015-02-25,23:00,952,8,7,8,9,10,11,12,15,17,19,20
2015-02-26,07:00,953,6,1,4,5,8,10,11,12,14,18,19
2015-02-26,08:00,954,12,4,5,7,9,10,14,16,17,18,20
2015-02-26,09:00,955,17,3,5,10,11,12,14,17,18,19,20
2015-02-26,10:00,956,19,1,2,3,4,6,7,8,12,16,18
2015-02-26,11:00,957,3,2,3,4,8,11,13,14,16,18,20
2015-02-26,12:00,958,9,1,4,5,6,8,9,10,12,14,16
2015-02-26,13:00,959,16,1,2,9,10,11,12,13,14,17,19
2015-02-26,14:00,960,15,1,5,6,7,8,10,11,12,14,15
2015-02-26,15:00,961,5,1,3,6,7,9,12,13,14,15,20
2015-02-26,16:00,962,6,1,2,3,7,8,9,16,17,18,19
2015-02-26,17:00,963,20,1,4,5,9,12,13,16,17,19,20
2015-02-26,18:00,964,4,2,5,7,8,9,10,13,14,18,20
2015-02-26,19:00,965,19,1,3,4,5,8,11,13,15,16,17
2015-02-26,20:00,966,5,1,4,9,10,14,15,16,17,18,20
2015-02-26,21:00,967,15,1,3,4,8,9,10,16,17,19,20
2015-02-26,22:00,968,20,2,7,10,11,13,14,15,16,19,20
2015-02-26,23:00,969,6,1,6,9,10,11,12,13,15,16,20
2015-02-27,07:00,970,5,1,4,6,7,9,12,13,14,15,16
2015-02-27,08:00,971,14,2,3,5,7,9,10,11,14,17,18
2015-02-27,09:00,972,14,1,3,4,8,9,12,15,17,18,19
2015-02-27,10:00,973,3,3,4,5,7,9,11,15,16,17,19
2015-02-27,11:00,974,18,1,5,6,7,8,10,12,13,16,17
2015-02-27,12:00,975,16,1,3,7,12,14,15,16,17,19,20
2015-02-27,13:00,976,3,1,8,9,10,11,13,15,16,17,19
2015-02-27,14:00,977,20,3,4,7,9,10,11,14,15,17,18
2015-02-27,15:00,978,1,1,2,3,5,6,7,12,15,16,17
2015-02-27,16:00,979,4,1,2,6,7,11,13,14,15,16,19
2015-02-27,17:00,980,1,2,6,8,9,10,11,13,16,19,20
2015-02-27,18:00,981,14,2,3,4,6,8,15,17,18,19,20
2015-02-27,19:00,982,3,3,4,5,7,8,12,13,14,17,18
2015-02-27,20:00,983,12,1,7,8,9,11,12,14,16,17,18
2015-02-27,21:00,984,17,6,9,10,11,12,14,15,17,18,20
2015-02-27,22:00,985,3,1,2,3,4,5,7,8,9,13,14
2015-02-27,23:00,986,19,2,3,4,5,6,9,10,11,12,16
2015-02-28,07:00,987,6,2,4,5,8,9,10,11,12,16,17
2015-02-28,08:00,988,16,2,3,4,7,9,12,14,15,16,20
2015-02-28,09:00,989,5,1,2,4,5,7,8,11,12,16,19
2015-02-28,10:00,990,12,1,6,9,10,11,14,15,16,18,20
2015-02-28,11:00,991,4,1,2,3,5,6,9,11,13,16,20
2015-02-28,12:00,992,19,4,5,7,9,11,12,13,16,18,20
2015-02-28,13:00,993,9,4,6,11,12,14,15,17,18,19,20
2015-02-28,14:00,994,7,1,2,3,5,6,8,11,12,15,20
2015-02-28,15:00,995,17,2,4,9,10,12,14,15,17,18,19
2015-02-28,16:00,996,16,1,4,5,6,7,10,14,16,18,19
2015-02-28,17:00,997,11,2,3,4,8,9,11,12,14,15,17
2015-02-28,18:00,998,17,4,6,9,11,12,13,14,15,16,18
2015-02-28,19:00,999,10,2,5,7,10,13,14,15,17,18,20
2015-02-28,20:00,1000,14,1,3,6,13,14,15,17,18,19,20
2015-02-28,21:00,1001,8,1,4,6,7,8,9,10,13,14,20
2015-02-28,22:00,1002,10,1,3,5,10,11,13,15,16,19,20
2015-02-28,23:00,1003,17,2,3,4,5,7,10,14,15,17,19
2015-03-01,07:00,1004,1,1,2,3,5,6,9,13,14,15,17
2015-03-01,08:00,1005,2,2,5,7,10,13,14,15,16,17,19
2015-03-01,09:00,1006,15,1,2,6,10,11,12,13,17,18,19
2015-03-01,10:00,1007,11,1,2,3,7,10,13,14,16,18,20
2015-03-01,11:00,1008,19,2,4,8,9,11,13,15,16,17,19
2015-03-01,12:00,1009,8,1,2,3,5,8,13,14,15,16,19
2015-03-01,13:00,1010,5,1,3,4,5,7,9,10,11,12,13
2015-03-01,14:00,1011,1,2,3,4,8,9,11,13,16,17,18
2015-03-01,15:00,1012,16,2,3,4,5,8,10,11,12,16,18
2015-03-01,16:00,1013,20,1,2,3,7,8,10,14,15,17,18
2015-03-01,17:00,1014,17,2,3,4,5,11,14,16,18,19,20
2015-03-01,18:00,1015,6,1,3,4,6,7,11,15,16,19,20
2015-03-01,19:00,1016,4,2,3,6,7,8,9,10,11,12,20
2015-03-01,20:00,1017,13,1,2,3,4,9,11,12,14,15,20
2015-03-01,21:00,1018,20,1,3,7,9,10,11,14,17,18,20
2015-03-01,22:00,1019,3,1,3,4,5,7,10,11,12,14,18
2015-03-01,23:00,1020,20,1,2,4,6,8,9,10,12,13,15
2015-03-02,07:00,1021,16,1,2,4,5,7,8,14,15,17,20
2015-03-02,08:00,1022,16,1,2,5,7,8,9,13,15,16,17
2015-03-02,09:00,1023,1,6,7,8,10,11,13,14,15,19,20
2015-03-02,10:00,1024,16,1,2,3,4,5,9,13,16,17,18
2015-03-02,11:00,1025,1,1,4,5,8,9,12,14,16,19,20
2015-03-02,12:00,1026,7,1,2,4,5,6,8,9,11,16,19
2015-03-02,13:00,1027,12,2,3,5,8,10,11,15,16,18,19
2015-03-02,14:00,1028,7,1,3,9,10,11,12,13,15,16,18
2015-03-02,15:00,1029,6,4,5,7,8,9,10,11,16,19,20
2015-03-02,16:00,1030,20,4,5,6,8,9,11,14,16,18,19
2015-03-02,17:00,1031,2,1,2,4,8,9,10,11,17,18,19
2015-03-02,18:00,1032,18,1,4,8,9,10,11,12,13,14,17
2015-03-02,19:00,1033,3,1,2,7,8,10,11,12,13,15,17
2015-03-02,20:00,1034,12,4,5,8,9,10,11,12,13,14,15
2015-03-02,21:00,1035,10,4,5,8,10,11,12,15,16,17,18
2015-03-02,22:00,1036,8,4,6,7,9,11,13,14,16,18,19
2015-03-02,23:00,1037,15,3,6,9,11,12,13,15,18,19,20
2015-03-03,07:00,1038,14,1,2,5,10,11,13,16,17,18,20
2015-03-03,08:00,1039,16,1,4,5,7,10,13,14,17,19,20
2015-03-03,09:00,1040,7,2,4,5,6,10,11,12,13,19,20
2015-03-03,10:00,1041,14,1,3,5,7,11,15,17,18,19,20
2015-03-03,11:00,1042,6,1,3,5,6,8,9,10,12,17,18
2015-03-03,12:00,1043,8,2,5,6,9,11,13,14,15,16,17
2015-03-03,13:00,1044,16,1,3,4,5,11,12,13,16,18,19
2015-03-03,14:00,1045,4,1,3,6,7,9,10,11,12,14,19
2015-03-03,15:00,1046,12,2,4,5,8,10,11,13,15,17,20
2015-03-03,16:00,1047,4,2,4,5,7,9,10,12,14,17,18
2015-03-03,17:00,1048,17,1,2,4,6,9,11,12,14,19,20
2015-03-03,18:00,1049,9,1,4,5,6,7,14,15,16,17,19
2015-03-03,19:00,1050,18,1,2,8,9,11,13,14,15,17,19
2015-03-03,20:00,1051,4,3,4,5,8,9,10,12,14,17,20
2015-03-03,21:00,1052,18,1,2,3,4,5,7,11,14,15,16
2015-03-03,22:00,1053,11,2,5,6,7,8,9,10,12,13,14
2015-03-03,23:00,1054,19,5,7,8,11,13,16,17,18,19,20
2015-03-04,07:00,1055,8,1,4,5,7,8,10,13,15,17,20
2015-03-04,08:00,1056,15,1,3,5,8,9,10,13,16,19,20
2015-03-04,09:00,1057,2,2,3,6,9,13,14,16,17,18,20
2015-03-04,10:00,1058,9,1,4,6,10,13,15,16,18,19,20
2015-03-04,11:00,1059,5,1,4,5,10,11,13,14,15,16,18
2015-03-04,12:00,1060,1,3,5,9,10,12,14,15,16,17,18
2015-03-04,13:00,1061,16,3,5,7,10,11,13,14,16,19,20
2015-03-04,14:00,1062,4,1,3,4,6,8,11,13,14,15,18
2015-03-04,15:00,1063,13,1,2,7,8,11,13,15,17,18,19
2015-03-04,16:00,1064,20,2,3,6,7,8,11,12,14,15,16
2015-03-04,17:00,1065,11,2,3,6,8,11,12,13,18,19,20
2015-03-04,18:00,1066,4,2,3,4,6,10,11,12,17,19,20
2015-03-04,19:00,1067,18,4,6,7,10,12,13,16,17,18,19
2015-03-04,20:00,1068,16,4,5,7,8,9,10,11,13,15,20
2015-03-04,21:00,1069,12,1,2,3,8,9,10,11,12,16,18
2015-03-04,22:00,1070,17,1,3,4,5,6,7,9,13,14,16
2015-03-04,23:00,1071,6,1,4,6,7,8,10,12,13,16,18
2015-03-05,07:00,1072,16,3,4,5,8,9,11,14,16,19,20
2015-03-05,08:00,1073,8,2,4,5,6,7,9,11,12,13,15
2015-03-05,09:00,1074,15,3,4,5,6,7,10,11,14,15,16
2015-03-05,10:00,1075,10,1,6,8,9,10,11,13,16,17,19
2015-03-05,11:00,1076,3,1,2,3,4,11,12,13,14,17,20
2015-03-05,12:00,1077,8,1,3,4,5,6,7,12,13,16,19
2015-03-05,13:00,1078,15,2,5,6,11,12,13,15,17,18,19
2015-03-05,14:00,1079,15,1,2,3,4,7,9,15,17,18,20
2015-03-05,15:00,1080,17,4,5,8,9,10,11,12,14,17,19
2015-03-05,16:00,1081,9,1,2,3,5,8,11,15,18,19,20
2015-03-05,17:00,1082,6,1,3,5,7,8,9,11,13,14,17
2015-03-05,18:00,1083,14,4,5,8,10,12,14,15,16,17,19
2015-03-05,19:00,1084,13,1,5,9,11,12,13,14,15,19,20
2015-03-05,20:00,1085,7,1,2,3,4,5,6,11,13,14,16
2015-03-05,21:00,1086,3,2,3,4,6,8,9,12,15,16,18
2015-03-05,22:00,1087,8,1,3,5,7,9,10,12,13,15,18
2015-03-05,23:00,1088,5,1,4,5,7,9,10,11,15,18,20
2015-03-06,07:00,1089,1,4,7,8,10,13,14,15,17,18,20
2015-03-06,08:00,1090,17,3,4,6,8,9,10,14,16,17,18
2015-03-06,09:00,1091,15,3,6,7,8,11,14,15,16,19,20
2015-03-06,10:00,1092,7,4,6,8,10,13,14,15,17,18,19
2015-03-06,11:00,1093,13,1,2,6,8,10,12,13,14,15,18
2015-03-06,12:00,1094,15,1,2,4,6,7,8,9,15,16,17
2015-03-06,13:00,1095,9,1,2,3,4,6,8,14,15,16,20
2015-03-06,14:00,1096,10,3,4,6,8,12,13,15,16,19,20
2015-03-06,15:00,1097,15,4,5,6,8,9,11,13,14,15,17
2015-03-06,16:00,1098,17,4,7,8,10,11,13,14,15,17,20
2015-03-06,17:00,1099,16,3,4,5,7,11,12,14,15,18,20
2015-03-06,18:00,1100,3,1,5,6,8,9,13,14,15,18,19
2015-03-06,19:00,1101,2,1,2,6,7,9,12,13,14,15,19
2015-03-06,20:00,1102,10,2,3,5,6,9,10,12,13,14,15
2015-03-06,21:00,1103,20,1,8,10,11,12,14,15,18,19,20
2015-03-06,22:00,1104,15,3,5,6,7,9,11,12,15,17,20
2015-03-06,23:00,1105,13,1,2,3,4,5,6,8,11,13,18
2015-03-07,07:00,1106,10,4,7,9,10,11,12,14,16,17,18
2015-03-07,08:00,1107,8,1,2,3,5,7,8,10,13,15,16
2015-03-07,09:00,1108,8,5,6,10,11,12,14,15,18,19,20
2015-03-07,10:00,1109,14,1,3,5,6,8,10,14,16,17,18
2015-03-07,11:00,1110,16,1,2,3,4,8,10,11,13,18,20
2015-03-07,12:00,1111,12,3,4,7,8,9,12,13,15,17,18
2015-03-07,13:00,1112,9,1,4,11,12,13,14,15,16,18,19
2015-03-07,14:00,1113,17,2,4,5,6,7,12,13,14,19,20
2015-03-07,15:00,1114,12,1,4,5,6,8,9,11,12,14,15
2015-03-07,16:00,1115,20,3,4,6,10,12,13,14,17,19,20
2015-03-07,17:00,1116,13,4,7,8,9,11,12,15,17,18,19
2015-03-07,18:00,1117,9,3,7,9,11,12,16,17,18,19,20
2015-03-07,19:00,1118,2,1,2,3,4,8,10,12,16,19,20
2015-03-07,20:00,1119,10,3,6,7,10,12,13,15,17,19,20
2015-03-07,21:00,1120,7,2,3,5,6,8,9,13,14,16,18
2015-03-07,22:00,1121,12,3,5,8,12,14,15,16,17,19,20
2015-03-07,23:00,1122,2,1,3,5,6,8,11,12,13,16,18
2015-03-08,07:00,1123,11,2,3,5,7,10,11,12,14,18,20
2015-03-08,08:00,1124,5,3,4,6,8,9,11,12,15,18,19
2015-03-08,09:00,1125,19,2,4,6,7,12,13,15,16,17,18
2015-03-08,10:00,1126,2,1,4,5,6,11,12,16,17,18,20
2015-03-08,11:00,1127,17,1,3,5,6,7,9,14,15,16,20
2015-03-08,12:00,1128,10,3,4,6,7,8,11,17,18,19,20
2015-03-08,13:00,1129,5,4,5,6,8,9,11,15,17,18,20
2015-03-08,14:00,1130,18,1,6,8,9,11,12,13,14,17,19
2015-03-08,15:00,1131,15,3,5,6,7,9,10,11,12,13,18
2015-03-08,16:00,1132,15,2,8,11,12,13,15,16,17,18,19
2015-03-08,17:00,1133,11,1,2,3,4,7,8,10,11,14,18
2015-03-08,18:00,1134,20,1,2,4,8,9,10,11,12,17,18
2015-03-08,19:00,1135,8,3,4,5,6,9,13,15,16,18,19
2015-03-08,20:00,1136,9,2,3,4,5,6,7,11,12,14,17
2015-03-08,21:00,1137,5,2,3,5,8,10,11,12,14,16,20
2015-03-08,22:00,1138,8,1,2,3,5,8,11,14,16,19,20
2015-03-08,23:00,1139,1,1,2,5,7,11,12,13,14,15,19
2015-03-09,07:00,1140,15,1,2,7,10,11,12,15,16,17,18
2015-03-09,08:00,1141,15,2,3,5,6,8,9,11,14,15,19
2015-03-09,09:00,1142,6,3,4,5,7,9,12,17,18,19,20
2015-03-09,10:00,1143,4,2,4,7,8,9,10,11,12,13,16
2015-03-09,11:00,1144,9,5,6,7,8,9,11,13,15,17,18
2015-03-09,12:00,1145,10,3,5,6,8,9,11,14,15,17,20
2015-03-09,13:00,1146,20,2,3,4,5,9,10,13,14,17,18
2015-03-09,14:00,1147,2,3,5,6,7,8,12,15,18,19,20
2015-03-09,15:00,1148,6,1,4,6,7,11,14,16,17,18,20
2015-03-09,16:00,1149,10,2,4,6,9,10,12,13,16,19,20
2015-03-09,17:00,1150,3,1,2,3,4,5,8,11,16,18,19
2015-03-09,18:00,1151,17,1,2,8,9,10,12,14,16,19,20
2015-03-09,19:00,1152,5,1,2,4,6,10,12,14,16,18,19
2015-03-09,20:00,1153,1,1,4,5,8,9,10,13,14,17,20
2015-03-09,21:00,1154,7,1,2,3,5,8,10,12,14,19,20
2015-03-09,22:00,1155,18,4,5,7,9,11,13,15,17,18,19
2015-03-09,23:00,1156,2,1,4,8,10,12,13,15,16,18,20
2015-03-10,07:00,1157,14,1,3,5,7,9,10,12,16,17,19
2015-03-10,08:00,1158,19,2,3,5,6,10,11,12,18,19,20
2015-03-10,09:00,1159,10,1,2,4,6,7,14,15,17,18,19
2015-03-10,10:00,1160,12,1,2,4,6,7,8,12,16,17,18
2015-03-10,11:00,1161,15,1,4,5,7,8,11,14,16,19,20
2015-03-10,12:00,1162,18,1,2,4,5,6,7,13,14,15,18
2015-03-10,13:00,1163,2,1,4,6,7,8,9,12,13,15,19
2015-03-10,14:00,1164,17,6,8,9,11,13,14,15,16,18,20
2015-03-10,15:00,1165,19,1,2,3,4,5,8,10,12,17,18
2015-03-10,16:00,1166,16,6,7,8,9,12,13,14,15,18,19
2015-03-10,17:00,1167,4,1,6,7,8,11,14,16,17,19,20
2015-03-10,18:00,1168,2,1,2,4,11,12,15,16,18,19,20
2015-03-10,19:00,1169,14,2,5,9,11,12,13,14,16,19,20
2015-03-10,20:00,1170,3,2,3,4,8,11,13,14,15,18,19
2015-03-10,21:00,1171,1,1,2,4,5,6,9,10,11,12,19
2015-03-10,22:00,1172,10,3,5,6,9,13,14,15,16,17,18
2015-03-10,23:00,1173,7,1,4,6,7,12,13,15,16,18,19
2015-03-11,07:00,1174,14,1,5,6,9,10,13,14,18,19,20
2015-03-11,08:00,1175,3,5,8,10,11,13,14,16,17,19,20
2015-03-11,09:00,1176,18,1,3,5,8,12,13,14,15,18,19
2015-03-11,10:00,1177,3,1,3,5,8,9,10,13,18,19,20
2015-03-11,11:00,1178,12,1,2,3,4,5,6,8,15,16,18
2015-03-11,12:00,1179,19,2,3,5,6,7,10,11,14,15,20
2015-03-11,13:00,1180,16,3,4,5,8,9,14,16,17,18,19
2015-03-11,14:00,1181,9,1,3,4,7,8,9,10,11,12,17
2015-03-11,15:00,1182,12,1,5,7,8,9,13,15,17,18,19
2015-03-11,16:00,1183,7,2,3,5,6,7,10,11,13,17,20
2015-03-11,17:00,1184,10,2,4,9,11,13,14,15,17,18,20
2015-03-11,18:00,1185,2,3,4,5,8,9,14,15,17,18,20
2015-03-11,19:00,1186,17,2,3,6,7,8,9,13,15,17,20
2015-03-11,20:00,1187,6,2,3,7,11,14,15,16,17,18,19
2015-03-11,21:00,1188,3,1,2,4,5,6,11,15,16,18,19
2015-03-11,22:00,1189,14,1,2,4,6,10,12,15,16,18,20
2015-03-11,23:00,1190,12,1,3,5,6,7,10,14,18,19,20
2015-03-12,07:00,1191,17,2,3,4,5,8,9,13,15,17,20
2015-03-12,08:00,1192,19,1,4,8,9,12,13,15,16,18,20
2015-03-12,09:00,1193,10,3,4,5,7,8,9,11,13,19,20
2015-03-12,10:00,1194,6,3,4,5,7,10,11,12,13,15,17
2015-03-12,11:00,1195,7,1,2,5,9,11,12,14,16,17,20
2015-03-12,12:00,1196,10,1,2,4,7,9,12,13,18,19,20
2015-03-12,13:00,1197,20,3,4,6,7,10,14,15,16,18,20
2015-03-12,14:00,1198,1,1,4,9,11,12,14,15,18,19,20
2015-03-12,15:00,1199,2,3,6,7,8,9,11,14,15,16,20
2015-03-12,16:00,1200,10,1,4,6,10,12,13,14,15,16,17
2015-03-12,17:00,1201,19,3,4,7,8,12,13,14,15,19,20
2015-03-12,18:00,1202,19,1,3,5,6,9,11,14,17,19,20
2015-03-12,19:00,1203,12,1,3,4,6,8,11,12,13,14,19
2015-03-12,20:00,1204,15,1,2,3,4,5,8,10,12,13,16
2015-03-12,21:00,1205,11,2,4,5,8,11,12,15,16,18,20
2015-03-12,22:00,1206,17,2,3,5,6,8,9,13,15,16,20
2015-03-12,23:00,1207,10,1,2,6,8,9,13,14,16,19,20
2015-03-13,07:00,1208,16,2,7,8,9,11,14,15,16,18,19
2015-03-13,08:00,1209,14,1,2,3,6,7,9,10,12,14,18
2015-03-13,09:00,1210,17,1,4,5,7,8,9,10,11,15,18
2015-03-13,10:00,1211,2,1,2,5,6,7,9,12,13,16,17
2015-03-13,11:00,1212,20,2,5,6,10,11,12,14,15,17,18
2015-03-13,12:00,1213,8,2,4,5,9,10,11,12,14,19,20
2015-03-13,13:00,1214,15,2,4,5,6,9,11,12,16,19,20
2015-03-13,14:00,1215,11,1,4,6,9,11,12,13,14,17,20
2015-03-13,15:00,1216,13,5,7,9,10,12,14,15,16,17,18
2015-03-13,16:00,1217,10,1,3,7,9,12,13,14,15,16,17
2015-03-13,17:00,1218,12,1,3,7,8,12,14,16,17,18,20
2015-03-13,18:00,1219,6,3,5,6,7,9,11,16,17,18,19
2015-03-13,19:00,1220,8,3,5,6,8,11,12,13,15,17,19
2015-03-13,20:00,1221,5,1,5,7,8,9,11,12,15,17,18
2015-03-13,21:00,1222,3,1,2,6,7,9,14,15,17,18,20
2015-03-13,22:00,1223,2,1,2,3,5,6,8,11,12,13,15
2015-03-13,23:00,1224,18,2,5,6,7,8,9,10,14,17,20
2015-03-14,07:00,1225,4,3,4,5,7,9,12,13,16,17,20
2015-03-14,08:00,1226,20,1,2,7,8,9,11,12,13,14,19
2015-03-14,09:00,1227,7,1,2,5,7,8,9,10,11,15,17
2015-03-14,10:00,1228,9,1,2,3,5,6,7,8,10,12,17
2015-03-14,11:00,1229,15,5,7,9,10,12,13,16,17,18,20
2015-03-14,12:00,1230,11,2,4,7,9,12,15,16,18,19,20
2015-03-14,13:00,1231,9,3,5,7,9,10,11,12,14,15,18
2015-03-14,14:00,1232,13,1,3,6,8,10,14,15,16,17,19
2015-03-14,15:00,1233,16,1,5,6,7,11,12,13,15,18,19
2015-03-14,16:00,1234,19,2,5,6,7,8,11,13,14,16,20
2015-03-14,17:00,1235,8,4,6,8,9,10,11,12,13,17,20
2015-03-14,18:00,1236,3,1,2,4,7,8,10,12,18,19,20
2015-03-14,19:00,1237,10,3,4,6,11,12,13,14,15,19,20
2015-03-14,20:00,1238,6,3,4,6,9,10,12,13,17,18,19
2015-03-14,21:00,1239,20,2,4,7,10,12,13,15,16,18,19
2015-03-14,22:00,1240,9,2,3,8,11,12,14,15,16,18,19
2015-03-14,23:00,1241,12,3,4,8,9,11,12,15,16,17,19
2015-03-15,07:00,1242,19,3,4,8,9,11,12,13,14,16,19
2015-03-15,08:00,1243,13,2,3,7,9,10,11,12,16,17,20
2015-03-15,09:00,1244,13,1,3,4,7,8,11,15,16,19,20
2015-03-15,10:00,1245,9,2,3,7,8,9,12,14,16,18,19
2015-03-15,11:00,1246,11,1,2,6,7,9,11,12,14,16,20
2015-03-15,12:00,1247,4,2,3,4,6,7,13,14,17,18,19
2015-03-15,13:00,1248,16,5,6,8,9,11,14,15,16,18,19
2015-03-15,14:00,1249,9,4,6,10,11,12,14,16,17,18,20
2015-03-15,15:00,1250,9,1,2,5,7,8,10,11,12,13,16
2015-03-15,16:00,1251,11,2,3,5,7,9,14,15,16,19,20
2015-03-15,17:00,1252,5,2,3,4,8,12,14,15,17,18,20
2015-03-15,18:00,1253,10,2,5,11,12,14,15,16,18,19,20
2015-03-15,19:00,1254,8,2,4,5,6,7,8,14,15,19,20
2015-03-15,20:00,1255,19,1,2,3,5,8,11,14,15,18,19
2015-03-15,21:00,1256,12,3,5,6,8,9,13,14,16,17,18
2015-03-15,22:00,1257,13,4,5,6,7,9,12,15,16,19,20
2015-03-15,23:00,1258,3,4,5,6,9,10,12,15,16,17,18
2015-03-16,07:00,1259,18,1,6,8,10,11,13,14,17,18,20
2015-03-16,08:00,1260,10,2,4,6,7,8,14,17,18,19,20
2015-03-16,09:00,1261,14,1,2,3,4,5,7,9,16,18,20
2015-03-16,10:00,1262,1,1,3,9,10,12,13,14,17,18,19
2015-03-16,11:00,1263,15,2,3,4,6,7,12,14,18,19,20
2015-03-16,12:00,1264,9,1,2,3,4,5,6,11,13,15,17
2015-03-16,13:00,1265,10,1,4,5,7,8,10,12,16,19,20
2015-03-16,14:00,1266,19,1,3,5,6,8,9,17,18,19,20
2015-03-16,15:00,1267,18,1,3,5,7,8,9,11,17,18,20
2015-03-16,16:00,1268,9,2,3,4,6,7,8,11,15,19,20
2015-03-16,17:00,1269,5,1,3,9,11,13,14,16,17,19,20
2015-03-16,18:00,1270,8,2,4,5,7,8,13,14,16,19,20
2015-03-16,19:00,1271,6,3,4,8,9,10,12,13,14,15,20
2015-03-16,20:00,1272,5,2,3,6,7,12,15,16,17,19,20
2015-03-16,21:00,1273,5,2,10,12,13,14,15,16,18,19,20
2015-03-16,22:00,1274,4,1,2,6,8,10,11,12,14,17,20
2015-03-16,23:00,1275,5,4,5,6,9,10,11,12,13,14,15
2015-03-17,07:00,1276,16,3,7,8,10,11,12,13,17,18,20
2015-03-17,08:00,1277,17,3,6,8,10,11,12,15,16,18,19
2015-03-17,09:00,1278,1,1,2,3,4,6,7,8,11,14,18
2015-03-17,10:00,1279,13,1,4,6,7,10,11,12,13,19,20
2015-03-17,11:00,1280,7,1,7,8,9,11,13,16,17,18,19
2015-03-17,12:00,1281,19,1,2,5,6,8,10,11,15,17,18
2015-03-17,13:00,1282,3,2,4,6,8,9,11,15,16,17,18
2015-03-17,14:00,1283,4,1,2,4,8,13,14,16,17,18,20
2015-03-17,15:00,1284,6,1,3,6,8,10,11,12,16,17,20
2015-03-17,16:00,1285,3,1,3,5,8,10,13,14,15,18,20
2015-03-17,17:00,1286,5,1,2,6,7,8,13,15,16,17,19
2015-03-17,18:00,1287,14,2,3,6,11,12,13,14,15,19,20
2015-03-17,19:00,1288,1,1,5,6,8,11,12,15,16,17,18
2015-03-17,20:00,1289,4,1,3,6,8,11,12,15,16,17,18
2015-03-17,21:00,1290,19,2,3,9,13,14,15,16,17,18,20
2015-03-17,22:00,1291,5,4,7,9,10,11,12,15,16,19,20
2015-03-17,23:00,1292,12,1,2,4,8,11,15,16,17,18,19
2015-03-18,07:00,1293,1,2,4,5,6,8,10,11,16,19,20
2015-03-18,08:00,1294,19,2,3,5,6,8,9,11,13,17,20
2015-03-18,09:00,1295,17,3,4,6,8,9,10,11,12,16,19
2015-03-18,10:00,1296,5,1,4,6,8,10,12,13,15,16,20
2015-03-18,11:00,1297,7,1,3,4,11,12,14,15,16,19,20
2015-03-18,12:00,1298,8,1,4,7,9,11,12,13,14,17,18
2015-03-18,13:00,1299,11,4,6,7,9,10,14,15,16,17,18
2015-03-18,14:00,1300,13,2,3,4,9,11,12,16,17,18,19
2015-03-18,15:00,1301,18,4,5,7,8,9,10,12,13,15,17
2015-03-18,16:00,1302,5,1,6,7,9,10,14,15,17,19,20
2015-03-18,17:00,1303,12,3,4,8,10,13,14,17,18,19,20
2015-03-18,18:00,1304,11,2,3,4,10,11,13,15,16,17,19
2015-03-18,19:00,1305,8,2,3,4,5,6,10,12,16,17,18
2015-03-18,20:00,1306,3,1,3,5,6,8,9,12,14,17,20
2015-03-18,21:00,1307,7,2,10,12,13,14,16,17,18,19,20
2015-03-18,22:00,1308,13,4,5,8,10,11,13,15,18,19,20
2015-03-18,23:00,1309,13,2,4,5,8,11,12,15,16,18,20
2015-03-19,07:00,1310,14,2,3,6,7,8,11,12,15,16,20
2015-03-19,08:00,1311,1,4,6,8,11,12,14,15,16,19,20
2015-03-19,09:00,1312,9,2,3,4,7,10,12,14,15,16,19
2015-03-19,10:00,1313,14,3,5,10,13,15,16,17,18,19,20
2015-03-19,11:00,1314,12,2,3,4,6,7,9,10,14,17,19
2015-03-19,12:00,1315,16,2,3,7,8,9,16,17,18,19,20
2015-03-19,13:00,1316,17,2,4,5,8,10,12,15,17,19,20
2015-03-19,14:00,1317,17,2,3,4,5,8,11,12,13,16,18
2015-03-19,15:00,1318,15,1,2,4,6,10,12,14,15,16,17
2015-03-19,16:00,1319,14,1,3,4,8,10,11,12,13,18,20
2015-03-19,17:00,1320,2,3,5,9,10,12,13,15,17,19,20
2015-03-19,18:00,1321,18,1,2,3,5,6,7,13,14,19,20
2015-03-19,19:00,1322,3,1,8,10,11,12,13,17,18,19,20
2015-03-19,20:00,1323,2,1,2,3,5,7,8,10,13,18,19
2015-03-19,21:00,1324,20,1,3,6,7,11,13,14,16,17,18
2015-03-19,22:00,1325,14,7,8,9,10,12,14,16,17,18,19
2015-03-19,23:00,1326,12,2,4,7,8,9,12,13,14,16,20
2015-03-20,07:00,1327,3,1,2,4,5,6,10,13,15,17,20
2015-03-20,08:00,1328,3,2,4,5,6,7,8,11,12,13,15
2015-03-20,09:00,1329,17,1,5,6,9,10,11,12,13,16,20
2015-03-20,10:00,1330,9,1,2,3,4,5,6,8,10,12,13
2015-03-20,11:00,1331,11,2,4,5,6,7,9,13,14,16,17
2015-03-20,12:00,1332,19,2,4,5,8,9,11,14,16,17,18
2015-03-20,13:00,1333,5,2,3,6,7,8,10,15,18,19,20
2015-03-20,14:00,1334,2,1,4,5,6,10,13,14,15,18,20
2015-03-20,15:00,1335,14,2,4,5,8,9,10,11,14,18,19
2015-03-20,16:00,1336,1,3,5,7,8,9,10,11,13,15,17
2015-03-20,17:00,1337,3,2,4,5,7,8,10,11,15,19,20
2015-03-20,18:00,1338,14,4,5,6,8,10,11,14,18,19,20
2015-03-20,19:00,1339,15,2,4,7,8,10,11,15,16,17,18
2015-03-20,20:00,1340,11,2,5,7,9,11,12,13,15,16,18
2015-03-20,21:00,1341,5,1,2,3,4,5,8,12,13,15,20
2015-03-20,22:00,1342,2,2,3,4,7,8,13,14,16,17,20
2015-03-20,23:00,1343,17,1,2,3,4,6,7,11,12,18,19
2015-03-21,07:00,1344,11,1,4,6,7,10,13,14,18,19,20
2015-03-21,08:00,1345,10,1,4,6,7,10,11,12,15,16,17
2015-03-21,09:00,1346,13,2,5,6,7,8,10,11,15,17,18
2015-03-21,10:00,1347,13,4,5,6,7,8,10,11,16,18,19
2015-03-21,11:00,1348,16,1,3,5,6,7,8,10,12,17,18
2015-03-21,12:00,1349,3,3,4,5,6,11,12,14,16,19,20
2015-03-21,13:00,1350,13,2,5,8,9,12,13,14,15,19,20
2015-03-21,14:00,1351,9,2,3,4,9,12,13,14,17,18,19
2015-03-21,15:00,1352,5,2,3,4,6,8,10,11,14,18,20
2015-03-21,16:00,1353,3,4,6,7,9,11,12,16,17,18,19
2015-03-21,17:00,1354,10,2,5,6,7,8,10,11,13,17,18
2015-03-21,18:00,1355,9,1,4,7,8,12,14,16,17,19,20
2015-03-21,19:00,1356,7,3,4,7,8,9,10,12,13,18,20
2015-03-21,20:00,1357,2,3,4,5,7,9,10,12,15,18,19
2015-03-21,21:00,1358,1,3,7,9,10,11,13,16,17,18,19
2015-03-21,22:00,1359,6,1,3,4,8,10,11,12,14,15,19
2015-03-21,23:00,1360,5,2,3,4,5,7,10,11,18,19,20
2015-03-22,07:00,1361,16,2,4,5,6,7,10,11,13,14,16
2015-03-22,08:00,1362,19,2,3,5,7,8,9,13,14,18,19
2015-03-22,09:00,1363,17,1,3,4,5,6,8,9,12,13,18
2015-03-22,10:00,1364,17,5,6,7,10,11,13,15,17,18,19
2015-03-22,11:00,1365,10,2,3,4,6,13,14,15,16,17,20
2015-03-22,12:00,1366,11,1,6,7,8,9,10,11,12,13,20
2015-03-22,13:00,1367,4,4,7,8,10,11,12,13,15,18,20
2015-03-22,14:00,1368,3,5,6,7,8,9,13,14,18,19,20
2015-03-22,15:00,1369,12,3,4,5,6,7,8,9,10,12,17
2015-03-22,16:00,1370,8,1,2,4,5,6,7,10,16,18,20
2015-03-22,17:00,1371,5,1,2,6,7,9,11,14,17,19,20
2015-03-22,18:00,1372,2,1,4,5,6,8,11,12,17,19,20
2015-03-22,19:00,1373,18,1,4,5,9,10,11,12,15,17,20
2015-03-22,20:00,1374,9,3,4,5,8,10,11,15,16,19,20
2015-03-22,21:00,1375,8,1,2,5,7,10,12,13,16,17,19
2015-03-22,22:00,1376,15,1,2,3,5,9,11,13,15,16,19
2015-03-22,23:00,1377,14,1,5,6,8,9,10,13,14,18,20
2015-03-23,07:00,1378,17,4,5,6,8,11,12,14,17,18,19
2015-03-23,08:00,1379,10,1,2,3,4,15,16,17,18,19,20
2015-03-23,09:00,1380,17,1,5,7,8,10,11,12,13,15,20
2015-03-23,10:00,1381,14,1,2,4,5,6,9,11,15,16,17
2015-03-23,11:00,1382,19,1,7,8,9,10,11,14,16,17,20
2015-03-23,12:00,1383,2,5,6,8,9,11,13,15,17,18,19
2015-03-23,13:00,1384,15,1,5,7,8,9,10,12,13,15,16
2015-03-23,14:00,1385,9,2,5,6,8,9,11,12,14,16,17
2015-03-23,15:00,1386,7,1,2,3,4,6,11,13,16,17,19
2015-03-23,16:00,1387,13,1,3,4,5,6,10,12,15,17,19
2015-03-23,17:00,1388,7,2,4,5,6,8,9,10,12,13,14
2015-03-23,18:00,1389,4,2,3,5,6,8,9,12,14,15,18
2015-03-23,19:00,1390,8,1,3,6,11,12,13,15,16,18,19
2015-03-23,20:00,1391,4,2,3,6,7,9,11,12,13,17,19
2015-03-23,21:00,1392,18,2,3,4,6,7,11,15,16,18,20
2015-03-23,22:00,1393,20,2,4,5,6,7,8,10,14,16,18
2015-03-23,23:00,1394,13,1,6,8,11,13,14,16,17,18,19
2015-03-24,07:00,1395,11,6,8,10,11,13,15,16,17,19,20
2015-03-24,08:00,1396,13,3,4,5,6,10,13,15,17,18,20
2015-03-24,09:00,1397,13,1,4,11,12,13,15,16,17,18,19
2015-03-24,10:00,1398,6,1,4,6,8,9,11,13,17,19,20
2015-03-24,11:00,1399,20,1,3,5,6,7,8,9,11,13,14
2015-03-24,12:00,1400,2,2,3,6,7,8,9,10,11,17,18
2015-03-24,13:00,1401,17,2,6,7,9,10,13,15,16,17,18
2015-03-24,14:00,1402,2,1,7,9,10,11,12,13,16,19,20
2015-03-24,15:00,1403,10,2,6,8,10,13,14,16,17,18,20
2015-03-24,16:00,1404,1,2,4,8,9,11,14,15,16,18,20
2015-03-24,17:00,1405,11,1,2,3,5,6,8,9,15,16,18
2015-03-24,18:00,1406,2,6,7,8,9,12,13,17,18,19,20
2015-03-24,19:00,1407,8,1,2,4,6,7,8,12,16,18,20
2015-03-24,20:00,1408,3,3,6,7,11,12,14,15,17,18,19
2015-03-24,21:00,1409,3,1,3,4,5,6,8,10,11,13,17
2015-03-24,22:00,1410,8,1,3,5,8,10,11,13,14,15,16
2015-03-24,23:00,1411,20,1,5,6,9,10,11,12,13,16,20
2015-03-25,07:00,1412,8,1,2,4,7,11,13,14,16,19,20
2015-03-25,08:00,1413,2,1,4,5,7,8,9,14,16,17,20
2015-03-25,09:00,1414,13,2,6,8,11,12,15,16,17,18,19
2015-03-25,10:00,1415,17,1,2,4,5,7,8,14,16,17,19
2015-03-25,11:00,1416,13,1,6,7,8,10,11,12,14,18,19
2015-03-25,12:00,1417,10,1,2,5,9,10,11,13,14,16,19
2015-03-25,13:00,1418,19,3,4,5,6,10,12,13,15,16,18
2015-03-25,14:00,1419,11,2,3,8,9,10,11,14,17,18,20
2015-03-25,15:00,1420,7,2,3,4,7,9,10,11,15,17,18
2015-03-25,16:00,1421,11,2,3,4,7,10,16,17,18,19,20
2015-03-25,17:00,1422,12,5,7,8,11,12,14,15,16,17,18
2015-03-25,18:00,1423,5,3,4,6,7,11,13,15,17,18,19
2015-03-25,19:00,1424,5,2,4,6,7,8,11,13,15,17,18
2015-03-25,20:00,1425,16,3,5,6,10,12,13,14,17,18,20
2015-03-25,21:00,1426,3,3,4,8,10,11,12,14,17,18,20
2015-03-25,22:00,1427,1,1,5,8,10,12,15,16,18,19,20
2015-03-25,23:00,1428,2,2,3,4,5,6,9,10,13,17,20
2015-03-26,07:00,1429,16,1,3,4,7,8,11,12,14,17,18
2015-03-26,08:00,1430,9,1,3,7,8,11,12,13,16,18,20
2015-03-26,09:00,1431,3,5,10,12,13,14,15,16,17,19,20
2015-03-26,10:00,1432,8,3,4,6,10,11,15,16,17,18,20
2015-03-26,11:00,1433,6,3,5,6,7,9,10,11,12,16,17
2015-03-26,12:00,1434,16,1,2,3,6,11,12,16,17,19,20
2015-03-26,13:00,1435,6,1,2,6,7,8,9,10,11,13,20
2015-03-26,14:00,1436,10,1,2,3,4,6,8,10,11,17,19
2015-03-26,15:00,1437,11,1,3,8,9,10,11,13,14,15,17
2015-03-26,16:00,1438,20,2,5,7,8,9,10,11,17,18,20
2015-03-26,17:00,1439,15,1,2,4,7,11,12,13,14,15,19
2015-03-26,18:00,1440,9,2,3,5,6,7,9,12,14,15,18
2015-03-26,19:00,1441,19,1,4,6,8,9,12,13,15,16,18
2015-03-26,20:00,1442,14,2,3,4,5,6,10,11,12,15,18
2015-03-26,21:00,1443,12,1,2,3,4,5,6,7,10,19,20
2015-03-26,22:00,1444,14,1,2,4,5,6,9,11,16,19,20
2015-03-26,23:00,1445,18,1,2,6,8,10,12,16,17,18,19
2015-03-27,07:00,1446,3,1,4,5,6,7,13,15,16,18,19
2015-03-27,08:00,1447,4,2,4,5,7,13,16,17,18,19,20
2015-03-27,09:00,1448,12,3,5,6,7,8,10,12,16,18,19
2015-03-27,10:00,1449,19,2,6,7,8,13,15,16,18,19,20
2015-03-27,11:00,1450,15,2,3,7,9,14,15,16,18,19,20
2015-03-27,12:00,1451,12,1,2,8,10,11,14,15,16,17,20
2015-03-27,13:00,1452,11,1,2,3,4,5,6,11,12,18,19
2015-03-27,14:00,1453,15,7,10,11,12,13,14,17,18,19,20
2015-03-27,15:00,1454,8,1,4,5,8,9,12,14,16,18,19
2015-03-27,16:00,1455,7,1,2,3,5,6,7,12,13,16,17
2015-03-27,17:00,1456,2,1,7,9,10,13,14,15,17,18,19
2015-03-27,18:00,1457,19,1,2,4,5,8,13,15,17,19,20
2015-03-27,19:00,1458,1,4,5,7,8,11,12,13,14,15,18
2015-03-27,20:00,1459,18,1,2,4,6,9,12,15,18,19,20
2015-03-27,21:00,1460,12,1,2,4,5,6,10,12,13,18,19
2015-03-27,22:00,1461,6,1,2,3,4,5,8,9,15,16,20
2015-03-27,23:00,1462,17,2,4,7,8,11,13,14,16,17,19
2015-03-28,07:00,1463,9,1,2,5,7,9,10,13,15,16,19
2015-03-28,08:00,1464,11,1,2,4,5,6,7,9,17,19,20
2015-03-28,09:00,1465,8,3,4,5,7,9,11,12,13,15,17
2015-03-28,10:00,1466,2,1,3,4,5,6,7,9,10,14,17
2015-03-28,11:00,1467,14,1,5,7,12,13,15,16,17,18,20
2015-03-28,12:00,1468,1,2,3,4,5,6,8,9,12,15,18
2015-03-28,13:00,1469,12,1,3,4,7,9,11,15,17,18,19
2015-03-28,14:00,1470,3,1,5,6,7,8,9,12,14,15,19
2015-03-28,15:00,1471,10,2,4,5,6,7,9,14,15,19,20
2015-03-28,16:00,1472,13,1,6,7,9,10,12,13,14,17,19
2015-03-28,17:00,1473,5,6,8,9,10,12,13,16,17,18,20
2015-03-28,18:00,1474,4,1,5,6,8,11,14,16,17,18,20
2015-03-28,19:00,1475,3,1,3,4,6,9,11,15,16,17,19
2015-03-28,20:00,1476,14,2,4,5,9,10,14,16,18,19,20
2015-03-28,21:00,1477,13,2,3,5,6,7,9,10,13,14,16
2015-03-28,22:00,1478,1,5,7,8,9,13,14,16,17,18,19
2015-03-28,23:00,1479,7,1,2,3,4,8,9,13,16,18,20
2015-03-29,07:00,1480,4,5,6,10,11,12,13,15,16,18,20
2015-03-29,08:00,1481,1,2,3,6,8,9,12,13,15,16,18
2015-03-29,09:00,1482,8,2,3,5,7,12,14,16,17,18,19
2015-03-29,10:00,1483,19,2,3,5,6,7,9,11,12,17,18
2015-03-29,11:00,1484,18,2,3,4,5,9,10,12,13,15,20
2015-03-29,12:00,1485,8,3,5,6,8,10,13,14,15,16,17
2015-03-29,13:00,1486,6,1,4,8,9,12,13,14,15,18,19
2015-03-29,14:00,1487,11,1,2,3,7,9,10,11,14,16,19
2015-03-29,15:00,1488,18,1,3,5,6,9,10,11,15,16,18
2015-03-29,16:00,1489,17,1,3,4,6,8,13,15,16,19,20
2015-03-29,17:00,1490,5,2,3,7,8,9,12,13,15,16,20
2015-03-29,18:00,1491,5,3,4,6,8,9,10,11,14,15,18
2015-03-29,19:00,1492,6,1,5,6,7,9,12,14,16,17,18
2015-03-29,20:00,1493,10,1,2,6,7,10,13,16,17,18,20
2015-03-29,21:00,1494,13,1,2,3,6,7,10,12,14,18,20
2015-03-29,22:00,1495,3,1,2,4,5,7,8,9,13,14,17
2015-03-29,23:00,1496,7,2,3,4,5,8,10,12,14,17,19
2015-03-30,07:00,1497,17,1,2,3,5,10,11,12,17,18,20
2015-03-30,08:00,1498,8,1,3,4,8,11,12,13,18,19,20
2015-03-30,09:00,1499,3,1,2,3,4,8,11,14,15,18,20
2015-03-30,10:00,1500,11,4,5,6,7,8,15,16,17,18,19
2015-03-30,11:00,1501,11,1,4,6,8,9,11,14,17,19,20
2015-03-30,12:00,1502,12,2,3,5,6,7,10,14,16,18,19
2015-03-30,13:00,1503,13,1,2,3,4,11,12,14,17,18,19
2015-03-30,14:00,1504,15,1,3,5,6,8,11,12,14,17,20
2015-03-30,15:00,1505,1,2,4,7,8,9,13,15,17,18,19
2015-03-30,16:00,1506,18,4,5,7,10,11,12,16,17,18,20
2015-03-30,17:00,1507,19,1,2,4,7,8,9,10,14,15,20
2015-03-30,18:00,1508,13,1,4,6,8,10,11,12,16,17,19
2015-03-30,19:00,1509,13,1,5,6,7,13,14,15,16,17,18
2015-03-30,20:00,1510,16,3,5,7,9,10,11,12,13,15,20
2015-03-30,21:00,1511,15,1,2,4,6,7,8,10,12,15,17
2015-03-30,22:00,1512,3,2,7,8,9,10,11,14,16,18,19
2015-03-30,23:00,1513,16,1,4,5,7,11,12,14,15,18,20
2015-03-31,07:00,1514,4,1,2,3,4,6,8,11,12,15,18
2015-03-31,08:00,1515,9,1,2,3,8,13,14,16,17,18,20
2015-03-31,09:00,1516,14,4,5,6,8,11,12,13,15,19,20
2015-03-31,10:00,1517,19,1,5,6,7,8,11,14,15,16,19
2015-03-31,11:00,1518,12,2,3,4,7,9,10,15,17,18,20
2015-03-31,12:00,1519,8,3,4,5,7,9,12,13,15,16,19
2015-03-31,13:00,1520,1,3,4,5,9,12,13,16,18,19,20
2015-03-31,14:00,1521,12,8,9,10,11,13,14,15,16,19,20
2015-03-31,15:00,1522,5,1,2,3,5,10,11,15,18,19,20
2015-03-31,16:00,1523,13,1,2,4,5,8,9,10,11,14,19
2015-03-31,17:00,1524,19,1,3,5,7,9,12,13,14,16,17
2015-03-31,18:00,1525,18,1,4,6,7,9,10,12,13,14,20
2015-03-31,19:00,1526,15,1,3,5,9,10,11,12,18,19,20
2015-03-31,20:00,1527,17,3,5,6,9,12,15,16,18,19,20
2015-03-31,21:00,1528,16,3,4,5,7,10,15,16,18,19,20
2015-03-31,22:00,1529,20,1,2,3,7,8,9,10,13,15,16
2015-03-31,23:00,1530,10,1,6,7,9,11,12,13,17,19,20
2015-04-01,07:00,1531,5,2,5,6,8,9,11,14,16,18,19
2015-04-01,08:00,1532,6,1,6,9,10,11,14,17,18,19,20
2015-04-01,09:00,1533,10,1,3,4,5,6,9,10,15,18,20
2015-04-01,10:00,1534,15,6,8,10,11,12,13,14,17,19,20
2015-04-01,11:00,1535,14,3,4,5,8,11,13,15,17,19,20
2015-04-01,12:00,1536,19,2,4,5,8,13,14,15,17,19,20
2015-04-01,13:00,1537,13,1,2,4,9,10,13,16,17,18,20
2015-04-01,14:00,1538,6,1,2,3,5,8,9,10,15,17,19
2015-04-01,15:00,1539,4,2,6,7,8,10,11,12,16,17,19
2015-04-01,16:00,1540,3,3,4,5,7,10,14,15,18,19,20
2015-04-01,17:00,1541,15,3,4,7,9,11,12,13,17,18,20
2015-04-01,18:00,1542,12,5,6,8,12,13,14,15,17,19,20
2015-04-01,19:00,1543,18,2,3,5,7,8,14,17,18,19,20
2015-04-01,20:00,1544,5,3,7,9,12,13,14,17,18,19,20
2015-04-01,21:00,1545,6,5,7,8,9,10,12,17,18,19,20
2015-04-01,22:00,1546,10,2,5,6,8,9,10,12,13,17,19
2015-04-01,23:00,1547,15,1,3,4,9,11,14,15,16,18,19
2015-04-02,07:00,1548,9,2,3,4,5,8,9,10,13,17,20
2015-04-02,08:00,1549,6,1,3,6,10,11,12,14,15,19,20
2015-04-02,09:00,1550,9,1,2,4,5,6,8,9,11,12,17
2015-04-02,10:00,1551,15,1,5,7,8,10,11,13,14,16,17
2015-04-02,11:00,1552,8,1,5,6,7,9,11,13,14,17,19
2015-04-02,12:00,1553,14,2,3,5,7,8,10,13,14,15,16
2015-04-02,13:00,1554,9,1,4,6,7,9,10,13,15,16,19
2015-04-02,14:00,1555,11,1,5,6,10,11,12,16,17,18,19
2015-04-02,15:00,1556,15,1,6,9,10,11,12,13,14,16,17
2015-04-02,16:00,1557,3,1,2,3,7,11,14,16,17,18,20
2015-04-02,17:00,1558,2,1,2,5,6,7,8,10,12,14,18
2015-04-02,18:00,1559,9,4,5,6,9,10,13,14,15,17,18
2015-04-02,19:00,1560,19,1,2,3,5,8,10,13,16,17,18
2015-04-02,20:00,1561,19,3,5,6,7,8,11,14,16,17,19
2015-04-02,21:00,1562,18,2,5,6,7,8,12,13,16,17,19
2015-04-02,22:00,1563,18,1,2,4,7,11,13,14,16,17,19
2015-04-02,23:00,1564,6,1,2,4,7,10,11,13,15,18,19
2015-04-03,07:00,1565,18,1,3,4,6,11,13,16,17,19,20
2015-04-03,08:00,1566,11,3,4,5,9,11,13,17,18,19,20
2015-04-03,09:00,1567,19,1,3,4,7,8,9,12,13,14,17
2015-04-03,10:00,1568,11,3,5,6,7,10,12,13,15,18,19
2015-04-03,11:00,1569,1,1,2,3,4,5,8,11,12,18,20
2015-04-03,12:00,1570,14,1,2,4,6,9,11,12,14,15,19
2015-04-03,13:00,1571,19,1,3,4,5,8,10,14,17,18,20
2015-04-03,14:00,1572,11,1,3,5,7,9,10,14,16,17,18
2015-04-03,15:00,1573,16,1,3,5,7,10,12,13,15,17,20
2015-04-03,16:00,1574,4,4,7,10,11,13,14,15,16,17,19
2015-04-03,17:00,1575,3,1,2,3,8,9,10,12,16,17,20
2015-04-03,18:00,1576,5,4,5,7,10,12,14,17,18,19,20
2015-04-03,19:00,1577,5,1,4,5,6,9,10,11,13,14,18
2015-04-03,20:00,1578,20,3,5,6,7,8,12,14,16,18,20
2015-04-03,21:00,1579,2,1,2,4,7,10,12,13,14,15,17
2015-04-03,22:00,1580,10,1,2,3,5,6,9,11,15,16,17
2015-04-03,23:00,1581,16,1,4,5,6,7,8,9,10,13,17
2015-04-04,07:00,1582,17,2,3,7,8,9,11,15,16,18,19
2015-04-04,08:00,1583,19,1,3,5,6,7,9,13,16,18,20
2015-04-04,09:00,1584,8,1,10,12,13,15,16,17,18,19,20
2015-04-04,10:00,1585,18,1,2,3,4,5,7,10,14,16,17
2015-04-04,11:00,1586,2,1,6,9,11,12,13,14,16,19,20
2015-04-04,12:00,1587,9,2,4,8,10,12,13,16,17,18,19
2015-04-04,13:00,1588,17,1,2,4,5,6,9,10,11,15,18
2015-04-04,14:00,1589,8,3,5,6,9,10,11,12,14,16,19
2015-04-04,15:00,1590,8,5,8,11,13,14,15,16,17,18,20
2015-04-04,16:00,1591,10,1,6,9,10,13,15,16,17,18,19
2015-04-04,17:00,1592,12,3,4,6,7,8,9,10,11,14,20
2015-04-04,18:00,1593,20,1,2,4,7,8,11,14,15,16,18
2015-04-04,19:00,1594,7,2,3,4,5,11,12,14,15,18,19
2015-04-04,20:00,1595,17,1,2,3,5,8,12,13,16,18,19
2015-04-04,21:00,1596,2,2,4,5,7,10,13,14,15,16,19
2015-04-04,22:00,1597,4,1,3,4,6,7,11,12,13,14,17
2015-04-04,23:00,1598,5,1,4,6,10,13,15,16,17,19,20
2015-04-05,07:00,1599,8,1,3,5,6,7,8,11,12,14,20
2015-04-05,08:00,1600,11,3,6,8,11,12,13,16,17,18,20
2015-04-05,09:00,1601,12,4,6,7,9,10,11,12,13,16,17
2015-04-05,10:00,1602,3,1,2,10,11,14,15,16,17,18,20
2015-04-05,11:00,1603,13,1,4,6,7,9,12,13,14,17,19
2015-04-05,12:00,1604,12,1,8,10,11,14,15,17,18,19,20
2015-04-05,13:00,1605,16,6,7,8,11,12,14,16,18,19,20
2015-04-05,14:00,1606,2,1,6,7,8,10,11,12,14,16,19
2015-04-05,15:00,1607,12,1,6,7,8,11,12,13,15,16,18
2015-04-05,16:00,1608,12,4,5,7,12,14,15,16,17,18,19
2015-04-05,17:00,1609,17,1,3,6,7,8,9,11,15,16,20
2015-04-05,18:00,1610,18,1,2,5,6,7,8,12,13,18,19
2015-04-05,19:00,1611,1,3,5,7,8,12,13,14,16,18,19
2015-04-05,20:00,1612,4,1,4,6,9,10,11,12,14,16,19
2015-04-05,21:00,1613,3,1,3,8,10,11,13,14,16,19,20
2015-04-05,22:00,1614,16,3,4,5,9,12,13,14,15,17,19
2015-04-05,23:00,1615,2,1,3,4,7,9,11,12,13,16,20
2015-04-06,07:00,1616,3,2,6,7,8,10,15,16,18,19,20
2015-04-06,08:00,1617,5,1,3,7,8,9,11,16,17,18,20
2015-04-06,09:00,1618,18,2,5,8,10,11,12,13,14,16,19
2015-04-06,10:00,1619,6,1,3,4,5,6,9,11,12,13,14
2015-04-06,11:00,1620,1,2,3,8,9,11,12,16,17,18,20
2015-04-06,12:00,1621,9,2,4,10,11,12,15,17,18,19,20
2015-04-06,13:00,1622,16,3,4,5,6,7,10,13,15,17,20
2015-04-06,14:00,1623,1,1,2,5,7,9,14,15,16,19,20
2015-04-06,15:00,1624,15,2,3,7,8,10,13,15,16,18,20
2015-04-06,16:00,1625,4,1,5,8,9,11,13,14,16,18,19
2015-04-06,17:00,1626,9,1,2,4,5,7,10,13,14,17,18
2015-04-06,18:00,1627,10,3,4,6,7,8,9,12,14,15,18
2015-04-06,19:00,1628,4,1,2,3,7,11,12,13,15,16,17
2015-04-06,20:00,1629,6,2,4,5,7,8,11,13,15,17,20
2015-04-06,21:00,1630,14,2,3,5,6,7,10,13,15,16,17
2015-04-06,22:00,1631,5,1,3,6,7,9,11,13,17,18,19
2015-04-06,23:00,1632,16,2,3,4,9,10,12,13,16,17,20
2015-04-07,07:00,1633,7,2,3,4,7,8,11,12,16,17,19
2015-04-07,08:00,1634,18,1,4,7,8,9,11,12,15,17,18
2015-04-07,09:00,1635,9,1,3,4,7,10,12,14,15,16,17
2015-04-07,10:00,1636,13,4,6,9,12,14,15,16,17,18,20
2015-04-07,11:00,1637,20,5,6,7,9,12,13,14,15,18,20
2015-04-07,12:00,1638,10,1,5,9,11,13,14,15,16,17,20
2015-04-07,13:00,1639,1,1,3,4,5,6,9,11,15,19,20
2015-04-07,14:00,1640,14,2,6,9,10,12,13,16,17,19,20
2015-04-07,15:00,1641,3,1,2,3,4,6,7,8,14,18,19
2015-04-07,16:00,1642,19,1,3,6,7,8,10,12,14,15,20
2015-04-07,17:00,1643,16,3,4,6,7,8,10,13,16,17,20
2015-04-07,18:00,1644,8,5,6,8,10,12,14,16,17,18,19
2015-04-07,19:00,1645,1,2,5,6,8,11,12,14,15,19,20
2015-04-07,20:00,1646,9,3,4,6,8,12,13,14,15,17,20
2015-04-07,21:00,1647,15,1,3,5,6,7,8,10,11,12,17
2015-04-07,22:00,1648,5,1,2,4,5,10,13,16,17,19,20
2015-04-07,23:00,1649,14,1,2,3,5,7,8,14,15,17,20
2015-04-08,07:00,1650,13,1,3,5,7,8,10,11,12,15,19
2015-04-08,08:00,1651,5,2,5,6,8,10,12,14,15,18,20
2015-04-08,09:00,1652,13,2,3,4,5,6,9,10,12,17,19
2015-04-08,10:00,1653,9,1,5,6,8,11,12,15,16,18,20
2015-04-08,11:00,1654,4,2,4,5,7,8,9,12,14,17,20
2015-04-08,12:00,1655,14,1,3,4,8,12,13,16,17,18,19
2015-04-08,13:00,1656,5,3,4,6,8,10,11,12,13,16,17
2015-04-08,14:00,1657,1,1,2,4,5,7,9,12,15,16,19
2015-04-08,15:00,1658,20,5,6,9,10,11,12,14,16,19,20
2015-04-08,16:00,1659,4,1,4,7,8,12,14,15,16,17,19
2015-04-08,17:00,1660,14,2,3,4,6,9,12,13,15,17,18
2015-04-08,18:00,1661,5,2,3,7,8,10,11,14,15,18,19
2015-04-08,19:00,1662,4,1,2,3,4,13,15,16,18,19,20
2015-04-08,20:00,1663,17,1,9,10,11,12,13,16,17,18,20
2015-04-08,21:00,1664,4,4,5,6,7,10,12,14,15,17,20
2015-04-08,22:00,1665,6,1,2,3,7,8,9,11,12,13,20
2015-04-08,23:00,1666,6,2,3,5,7,9,10,14,15,16,18
2015-04-09,07:00,1667,6,2,3,4,6,8,9,10,18,19,20
2015-04-09,08:00,1668,20,1,2,6,7,10,11,12,15,17,18
2015-04-09,09:00,1669,16,3,6,8,10,11,12,13,16,19,20
2015-04-09,10:00,1670,17,2,9,10,11,12,13,14,16,17,19
2015-04-09,11:00,1671,8,1,5,8,9,10,13,14,15,18,19
2015-04-09,12:00,1672,18,1,2,4,6,8,10,13,15,18,19
2015-04-09,13:00,1673,18,2,3,7,8,10,12,17,18,19,20
2015-04-09,14:00,1674,7,2,6,8,11,12,13,15,17,18,19
2015-04-09,15:00,1675,5,1,2,7,8,9,10,13,14,17,20
2015-04-09,16:00,1676,3,1,2,3,4,5,7,12,14,19,20
2015-04-09,17:00,1677,18,2,3,4,5,6,7,8,10,11,20
2015-04-09,18:00,1678,14,2,3,5,6,8,10,12,13,14,15
2015-04-09,19:00,1679,17,4,5,7,9,10,13,14,15,17,19
2015-04-09,20:00,1680,6,1,2,6,7,9,13,14,17,18,19
2015-04-09,21:00,1681,20,1,2,4,7,8,9,10,11,13,15
2015-04-09,22:00,1682,18,4,6,7,8,9,10,12,15,17,18
2015-04-09,23:00,1683,9,1,2,3,4,5,6,7,11,15,20
2015-04-10,07:00,1684,11,1,5,6,7,8,11,16,18,19,20
2015-04-10,08:00,1685,17,2,4,5,6,8,14,16,18,19,20
2015-04-10,09:00,1686,6,2,3,4,5,11,14,15,17,18,19
2015-04-10,10:00,1687,1,1,2,3,4,5,12,15,16,18,19
2015-04-10,11:00,1688,7,1,3,5,7,8,9,10,11,16,18
2015-04-10,12:00,1689,8,1,2,4,5,9,11,13,14,18,19
2015-04-10,13:00,1690,10,5,6,8,9,10,11,14,16,18,19
2015-04-10,14:00,1691,17,2,3,7,11,12,14,15,18,19,20
2015-04-10,15:00,1692,4,1,2,5,9,10,11,13,14,15,16
2015-04-10,16:00,1693,6,1,2,3,5,7,11,12,13,16,17
2015-04-10,17:00,1694,3,1,2,9,10,11,13,15,17,18,19
2015-04-10,18:00,1695,11,7,8,9,10,11,13,14,17,18,19
2015-04-10,19:00,1696,2,1,2,4,6,8,9,10,11,12,16
2015-04-10,20:00,1697,16,1,2,3,4,5,6,9,10,11,14
2015-04-10,21:00,1698,9,2,3,6,7,8,9,11,14,16,17
2015-04-10,22:00,1699,1,1,5,6,7,11,13,15,16,17,19
2015-04-10,23:00,1700,15,1,2,3,5,10,12,14,15,18,19
2015-04-11,07:00,1701,2,1,3,5,6,11,12,13,16,19,20
2015-04-11,08:00,1702,8,2,3,5,6,7,8,9,12,13,14
2015-04-11,09:00,1703,14,2,3,4,5,6,11,14,16,17,18
2015-04-11,10:00,1704,11,1,3,4,5,8,9,10,11,16,20
2015-04-11,11:00,1705,16,1,2,4,5,7,9,13,14,17,18
2015-04-11,12:00,1706,17,1,3,5,6,9,10,12,13,14,17
2015-04-11,13:00,1707,13,3,8,10,11,13,15,16,17,18,19
2015-04-11,14:00,1708,4,1,4,5,6,10,12,15,16,17,20
2015-04-11,15:00,1709,4,2,8,9,11,12,13,14,17,19,20
2015-04-11,16:00,1710,2,2,6,9,10,11,15,17,18,19,20
2015-04-11,17:00,1711,4,1,2,4,8,9,11,12,13,14,19
2015-04-11,18:00,1712,2,1,4,6,8,9,14,15,17,18,20
2015-04-11,19:00,1713,9,2,3,4,5,7,9,12,15,16,17
2015-04-11,20:00,1714,13,1,2,4,5,7,12,15,16,17,19
2015-04-11,21:00,1715,16,3,5,6,7,9,10,11,12,15,18
2015-04-11,22:00,1716,19,2,3,5,6,7,10,11,12,17,19
2015-04-11,23:00,1717,2,2,3,4,6,9,12,13,16,18,20
2015-04-12,07:00,1718,14,2,4,5,8,11,12,13,17,18,20
2015-04-12,08:00,1719,11,1,4,5,6,8,10,11,15,16,17
2015-04-12,09:00,1720,15,1,3,4,6,10,11,13,15,17,20
2015-04-12,10:00,1721,17,1,5,7,8,10,12,14,15,16,18
2015-04-12,11:00,1722,4,1,2,5,6,8,10,11,13,14,15
2015-04-12,12:00,1723,11,2,4,5,6,9,12,13,15,19,20
2015-04-12,13:00,1724,7,2,4,6,8,11,12,15,17,18,20
2015-04-12,14:00,1725,9,1,2,5,8,9,12,15,16,17,20
2015-04-12,15:00,1726,3,7,8,11,12,13,14,16,17,18,19
2015-04-12,16:00,1727,3,2,5,10,11,12,13,14,15,16,20
2015-04-12,17:00,1728,20,1,5,6,9,10,12,14,17,18,19
2015-04-12,18:00,1729,14,1,2,4,5,6,9,10,17,18,20
2015-04-12,19:00,1730,18,1,6,7,9,10,12,14,17,18,20
2015-04-12,20:00,1731,18,1,2,3,4,5,9,10,14,15,19
2015-04-12,21:00,1732,15,1,4,7,9,11,15,16,18,19,20
2015-04-12,22:00,1733,12,1,2,3,7,9,12,17,18,19,20
2015-04-12,23:00,1734,7,2,3,4,5,6,7,8,10,18,20
2015-04-13,07:00,1735,4,1,2,3,5,7,9,11,14,16,18
2015-04-13,08:00,1736,19,1,2,7,9,10,11,12,14,15,19
2015-04-13,09:00,1737,8,1,6,7,10,12,13,14,15,17,19
2015-04-13,10:00,1738,4,2,3,7,8,10,11,13,14,16,19
2015-04-13,11:00,1739,14,3,4,6,7,9,10,11,13,19,20
2015-04-13,12:00,1740,19,1,2,4,5,6,9,10,11,14,18
2015-04-13,13:00,1741,4,1,4,5,8,9,14,15,17,18,20
2015-04-13,14:00,1742,5,1,4,7,8,9,13,14,15,16,18
2015-04-13,15:00,1743,1,2,4,7,8,9,11,12,14,16,19
2015-04-13,16:00,1744,9,2,5,6,10,13,14,16,17,19,20
2015-04-13,17:00,1745,10,1,3,4,6,7,8,9,10,15,16
2015-04-13,18:00,1746,8,2,3,5,7,10,14,17,18,19,20
2015-04-13,19:00,1747,9,2,4,5,8,11,12,13,17,19,20
2015-04-13,20:00,1748,3,5,8,10,11,13,14,16,17,19,20
2015-04-13,21:00,1749,15,2,3,6,7,8,10,13,16,18,19
2015-04-13,22:00,1750,5,1,3,7,9,10,11,12,17,18,20
2015-04-13,23:00,1751,15,1,3,4,5,7,10,11,12,14,15
2015-04-14,07:00,1752,8,3,4,6,8,12,15,16,17,19,20
2015-04-14,08:00,1753,3,1,4,6,8,9,11,15,17,18,19
2015-04-14,09:00,1754,19,3,6,8,9,10,11,14,17,18,20
2015-04-14,10:00,1755,7,1,2,3,4,6,9,11,13,14,15
2015-04-14,11:00,1756,9,1,3,4,8,10,12,13,14,15,16
2015-04-14,12:00,1757,2,1,2,8,9,10,15,16,17,18,19
2015-04-14,13:00,1758,7,2,3,4,8,9,10,13,14,15,17
2015-04-14,14:00,1759,1,1,3,4,5,6,9,11,14,19,20
2015-04-14,15:00,1760,12,3,4,5,6,8,10,11,12,17,19
2015-04-14,16:00,1761,18,1,2,4,6,7,13,16,17,18,20
2015-04-14,17:00,1762,3,1,3,5,7,8,11,13,15,16,18
2015-04-14,18:00,1763,20,4,5,6,8,9,10,14,15,17,18
2015-04-14,19:00,1764,3,3,4,5,7,8,9,10,11,14,20
2015-04-14,20:00,1765,8,2,5,6,7,10,13,15,16,18,20
2015-04-14,21:00,1766,6,1,2,3,4,5,6,14,15,17,20
2015-04-14,22:00,1767,20,3,7,8,9,11,12,13,17,19,20
2015-04-14,23:00,1768,16,1,2,3,4,7,10,12,14,16,17
2015-04-15,07:00,1769,16,2,6,9,12,13,14,15,16,19,20
2015-04-15,08:00,1770,4,1,5,6,7,8,11,12,14,18,19
2015-04-15,09:00,1771,3,4,9,10,11,12,13,15,16,19,20
2015-04-15,10:00,1772,4,3,9,10,12,14,15,17,18,19,20
2015-04-15,11:00,1773,12,5,6,7,10,12,13,14,16,18,20
2015-04-15,12:00,1774,10,1,2,3,4,5,6,7,12,15,17
2015-04-15,13:00,1775,17,1,3,4,5,6,8,10,12,15,20
2015-04-15,14:00,1776,13,2,3,4,5,6,9,10,17,18,19
2015-04-15,15:00,1777,7,1,3,8,9,10,11,13,14,18,19
2015-04-15,16:00,1778,4,1,2,8,9,10,14,15,17,19,20
2015-04-15,17:00,1779,3,5,7,9,10,11,15,16,17,19,20
2015-04-15,18:00,1780,6,1,2,4,6,8,13,14,15,16,19
2015-04-15,19:00,1781,11,4,7,8,9,10,11,15,16,17,19
2015-04-15,20:00,1782,20,2,3,4,5,6,7,12,14,17,18
2015-04-15,21:00,1783,19,1,2,7,8,9,13,15,17,18,19
2015-04-15,22:00,1784,17,1,2,6,7,10,11,13,14,19,20
2015-04-15,23:00,1785,5,1,2,4,5,8,10,12,14,15,17
2015-04-16,07:00,1786,17,1,2,3,4,6,7,8,9,17,18
2015-04-16,08:00,1787,20,1,4,5,6,9,10,11,15,16,19
2015-04-16,09:00,1788,12,2,4,7,9,11,12,13,14,17,20
2015-04-16,10:00,1789,1,4,6,7,8,10,11,12,16,18,19
2015-04-16,11:00,1790,14,2,5,6,7,10,11,15,17,18,20
2015-04-16,12:00,1791,20,3,4,8,10,12,13,15,16,17,18
2015-04-16,13:00,1792,2,3,7,8,9,10,12,13,16,17,19
2015-04-16,14:00,1793,6,2,3,8,10,11,12,13,15,16,19
2015-04-16,15:00,1794,3,1,3,4,5,6,10,11,12,16,17
2015-04-16,16:00,1795,3,3,6,7,10,11,13,16,17,18,19
2015-04-16,17:00,1796,4,1,2,4,7,8,12,13,16,19,20
2015-04-16,18:00,1797,18,1,2,3,6,7,9,10,14,17,18
2015-04-16,19:00,1798,9,2,4,7,10,12,13,15,17,18,19
2015-04-16,20:00,1799,9,2,3,4,10,13,15,16,17,18,19
2015-04-16,21:00,1800,13,2,3,4,7,9,10,14,16,17,18
2015-04-16,22:00,1801,7,1,4,9,11,12,13,14,15,16,18
2015-04-16,23:00,1802,1,3,5,7,9,12,13,15,18,19,20
2015-04-17,07:00,1803,16,1,2,3,4,5,6,13,14,18,20
2015-04-17,08:00,1804,9,3,4,5,6,8,10,11,12,16,19
2015-04-17,09:00,1805,18,3,4,5,7,8,9,10,13,15,16
2015-04-17,10:00,1806,17,2,8,9,10,11,14,15,17,18,20
2015-04-17,11:00,1807,1,6,7,8,9,10,11,12,15,17,19
2015-04-17,12:00,1808,20,1,5,6,10,12,14,15,17,18,20
2015-04-17,13:00,1809,4,4,5,8,11,12,13,14,16,19,20
2015-04-17,14:00,1810,7,2,3,6,7,13,16,17,18,19,20
2015-04-17,15:00,1811,13,1,3,5,8,10,11,12,17,18,20
2015-04-17,16:00,1812,17,4,6,8,9,10,12,13,15,16,17
2015-04-17,17:00,1813,8,1,2,6,10,12,13,14,15,16,19
2015-04-17,18:00,1814,19,3,5,7,8,9,11,14,17,19,20
2015-04-17,19:00,1815,11,2,6,7,8,10,11,12,14,15,19
2015-04-17,20:00,1816,4,3,4,6,8,10,12,14,15,17,18
2015-04-17,21:00,1817,14,1,2,4,6,7,8,9,12,13,16
2015-04-17,22:00,1818,11,1,3,4,5,8,10,17,18,19,20
2015-04-17,23:00,1819,3,2,3,8,10,12,13,14,16,19,20
2015-04-18,07:00,1820,1,1,3,5,8,11,12,14,16,19,20
2015-04-18,08:00,1821,1,1,4,5,6,9,10,12,15,16,18
2015-04-18,09:00,1822,11,3,8,9,10,13,14,16,17,18,20
2015-04-18,10:00,1823,12,1,4,6,7,9,10,11,13,14,17
2015-04-18,11:00,1824,8,3,10,11,13,14,15,17,18,19,20
2015-04-18,12:00,1825,5,1,6,9,10,11,12,13,15,18,20
2015-04-18,13:00,1826,17,1,3,8,10,11,13,15,18,19,20
2015-04-18,14:00,1827,13,2,3,4,7,10,11,12,14,19,20
2015-04-18,15:00,1828,20,3,4,6,8,9,10,11,15,16,19
2015-04-18,16:00,1829,11,1,4,6,7,8,11,13,14,15,17
2015-04-18,17:00,1830,7,3,4,6,7,9,10,14,16,17,19
2015-04-18,18:00,1831,18,4,5,7,8,9,12,14,16,17,19
2015-04-18,19:00,1832,20,2,3,5,6,9,12,15,16,17,19
2015-04-18,20:00,1833,7,1,2,3,5,6,11,16,17,18,19
2015-04-18,21:00,1834,14,1,2,3,6,7,14,15,17,18,19
2015-04-18,22:00,1835,7,1,3,4,6,7,10,13,14,17,19
2015-04-18,23:00,1836,3,2,3,4,5,6,8,11,13,14,19
2015-04-19,07:00,1837,14,1,3,5,6,8,10,11,18,19,20
2015-04-19,08:00,1838,8,2,3,4,8,10,11,13,16,18,19
2015-04-19,09:00,1839,5,2,3,5,6,8,9,11,12,15,19
2015-04-19,10:00,1840,2,1,3,5,6,7,8,9,11,15,20
2015-04-19,11:00,1841,5,1,4,5,6,7,8,9,14,17,19
2015-04-19,12:00,1842,16,2,3,7,8,12,14,15,16,18,19
2015-04-19,13:00,1843,19,2,3,5,6,7,11,14,15,18,20
2015-04-19,14:00,1844,6,1,2,3,6,10,11,13,14,16,19
2015-04-19,15:00,1845,16,1,4,5,6,10,11,15,16,18,20
2015-04-19,16:00,1846,1,2,7,8,10,11,13,15,18,19,20
2015-04-19,17:00,1847,20,1,3,4,8,11,12,14,15,18,19
2015-04-19,18:00,1848,17,3,4,6,9,11,14,15,16,17,20
2015-04-19,19:00,1849,2,1,8,10,12,13,15,16,17,18,19
2015-04-19,20:00,1850,7,3,7,9,12,13,15,16,17,18,20
2015-04-19,21:00,1851,8,1,5,6,7,9,11,14,15,17,20
2015-04-19,22:00,1852,16,1,3,4,7,9,11,14,16,18,19
2015-04-19,23:00,1853,9,1,2,3,4,6,8,12,14,17,18
2015-04-20,07:00,1854,1,5,6,7,9,11,12,13,16,18,19
2015-04-20,08:00,1855,4,1,10,11,13,14,15,16,17,18,20
2015-04-20,09:00,1856,3,4,6,7,8,9,10,12,14,18,20
2015-04-20,10:00,1857,5,1,2,7,8,9,10,12,14,17,19
2015-04-20,11:00,1858,10,1,3,4,6,7,8,12,13,14,18
2015-04-20,12:00,1859,14,2,6,8,9,10,13,16,17,18,20
2015-04-20,13:00,1860,3,1,3,6,7,8,12,14,15,18,19
2015-04-20,14:00,1861,20,1,2,3,8,10,12,13,16,18,20
2015-04-20,15:00,1862,7,1,6,8,10,13,14,16,17,18,19
2015-04-20,16:00,1863,12,2,4,6,8,9,11,15,16,17,20
2015-04-20,17:00,1864,11,1,5,6,7,10,11,14,16,17,19
2015-04-20,18:00,1865,8,2,3,4,7,9,12,13,14,17,18
2015-04-20,19:00,1866,13,1,3,5,6,8,9,10,16,18,19
2015-04-20,20:00,1867,20,3,5,6,10,11,14,17,18,19,20
2015-04-20,21:00,1868,17,2,3,4,5,7,11,12,15,16,17
2015-04-20,22:00,1869,2,1,4,5,7,9,12,13,15,17,18
2015-04-20,23:00,1870,19,2,3,4,5,7,10,14,15,16,19
2015-04-21,07:00,1871,4,2,3,4,8,9,10,15,17,19,20
2015-04-21,08:00,1872,11,5,7,9,10,12,14,15,16,17,19
2015-04-21,09:00,1873,12,1,2,4,6,8,10,12,15,18,19
2015-04-21,10:00,1874,20,1,4,5,6,10,13,16,17,18,19
2015-04-21,11:00,1875,3,2,5,6,7,8,11,12,17,18,20
2015-04-21,12:00,1876,9,1,3,4,8,9,10,12,15,18,19
2015-04-21,13:00,1877,17,3,4,7,11,12,15,16,17,18,20
2015-04-21,14:00,1878,18,1,2,3,6,7,9,11,14,17,19
2015-04-21,15:00,1879,12,5,6,8,9,11,12,14,15,16,17
2015-04-21,16:00,1880,1,1,4,5,6,8,9,13,16,18,20
2015-04-21,17:00,1881,6,1,2,4,5,8,9,10,12,16,17
2015-04-21,18:00,1882,2,2,4,5,7,8,12,13,14,15,19
2015-04-21,19:00,1883,17,1,3,5,6,7,9,13,14,15,20
2015-04-21,20:00,1884,18,2,3,5,7,8,10,11,15,16,18
2015-04-21,21:00,1885,13,1,3,5,6,11,12,13,14,19,20
2015-04-21,22:00,1886,3,1,3,4,5,6,7,9,11,14,15
2015-04-21,23:00,1887,10,1,2,4,5,9,10,11,12,13,14
2015-04-22,07:00,1888,5,1,4,5,8,11,14,15,16,17,18
2015-04-22,08:00,1889,14,3,5,7,8,10,11,12,14,16,17
2015-04-22,09:00,1890,19,1,2,5,7,8,9,10,11,12,17
2015-04-22,10:00,1891,5,2,3,7,11,12,14,17,18,19,20
2015-04-22,11:00,1892,7,1,3,4,5,6,9,11,16,19,20
2015-04-22,12:00,1893,9,1,6,7,9,10,11,13,15,19,20
2015-04-22,13:00,1894,11,1,2,3,9,11,13,15,18,19,20
2015-04-22,14:00,1895,16,3,4,5,6,9,10,14,15,18,19
2015-04-22,15:00,1896,1,1,3,4,7,8,12,15,17,18,20
2015-04-22,16:00,1897,1,3,4,8,11,12,13,14,18,19,20
2015-04-22,17:00,1898,8,2,3,5,8,11,13,14,15,17,20
2015-04-22,18:00,1899,19,1,3,4,5,6,11,12,14,16,18
2015-04-22,19:00,1900,1,2,3,6,10,12,13,16,17,19,20
2015-04-22,20:00,1901,3,4,5,9,11,12,14,15,16,18,20
2015-04-22,21:00,1902,7,2,3,4,5,6,9,10,12,19,20
2015-04-22,22:00,1903,10,3,6,9,10,11,12,13,15,16,17
2015-04-22,23:00,1904,1,1,2,5,6,8,9,13,14,16,18
2015-04-23,07:00,1905,18,1,3,8,10,12,13,16,17,19,20
2015-04-23,08:00,1906,2,2,5,8,9,10,11,13,14,17,19
2015-04-23,09:00,1907,12,1,2,3,7,8,9,14,15,19,20
2015-04-23,10:00,1908,4,2,3,4,7,11,14,15,18,19,20
2015-04-23,11:00,1909,5,2,3,4,7,9,11,12,17,18,20
2015-04-23,12:00,1910,11,1,2,5,7,10,11,14,17,19,20
2015-04-23,13:00,1911,15,4,6,7,8,9,11,14,16,17,20
2015-04-23,14:00,1912,18,2,3,4,6,12,13,14,16,17,20
2015-04-23,15:00,1913,8,2,5,7,9,13,15,16,17,18,20
2015-04-23,16:00,1914,12,3,6,7,8,10,12,15,17,18,20
2015-04-23,17:00,1915,17,1,2,6,7,8,10,11,12,15,16
2015-04-23,18:00,1916,4,2,4,6,8,10,13,14,15,17,19
2015-04-23,19:00,1917,19,3,4,5,6,7,8,15,16,18,20
2015-04-23,20:00,1918,7,1,6,7,8,10,11,12,17,18,20
2015-04-23,21:00,1919,12,4,5,7,9,10,11,13,14,18,20
2015-04-23,22:00,1920,16,6,7,9,10,11,12,13,14,15,17
2015-04-23,23:00,1921,3,3,5,6,8,9,10,11,15,17,18
2015-04-24,07:00,1922,2,3,5,6,7,10,11,12,13,14,16
2015-04-24,08:00,1923,18,1,3,4,7,8,11,12,13,14,16
2015-04-24,09:00,1924,4,1,5,6,7,12,13,14,16,17,18
2015-04-24,10:00,1925,14,1,3,4,8,9,11,13,15,18,19
2015-04-24,11:00,1926,5,2,4,5,8,10,11,12,13,17,18
2015-04-24,12:00,1927,4,1,6,7,8,9,10,11,12,13,15
2015-04-24,13:00,1928,20,1,4,6,7,8,12,13,17,18,19
2015-04-24,14:00,1929,2,2,4,7,10,11,12,14,15,19,20
2015-04-24,15:00,1930,16,3,5,6,7,11,12,13,15,19,20
2015-04-24,16:00,1931,7,1,2,3,5,7,9,10,12,14,17
2015-04-24,17:00,1932,17,2,4,8,9,10,11,13,16,19,20
2015-04-24,18:00,1933,12,3,5,7,8,10,11,13,14,15,16
2015-04-24,19:00,1934,20,1,3,5,7,8,11,12,13,14,15
2015-04-24,20:00,1935,13,3,4,5,6,7,10,12,14,18,19
2015-04-24,21:00,1936,2,4,5,6,7,8,10,13,16,17,19
2015-04-24,22:00,1937,6,1,2,4,5,7,10,11,14,17,19
2015-04-24,23:00,1938,15,3,4,5,6,11,12,13,14,16,18
2015-04-25,07:00,1939,12,1,6,7,10,11,12,14,16,17,18
2015-04-25,08:00,1940,20,2,4,7,11,12,13,15,16,17,19
2015-04-25,09:00,1941,14,4,5,7,10,11,12,14,15,18,19
2015-04-25,10:00,1942,11,2,3,4,5,8,11,15,17,18,19
2015-04-25,11:00,1943,12,3,4,6,9,12,13,15,17,19,20
2015-04-25,12:00,1944,19,2,3,7,9,11,14,16,17,19,20
2015-04-25,13:00,1945,10,1,3,4,5,6,11,12,13,19,20
2015-04-25,14:00,1946,1,1,5,7,11,12,14,16,17,18,20
2015-04-25,15:00,1947,19,2,3,6,7,8,10,12,13,15,18
2015-04-25,16:00,1948,7,1,5,6,7,9,11,15,17,18,20
2015-04-25,17:00,1949,13,1,3,5,6,11,13,14,16,19,20
2015-04-25,18:00,1950,10,1,2,6,9,10,14,16,17,19,20
2015-04-25,19:00,1951,17,1,2,4,6,8,10,11,13,15,17
2015-04-25,20:00,1952,18,2,4,6,8,11,12,14,15,17,19
2015-04-25,21:00,1953,11,1,3,4,8,10,14,15,16,17,19
2015-04-25,22:00,1954,18,2,4,5,6,7,9,14,16,18,20
2015-04-25,23:00,1955,14,4,5,6,9,10,12,13,14,17,19
2015-04-26,07:00,1956,13,3,4,6,7,10,11,12,13,19,20
2015-04-26,08:00,1957,15,1,3,4,5,8,9,14,15,17,18
2015-04-26,09:00,1958,9,1,2,4,5,6,10,13,17,18,20
2015-04-26,10:00,1959,18,2,3,4,11,12,13,15,16,17,20
2015-04-26,11:00,1960,5,3,5,6,8,9,12,13,14,16,18
2015-04-26,12:00,1961,12,2,3,5,6,7,8,9,11,14,20
2015-04-26,13:00,1962,12,1,2,3,4,6,9,13,14,15,19
2015-04-26,14:00,1963,17,3,7,9,11,12,14,15,16,17,19
2015-04-26,15:00,1964,18,1,5,6,8,9,14,16,17,19,20
2015-04-26,16:00,1965,7,2,3,4,5,8,11,13,14,15,16
2015-04-26,17:00,1966,9,1,2,3,8,9,13,14,15,16,19
2015-04-26,18:00,1967,17,2,3,4,5,8,11,14,15,16,19
2015-04-26,19:00,1968,11,1,2,7,8,9,14,15,16,17,19
2015-04-26,20:00,1969,19,2,4,9,10,11,13,15,16,17,20
2015-04-26,21:00,1970,9,1,2,5,6,7,12,13,14,15,16
2015-04-26,22:00,1971,3,1,2,7,9,10,11,12,13,15,20
2015-04-26,23:00,1972,9,2,3,4,7,8,10,11,13,14,18
2015-04-27,07:00,1973,18,2,4,5,10,11,13,15,16,17,20
2015-04-27,08:00,1974,10,1,4,7,8,9,10,14,15,18,20
2015-04-27,09:00,1975,13,1,5,6,7,9,11,12,14,15,16
2015-04-27,10:00,1976,9,2,3,6,7,10,13,15,16,18,19
2015-04-27,11:00,1977,5,5,6,8,9,11,12,16,17,18,20
2015-04-27,12:00,1978,13,3,4,5,7,8,10,11,13,15,17
2015-04-27,13:00,1979,13,1,4,10,12,14,15,16,17,18,20
2015-04-27,14:00,1980,4,2,3,5,11,12,13,14,16,17,20
2015-04-27,15:00,1981,5,3,4,5,6,7,9,11,14,15,20
2015-04-27,16:00,1982,20,1,2,6,7,10,14,15,16,18,19
2015-04-27,17:00,1983,8,1,2,3,4,10,12,13,14,17,18
2015-04-27,18:00,1984,2,1,4,7,10,12,13,14,18,19,20
2015-04-27,19:00,1985,20,3,4,7,9,10,13,14,18,19,20
2015-04-27,20:00,1986,9,1,4,9,11,12,15,16,17,18,20
2015-04-27,21:00,1987,18,2,3,4,6,8,14,15,18,19,20
2015-04-27,22:00,1988,16,1,2,3,4,5,6,7,8,10,14
2015-04-27,23:00,1989,5,3,4,5,8,10,15,17,18,19,20
2015-04-28,07:00,1990,19,1,5,6,7,8,12,14,15,16,20
2015-04-28,08:00,1991,5,1,7,9,12,15,16,17,18,19,20
2015-04-28,09:00,1992,3,4,5,6,10,11,13,16,17,18,19
2015-04-28,10:00,1993,10,1,3,11,12,13,14,15,16,18,19
2015-04-28,11:00,1994,3,1,3,6,9,10,11,13,14,15,16
2015-04-28,12:00,1995,13,1,2,6,7,8,9,10,14,15,20
2015-04-28,13:00,1996,6,2,3,5,6,7,9,12,14,15,16
2015-04-28,14:00,1997,1,3,6,9,10,11,13,14,15,16,20
2015-04-28,15:00,1998,9,1,3,5,6,7,8,9,10,12,19
2015-04-28,16:00,1999,4,1,3,4,6,7,10,11,13,16,19
2015-04-28,17:00,2000,1,2,3,7,8,10,13,14,15,16,17
2015-04-28,18:00,2001,8,2,3,6,7,11,12,13,14,19,20
2015-04-28,19:00,2002,2,1,5,6,7,8,14,15,17,19,20
2015-04-28,20:00,2003,8,1,3,5,6,10,11,16,17,19,20
2015-04-28,21:00,2004,1,2,4,8,9,11,12,13,15,18,20
2015-04-28,22:00,2005,6,3,4,5,6,9,11,12,13,14,20
2015-04-28,23:00,2006,15,3,6,8,12,14,15,16,18,19,20
2015-04-29,07:00,2007,5,1,2,3,7,10,11,16,17,18,19
2015-04-29,08:00,2008,16,1,4,5,6,7,9,10,12,14,20
2015-04-29,09:00,2009,3,2,4,7,10,11,13,14,16,18,19
2015-04-29,10:00,2010,1,2,5,7,9,10,11,12,14,15,17
2015-04-29,11:00,2011,14,1,2,5,7,10,11,12,13,15,18
2015-04-29,12:00,2012,7,3,4,8,9,10,11,13,14,18,19
2015-04-29,13:00,2013,17,1,6,9,10,12,14,16,17,18,20
2015-04-29,14:00,2014,18,1,2,3,6,7,8,12,13,15,17
2015-04-29,15:00,2015,1,5,6,8,9,14,15,16,17,19,20
2015-04-29,16:00,2016,5,1,3,4,5,10,13,14,16,17,20
2015-04-29,17:00,2017,2,3,4,6,10,12,15,17,18,19,20
2015-04-29,18:00,2018,2,1,2,4,10,11,12,14,16,18,19
2015-04-29,19:00,2019,11,1,2,4,5,7,8,10,12,15,20
2015-04-29,20:00,2020,11,1,2,3,4,6,9,11,12,18,20
2015-04-29,21:00,2021,6,1,4,8,9,10,11,12,13,15,19
2015-04-29,22:00,2022,16,1,2,4,5,6,7,10,11,15,17
2015-04-29,23:00,2023,16,4,5,6,8,9,10,13,14,17,19
2015-04-30,07:00,2024,13,4,5,7,9,11,12,14,17,18,19
2015-04-30,08:00,2025,5,1,5,6,9,10,11,15,17,18,19
2015-04-30,09:00,2026,19,1,2,5,6,7,9,10,15,17,18
2015-04-30,10:00,2027,19,1,5,7,8,9,11,15,16,17,20
2015-04-30,11:00,2028,5,4,5,7,10,11,12,13,14,15,19
2015-04-30,12:00,2029,3,2,6,8,10,11,12,13,15,18,20
2015-04-30,13:00,2030,20,2,7,9,10,11,13,14,15,18,20
2015-04-30,14:00,2031,9,3,5,7,8,9,10,12,13,17,20
2015-04-30,15:00,2032,1,4,5,7,9,10,11,12,13,14,19
2015-04-30,16:00,2033,7,1,5,9,11,14,15,16,17,18,20
2015-04-30,17:00,2034,16,1,2,3,5,7,8,14,17,18,20
2015-04-30,18:00,2035,13,2,4,5,8,9,11,15,16,19,20
2015-04-30,19:00,2036,6,1,2,4,6,11,12,15,18,19,20
2015-04-30,20:00,2037,15,2,4,5,7,8,11,12,14,15,19
2015-04-30,21:00,2038,12,3,6,7,8,10,12,13,14,15,16
2015-04-30,22:00,2039,18,1,2,3,7,8,11,13,15,18,19
2015-04-30,23:00,2040,9,3,4,9,10,11,12,14,16,17,20
2015-05-01,07:00,2041,10,1,2,3,5,7,8,11,14,19,20
2015-05-01,08:00,2042,4,2,5,7,9,12,13,14,15,17,19
2015-05-01,09:00,2043,10,3,4,6,7,8,9,11,13,17,20
2015-05-01,10:00,2044,10,1,3,5,7,11,12,13,17,18,20
2015-05-01,11:00,2045,13,3,5,7,8,9,11,13,14,16,19
2015-05-01,12:00,2046,1,5,6,8,9,13,14,15,16,19,20
2015-05-01,13:00,2047,5,1,2,3,5,6,7,12,14,15,20
2015-05-01,14:00,2048,13,3,6,7,8,9,11,15,17,19,20
2015-05-01,15:00,2049,20,1,2,3,4,6,7,9,13,16,19
2015-05-01,16:00,2050,13,3,5,6,7,10,11,12,17,18,20
2015-05-01,17:00,2051,12,1,4,5,6,7,13,15,17,18,20
2015-05-01,18:00,2052,7,3,4,6,7,10,11,14,15,16,17
2015-05-01,19:00,2053,6,4,5,6,8,9,15,16,17,18,19
2015-05-01,20:00,2054,3,1,2,4,7,9,11,15,16,17,19
2015-05-01,21:00,2055,18,1,4,5,6,8,11,14,15,16,20
2015-05-01,22:00,2056,6,2,3,6,7,8,9,16,18,19,20
2015-05-01,23:00,2057,14,2,3,5,9,10,11,15,16,17,20
2015-05-02,07:00,2058,2,1,2,6,7,8,9,15,16,17,19
2015-05-02,08:00,2059,16,2,3,8,9,12,13,15,17,18,20
2015-05-02,09:00,2060,2,2,3,4,7,8,11,15,16,19,20
2015-05-02,10:00,2061,18,2,3,8,9,10,11,15,17,19,20
2015-05-02,11:00,2062,17,2,6,8,9,10,11,14,15,18,19
2015-05-02,12:00,2063,15,3,5,6,9,10,12,13,14,15,17
2015-05-02,13:00,2064,20,2,3,4,6,7,10,13,15,18,19
2015-05-02,14:00,2065,16,1,4,6,8,9,10,11,12,16,19
2015-05-02,15:00,2066,16,1,3,4,5,9,10,11,13,16,18
2015-05-02,16:00,2067,1,3,4,7,8,9,10,15,18,19,20
2015-05-02,17:00,2068,15,4,5,6,8,9,10,11,15,19,20
2015-05-02,18:00,2069,18,1,2,4,6,7,9,10,12,14,16
2015-05-02,19:00,2070,8,3,4,5,8,9,10,11,17,18,20
2015-05-02,20:00,2071,11,1,2,3,6,7,9,11,12,15,19
2015-05-02,21:00,2072,6,1,2,5,9,11,12,14,17,19,20
2015-05-02,22:00,2073,14,1,2,3,6,7,15,16,18,19,20
2015-05-02,23:00,2074,19,1,2,4,7,8,9,10,11,16,19
2015-05-03,07:00,2075,16,1,2,4,6,8,9,10,14,15,16
2015-05-03,08:00,2076,17,1,2,4,5,6,8,9,11,12,14
2015-05-03,09:00,2077,15,1,2,3,4,5,6,7,8,15,19
2015-05-03,10:00,2078,20,1,5,6,7,9,10,14,15,16,19
2015-05-03,11:00,2079,15,4,8,9,10,11,12,13,14,16,19
2015-05-03,12:00,2080,19,1,3,5,8,9,10,11,13,16,17
2015-05-03,13:00,2081,6,1,5,6,7,8,11,14,16,18,19
2015-05-03,14:00,2082,9,2,3,6,11,12,14,16,17,18,19
2015-05-03,15:00,2083,9,2,3,5,9,11,12,13,15,16,17
2015-05-03,16:00,2084,17,1,3,4,5,8,9,12,13,14,15
2015-05-03,17:00,2085,18,1,2,3,5,6,9,13,16,17,19
2015-05-03,18:00,2086,13,2,3,4,7,10,12,14,16,18,19
2015-05-03,19:00,2087,19,3,5,7,8,11,13,15,16,17,20
2015-05-03,20:00,2088,3,2,6,7,9,10,12,13,14,16,19
2015-05-03,21:00,2089,14,1,2,5,6,7,9,10,11,12,16
2015-05-03,22:00,2090,9,1,2,3,5,8,10,11,13,16,17
2015-05-03,23:00,2091,14,1,3,5,7,8,9,10,11,12,15
2015-05-04,07:00,2092,18,1,3,7,9,10,11,13,16,17,18
2015-05-04,08:00,2093,13,1,4,6,7,9,11,12,16,17,18
2015-05-04,09:00,2094,14,1,2,8,10,13,14,15,16,18,20
2015-05-04,10:00,2095,19,1,3,4,10,11,13,14,15,16,18
2015-05-04,11:00,2096,17,2,3,6,10,13,15,16,17,18,19
2015-05-04,12:00,2097,3,2,3,4,5,11,12,14,16,17,19
2015-05-04,13:00,2098,6,1,2,8,9,10,11,13,14,16,17
2015-05-04,14:00,2099,5,2,6,8,9,10,12,13,16,18,20
2015-05-04,15:00,2100,2,1,2,3,5,6,7,8,9,16,19
2015-05-04,16:00,2101,9,5,8,9,10,11,13,14,15,17,18
2015-05-04,17:00,2102,20,3,6,9,10,11,14,16,18,19,20
2015-05-04,18:00,2103,4,2,3,4,5,7,8,9,14,19,20
2015-05-04,19:00,2104,4,1,2,4,8,9,11,12,13,14,18
2015-05-04,20:00,2105,20,1,2,4,5,6,9,10,11,13,19
2015-05-04,21:00,2106,7,2,4,5,8,9,10,11,12,16,19
2015-05-04,22:00,2107,7,1,2,3,8,10,12,13,14,16,19
2015-05-04,23:00,2108,18,3,4,5,9,11,12,13,15,18,19
2015-05-05,07:00,2109,19,1,2,3,4,6,9,10,11,18,20
2015-05-05,08:00,2110,20,1,3,7,9,10,12,13,17,19,20
2015-05-05,09:00,2111,10,2,4,5,8,9,12,13,17,18,19
2015-05-05,10:00,2112,8,1,2,3,4,10,13,15,16,18,20
2015-05-05,11:00,2113,16,2,4,6,7,8,10,11,15,17,20
2015-05-05,12:00,2114,12,1,6,9,11,13,15,16,17,18,19
2015-05-05,13:00,2115,15,1,3,5,7,11,12,17,18,19,20
2015-05-05,14:00,2116,20,1,2,3,8,9,11,14,15,19,20
2015-05-05,15:00,2117,9,1,2,4,5,7,9,11,12,16,20
2015-05-05,16:00,2118,20,4,5,8,11,12,14,16,18,19,20
2015-05-05,17:00,2119,12,1,2,3,4,6,7,14,15,16,19
2015-05-05,18:00,2120,5,1,2,3,9,12,13,14,16,18,19
2015-05-05,19:00,2121,6,4,6,7,8,10,11,12,14,16,19
2015-05-05,20:00,2122,2,4,6,7,9,13,14,15,17,18,20
2015-05-05,21:00,2123,14,1,5,6,8,10,12,14,15,16,20
2015-05-05,22:00,2124,16,1,4,6,9,12,15,17,18,19,20
2015-05-05,23:00,2125,20,2,3,10,12,13,15,16,17,18,20
2015-05-06,07:00,2126,18,3,5,6,8,9,13,14,15,16,19
2015-05-06,08:00,2127,16,2,3,5,8,9,12,15,17,18,20
2015-05-06,09:00,2128,12,2,3,5,9,11,12,15,16,18,19
2015-05-06,10:00,2129,5,2,3,5,6,7,9,10,11,12,13
2015-05-06,11:00,2130,4,1,3,4,7,9,10,11,16,18,20
2015-05-06,12:00,2131,2,1,2,5,7,8,9,10,13,17,18
2015-05-06,13:00,2132,7,1,2,5,10,12,13,14,16,19,20
2015-05-06,14:00,2133,18,3,5,7,8,10,11,13,18,19,20
2015-05-06,15:00,2134,3,1,4,5,8,10,12,14,15,17,20
2015-05-06,16:00,2135,6,1,6,7,8,12,14,15,17,18,19
2015-05-06,17:00,2136,18,2,3,4,7,8,9,10,14,16,18
2015-05-06,18:00,2137,8,4,5,8,9,11,14,16,17,18,20
2015-05-06,19:00,2138,1,1,2,4,9,10,13,14,16,18,19
2015-05-06,20:00,2139,2,3,5,7,8,9,14,15,16,17,19
2015-05-06,21:00,2140,5,1,2,6,7,9,10,16,17,19,20
2015-05-06,22:00,2141,13,2,3,4,7,10,11,13,14,15,20
2015-05-06,23:00,2142,5,3,5,6,7,8,11,12,13,14,17
2015-05-07,07:00,2143,8,1,2,4,6,7,9,11,13,15,16
2015-05-07,08:00,2144,4,4,7,9,10,12,13,16,17,18,20
2015-05-07,09:00,2145,7,3,11,12,13,15,16,17,18,19,20
2015-05-07,10:00,2146,2,1,2,5,6,8,10,12,16,17,20
2015-05-07,11:00,2147,6,2,3,4,5,6,7,8,11,14,15
2015-05-07,12:00,2148,4,1,4,8,9,10,13,14,17,18,20
2015-05-07,13:00,2149,17,1,2,5,6,9,10,12,17,18,20
2015-05-07,14:00,2150,13,1,6,7,8,10,13,15,16,17,19
2015-05-07,15:00,2151,16,1,2,6,7,8,10,13,14,15,17
2015-05-07,16:00,2152,11,4,5,8,9,12,14,16,18,19,20
2015-05-07,17:00,2153,1,1,4,5,9,11,13,14,15,16,17
2015-05-07,18:00,2154,16,2,5,8,9,11,12,13,15,16,18
2015-05-07,19:00,2155,4,1,2,6,8,10,13,14,16,17,20
2015-05-07,20:00,2156,9,1,4,7,10,11,12,13,16,17,18
2015-05-07,21:00,2157,2,1,3,5,6,8,14,16,17,18,19
2015-05-07,22:00,2158,17,4,6,7,9,10,13,15,16,17,20
2015-05-07,23:00,2159,12,1,2,4,6,7,11,13,14,16,18
2015-05-08,07:00,2160,12,1,2,3,10,11,12,13,14,15,19
2015-05-08,08:00,2161,6,1,4,6,7,9,10,11,14,15,17
2015-05-08,09:00,2162,2,2,3,7,8,9,13,15,16,17,18
2015-05-08,10:00,2163,8,1,2,7,10,11,12,13,14,18,19
2015-05-08,11:00,2164,3,1,3,6,7,10,14,15,16,17,20
2015-05-08,12:00,2165,13,1,8,9,10,11,12,14,16,17,18
2015-05-08,13:00,2166,8,1,3,5,10,11,12,14,16,18,20
2015-05-08,14:00,2167,12,1,2,7,8,10,12,13,14,18,20
2015-05-08,15:00,2168,3,2,5,6,10,11,12,13,17,18,20
2015-05-08,16:00,2169,18,2,3,4,5,7,9,10,11,15,17
2015-05-08,17:00,2170,9,2,5,7,8,9,11,13,15,18,19
2015-05-08,18:00,2171,2,1,2,5,6,7,13,15,16,17,19
2015-05-08,19:00,2172,19,1,4,7,10,11,14,15,16,18,19
2015-05-08,20:00,2173,15,1,5,6,7,8,11,13,14,16,17
2015-05-08,21:00,2174,8,3,5,7,8,9,11,12,13,16,20
2015-05-08,22:00,2175,10,1,2,4,8,9,10,11,12,14,17
2015-05-08,23:00,2176,1,3,4,5,9,10,11,13,17,18,20
2015-05-09,07:00,2177,2,1,2,3,6,7,13,14,15,16,19
2015-05-09,08:00,2178,19,2,3,4,7,9,11,12,18,19,20
2015-05-09,09:00,2179,15,1,9,10,11,13,14,16,17,18,20
2015-05-09,10:00,2180,5,3,5,6,7,8,9,13,14,19,20
2015-05-09,11:00,2181,18,1,3,4,5,7,8,10,12,13,18
2015-05-09,12:00,2182,8,1,2,5,8,9,10,11,12,13,15
2015-05-09,13:00,2183,13,2,3,4,6,8,9,12,13,16,18
2015-05-09,14:00,2184,9,1,3,4,5,6,7,13,15,16,20
2015-05-09,15:00,2185,14,2,3,5,6,7,11,12,15,16,19
2015-05-09,16:00,2186,2,2,3,4,5,6,10,11,12,13,19
2015-05-09,17:00,2187,12,3,9,10,12,13,14,17,18,19,20
2015-05-09,18:00,2188,8,4,5,6,9,11,13,16,18,19,20
2015-05-09,19:00,2189,20,3,5,6,7,10,11,13,14,18,19
2015-05-09,20:00,2190,4,1,3,6,7,8,12,13,14,15,16
2015-05-09,21:00,2191,11,1,2,3,7,9,11,16,17,18,19
2015-05-09,22:00,2192,12,1,2,3,5,6,12,13,15,18,19
2015-05-09,23:00,2193,3,1,2,3,5,9,10,13,14,15,18
2015-05-10,07:00,2194,6,1,5,6,10,11,12,13,17,18,19
2015-05-10,08:00,2195,13,1,2,3,4,5,9,10,11,12,17
2015-05-10,09:00,2196,12,2,9,10,13,14,15,16,17,18,19
2015-05-10,10:00,2197,7,2,4,5,7,8,11,13,14,15,20
2015-05-10,11:00,2198,19,1,4,6,7,10,12,14,15,17,19
2015-05-10,12:00,2199,13,1,2,5,8,13,14,15,16,18,19
2015-05-10,13:00,2200,12,1,2,3,5,9,10,15,16,17,20
2015-05-10,14:00,2201,20,2,5,6,7,8,9,11,13,16,18
2015-05-10,15:00,2202,12,1,6,7,9,10,11,14,16,18,20
2015-05-10,16:00,2203,12,1,6,11,12,14,15,16,17,18,19
2015-05-10,17:00,2204,19,2,3,5,9,11,12,13,14,15,18
2015-05-10,18:00,2205,4,1,5,6,8,9,11,13,15,16,17
2015-05-10,19:00,2206,20,1,3,5,9,12,13,15,16,18,20
2015-05-10,20:00,2207,9,2,3,6,9,10,12,14,15,16,18
2015-05-10,21:00,2208,1,3,4,5,8,10,11,12,13,14,18
2015-05-10,22:00,2209,5,1,2,3,4,6,11,13,14,17,20
2015-05-10,23:00,2210,8,1,2,4,6,8,9,13,17,18,20
2015-05-11,07:00,2211,16,2,5,9,10,12,13,16,17,19,20
2015-05-11,08:00,2212,14,4,5,6,8,14,15,16,18,19,20
2015-05-11,09:00,2213,1,1,2,9,10,11,14,15,18,19,20
2015-05-11,10:00,2214,18,1,4,7,8,11,13,14,17,18,20
2015-05-11,11:00,2215,8,4,6,7,9,10,11,13,14,15,18
2015-05-11,12:00,2216,14,3,5,8,11,12,13,15,16,18,19
2015-05-11,13:00,2217,14,2,3,5,8,10,11,12,13,15,20
2015-05-11,14:00,2218,2,1,5,6,8,9,11,14,15,16,20
2015-05-11,15:00,2219,10,1,5,6,7,8,11,13,16,19,20
2015-05-11,16:00,2220,14,1,5,7,8,9,11,14,15,19,20
2015-05-11,17:00,2221,1,4,5,6,7,8,9,11,16,17,19
2015-05-11,18:00,2222,4,1,4,6,8,12,15,16,18,19,20
2015-05-11,19:00,2223,13,1,3,5,8,9,10,11,12,16,19
2015-05-11,20:00,2224,19,4,6,7,9,12,13,14,15,18,20
2015-05-11,21:00,2225,9,3,5,6,7,9,10,11,12,17,19
2015-05-11,22:00,2226,8,1,2,3,4,5,9,10,12,15,18
2015-05-11,23:00,2227,16,1,4,8,11,12,13,15,16,17,19
2015-05-12,07:00,2228,8,3,4,5,6,8,12,14,15,17,18
2015-05-12,08:00,2229,11,4,5,6,9,11,12,15,17,18,19
2015-05-12,09:00,2230,10,2,3,4,5,8,12,13,14,17,20
2015-05-12,10:00,2231,20,1,3,5,6,9,11,16,17,19,20
2015-05-12,11:00,2232,16,1,2,4,6,7,12,15,16,17,20
2015-05-12,12:00,2233,15,2,3,5,6,8,10,12,16,18,20
2015-05-12,13:00,2234,1,5,8,9,10,12,13,14,16,18,20
2015-05-12,14:00,2235,3,1,2,5,6,12,13,15,17,18,20
2015-05-12,15:00,2236,15,1,8,9,11,13,14,15,16,17,19
2015-05-12,16:00,2237,13,2,3,4,5,9,10,12,15,16,18
2015-05-12,17:00,2238,11,1,2,3,4,5,7,8,11,14,20
2015-05-12,18:00,2239,17,1,2,5,6,8,9,13,15,17,19
2015-05-12,19:00,2240,7,2,3,4,5,6,10,11,14,15,20
2015-05-12,20:00,2241,17,1,5,9,11,12,13,14,17,18,20
2015-05-12,21:00,2242,13,2,5,6,7,8,12,13,14,15,18
2015-05-12,22:00,2243,17,1,3,6,9,10,12,13,14,16,19
2015-05-12,23:00,2244,20,1,4,5,6,7,8,13,16,18,19
2015-05-13,07:00,2245,2,2,3,6,7,8,10,11,12,13,17
2015-05-13,08:00,2246,12,5,6,10,11,13,14,15,16,18,20
2015-05-13,09:00,2247,15,1,2,3,4,10,13,14,16,18,19
2015-05-13,10:00,2248,19,3,5,6,7,9,11,13,17,18,19
2015-05-13,11:00,2249,12,2,4,5,6,7,10,11,14,15,16
2015-05-13,12:00,2250,1,1,4,7,11,12,13,14,17,18,20
2015-05-13,13:00,2251,6,3,4,5,7,10,13,14,17,18,19
2015-05-13,14:00,2252,20,1,5,6,8,9,10,11,15,16,20
2015-05-13,15:00,2253,5,2,6,8,9,11,12,15,16,17,20
2015-05-13,16:00,2254,16,1,2,4,7,10,11,12,15,16,20
2015-05-13,17:00,2255,12,1,2,3,6,9,13,14,15,17,20
2015-05-13,18:00,2256,15,4,5,8,10,11,13,16,17,19,20
2015-05-13,19:00,2257,11,4,7,8,11,12,13,16,17,18,20
2015-05-13,20:00,2258,10,1,7,9,10,14,15,16,17,18,20
2015-05-13,21:00,2259,7,1,2,5,9,10,11,15,17,18,20
2015-05-13,22:00,2260,20,1,2,3,4,8,9,13,15,16,17
2015-05-13,23:00,2261,15,1,2,3,9,10,13,14,16,17,20
2015-05-14,07:00,2262,13,5,6,7,10,14,15,17,18,19,20
2015-05-14,08:00,2263,3,2,7,8,9,10,11,12,14,17,18
2015-05-14,09:00,2264,10,2,7,8,10,11,12,15,16,17,19
2015-05-14,10:00,2265,6,5,6,7,10,11,14,15,17,18,19
2015-05-14,11:00,2266,1,2,4,6,7,8,11,12,13,14,15
2015-05-14,12:00,2267,9,1,2,4,6,7,9,11,12,13,16
2015-05-14,13:00,2268,6,2,3,4,6,7,12,13,14,16,17
2015-05-14,14:00,2269,14,3,4,6,8,9,10,12,16,17,19
2015-05-14,15:00,2270,17,1,6,8,10,11,13,14,18,19,20
2015-05-14,16:00,2271,20,1,5,6,8,9,10,11,14,15,18
2015-05-14,17:00,2272,20,5,6,7,8,10,11,12,15,18,20
2015-05-14,18:00,2273,18,4,7,10,11,12,14,15,16,17,18
2015-05-14,19:00,2274,8,1,5,8,10,12,13,16,17,18,19
2015-05-14,20:00,2275,3,1,2,5,6,7,8,10,12,19,20
2015-05-14,21:00,2276,5,4,5,6,7,8,13,14,15,18,19
2015-05-14,22:00,2277,4,1,3,4,7,8,11,12,14,18,20
2015-05-14,23:00,2278,12,1,7,8,9,10,12,13,14,15,17
2015-05-15,07:00,2279,5,4,6,7,13,14,15,16,18,19,20
2015-05-15,08:00,2280,15,2,4,6,9,10,12,13,14,17,18
2015-05-15,09:00,2281,14,1,2,4,7,8,10,11,12,15,16
2015-05-15,10:00,2282,19,1,5,7,9,10,11,13,14,15,18
2015-05-15,11:00,2283,18,1,2,4,7,9,11,13,15,17,18
2015-05-15,12:00,2284,6,1,2,5,8,11,12,16,17,18,19
2015-05-15,13:00,2285,9,1,5,6,8,9,10,14,15,17,18
2015-05-15,14:00,2286,1,1,4,5,7,8,10,13,14,17,19
2015-05-15,15:00,2287,3,1,2,4,6,7,8,9,10,11,18
2015-05-15,16:00,2288,16,1,2,8,11,12,13,15,17,19,20
2015-05-15,17:00,2289,14,2,5,6,9,13,16,17,18,19,20
2015-05-15,18:00,2290,5,1,2,3,5,7,8,9,14,18,19
2015-05-15,19:00,2291,15,1,4,5,8,9,12,15,16,17,18
2015-05-15,20:00,2292,19,1,2,4,6,9,10,11,12,14,16
2015-05-15,21:00,2293,5,2,3,5,6,9,10,11,13,17,20
2015-05-15,22:00,2294,19,3,4,5,7,10,11,12,13,19,20
2015-05-15,23:00,2295,2,1,2,10,12,13,14,15,16,17,20
2015-05-16,07:00,2296,12,1,7,8,9,10,11,14,15,17,18
2015-05-16,08:00,2297,5,1,4,6,11,12,13,14,17,19,20
2015-05-16,09:00,2298,19,6,8,9,10,13,14,17,18,19,20
2015-05-16,10:00,2299,5,3,5,7,8,10,15,17,18,19,20
2015-05-16,11:00,2300,17,1,2,5,8,10,11,17,18,19,20
2015-05-16,12:00,2301,17,1,3,5,6,12,13,14,15,16,20
2015-05-16,13:00,2302,5,1,3,5,7,10,11,12,15,16,17
2015-05-16,14:00,2303,4,1,3,4,5,6,10,11,12,17,18
2015-05-16,15:00,2304,7,3,4,5,7,12,13,14,17,18,20
2015-05-16,16:00,2305,16,2,4,6,11,12,13,14,16,17,20
2015-05-16,17:00,2306,16,2,3,5,6,7,8,11,16,17,20
2015-05-16,18:00,2307,3,1,4,5,7,10,13,15,17,18,20
2015-05-16,19:00,2308,4,1,3,4,6,8,12,13,18,19,20
2015-05-16,20:00,2309,8,5,6,7,9,10,11,14,15,16,18
2015-05-16,21:00,2310,4,3,6,9,10,11,12,14,15,18,19
2015-05-16,22:00,2311,14,1,2,3,10,11,12,14,15,19,20
2015-05-16,23:00,2312,20,3,5,6,7,8,14,15,16,17,18
2015-05-17,07:00,2313,12,3,4,5,7,8,9,12,14,18,20
2015-05-17,08:00,2314,5,1,2,5,7,9,13,14,15,18,20
2015-05-17,09:00,2315,5,2,5,8,9,10,11,13,14,16,20
2015-05-17,10:00,2316,5,1,4,8,11,14,15,16,17,18,20
2015-05-17,11:00,2317,17,1,2,6,9,11,13,14,16,17,18
2015-05-17,12:00,2318,6,2,3,6,9,11,12,14,15,18,19
2015-05-17,13:00,2319,3,2,3,4,6,7,10,12,13,17,20
2015-05-17,14:00,2320,5,2,3,5,8,9,13,14,16,17,18
2015-05-17,15:00,2321,15,1,2,3,4,5,6,9,10,15,19
2015-05-17,16:00,2322,10,1,2,3,8,9,12,13,14,15,17
2015-05-17,17:00,2323,12,2,5,7,12,13,14,15,16,17,19
2015-05-17,18:00,2324,1,1,2,3,4,5,7,9,12,14,18
2015-05-17,19:00,2325,3,1,3,5,11,12,13,15,18,19,20
2015-05-17,20:00,2326,1,2,5,6,7,8,9,12,14,17,20
2015-05-17,21:00,2327,17,1,2,3,5,6,12,13,15,17,18
2015-05-17,22:00,2328,7,1,2,4,6,8,10,12,15,16,18
2015-05-17,23:00,2329,4,2,3,4,5,6,7,8,9,13,14
2015-05-18,07:00,2330,15,2,4,5,6,9,11,13,14,15,17
2015-05-18,08:00,2331,4,1,3,8,9,10,14,15,17,19,20
2015-05-18,09:00,2332,10,3,4,5,7,12,13,16,17,18,19
2015-05-18,10:00,2333,6,2,4,5,7,8,9,10,14,17,19
2015-05-18,11:00,2334,13,1,2,3,5,13,14,15,16,17,18
2015-05-18,12:00,2335,2,1,2,6,10,11,13,14,16,18,20
2015-05-18,13:00,2336,16,2,3,5,8,9,12,15,16,17,20
2015-05-18,14:00,2337,16,1,2,3,5,8,9,11,12,15,20
2015-05-18,15:00,2338,4,1,5,8,9,12,13,16,17,18,19
2015-05-18,16:00,2339,3,4,5,7,9,10,13,14,15,17,20
2015-05-18,17:00,2340,5,3,7,8,9,10,11,12,16,17,20
2015-05-18,18:00,2341,19,3,6,7,8,10,15,16,17,19,20
2015-05-18,19:00,2342,11,1,7,8,10,11,12,13,14,15,17
2015-05-18,20:00,2343,9,1,4,5,7,10,15,16,17,18,19
2015-05-18,21:00,2344,9,2,3,4,8,9,10,12,14,16,18
2015-05-18,22:00,2345,11,1,4,5,6,8,9,10,11,14,16
2015-05-18,23:00,2346,18,2,3,5,6,7,9,10,12,15,16
2015-05-19,07:00,2347,6,3,6,7,8,9,10,13,15,17,20
2015-05-19,08:00,2348,15,2,3,4,8,9,11,13,15,16,18
2015-05-19,09:00,2349,9,2,4,7,8,10,11,12,14,15,20
2015-05-19,10:00,2350,9,1,3,4,6,8,9,13,15,17,20
2015-05-19,11:00,2351,1,3,5,6,8,12,14,15,17,18,19
2015-05-19,12:00,2352,4,5,6,9,11,12,14,16,17,18,19
2015-05-19,13:00,2353,10,2,3,5,7,9,10,13,15,17,18
2015-05-19,14:00,2354,5,4,5,6,8,9,12,13,14,15,17
2015-05-19,15:00,2355,20,3,5,7,8,11,14,15,16,19,20
2015-05-19,16:00,2356,16,2,4,5,7,9,12,14,15,16,18
2015-05-19,17:00,2357,20,2,3,6,7,11,12,13,14,16,17
2015-05-19,18:00,2358,20,2,4,6,10,11,12,14,16,17,19
2015-05-19,19:00,2359,9,2,4,6,7,8,9,14,15,16,19
2015-05-19,20:00,2360,17,1,2,4,5,7,8,9,11,16,18
2015-05-19,21:00,2361,10,2,4,6,7,8,10,12,14,17,19
2015-05-19,22:00,2362,13,3,7,8,9,11,12,13,14,17,18
2015-05-19,23:00,2363,11,1,2,4,5,6,12,13,16,17,19
2015-05-20,07:00,2364,7,1,2,4,5,9,10,12,14,17,18
2015-05-20,08:00,2365,7,5,6,7,8,9,13,14,15,16,18
2015-05-20,09:00,2366,9,1,3,5,6,8,9,11,16,17,18
2015-05-20,10:00,2367,6,2,3,4,7,10,11,13,16,19,20
2015-05-20,11:00,2368,19,1,4,5,8,11,12,13,15,16,20
2015-05-20,12:00,2369,14,2,3,5,6,11,12,14,15,17,18
2015-05-20,13:00,2370,6,1,2,3,7,9,12,13,14,16,19
2015-05-20,14:00,2371,5,1,3,5,6,8,10,15,18,19,20
2015-05-20,15:00,2372,16,2,3,5,7,9,10,12,13,14,20
2015-05-20,16:00,2373,6,1,2,3,5,7,10,16,17,18,19
2015-05-20,17:00,2374,4,4,8,9,10,11,12,15,16,18,19
2015-05-20,18:00,2375,6,1,2,3,4,7,9,11,12,14,17
2015-05-20,19:00,2376,2,1,2,4,9,10,11,12,13,14,15
2015-05-20,20:00,2377,17,1,2,3,5,7,11,16,18,19,20
2015-05-20,21:00,2378,13,3,6,7,9,12,13,16,18,19,20
2015-05-20,22:00,2379,19,2,4,5,8,9,10,12,16,17,20
2015-05-20,23:00,2380,16,2,3,6,7,9,14,16,17,18,20
2015-05-21,07:00,2381,2,7,8,9,10,11,13,15,16,17,20
2015-05-21,08:00,2382,16,5,6,8,10,13,14,15,16,17,19
2015-05-21,09:00,2383,14,2,4,5,6,9,11,13,14,17,20
2015-05-21,10:00,2384,3,2,3,4,6,7,10,12,18,19,20
2015-05-21,11:00,2385,19,1,3,5,10,11,13,15,17,18,20
2015-05-21,12:00,2386,17,1,2,4,7,8,11,12,13,17,19
2015-05-21,13:00,2387,1,3,4,5,7,9,11,14,17,19,20
2015-05-21,14:00,2388,5,3,7,8,9,10,12,13,14,16,17
2015-05-21,15:00,2389,4,2,3,4,5,6,12,13,15,19,20
2015-05-21,16:00,2390,18,3,4,5,7,8,11,12,16,17,18
2015-05-21,17:00,2391,11,1,4,5,6,7,11,12,15,16,19
2015-05-21,18:00,2392,1,1,2,5,9,11,13,14,15,16,19
2015-05-21,19:00,2393,11,7,8,9,11,12,13,14,16,17,20
2015-05-21,20:00,2394,17,2,5,12,13,14,15,16,17,18,19
2015-05-21,21:00,2395,7,2,3,4,5,7,12,15,16,17,20
2015-05-21,22:00,2396,8,1,3,4,7,11,12,14,16,17,19
2015-05-21,23:00,2397,18,1,3,4,6,7,8,9,11,13,17
2015-05-22,07:00,2398,5,1,2,6,9,11,12,14,15,16,20
2015-05-22,08:00,2399,14,2,3,4,5,6,12,13,16,18,20
2015-05-22,09:00,2400,9,1,3,4,5,7,8,9,16,17,18
2015-05-22,10:00,2401,19,4,6,7,8,10,11,14,15,17,18
2015-05-22,11:00,2402,9,1,3,6,10,14,15,17,18,19,20
2015-05-22,12:00,2403,19,3,5,6,8,9,11,13,17,19,20
2015-05-22,13:00,2404,13,2,5,6,11,12,13,14,15,18,19
2015-05-22,14:00,2405,19,1,2,4,5,6,8,11,14,16,18
2015-05-22,15:00,2406,4,4,5,6,7,13,14,16,18,19,20
2015-05-22,16:00,2407,17,1,3,4,5,8,9,12,15,17,19
2015-05-22,17:00,2408,19,2,4,5,7,9,12,13,14,15,18
2015-05-22,18:00,2409,10,3,4,5,7,8,11,12,15,17,20
2015-05-22,19:00,2410,1,1,3,5,6,9,10,13,15,17,20
2015-05-22,20:00,2411,12,1,3,5,6,9,10,13,16,18,20
2015-05-22,21:00,2412,17,1,2,4,5,8,9,14,16,17,18
2015-05-22,22:00,2413,17,1,2,4,6,7,8,13,14,17,19
2015-05-22,23:00,2414,11,2,3,4,5,6,8,13,15,19,20
2015-05-23,07:00,2415,6,2,3,4,6,9,10,11,12,15,19
2015-05-23,08:00,2416,11,2,6,8,10,11,15,16,17,18,20
2015-05-23,09:00,2417,16,4,6,7,9,11,12,15,17,18,19
2015-05-23,10:00,2418,9,1,4,5,6,7,9,12,13,15,16
2015-05-23,11:00,2419,10,2,3,4,7,8,9,10,13,17,19
2015-05-23,12:00,2420,2,1,2,4,8,12,13,14,16,17,18
2015-05-23,13:00,2421,6,2,5,8,9,10,11,12,14,17,20
2015-05-23,14:00,2422,11,3,4,5,6,7,10,12,15,18,19
2015-05-23,15:00,2423,4,2,5,6,9,13,15,17,18,19,20
2015-05-23,16:00,2424,11,2,5,8,12,15,16,17,18,19,20
2015-05-23,17:00,2425,15,1,6,7,8,10,13,16,17,19,20
2015-05-23,18:00,2426,2,1,2,3,4,7,8,10,14,16,18
2015-05-23,19:00,2427,16,1,2,4,5,11,12,13,18,19,20
2015-05-23,20:00,2428,14,1,5,9,10,11,12,13,14,18,19
2015-05-23,21:00,2429,7,1,2,7,9,12,13,15,16,17,18
2015-05-23,22:00,2430,11,1,3,5,9,14,15,16,17,18,20
2015-05-23,23:00,2431,15,3,4,5,7,8,9,15,17,18,19
2015-05-24,07:00,2432,7,1,2,3,9,10,11,13,14,15,18
2015-05-24,08:00,2433,3,1,2,8,9,10,11,13,14,16,17
2015-05-24,09:00,2434,6,1,2,4,5,7,9,10,15,16,19
2015-05-24,10:00,2435,3,1,3,4,5,9,10,13,14,17,18
2015-05-24,11:00,2436,18,3,5,6,7,8,10,14,15,17,18
2015-05-24,12:00,2437,3,1,3,7,8,11,12,13,14,15,17
2015-05-24,13:00,2438,9,1,2,8,9,10,14,16,17,18,19
2015-05-24,14:00,2439,7,2,5,7,10,11,12,15,16,17,18
2015-05-24,15:00,2440,18,1,3,6,7,8,10,11,12,15,20
2015-05-24,16:00,2441,18,2,3,4,5,6,11,13,15,17,20
2015-05-24,17:00,2442,1,2,8,9,11,13,14,16,17,18,20
2015-05-24,18:00,2443,2,2,4,6,7,8,10,12,14,16,20
2015-05-24,19:00,2444,14,1,3,4,5,8,10,14,15,18,19
2015-05-24,20:00,2445,12,1,4,5,7,8,10,11,14,15,18
2015-05-24,21:00,2446,10,1,4,7,10,11,15,16,18,19,20
2015-05-24,22:00,2447,9,1,3,5,6,7,10,12,16,19,20
2015-05-24,23:00,2448,19,1,2,3,7,8,10,11,12,13,19
2015-05-25,07:00,2449,3,5,6,7,9,10,12,13,14,17,18
2015-05-25,08:00,2450,2,3,4,5,6,7,13,15,17,18,19
2015-05-25,09:00,2451,9,3,4,7,9,13,14,15,17,18,19
2015-05-25,10:00,2452,11,1,2,3,5,7,12,15,17,19,20
2015-05-25,11:00,2453,4,2,5,7,9,11,13,16,17,18,19
2015-05-25,12:00,2454,8,1,2,3,5,6,9,11,12,13,16
2015-05-25,13:00,2455,15,1,2,3,4,8,10,11,14,16,18
2015-05-25,14:00,2456,15,2,3,7,8,10,13,14,15,16,18
2015-05-25,15:00,2457,16,1,2,4,6,10,11,14,15,17,20
2015-05-25,16:00,2458,2,2,4,5,7,8,9,11,12,14,20
2015-05-25,17:00,2459,20,1,7,8,11,12,13,17,18,19,20
2015-05-25,18:00,2460,1,4,8,9,10,11,12,16,17,18,19
2015-05-25,19:00,2461,13,1,3,4,7,8,13,14,15,16,17
2015-05-25,20:00,2462,3,3,4,8,9,10,11,12,15,19,20
2015-05-25,21:00,2463,16,1,5,6,13,14,15,16,17,18,19
2015-05-25,22:00,2464,2,3,4,5,6,7,9,11,14,18,20
2015-05-25,23:00,2465,7,1,2,6,8,9,10,11,12,15,19
2015-05-26,07:00,2466,3,2,5,6,7,8,11,12,15,16,17
2015-05-26,08:00,2467,16,3,5,9,11,12,13,14,15,16,17
2015-05-26,09:00,2468,3,3,5,7,8,9,11,14,15,16,17
2015-05-26,10:00,2469,20,2,3,4,7,8,10,14,16,17,19
2015-05-26,11:00,2470,15,1,2,3,4,6,7,8,16,17,20
2015-05-26,12:00,2471,13,2,3,4,7,9,11,12,14,16,17
2015-05-26,13:00,2472,12,2,3,6,9,11,13,14,15,18,20
2015-05-26,14:00,2473,14,2,3,4,5,9,11,15,16,17,20
2015-05-26,15:00,2474,5,2,3,8,13,14,15,17,18,19,20
2015-05-26,16:00,2475,3,3,4,5,8,10,13,14,15,16,18
2015-05-26,17:00,2476,9,3,4,5,6,7,8,10,14,15,18
2015-05-26,18:00,2477,20,5,6,8,9,13,14,15,16,18,19
2015-05-26,19:00,2478,16,2,3,4,12,13,15,16,17,18,20
2015-05-26,20:00,2479,15,2,4,5,6,8,10,13,16,18,20
2015-05-26,21:00,2480,2,2,4,7,8,9,10,15,16,18,19
2015-05-26,22:00,2481,14,1,4,6,8,9,12,15,17,18,19
2015-05-26,23:00,2482,6,2,3,6,8,9,11,15,16,17,20
2015-05-27,07:00,2483,16,1,2,3,4,9,12,13,14,16,20
2015-05-27,08:00,2484,3,2,4,8,11,13,16,17,18,19,20
2015-05-27,09:00,2485,20,2,4,5,6,8,12,13,15,16,20
2015-05-27,10:00,2486,16,1,2,3,4,5,11,12,13,14,20
2015-05-27,11:00,2487,8,4,5,6,12,13,14,15,16,17,20
2015-05-27,12:00,2488,1,2,5,7,9,10,11,13,14,17,19
2015-05-27,13:00,2489,15,1,3,4,5,9,10,14,15,18,19
2015-05-27,14:00,2490,3,3,5,6,11,13,14,15,16,17,19
2015-05-27,15:00,2491,17,1,2,4,5,6,9,10,11,14,19
2015-05-27,16:00,2492,2,1,2,3,7,8,10,13,15,18,20
2015-05-27,17:00,2493,3,4,9,10,11,14,15,16,17,19,20
2015-05-27,18:00,2494,2,1,3,6,12,13,14,16,17,19,20
2015-05-27,19:00,2495,5,1,2,4,5,6,7,9,11,13,17
2015-05-27,20:00,2496,3,7,8,10,11,12,14,15,17,18,20
2015-05-27,21:00,2497,12,1,3,4,9,13,14,16,17,19,20
2015-05-27,22:00,2498,18,2,5,6,7,9,10,11,12,17,19
2015-05-27,23:00,2499,8,1,3,5,9,10,11,15,17,19,20
2015-05-28,07:00,2500,10,4,7,8,11,12,13,15,16,17,18
2015-05-28,08:00,2501,9,3,5,6,7,9,11,16,17,18,20
2015-05-28,09:00,2502,9,4,6,10,11,12,15,16,17,19,20
2015-05-28,10:00,2503,17,2,4,5,7,11,12,13,14,15,20
2015-05-28,11:00,2504,1,1,3,5,6,7,8,10,11,14,17
2015-05-28,12:00,2505,5,3,6,7,8,9,11,13,15,18,20
2015-05-28,13:00,2506,12,1,2,3,5,7,8,13,14,16,18
2015-05-28,14:00,2507,1,2,4,8,11,13,15,16,18,19,20
2015-05-28,15:00,2508,20,3,5,7,8,9,11,15,16,19,20
2015-05-28,16:00,2509,13,3,4,5,7,12,13,14,17,18,19
2015-05-28,17:00,2510,10,1,3,5,6,8,11,14,15,16,19
2015-05-28,18:00,2511,11,8,9,10,11,13,15,16,17,18,19
2015-05-28,19:00,2512,14,1,3,4,5,7,10,13,14,16,19
2015-05-28,20:00,2513,11,1,4,6,10,12,13,15,16,18,19
2015-05-28,21:00,2514,8,1,3,5,8,10,12,13,15,18,19
2015-05-28,22:00,2515,16,3,4,5,9,10,12,14,16,18,19
2015-05-28,23:00,2516,3,5,7,9,10,12,14,16,18,19,20
2015-05-29,07:00,2517,7,4,5,7,9,10,14,15,16,18,20
2015-05-29,08:00,2518,11,1,3,5,6,8,10,11,15,16,17
2015-05-29,09:00,2519,20,1,2,3,5,8,12,13,14,15,17
2015-05-29,10:00,2520,1,1,2,3,6,11,12,17,18,19,20
2015-05-29,11:00,2521,14,2,5,9,11,14,15,17,18,19,20
2015-05-29,12:00,2522,9,1,4,5,7,8,10,12,16,18,20
2015-05-29,13:00,2523,11,1,2,3,4,9,12,13,14,15,18
2015-05-29,14:00,2524,5,1,2,5,7,13,14,15,17,19,20
2015-05-29,15:00,2525,14,2,4,6,9,12,13,14,15,17,19
2015-05-29,16:00,2526,18,2,5,6,8,11,12,14,15,18,19
2015-05-29,17:00,2527,1,3,5,8,9,10,11,12,15,18,20
2015-05-29,18:00,2528,6,2,4,10,11,12,13,14,15,17,19
2015-05-29,19:00,2529,20,1,2,3,4,6,8,9,11,13,19
2015-05-29,20:00,2530,6,1,8,9,10,11,14,15,18,19,20
2015-05-29,21:00,2531,13,1,2,4,5,6,8,10,11,14,18
2015-05-29,22:00,2532,8,2,3,4,6,7,9,11,13,15,20
2015-05-29,23:00,2533,12,1,2,6,9,10,14,16,18,19,20
2015-05-30,07:00,2534,14,2,3,4,6,12,16,17,18,19,20
2015-05-30,08:00,2535,6,2,5,6,8,10,11,14,16,17,20
2015-05-30,09:00,2536,13,2,4,5,6,7,9,12,13,14,18
2015-05-30,10:00,2537,7,2,5,8,11,13,14,15,16,17,18
2015-05-30,11:00,2538,13,1,2,3,4,7,9,12,13,14,17
2015-05-30,12:00,2539,2,2,3,4,5,6,8,9,10,13,19
2015-05-30,13:00,2540,17,2,6,7,8,9,10,11,13,14,19
2015-05-30,14:00,2541,3,2,3,7,8,11,14,15,16,18,19
2015-05-30,15:00,2542,17,3,7,8,10,11,13,14,15,17,19
2015-05-30,16:00,2543,11,2,4,6,8,10,12,15,18,19,20
2015-05-30,17:00,2544,13,2,3,4,10,12,14,16,18,19,20
2015-05-30,18:00,2545,4,2,3,4,5,7,9,12,14,19,20
2015-05-30,19:00,2546,5,1,2,4,6,8,9,10,17,18,19
2015-05-30,20:00,2547,7,2,5,7,8,9,10,12,16,17,19
2015-05-30,21:00,2548,20,1,2,4,8,10,11,15,16,19,20
2015-05-30,22:00,2549,4,3,4,5,6,8,12,13,15,19,20
2015-05-30,23:00,2550,14,1,4,7,8,11,13,16,17,18,20
2015-05-31,07:00,2551,11,4,5,7,9,15,16,17,18,19,20
2015-05-31,08:00,2552,1,1,2,5,7,9,12,13,17,19,20
2015-05-31,09:00,2553,15,2,4,7,9,11,13,14,15,17,19
2015-05-31,10:00,2554,9,1,3,4,6,8,10,11,12,13,15
2015-05-31,11:00,2555,5,1,5,6,7,13,15,17,18,19,20
2015-05-31,12:00,2556,20,2,3,4,5,6,8,9,16,18,20
2015-05-31,13:00,2557,3,3,8,9,10,11,12,14,16,17,19
2015-05-31,14:00,2558,14,2,3,4,5,6,7,8,9,12,16
2015-05-31,15:00,2559,7,2,6,10,11,12,14,16,17,18,19
2015-05-31,16:00,2560,5,1,5,6,11,12,13,16,17,18,19
2015-05-31,17:00,2561,3,2,5,8,9,10,12,14,15,16,19
2015-05-31,18:00,2562,12,1,3,7,9,10,11,12,15,17,20
2015-05-31,19:00,2563,12,3,4,8,9,10,14,15,16,18,20
2015-05-31,20:00,2564,6,2,4,5,6,9,11,12,15,18,20
2015-05-31,21:00,2565,5,4,5,8,9,10,12,15,17,19,20
2015-05-31,22:00,2566,19,3,5,7,8,10,12,13,15,17,18
2015-05-31,23:00,2567,5,2,4,5,8,9,10,13,14,16,17
2015-06-01,07:00,2568,20,1,2,7,8,9,12,13,15,18,20
2015-06-01,08:00,2569,3,3,5,9,10,11,12,13,17,18,20
2015-06-01,09:00,2570,11,2,4,5,7,8,13,14,16,17,18
2015-06-01,10:00,2571,1,1,4,5,9,12,13,14,15,16,19
2015-06-01,11:00,2572,18,1,4,6,9,12,15,16,17,18,19
2015-06-01,12:00,2573,2,1,3,5,9,11,12,13,15,16,17
2015-06-01,13:00,2574,14,1,2,3,4,8,10,11,16,18,20
2015-06-01,14:00,2575,12,3,4,7,9,13,15,16,17,19,20
2015-06-01,15:00,2576,18,1,5,6,9,13,14,15,16,17,19
2015-06-01,16:00,2577,3,2,5,7,8,11,12,16,17,18,19
2015-06-01,17:00,2578,1,1,3,7,8,9,10,14,16,17,18
2015-06-01,18:00,2579,4,2,4,6,8,12,13,15,17,18,19
2015-06-01,19:00,2580,7,1,2,3,5,9,13,15,17,18,20
2015-06-01,20:00,2581,18,2,5,7,9,11,12,13,14,15,16
2015-06-01,21:00,2582,16,1,2,4,7,8,10,14,15,16,20
2015-06-01,22:00,2583,19,2,8,11,12,13,14,15,16,18,20
2015-06-01,23:00,2584,13,1,5,6,7,10,12,14,17,19,20
2015-06-02,07:00,2585,12,1,2,3,5,8,10,11,12,18,20
2015-06-02,08:00,2586,4,5,6,8,9,12,13,15,18,19,20
2015-06-02,09:00,2587,4,1,2,4,5,6,9,11,12,13,16
2015-06-02,10:00,2588,7,2,3,7,8,11,13,15,17,18,19
2015-06-02,11:00,2589,14,2,4,5,7,9,12,13,14,16,20
2015-06-02,12:00,2590,18,2,4,5,8,9,15,16,17,18,19
2015-06-02,13:00,2591,2,2,6,9,10,11,12,15,16,18,20
2015-06-02,14:00,2592,13,4,5,7,8,9,11,14,15,16,20
2015-06-02,15:00,2593,2,2,3,4,8,10,14,16,17,18,20
2015-06-02,16:00,2594,9,3,5,7,8,9,11,14,17,18,19
2015-06-02,17:00,2595,18,3,5,11,12,13,15,17,18,19,20
2015-06-02,18:00,2596,18,1,6,7,8,11,12,15,16,17,20
2015-06-02,19:00,2597,13,5,6,7,8,9,11,12,13,14,15
2015-06-02,20:00,2598,20,1,5,8,11,13,15,16,17,18,20
2015-06-02,21:00,2599,1,2,4,6,9,11,12,14,16,18,20
2015-06-02,22:00,2600,8,3,4,5,10,13,16,17,18,19,20
2015-06-02,23:00,2601,3,2,6,7,10,13,14,15,17,18,20
2015-06-03,07:00,2602,16,7,8,9,10,12,14,16,17,19,20
2015-06-03,08:00,2603,15,1,5,6,9,12,13,14,16,18,20
2015-06-03,09:00,2604,18,1,2,3,4,10,13,14,18,19,20
2015-06-03,10:00,2605,19,4,9,10,11,14,15,16,17,18,20
2015-06-03,11:00,2606,4,1,5,7,9,10,12,13,18,19,20
2015-06-03,12:00,2607,2,2,4,7,9,12,14,15,16,17,20
2015-06-03,13:00,2608,9,2,3,5,7,8,9,13,14,17,18
2015-06-03,14:00,2609,13,1,2,5,8,9,13,16,17,18,19
2015-06-03,15:00,2610,4,1,4,5,9,11,13,14,15,17,18
2015-06-03,16:00,2611,9,1,4,5,8,9,12,13,15,16,18
2015-06-03,17:00,2612,19,1,3,4,5,10,11,12,14,15,17
2015-06-03,18:00,2613,3,5,7,9,10,11,12,14,15,16,18
2015-06-03,19:00,2614,7,1,3,4,5,6,12,16,17,18,20
2015-06-03,20:00,2615,7,1,2,4,5,6,8,9,10,13,15
2015-06-03,21:00,2616,2,2,3,5,7,11,12,13,15,19,20
2015-06-03,22:00,2617,11,1,4,7,8,10,14,15,17,19,20
2015-06-03,23:00,2618,11,2,5,6,9,10,11,12,14,17,19
2015-06-04,07:00,2619,18,1,2,5,9,10,14,15,16,17,18
2015-06-04,08:00,2620,5,1,2,4,7,10,11,12,13,17,20
2015-06-04,09:00,2621,19,1,5,6,8,12,13,16,17,18,20
2015-06-04,10:00,2622,14,2,3,4,7,9,11,13,14,15,17
2015-06-04,11:00,2623,7,2,3,4,5,6,7,9,15,17,18
2015-06-04,12:00,2624,13,1,2,5,7,9,10,13,14,17,18
2015-06-04,13:00,2625,10,1,3,5,6,7,8,11,13,14,19
2015-06-04,14:00,2626,13,2,3,4,5,10,12,13,14,17,19
2015-06-04,15:00,2627,9,1,5,7,10,11,12,14,16,18,19
2015-06-04,16:00,2628,2,1,2,4,5,7,8,10,16,18,19
2015-06-04,17:00,2629,4,1,2,4,5,6,9,12,13,16,20
2015-06-04,18:00,2630,11,1,2,4,6,7,10,14,16,17,19
2015-06-04,19:00,2631,12,1,4,7,8,10,11,12,13,15,19
2015-06-04,20:00,2632,4,1,6,7,9,10,14,16,17,18,19
2015-06-04,21:00,2633,19,1,2,6,7,10,12,14,15,17,19
2015-06-04,22:00,2634,1,2,3,5,11,12,14,15,17,19,20
2015-06-04,23:00,2635,15,2,7,8,11,12,13,15,16,17,19
2015-06-05,07:00,2636,10,2,3,6,8,10,11,14,17,18,20
2015-06-05,08:00,2637,13,2,3,8,10,12,13,15,16,17,19
2015-06-05,09:00,2638,7,2,6,7,8,10,13,14,15,17,18
2015-06-05,10:00,2639,16,1,3,4,5,6,7,12,14,16,18
2015-06-05,11:00,2640,11,2,3,4,5,6,11,13,15,17,20
2015-06-05,12:00,2641,10,2,6,7,10,11,12,13,14,17,20
2015-06-05,13:00,2642,6,2,5,6,10,11,12,13,18,19,20
2015-06-05,14:00,2643,17,1,2,3,4,5,8,9,10,11,20
2015-06-05,15:00,2644,14,1,2,4,9,12,13,14,15,17,19
2015-06-05,16:00,2645,14,1,5,6,8,10,12,13,14,17,20
2015-06-05,17:00,2646,5,3,4,5,7,8,12,14,15,16,20
2015-06-05,18:00,2647,2,1,2,3,6,8,9,11,14,16,20
2015-06-05,19:00,2648,10,2,3,7,10,13,14,15,16,17,18
2015-06-05,20:00,2649,18,3,6,7,8,9,10,11,16,17,20
2015-06-05,21:00,2650,5,1,2,3,6,7,8,10,11,16,19
2015-06-05,22:00,2651,9,1,5,8,10,11,13,14,15,18,20
2015-06-05,23:00,2652,9,6,7,8,9,11,12,14,15,17,20
2015-06-06,07:00,2653,9,2,3,6,7,8,10,11,12,13,18
2015-06-06,08:00,2654,9,1,3,4,6,8,12,14,16,17,18
2015-06-06,09:00,2655,19,1,3,6,7,8,9,10,12,17,20
2015-06-06,10:00,2656,6,2,4,6,8,11,12,13,17,18,19
2015-06-06,11:00,2657,17,2,3,4,5,7,8,9,10,14,18
2015-06-06,12:00,2658,7,1,3,4,6,9,11,13,15,18,19
2015-06-06,13:00,2659,11,1,3,5,6,9,13,14,15,18,20
2015-06-06,14:00,2660,5,1,2,5,7,8,9,11,14,19,20
2015-06-06,15:00,2661,13,4,5,6,7,9,12,14,15,17,20
2015-06-06,16:00,2662,6,1,4,5,6,7,9,10,12,16,17
2015-06-06,17:00,2663,17,1,5,6,7,8,9,10,13,14,15
2015-06-06,18:00,2664,8,2,4,8,10,11,13,14,15,19,20
2015-06-06,19:00,2665,9,3,4,6,7,9,12,15,17,19,20
2015-06-06,20:00,2666,2,3,5,7,10,13,14,15,16,18,20
2015-06-06,21:00,2667,2,1,2,3,7,8,10,14,15,16,19
2015-06-06,22:00,2668,14,1,3,6,7,13,14,15,17,19,20
2015-06-06,23:00,2669,12,2,4,6,7,12,14,15,16,17,19
2015-06-07,07:00,2670,6,1,2,3,6,9,11,14,15,16,20
2015-06-07,08:00,2671,4,1,4,6,8,10,11,15,17,19,20
2015-06-07,09:00,2672,14,3,4,5,11,12,14,17,18,19,20
2015-06-07,10:00,2673,1,2,6,7,9,11,13,15,16,18,19
2015-06-07,11:00,2674,6,1,2,5,7,9,10,12,14,15,19
2015-06-07,12:00,2675,15,2,5,7,8,10,11,12,15,18,19
2015-06-07,13:00,2676,17,1,4,5,6,9,10,11,13,16,19
2015-06-07,14:00,2677,7,1,2,8,11,12,14,16,17,18,19
2015-06-07,15:00,2678,16,1,3,4,6,7,8,9,12,16,20
2015-06-07,16:00,2679,16,2,3,5,6,8,9,15,16,18,20
2015-06-07,17:00,2680,11,3,7,8,9,10,11,12,13,17,18
2015-06-07,18:00,2681,14,1,2,6,7,8,11,12,16,18,20
2015-06-07,19:00,2682,20,2,3,6,7,8,9,10,12,14,15
2015-06-07,20:00,2683,7,1,2,3,8,9,11,16,17,18,20
2015-06-07,21:00,2684,11,1,4,5,9,10,11,13,16,17,19
2015-06-07,22:00,2685,13,2,3,5,6,7,8,10,13,15,20
2015-06-07,23:00,2686,14,3,7,9,10,11,12,14,16,17,20
2015-06-08,07:00,2687,8,1,5,6,8,9,10,11,15,17,18
2015-06-08,08:00,2688,12,1,3,4,5,6,8,14,16,17,18
2015-06-08,09:00,2689,1,1,2,4,6,7,10,11,12,13,18
2015-06-08,10:00,2690,16,2,3,5,6,11,13,14,15,16,20
2015-06-08,11:00,2691,13,2,3,6,7,10,14,17,18,19,20
2015-06-08,12:00,2692,11,2,3,6,7,13,14,15,16,17,20
2015-06-08,13:00,2693,19,6,7,8,9,12,13,14,15,19,20
2015-06-08,14:00,2694,12,2,5,6,9,11,13,16,18,19,20
2015-06-08,15:00,2695,20,4,5,6,7,9,10,13,17,18,19
2015-06-08,16:00,2696,8,1,5,6,10,11,12,13,14,15,20
2015-06-08,17:00,2697,5,3,4,6,7,8,12,14,16,17,20
2015-06-08,18:00,2698,19,2,3,5,6,9,14,15,16,17,19
2015-06-08,19:00,2699,17,1,5,6,13,14,15,16,17,19,20
2015-06-08,20:00,2700,11,1,2,3,5,6,10,12,13,14,18
2015-06-08,21:00,2701,12,1,3,5,7,14,15,16,17,19,20
2015-06-08,22:00,2702,7,1,2,4,5,10,11,12,13,15,20
2015-06-08,23:00,2703,9,2,4,5,6,7,9,12,13,15,20
2015-06-09,07:00,2704,4,3,7,8,9,11,12,16,18,19,20
2015-06-09,08:00,2705,17,1,2,5,6,8,10,12,17,18,20
2015-06-09,09:00,2706,20,4,5,6,7,9,10,11,15,16,17
2015-06-09,10:00,2707,1,1,2,3,7,8,9,12,13,18,20
2015-06-09,11:00,2708,9,1,6,8,9,10,12,15,16,19,20
2015-06-09,12:00,2709,8,1,2,3,6,7,8,11,13,14,15
2015-06-09,13:00,2710,16,1,8,9,10,13,14,15,16,19,20
2015-06-09,14:00,2711,8,2,3,4,7,8,10,11,18,19,20
2015-06-09,15:00,2712,17,2,3,4,5,7,13,14,15,18,19
2015-06-09,16:00,2713,11,1,4,5,6,8,11,12,14,15,20
2015-06-09,17:00,2714,2,1,4,7,8,9,10,11,12,19,20
2015-06-09,18:00,2715,4,1,6,9,12,13,14,16,17,18,19
2015-06-09,19:00,2716,4,3,4,6,7,12,14,15,16,17,19
2015-06-09,20:00,2717,1,1,4,5,7,10,16,17,18,19,20
2015-06-09,21:00,2718,17,2,3,4,5,7,12,15,16,18,19
2015-06-09,22:00,2719,4,1,3,6,7,9,10,12,14,15,16
2015-06-09,23:00,2720,5,3,7,8,9,11,12,13,14,16,19
2015-06-10,07:00,2721,13,1,2,4,7,8,11,12,13,14,16
2015-06-10,08:00,2722,5,1,2,3,5,6,10,11,12,18,20
2015-06-10,09:00,2723,17,2,4,5,10,11,12,13,15,16,17
2015-06-10,10:00,2724,14,4,6,8,10,15,16,17,18,19,20
2015-06-10,11:00,2725,2,3,8,10,11,13,15,16,17,18,19
2015-06-10,12:00,2726,4,1,2,5,9,10,12,13,15,16,19
2015-06-10,13:00,2727,12,1,6,7,9,10,12,13,16,19,20
2015-06-10,14:00,2728,7,1,4,5,8,10,11,12,13,15,16
2015-06-10,15:00,2729,11,2,3,6,7,8,9,12,14,16,18
2015-06-10,16:00,2730,6,1,2,4,11,12,14,16,17,19,20
2015-06-10,17:00,2731,9,3,5,7,8,11,12,14,16,18,19
2015-06-10,18:00,2732,20,2,6,8,9,14,15,16,17,18,19
2015-06-10,19:00,2733,6,2,5,8,10,12,13,14,17,18,19
2015-06-10,20:00,2734,6,2,3,4,5,6,8,15,17,19,20
2015-06-10,21:00,2735,16,3,5,7,13,14,15,16,17,19,20
2015-06-10,22:00,2736,18,1,2,3,5,9,10,11,15,17,20
2015-06-10,23:00,2737,1,1,4,5,7,8,9,10,17,18,20
2015-06-11,07:00,2738,11,3,5,7,8,12,13,14,16,18,19
2015-06-11,08:00,2739,5,1,2,5,8,11,12,13,15,17,19
2015-06-11,09:00,2740,2,4,8,9,11,12,13,15,16,17,19
2015-06-11,10:00,2741,11,2,3,5,6,10,11,13,15,16,20
2015-06-11,11:00,2742,10,2,3,4,7,8,9,11,15,18,19
2015-06-11,12:00,2743,10,4,5,8,9,10,12,13,14,18,19
2015-06-11,13:00,2744,9,2,3,6,8,9,12,15,16,17,20
2015-06-11,14:00,2745,1,2,3,4,6,8,12,13,15,18,19
2015-06-11,15:00,2746,9,1,3,4,6,7,8,11,13,17,19
2015-06-11,16:00,2747,2,1,4,5,6,8,13,16,18,19,20
2015-06-11,17:00,2748,7,1,2,4,5,6,10,11,13,14,19
2015-06-11,18:00,2749,14,3,4,6,8,9,12,14,15,16,17
2015-06-11,19:00,2750,15,1,3,4,5,6,8,12,13,16,19
2015-06-11,20:00,2751,12,2,3,4,5,6,9,10,15,16,19
2015-06-11,21:00,2752,6,1,2,3,5,6,9,12,13,15,16
2015-06-11,22:00,2753,9,1,4,6,8,9,10,16,17,18,20
2015-06-11,23:00,2754,18,5,6,7,9,12,15,17,18,19,20
2015-06-12,07:00,2755,11,3,6,8,9,11,15,16,17,18,19
2015-06-12,08:00,2756,4,1,2,4,5,6,7,8,11,18,19
2015-06-12,09:00,2757,7,5,6,7,9,10,13,15,16,18,19
2015-06-12,10:00,2758,19,1,3,4,5,6,7,9,12,14,18
2015-06-12,11:00,2759,16,1,5,6,8,10,11,14,15,16,17
2015-06-12,12:00,2760,20,2,5,7,9,10,11,12,17,19,20
2015-06-12,13:00,2761,3,2,4,5,6,7,9,10,11,12,17
2015-06-12,14:00,2762,15,2,3,5,6,11,13,15,17,18,19
2015-06-12,15:00,2763,3,2,4,6,8,10,13,14,15,19,20
2015-06-12,16:00,2764,20,1,3,4,6,11,13,14,17,19,20
2015-06-12,17:00,2765,14,2,5,6,8,9,10,11,12,16,17
2015-06-12,18:00,2766,14,1,3,5,7,8,9,10,16,17,19
2015-06-12,19:00,2767,18,1,2,4,7,8,12,13,15,16,19
2015-06-12,20:00,2768,7,1,2,6,8,9,12,15,16,18,19
2015-06-12,21:00,2769,16,1,2,3,7,10,12,13,17,19,20
2015-06-12,22:00,2770,11,1,2,5,7,8,10,13,16,17,19
2015-06-12,23:00,2771,20,1,3,6,8,9,11,12,16,17,18
2015-06-13,07:00,2772,16,1,2,5,8,10,15,17,18,19,20
2015-06-13,08:00,2773,14,1,4,5,7,8,9,10,11,14,15
2015-06-13,09:00,2774,1,2,4,5,7,9,10,13,17,18,19
2015-06-13,10:00,2775,15,1,4,8,9,10,11,15,17,19,20
2015-06-13,11:00,2776,3,4,8,11,12,13,14,16,18,19,20
2015-06-13,12:00,2777,5,2,3,4,5,10,11,12,17,18,20
2015-06-13,13:00,2778,19,1,2,5,7,8,9,11,14,18,19
2015-06-13,14:00,2779,4,1,2,3,4,8,9,11,16,17,20
2015-06-13,15:00,2780,6,4,7,10,11,12,14,15,16,17,18
2015-06-13,16:00,2781,1,1,4,6,8,9,11,12,17,19,20
2015-06-13,17:00,2782,12,1,2,3,4,8,9,11,14,15,18
2015-06-13,18:00,2783,8,2,4,6,7,8,10,11,14,15,19
2015-06-13,19:00,2784,2,2,4,6,8,9,10,11,15,16,18
2015-06-13,20:00,2785,4,2,6,7,9,13,15,16,17,18,19
2015-06-13,21:00,2786,5,1,2,3,5,6,8,12,13,15,17
2015-06-13,22:00,2787,5,1,2,3,9,11,12,13,15,17,18
2015-06-13,23:00,2788,5,4,6,7,10,12,13,14,16,19,20
2015-06-14,07:00,2789,11,1,2,3,4,6,9,11,16,17,18
2015-06-14,08:00,2790,20,3,4,6,7,8,12,14,15,18,19
2015-06-14,09:00,2791,19,2,10,11,12,13,16,17,18,19,20
2015-06-14,10:00,2792,4,2,3,6,8,12,13,14,16,18,20
2015-06-14,11:00,2793,10,2,3,6,7,9,12,14,17,18,20
2015-06-14,12:00,2794,9,3,4,6,7,9,10,14,15,19,20
2015-06-14,13:00,2795,11,4,7,8,9,10,12,13,14,15,18
2015-06-14,14:00,2796,1,1,2,8,9,10,11,12,13,17,18
2015-06-14,15:00,2797,5,2,3,5,6,7,10,11,15,18,19
2015-06-14,16:00,2798,6,1,3,5,8,10,12,15,17,18,19
2015-06-14,17:00,2799,17,1,2,6,7,8,13,14,16,17,19
2015-06-14,18:00,2800,20,2,5,6,7,10,11,12,16,17,19
2015-06-14,19:00,2801,10,1,2,3,4,6,7,11,18,19,20
2015-06-14,20:00,2802,15,1,3,5,8,9,10,12,13,16,19
2015-06-14,21:00,2803,9,1,2,4,7,9,10,13,16,18,19
2015-06-14,22:00,2804,15,1,3,8,10,11,13,15,17,18,20
2015-06-14,23:00,2805,5,3,4,5,6,7,9,12,14,19,20
2015-06-15,07:00,2806,6,2,5,6,9,10,13,16,17,19,20
2015-06-15,08:00,2807,20,1,3,4,7,9,11,12,17,19,20
2015-06-15,09:00,2808,1,1,2,3,7,10,11,13,15,16,18
2015-06-15,10:00,2809,1,3,4,5,6,7,8,10,11,13,19
2015-06-15,11:00,2810,16,3,4,9,10,11,12,13,15,17,18
2015-06-15,12:00,2811,20,2,3,4,10,12,14,15,17,18,20
2015-06-15,13:00,2812,11,1,2,4,7,9,11,14,15,17,19
2015-06-15,14:00,2813,11,1,3,4,6,8,12,14,15,16,19
2015-06-15,15:00,2814,16,2,3,6,7,8,10,15,16,17,20
2015-06-15,16:00,2815,1,4,6,7,8,11,12,14,17,18,19
2015-06-15,17:00,2816,1,2,4,5,6,8,10,11,16,17,19
2015-06-15,18:00,2817,1,1,2,5,6,13,14,15,17,18,20
2015-06-15,19:00,2818,5,1,2,3,5,7,12,16,17,18,20
2015-06-15,20:00,2819,2,1,4,5,6,7,9,15,16,17,20
2015-06-15,21:00,2820,7,1,2,5,7,8,9,10,12,16,17
2015-06-15,22:00,2821,10,2,3,4,5,6,7,8,10,11,12
2015-06-15,23:00,2822,4,1,2,3,5,9,12,13,14,16,18
2015-06-16,07:00,2823,8,1,2,3,5,7,10,12,15,17,18
2015-06-16,08:00,2824,8,1,3,5,8,11,12,13,15,19,20
2015-06-16,09:00,2825,7,1,2,7,9,10,11,12,15,18,19
2015-06-16,10:00,2826,15,2,7,10,11,13,14,15,16,19,20
2015-06-16,11:00,2827,19,3,4,6,9,12,15,16,17,18,19
2015-06-16,12:00,2828,7,1,3,4,6,8,10,14,15,16,19
2015-06-16,13:00,2829,1,1,3,4,5,7,10,11,13,18,19
2015-06-16,14:00,2830,1,4,6,7,10,11,12,15,16,17,18
2015-06-16,15:00,2831,7,1,2,3,8,12,14,15,17,19,20
2015-06-16,16:00,2832,20,1,2,3,8,10,12,13,14,15,18
2015-06-16,17:00,2833,15,2,4,5,9,10,11,12,15,17,20
2015-06-16,18:00,2834,18,2,4,6,7,11,14,16,18,19,20
2015-06-16,19:00,2835,7,2,4,5,6,9,12,13,14,15,18
2015-06-16,20:00,2836,20,3,5,6,9,10,12,14,16,19,20
2015-06-16,21:00,2837,7,1,3,5,10,12,13,15,16,17,20
2015-06-16,22:00,2838,15,5,6,9,10,11,12,16,17,18,19
2015-06-16,23:00,2839,20,2,5,8,10,12,14,15,17,19,20
2015-06-17,07:00,2840,8,1,3,4,6,9,10,11,14,18,19
2015-06-17,08:00,2841,19,3,4,6,7,8,11,13,16,17,20
2015-06-17,09:00,2842,4,1,3,5,9,10,11,13,15,17,19
2015-06-17,10:00,2843,9,1,2,3,4,7,8,11,14,15,16
2015-06-17,11:00,2844,13,3,6,7,10,13,14,16,18,19,20
2015-06-17,12:00,2845,9,1,3,9,10,12,13,15,16,17,20
2015-06-17,13:00,2846,11,1,2,5,11,12,13,16,18,19,20
2015-06-17,14:00,2847,7,2,5,7,12,13,14,16,17,19,20
2015-06-17,15:00,2848,8,3,4,5,6,8,10,12,14,19,20
2015-06-17,16:00,2849,3,3,4,5,9,10,12,13,14,15,16
2015-06-17,17:00,2850,12,1,2,3,4,5,10,13,15,16,20
2015-06-17,18:00,2851,19,1,3,5,6,7,10,11,16,17,18
2015-06-17,19:00,2852,19,2,7,8,10,11,12,13,15,18,20
2015-06-17,20:00,2853,20,1,3,4,5,7,9,11,14,15,19
2015-06-17,21:00,2854,6,4,5,6,10,14,15,16,17,19,20
2015-06-17,22:00,2855,17,1,3,5,6,9,10,12,15,17,20
2015-06-17,23:00,2856,11,1,3,5,7,8,9,13,15,19,20
2015-06-18,07:00,2857,3,1,3,5,7,8,9,10,11,14,20
2015-06-18,08:00,2858,2,1,2,4,6,7,10,11,15,16,20
2015-06-18,09:00,2859,12,1,2,5,6,9,14,15,16,18,19
2015-06-18,10:00,2860,14,1,5,6,7,12,13,16,17,18,20
2015-06-18,11:00,2861,14,4,5,6,8,9,14,15,17,18,19
2015-06-18,12:00,2862,15,1,2,3,7,9,11,14,16,18,19
2015-06-18,13:00,2863,4,2,4,6,8,9,10,11,12,14,20
2015-06-18,14:00,2864,8,1,5,6,9,10,12,13,15,18,20
2015-06-18,15:00,2865,15,2,5,8,9,11,14,15,17,18,20
2015-06-18,16:00,2866,18,1,2,5,10,12,13,14,15,16,19
2015-06-18,17:00,2867,16,1,4,5,9,11,12,13,14,15,16
2015-06-18,18:00,2868,9,1,6,7,8,10,11,14,15,18,20
2015-06-18,19:00,2869,12,2,4,6,8,9,10,13,16,19,20
2015-06-18,20:00,2870,1,1,5,7,8,9,12,13,16,18,20
2015-06-18,21:00,2871,12,1,2,3,5,8,10,12,14,19,20
2015-06-18,22:00,2872,13,2,5,6,8,9,10,11,13,18,20
2015-06-18,23:00,2873,15,1,4,6,7,9,10,12,15,16,19
2015-06-19,07:00,2874,20,2,3,7,9,10,11,13,14,16,18
2015-06-19,08:00,2875,4,2,3,4,8,9,11,13,17,18,19
2015-06-19,09:00,2876,8,3,4,6,8,9,10,12,16,17,18
2015-06-19,10:00,2877,14,1,4,7,10,12,14,15,16,19,20
2015-06-19,11:00,2878,10,2,3,6,9,10,12,13,16,18,20
2015-06-19,12:00,2879,6,2,4,6,7,9,11,13,16,19,20
2015-06-19,13:00,2880,2,1,2,3,4,11,12,14,17,18,19
2015-06-19,14:00,2881,2,1,4,5,6,8,10,11,13,19,20
2015-06-19,15:00,2882,14,1,6,9,11,13,15,16,17,18,19
2015-06-19,16:00,2883,17,2,3,5,6,7,11,13,15,17,20
2015-06-19,17:00,2884,9,1,3,6,10,15,16,17,18,19,20
2015-06-19,18:00,2885,18,1,3,4,5,8,11,14,15,17,20
2015-06-19,19:00,2886,14,2,4,6,7,8,10,15,16,17,19
2015-06-19,20:00,2887,14,2,4,5,6,9,10,15,17,18,19
2015-06-19,21:00,2888,3,2,5,6,7,8,9,13,14,15,20
2015-06-19,22:00,2889,16,2,3,4,7,8,10,14,16,18,20
2015-06-19,23:00,2890,20,2,4,7,9,11,14,15,16,17,19
2015-06-20,07:00,2891,13,1,2,5,6,7,9,12,13,15,16
2015-06-20,08:00,2892,20,1,5,7,9,10,11,13,14,17,19
2015-06-20,09:00,2893,3,2,5,6,7,11,12,13,15,16,18
2015-06-20,10:00,2894,1,2,3,5,7,9,12,15,16,18,19
2015-06-20,11:00,2895,2,3,4,5,7,8,11,12,13,15,16
2015-06-20,12:00,2896,11,2,3,4,5,6,9,13,14,16,20
2015-06-20,13:00,2897,7,1,2,3,4,5,8,9,10,16,20
2015-06-20,14:00,2898,3,2,3,4,5,7,8,11,12,16,19
2015-06-20,15:00,2899,9,3,5,6,10,12,13,15,16,17,19
2015-06-20,16:00,2900,10,2,6,7,9,10,12,14,15,16,17
2015-06-20,17:00,2901,11,2,4,6,7,9,10,11,12,14,19
2015-06-20,18:00,2902,7,4,5,10,11,12,13,16,18,19,20
2015-06-20,19:00,2903,19,4,7,8,10,11,12,13,14,16,20
2015-06-20,20:00,2904,14,2,4,5,6,8,9,10,14,15,19
2015-06-20,21:00,2905,6,2,3,8,9,10,12,13,15,16,19
2015-06-20,22:00,2906,13,1,2,5,6,7,8,11,13,14,19
2015-06-20,23:00,2907,3,1,4,5,6,8,9,11,14,15,18
2015-06-21,07:00,2908,15,2,5,7,9,12,13,14,17,19,20
2015-06-21,08:00,2909,20,1,3,4,5,8,11,12,13,18,19
2015-06-21,09:00,2910,11,1,2,4,6,14,15,16,17,19,20
2015-06-21,10:00,2911,3,3,6,8,11,12,13,16,17,19,20
2015-06-21,11:00,2912,6,1,2,5,6,9,12,14,16,18,20
2015-06-21,12:00,2913,7,1,2,3,6,7,10,11,15,18,20
2015-06-21,13:00,2914,8,1,2,4,5,6,8,11,12,14,15
2015-06-21,14:00,2915,13,2,3,8,10,11,12,13,15,16,20
2015-06-21,15:00,2916,19,2,3,4,6,9,10,14,15,16,20
2015-06-21,16:00,2917,5,1,3,4,5,8,15,16,17,18,19
2015-06-21,17:00,2918,4,2,5,6,11,13,14,16,18,19,20
2015-06-21,18:00,2919,18,1,4,5,6,7,8,11,13,14,18
2015-06-21,19:00,2920,13,1,2,5,11,15,16,17,18,19,20
2015-06-21,20:00,2921,1,3,4,6,7,11,12,14,15,16,19
2015-06-21,21:00,2922,3,2,3,5,6,8,9,10,14,17,20
2015-06-21,22:00,2923,15,2,4,5,6,8,11,13,15,19,20
2015-06-21,23:00,2924,9,1,2,3,4,8,9,10,12,19,20
2015-06-22,07:00,2925,8,3,4,5,6,10,12,13,14,16,19
2015-06-22,08:00,2926,5,1,2,3,7,8,11,12,14,17,18
2015-06-22,09:00,2927,16,3,4,5,7,9,10,15,17,18,19
2015-06-22,10:00,2928,10,6,7,8,10,12,13,14,16,17,18
2015-06-22,11:00,2929,15,3,4,6,8,10,12,16,17,18,19
2015-06-22,12:00,2930,12,1,4,5,6,9,12,16,17,18,20
2015-06-22,13:00,2931,3,3,4,5,7,8,9,10,16,19,20
2015-06-22,14:00,2932,15,2,3,4,5,8,9,11,13,18,19
2015-06-22,15:00,2933,15,1,3,4,10,11,13,15,17,18,19
2015-06-22,16:00,2934,2,2,7,8,9,10,12,13,15,16,18
2015-06-22,17:00,2935,17,5,7,8,10,11,13,15,16,19,20
2015-06-22,18:00,2936,2,1,2,4,5,7,12,13,14,15,17
2015-06-22,19:00,2937,9,4,5,8,9,10,12,13,15,16,18
2015-06-22,20:00,2938,6,2,5,6,7,9,13,14,16,18,19
2015-06-22,21:00,2939,3,2,6,7,8,10,12,14,17,18,20
2015-06-22,22:00,2940,18,1,2,3,7,8,11,13,16,17,20
2015-06-22,23:00,2941,20,1,3,5,6,8,9,10,13,15,20
2015-06-23,07:00,2942,3,1,4,6,7,8,9,14,15,16,18
2015-06-23,08:00,2943,18,1,7,10,11,13,15,16,18,19,20
2015-06-23,09:00,2944,4,1,4,5,6,7,9,10,12,14,16
2015-06-23,10:00,2945,14,3,6,8,9,10,13,14,15,17,19
2015-06-23,11:00,2946,13,1,2,3,5,8,13,14,16,17,18
2015-06-23,12:00,2947,7,2,7,8,9,11,14,15,16,19,20
2015-06-23,13:00,2948,6,2,3,4,5,10,11,12,14,15,19
2015-06-23,14:00,2949,8,1,7,9,11,13,14,16,17,19,20
2015-06-23,15:00,2950,17,2,6,8,10,13,14,15,18,19,20
2015-06-23,16:00,2951,2,1,5,9,11,12,14,15,16,18,20
2015-06-23,17:00,2952,7,3,5,8,9,11,13,14,15,17,18
2015-06-23,18:00,2953,2,1,2,5,6,9,11,15,17,19,20
2015-06-23,19:00,2954,4,1,2,5,6,7,12,13,16,18,19
2015-06-23,20:00,2955,17,2,4,6,8,9,10,13,14,16,20
2015-06-23,21:00,2956,7,1,3,5,6,7,8,9,11,15,16
2015-06-23,22:00,2957,5,1,2,3,4,5,7,8,17,18,20
2015-06-23,23:00,2958,8,1,4,5,6,8,11,14,16,18,19
2015-06-24,07:00,2959,18,1,3,6,7,8,10,11,13,16,17
2015-06-24,08:00,2960,7,1,2,3,10,11,12,13,14,16,20
2015-06-24,09:00,2961,4,1,3,6,8,11,12,13,14,17,20
2015-06-24,10:00,2962,11,1,2,3,4,5,9,10,13,14,16
2015-06-24,11:00,2963,9,2,4,6,10,13,14,16,17,19,20
2015-06-24,12:00,2964,1,2,4,6,8,9,11,14,15,17,19
2015-06-24,13:00,2965,15,2,3,5,6,7,8,15,17,19,20
2015-06-24,14:00,2966,1,3,6,8,9,10,11,12,14,16,20
2015-06-24,15:00,2967,7,2,4,9,10,11,13,14,15,16,17
2015-06-24,16:00,2968,17,1,4,6,8,13,15,16,17,18,19
2015-06-24,17:00,2969,15,1,2,6,7,10,14,15,16,17,20
2015-06-24,18:00,2970,7,1,2,4,7,10,12,13,14,18,19
2015-06-24,19:00,2971,4,1,2,4,6,7,9,10,16,17,19
2015-06-24,20:00,2972,14,1,5,6,7,9,11,13,14,18,20
2015-06-24,21:00,2973,11,1,3,5,8,9,11,12,15,16,17
2015-06-24,22:00,2974,3,4,5,6,8,10,12,14,16,18,19
2015-06-24,23:00,2975,6,4,5,6,9,10,11,15,16,18,20
2015-06-25,07:00,2976,7,1,3,4,6,7,11,14,15,16,19
2015-06-25,08:00,2977,17,1,5,6,10,12,15,16,17,18,19
2015-06-25,09:00,2978,7,2,6,8,10,11,13,15,16,18,20
2015-06-25,10:00,2979,5,1,3,5,6,7,10,12,13,18,20
2015-06-25,11:00,2980,6,2,4,7,8,9,12,14,15,16,20
2015-06-25,12:00,2981,5,1,2,3,5,9,10,12,14,18,20
2015-06-25,13:00,2982,5,1,2,3,4,6,9,13,15,19,20
2015-06-25,14:00,2983,2,1,4,5,7,8,9,14,16,18,19
2015-06-25,15:00,2984,17,2,5,6,7,8,10,11,15,18,20
2015-06-25,16:00,2985,3,1,2,3,4,8,9,13,14,15,17
2015-06-25,17:00,2986,16,1,3,5,11,13,14,15,16,19,20
2015-06-25,18:00,2987,7,3,4,10,12,14,15,16,18,19,20
2015-06-25,19:00,2988,2,1,2,4,6,8,13,16,17,18,20
2015-06-25,20:00,2989,16,1,3,5,8,9,10,11,12,16,17
2015-06-25,21:00,2990,8,1,7,9,10,11,14,15,16,19,20
2015-06-25,22:00,2991,4,1,2,3,7,8,9,11,12,13,17
2015-06-25,23:00,2992,10,1,4,7,10,13,14,16,17,19,20
2015-06-26,07:00,2993,2,2,3,4,6,7,9,10,11,19,20
2015-06-26,08:00,2994,2,4,6,7,8,9,10,15,18,19,20
2015-06-26,09:00,2995,3,1,5,6,8,9,10,11,13,19,20
2015-06-26,10:00,2996,18,4,5,6,10,12,13,14,15,18,19
2015-06-26,11:00,2997,2,3,5,6,7,8,10,11,16,18,20
2015-06-26,12:00,2998,12,1,4,5,8,9,15,17,18,19,20
2015-06-26,13:00,2999,7,1,2,3,4,6,9,12,15,16,18
2015-06-26,14:00,3000,19,2,3,5,6,9,10,11,12,15,18
2015-06-26,15:00,3001,6,1,4,6,10,11,15,16,17,18,20
2015-06-26,16:00,3002,12,5,6,9,12,15,16,17,18,19,20
2015-06-26,17:00,3003,10,1,3,4,6,8,11,12,16,17,20
2015-06-26,18:00,3004,14,2,3,5,12,13,14,17,18,19,20
2015-06-26,19:00,3005,19,1,3,4,5,9,10,12,14,15,20
2015-06-26,20:00,3006,10,1,2,4,5,7,12,13,14,15,18
2015-06-26,21:00,3007,18,2,5,6,7,10,15,16,17,19,20
2015-06-26,22:00,3008,11,3,4,5,6,8,9,11,14,15,18
2015-06-26,23:00,3009,19,1,2,3,4,9,11,13,15,18,20
2015-06-27,07:00,3010,17,2,8,9,10,11,13,15,18,19,20
2015-06-27,08:00,3011,9,1,3,5,8,9,11,13,14,16,20
2015-06-27,09:00,3012,16,4,5,6,8,9,12,14,16,18,20
2015-06-27,10:00,3013,12,1,2,3,5,10,11,14,15,16,18
2015-06-27,11:00,3014,15,1,2,3,4,5,11,14,17,18,20
2015-06-27,12:00,3015,13,1,5,6,8,11,12,14,16,19,20
2015-06-27,13:00,3016,17,1,3,6,7,9,10,11,14,18,19
2015-06-27,14:00,3017,6,2,3,5,7,8,10,11,15,18,20
2015-06-27,15:00,3018,1,2,6,7,8,10,13,15,17,18,20
2015-06-27,16:00,3019,20,6,10,12,13,15,16,17,18,19,20
2015-06-27,17:00,3020,13,1,2,5,9,10,12,13,18,19,20
2015-06-27,18:00,3021,11,3,4,7,8,9,14,15,16,18,20
2015-06-27,19:00,3022,14,1,5,7,10,11,14,15,16,17,18
2015-06-27,20:00,3023,17,2,3,11,12,15,16,17,18,19,20
2015-06-27,21:00,3024,9,5,6,7,8,10,13,16,17,18,20
2015-06-27,22:00,3025,6,3,4,6,10,11,13,16,17,18,19
2015-06-27,23:00,3026,20,1,7,9,10,12,14,16,18,19,20
2015-06-28,07:00,3027,9,1,2,3,9,11,13,14,16,17,19
2015-06-28,08:00,3028,3,5,7,9,13,14,15,16,18,19,20
2015-06-28,09:00,3029,7,1,2,7,9,11,13,14,15,18,20
2015-06-28,10:00,3030,20,3,5,6,7,9,10,12,16,17,19
2015-06-28,11:00,3031,15,2,5,6,10,12,14,16,18,19,20
2015-06-28,12:00,3032,13,1,3,6,7,9,10,12,13,17,19
2015-06-28,13:00,3033,5,5,9,10,11,12,14,16,17,18,20
2015-06-28,14:00,3034,17,1,2,3,4,5,7,11,12,14,19
2015-06-28,15:00,3035,9,2,6,8,12,13,15,16,18,19,20
2015-06-28,16:00,3036,2,2,3,5,8,9,10,12,13,15,20
2015-06-28,17:00,3037,1,1,3,4,6,8,9,11,13,16,19
2015-06-28,18:00,3038,2,1,3,5,7,9,11,13,14,15,18
2015-06-28,19:00,3039,15,5,6,7,9,11,12,13,15,17,19
2015-06-28,20:00,3040,12,1,2,5,7,8,11,14,15,18,19
2015-06-28,21:00,3041,12,1,5,7,8,10,11,12,13,15,16
2015-06-28,22:00,3042,11,2,3,5,6,9,10,11,15,18,19
2015-06-28,23:00,3043,19,1,3,4,5,8,9,10,12,13,17
2015-06-29,07:00,3044,16,1,2,3,4,6,9,10,12,18,19
2015-06-29,08:00,3045,9,1,3,4,7,10,12,13,15,18,20
2015-06-29,09:00,3046,13,3,4,5,6,9,10,11,13,14,15
2015-06-29,10:00,3047,7,1,3,6,8,9,10,17,18,19,20
2015-06-29,11:00,3048,5,3,4,6,10,11,12,13,14,16,18
2015-06-29,12:00,3049,8,1,3,5,6,8,10,12,14,15,19
2015-06-29,13:00,3050,3,1,2,5,6,12,13,16,17,19,20
2015-06-29,14:00,3051,2,3,5,7,11,12,13,14,15,17,20
2015-06-29,15:00,3052,8,1,3,6,7,8,9,11,12,16,19
2015-06-29,16:00,3053,20,1,3,6,7,10,11,13,14,15,16
2015-06-29,17:00,3054,5,1,2,7,8,10,12,13,15,16,20
2015-06-29,18:00,3055,9,1,3,4,9,10,11,12,16,19,20
2015-06-29,19:00,3056,13,2,3,7,9,10,11,13,15,17,20
2015-06-29,20:00,3057,2,3,5,6,7,8,12,14,15,18,20
2015-06-29,21:00,3058,8,1,2,4,5,10,11,12,14,16,19
2015-06-29,22:00,3059,17,3,4,6,8,11,12,14,16,17,18
2015-06-29,23:00,3060,1,3,5,6,10,11,12,13,15,17,20
2015-06-30,07:00,3061,1,1,2,5,7,10,11,16,18,19,20
2015-06-30,08:00,3062,1,2,3,4,7,9,13,14,17,19,20
2015-06-30,09:00,3063,3,3,4,5,6,10,11,13,14,17,18
2015-06-30,10:00,3064,1,1,2,3,4,6,7,8,9,14,18
2015-06-30,11:00,3065,2,3,5,7,8,9,11,12,13,14,20
2015-06-30,12:00,3066,7,1,2,4,5,10,12,13,15,19,20
2015-06-30,13:00,3067,1,1,3,5,6,8,12,13,14,15,18
2015-06-30,14:00,3068,6,1,2,3,5,9,11,13,14,16,20
2015-06-30,15:00,3069,5,3,4,5,6,7,8,9,11,18,20
2015-06-30,16:00,3070,11,1,2,3,4,5,10,11,13,15,18
2015-06-30,17:00,3071,10,1,2,4,6,7,8,9,12,16,20
2015-06-30,18:00,3072,2,1,3,5,8,10,12,13,14,19,20
2015-06-30,19:00,3073,12,2,3,4,6,8,14,15,17,19,20
2015-06-30,20:00,3074,4,1,3,7,8,9,12,13,14,15,20
2015-06-30,21:00,3075,11,1,2,3,5,7,9,11,16,17,18
2015-06-30,22:00,3076,10,1,3,4,5,7,10,11,13,16,18
2015-06-30,23:00,3077,1,2,4,6,7,8,12,14,17,18,20
2015-07-01,07:00,3078,19,2,3,5,6,7,9,11,17,19,20
2015-07-01,08:00,3079,2,1,3,4,8,10,11,17,18,19,20
2015-07-01,09:00,3080,2,1,5,6,10,13,14,15,16,18,20
2015-07-01,10:00,3081,1,3,8,10,11,12,14,15,17,19,20
2015-07-01,11:00,3082,19,1,5,8,9,10,15,16,17,18,20
2015-07-01,12:00,3083,8,3,4,5,10,11,12,13,17,18,20
2015-07-01,13:00,3084,18,1,3,7,9,11,12,13,18,19,20
2015-07-01,14:00,3085,15,1,4,5,6,7,12,14,17,19,20
2015-07-01,15:00,3086,6,1,2,3,5,10,11,13,14,15,16
2015-07-01,16:00,3087,7,2,4,5,8,10,12,14,16,18,19
2015-07-01,17:00,3088,3,2,3,4,6,7,8,9,12,18,20
2015-07-01,18:00,3089,4,3,4,6,7,12,13,15,17,18,20
2015-07-01,19:00,3090,2,3,6,7,11,12,13,15,16,19,20
2015-07-01,20:00,3091,11,1,2,7,11,12,13,14,15,18,20
2015-07-01,21:00,3092,6,4,6,8,9,12,13,14,17,18,19
2015-07-01,22:00,3093,19,2,4,9,10,11,14,15,17,19,20
2015-07-01,23:00,3094,19,2,4,5,6,8,9,10,13,14,15
2015-07-02,07:00,3095,1,1,2,5,7,8,10,12,13,14,16
2015-07-02,08:00,3096,14,1,3,4,5,6,7,10,15,17,18
2015-07-02,09:00,3097,7,1,4,6,7,8,9,10,11,14,18
2015-07-02,10:00,3098,11,2,4,5,8,9,10,11,17,18,19
2015-07-02,11:00,3099,11,2,3,4,11,12,13,14,15,17,20
2015-07-02,12:00,3100,3,6,7,8,9,10,11,12,13,17,19
2015-07-02,13:00,3101,16,1,2,7,9,10,11,12,13,16,17
2015-07-02,14:00,3102,17,3,6,7,10,11,12,16,17,18,20
2015-07-02,15:00,3103,10,2,4,7,9,10,12,13,16,18,19
2015-07-02,16:00,3104,5,1,2,5,8,9,14,15,18,19,20
2015-07-02,17:00,3105,8,3,4,6,8,11,13,16,18,19,20
2015-07-02,18:00,3106,18,2,5,6,7,8,9,10,11,16,18
2015-07-02,19:00,3107,20,2,3,5,6,7,8,9,11,12,16
2015-07-02,20:00,3108,5,2,7,8,9,10,12,13,14,15,17
2015-07-02,21:00,3109,3,1,4,8,10,11,14,16,17,18,19
2015-07-02,22:00,3110,19,2,4,5,6,7,9,12,13,16,19
2015-07-02,23:00,3111,15,1,2,5,7,8,9,13,14,18,19
2015-07-03,07:00,3112,1,1,6,8,13,14,15,16,17,18,19
2015-07-03,08:00,3113,15,1,3,5,6,8,11,12,17,18,19
2015-07-03,09:00,3114,20,2,4,5,7,9,12,13,14,18,20
2015-07-03,10:00,3115,9,1,3,4,8,9,10,11,13,18,20
2015-07-03,11:00,3116,18,1,2,3,6,9,10,13,15,17,19
2015-07-03,12:00,3117,13,1,5,6,10,12,13,14,15,17,20
2015-07-03,13:00,3118,16,1,3,8,9,10,11,12,15,18,20
2015-07-03,14:00,3119,10,2,4,5,7,8,11,13,15,17,18
2015-07-03,15:00,3120,6,1,2,5,6,9,10,12,16,17,18
2015-07-03,16:00,3121,20,3,4,5,6,7,9,10,17,18,20
2015-07-03,17:00,3122,10,2,3,4,6,7,10,11,15,17,18
2015-07-03,18:00,3123,18,4,5,7,8,9,12,15,16,18,20
2015-07-03,19:00,3124,20,1,2,3,6,8,9,11,14,18,19
2015-07-03,20:00,3125,9,3,5,6,8,10,11,13,14,17,19
2015-07-03,21:00,3126,20,1,2,3,7,10,11,12,13,14,19
2015-07-03,22:00,3127,13,2,4,5,6,10,14,15,16,17,18
2015-07-03,23:00,3128,4,3,4,6,9,10,13,14,15,17,19
2015-07-04,07:00,3129,5,3,4,5,6,12,13,14,15,16,19
2015-07-04,08:00,3130,18,1,3,5,6,7,8,10,12,15,19
2015-07-04,09:00,3131,15,2,4,6,7,8,9,12,13,15,16
2015-07-04,10:00,3132,15,1,4,6,7,8,9,10,13,16,18
2015-07-04,11:00,3133,17,2,3,4,5,10,13,14,16,19,20
2015-07-04,12:00,3134,8,3,5,6,8,12,13,14,16,18,19
2015-07-04,13:00,3135,7,1,3,4,5,6,8,9,11,14,15
2015-07-04,14:00,3136,20,1,3,4,8,9,10,11,16,17,19
2015-07-04,15:00,3137,9,3,5,7,8,9,13,14,15,17,19
2015-07-04,16:00,3138,18,4,6,9,11,13,14,15,17,18,20
2015-07-04,17:00,3139,1,2,5,9,10,12,15,16,17,18,20
2015-07-04,18:00,3140,18,2,4,5,8,11,13,14,15,16,19
2015-07-04,19:00,3141,19,1,2,3,6,7,12,17,18,19,20
2015-07-04,20:00,3142,13,2,4,5,6,7,8,9,16,18,20
2015-07-04,21:00,3143,8,1,2,3,7,8,11,12,15,16,19
2015-07-04,22:00,3144,5,1,3,5,10,15,16,17,18,19,20
2015-07-04,23:00,3145,13,2,3,4,5,8,12,13,14,16,17
2015-07-05,07:00,3146,7,1,2,4,8,10,13,14,15,17,18
2015-07-05,08:00,3147,7,1,4,6,7,8,13,15,16,18,19
2015-07-05,09:00,3148,19,2,3,8,10,11,12,13,15,17,20
2015-07-05,10:00,3149,11,1,5,7,10,11,12,14,15,16,19
2015-07-05,11:00,3150,5,2,4,7,8,9,10,12,14,16,18
2015-07-05,12:00,3151,20,1,2,3,6,7,9,11,14,17,19
2015-07-05,13:00,3152,17,1,3,6,8,10,12,13,15,17,19
2015-07-05,14:00,3153,12,1,2,3,7,11,12,13,14,17,19
2015-07-05,15:00,3154,10,6,7,8,9,10,11,14,15,19,20
2015-07-05,16:00,3155,12,1,2,3,7,10,11,12,16,17,18
2015-07-05,17:00,3156,19,3,4,7,8,9,11,13,14,15,19
2015-07-05,18:00,3157,15,2,8,11,12,13,15,16,17,18,19
2015-07-05,19:00,3158,13,1,5,6,7,8,10,12,15,16,20
2015-07-05,20:00,3159,14,1,3,4,7,10,12,13,15,19,20
2015-07-05,21:00,3160,2,4,6,7,9,10,11,12,15,17,18
2015-07-05,22:00,3161,20,3,4,6,8,10,11,12,14,15,18
2015-07-05,23:00,3162,8,2,4,5,6,8,9,12,13,14,20
2015-07-06,07:00,3163,7,1,3,6,9,10,12,15,17,18,20
2015-07-06,08:00,3164,4,2,3,4,5,7,9,11,15,16,19
2015-07-06,09:00,3165,2,2,4,5,6,7,9,13,15,17,18
2015-07-06,10:00,3166,13,3,5,7,8,12,13,16,17,18,20
2015-07-06,11:00,3167,4,1,3,4,6,8,9,11,12,13,14
2015-07-06,12:00,3168,8,1,5,6,7,9,12,13,14,17,20
2015-07-06,13:00,3169,5,1,2,3,4,5,8,11,13,14,18
2015-07-06,14:00,3170,8,2,3,4,7,8,12,13,15,16,20
2015-07-06,15:00,3171,9,2,3,4,6,8,9,13,16,18,20
2015-07-06,16:00,3172,4,2,4,8,9,13,16,17,18,19,20
2015-07-06,17:00,3173,19,2,3,7,8,9,15,16,17,19,20
2015-07-06,18:00,3174,13,2,5,6,9,10,11,14,16,17,18
2015-07-06,19:00,3175,20,1,2,3,4,7,12,13,15,18,19
2015-07-06,20:00,3176,9,1,2,4,7,8,10,14,15,17,18
2015-07-06,21:00,3177,13,2,3,5,7,9,10,13,16,18,19
2015-07-06,22:00,3178,4,2,4,6,10,14,15,17,18,19,20
2015-07-06,23:00,3179,15,1,3,5,7,10,11,12,14,18,19
2015-07-07,07:00,3180,17,1,7,9,10,13,14,15,16,19,20
2015-07-07,08:00,3181,6,1,4,7,10,11,12,13,14,18,20
2015-07-07,09:00,3182,19,1,2,5,6,7,10,11,12,13,19
2015-07-07,10:00,3183,19,1,2,5,6,10,12,13,15,17,19
2015-07-07,11:00,3184,13,1,2,3,5,7,10,14,16,18,19
2015-07-07,12:00,3185,18,2,3,4,9,10,14,15,18,19,20
2015-07-07,13:00,3186,6,2,3,4,8,12,13,14,16,18,19
2015-07-07,14:00,3187,5,1,2,3,6,11,12,14,15,16,17
2015-07-07,15:00,3188,3,3,5,7,8,10,15,16,17,18,20
2015-07-07,16:00,3189,11,1,4,5,7,8,9,11,12,15,18
2015-07-07,17:00,3190,10,1,3,5,7,12,13,15,17,18,19
2015-07-07,18:00,3191,1,2,3,4,5,8,12,13,14,15,20
2015-07-07,19:00,3192,10,6,9,10,12,13,15,16,17,18,19
2015-07-07,20:00,3193,12,1,2,4,8,9,11,13,15,16,20
2015-07-07,21:00,3194,6,1,2,4,8,11,12,13,14,16,18
2015-07-07,22:00,3195,1,1,6,7,8,9,11,12,14,17,19
2015-07-07,23:00,3196,9,2,5,6,8,9,10,11,13,16,18
2015-07-08,07:00,3197,11,2,3,5,6,7,9,11,13,14,18
2015-07-08,08:00,3198,13,2,3,6,7,10,12,13,16,17,20
2015-07-08,09:00,3199,18,2,3,4,6,9,10,12,14,16,18
2015-07-08,10:00,3200,7,1,2,5,6,7,8,12,14,15,19
2015-07-08,11:00,3201,9,1,4,6,8,9,10,11,13,15,18
2015-07-08,12:00,3202,15,3,5,7,10,12,13,15,16,18,19
2015-07-08,13:00,3203,6,1,2,5,7,8,11,12,13,14,20
2015-07-08,14:00,3204,4,1,3,5,7,8,12,15,16,17,19
2015-07-08,15:00,3205,18,3,4,5,6,9,11,13,14,16,18
2015-07-08,16:00,3206,3,2,3,6,7,8,9,10,11,13,16
2015-07-08,17:00,3207,20,1,5,6,8,9,10,13,14,16,17
2015-07-08,18:00,3208,16,1,4,6,7,8,10,13,15,19,20
2015-07-08,19:00,3209,13,2,5,6,7,9,12,15,18,19,20
2015-07-08,20:00,3210,9,1,3,4,5,7,11,12,16,17,19
2015-07-08,21:00,3211,20,2,4,5,9,10,11,12,15,18,19
2015-07-08,22:00,3212,15,1,3,4,5,6,10,13,18,19,20
2015-07-08,23:00,3213,1,1,3,6,7,8,10,14,16,17,19
2015-07-09,07:00,3214,1,1,4,6,7,9,11,14,17,18,20
2015-07-09,08:00,3215,1,1,2,5,7,9,12,13,14,16,19
2015-07-09,09:00,3216,8,1,5,9,11,12,14,15,18,19,20
2015-07-09,10:00,3217,19,2,4,6,7,8,11,15,16,18,20
2015-07-09,11:00,3218,10,1,3,5,8,11,12,13,14,16,18
2015-07-09,12:00,3219,4,2,4,7,9,13,14,17,18,19,20
2015-07-09,13:00,3220,1,2,4,5,6,9,10,12,13,17,18
2015-07-09,14:00,3221,5,1,3,8,9,10,11,12,15,16,18
2015-07-09,15:00,3222,10,1,4,7,9,10,12,13,16,18,20
2015-07-09,16:00,3223,1,1,3,5,7,11,13,15,18,19,20
2015-07-09,17:00,3224,12,3,4,6,8,11,12,14,15,19,20
2015-07-09,18:00,3225,2,1,2,4,5,6,9,15,17,19,20
2015-07-09,19:00,3226,5,3,4,5,6,12,14,17,18,19,20
2015-07-09,20:00,3227,14,2,3,4,5,6,9,12,15,18,20
2015-07-09,21:00,3228,2,1,2,7,11,13,15,16,17,19,20
2015-07-09,22:00,3229,19,1,3,8,9,10,11,12,14,16,18
2015-07-09,23:00,3230,16,1,2,5,7,8,10,13,15,16,19
2015-07-10,07:00,3231,18,1,2,3,4,5,9,13,14,17,18
2015-07-10,08:00,3232,6,2,3,4,5,6,8,9,12,16,20
2015-07-10,09:00,3233,8,1,2,6,8,9,13,14,17,18,20
2015-07-10,10:00,3234,11,2,4,5,10,11,12,16,17,18,20
2015-07-10,11:00,3235,5,1,3,5,6,12,13,14,15,17,20
2015-07-10,12:00,3236,19,2,4,5,6,8,10,11,15,17,18
2015-07-10,13:00,3237,5,1,2,3,5,6,8,13,15,16,19
2015-07-10,14:00,3238,17,1,2,3,4,7,13,14,17,19,20
2015-07-10,15:00,3239,9,3,6,7,8,10,11,12,14,18,19
2015-07-10,16:00,3240,14,1,4,7,8,9,10,14,16,18,19
2015-07-10,17:00,3241,7,1,3,5,7,11,13,14,15,16,19
2015-07-10,18:00,3242,10,1,2,3,4,6,8,11,13,15,17
2015-07-10,19:00,3243,10,1,4,5,7,8,12,13,14,15,18
2015-07-10,20:00,3244,16,2,6,7,12,13,15,16,17,19,20
2015-07-10,21:00,3245,1,1,4,9,10,12,13,14,15,17,19
2015-07-10,22:00,3246,5,3,5,6,10,11,13,15,18,19,20
2015-07-10,23:00,3247,1,2,3,4,7,10,11,12,13,15,20
2015-07-11,07:00,3248,20,3,4,6,9,12,14,16,17,18,20
2015-07-11,08:00,3249,5,2,3,4,5,8,11,12,15,17,19
2015-07-11,09:00,3250,8,1,6,8,9,10,12,13,14,15,18
2015-07-11,10:00,3251,5,4,6,11,12,13,14,15,16,18,20
2015-07-11,11:00,3252,18,2,4,6,7,9,10,13,14,15,19
2015-07-11,12:00,3253,16,1,3,6,8,9,11,15,16,18,19
2015-07-11,13:00,3254,1,4,6,7,10,11,14,15,18,19,20
2015-07-11,14:00,3255,8,2,6,7,9,10,14,15,17,18,20
2015-07-11,15:00,3256,10,1,6,7,8,10,11,12,13,15,18
2015-07-11,16:00,3257,18,1,3,5,6,8,10,14,17,18,20
2015-07-11,17:00,3258,9,1,5,7,9,11,15,16,18,19,20
2015-07-11,18:00,3259,17,1,2,7,9,10,11,13,14,15,18
2015-07-11,19:00,3260,14,3,5,7,8,9,10,11,12,13,16
2015-07-11,20:00,3261,17,1,2,3,4,5,10,11,12,14,20
2015-07-11,21:00,3262,15,1,2,3,5,6,7,11,14,16,17
2015-07-11,22:00,3263,7,2,3,5,8,9,10,11,13,19,20
2015-07-11,23:00,3264,19,1,3,5,6,11,14,15,16,17,18
2015-07-12,07:00,3265,18,3,5,8,10,11,14,16,17,19,20
2015-07-12,08:00,3266,11,1,2,5,6,10,11,13,14,16,19
2015-07-12,09:00,3267,10,2,4,5,10,14,16,17,18,19,20
2015-07-12,10:00,3268,6,1,2,4,6,11,12,16,17,19,20
2015-07-12,11:00,3269,18,1,2,4,6,7,8,11,17,18,19
2015-07-12,12:00,3270,14,1,5,6,7,9,10,16,17,18,20
2015-07-12,13:00,3271,3,1,5,6,9,10,11,12,16,17,18
2015-07-12,14:00,3272,3,1,2,3,8,9,10,11,13,19,20
2015-07-12,15:00,3273,16,2,3,4,5,6,7,9,10,11,17
2015-07-12,16:00,3274,14,1,4,6,7,9,10,11,13,14,19
2015-07-12,17:00,3275,11,4,6,8,9,10,13,14,15,18,20
2015-07-12,18:00,3276,1,2,7,9,11,12,13,14,15,16,18
2015-07-12,19:00,3277,8,2,3,5,8,11,14,15,17,19,20
2015-07-12,20:00,3278,19,1,2,6,7,8,12,13,17,18,20
2015-07-12,21:00,3279,7,2,7,8,9,13,14,16,17,18,19
2015-07-12,22:00,3280,11,3,4,5,6,11,12,14,17,19,20
2015-07-12,23:00,3281,9,2,3,5,7,8,9,12,15,16,17
2015-07-13,07:00,3282,4,1,2,3,5,8,9,10,12,14,16
2015-07-13,08:00,3283,12,2,5,6,7,8,12,14,16,18,19
2015-07-13,09:00,3284,16,1,4,6,10,12,14,15,16,18,19
2015-07-13,10:00,3285,10,2,3,4,7,9,13,16,17,18,19
2015-07-13,11:00,3286,18,6,7,8,9,12,14,15,17,18,19
2015-07-13,12:00,3287,6,1,3,6,10,12,15,16,17,19,20
2015-07-13,13:00,3288,7,1,4,5,6,7,9,12,13,15,17
2015-07-13,14:00,3289,4,1,3,6,7,10,11,12,15,17,20
2015-07-13,15:00,3290,2,1,5,6,9,12,13,14,15,17,19
2015-07-13,16:00,3291,8,1,5,6,9,10,13,14,16,17,20
2015-07-13,17:00,3292,10,2,3,7,8,9,10,11,12,15,16
2015-07-13,18:00,3293,15,3,4,7,8,9,12,13,15,16,17
2015-07-13,19:00,3294,17,1,2,5,9,10,11,12,13,14,19
2015-07-13,20:00,3295,15,1,2,4,7,8,11,12,15,18,19
2015-07-13,21:00,3296,4,1,4,5,10,11,13,16,18,19,20
2015-07-13,22:00,3297,20,1,2,5,6,7,10,11,16,18,20
2015-07-13,23:00,3298,6,3,4,12,13,15,16,17,18,19,20
2015-07-14,07:00,3299,7,3,4,5,6,9,10,13,14,19,20
2015-07-14,08:00,3300,14,2,3,4,5,7,8,9,13,16,20
2015-07-14,09:00,3301,7,1,3,4,5,7,8,11,13,18,20
2015-07-14,10:00,3302,17,1,2,4,5,6,7,8,11,14,18
2015-07-14,11:00,3303,4,2,5,7,8,11,14,15,16,18,19
2015-07-14,12:00,3304,15,2,3,6,7,8,9,10,13,18,19
2015-07-14,13:00,3305,4,4,5,7,9,12,13,14,17,18,20
2015-07-14,14:00,3306,19,1,3,8,9,11,13,14,17,18,19
2015-07-14,15:00,3307,12,3,4,5,10,12,13,15,16,19,20
2015-07-14,16:00,3308,1,3,4,6,7,11,12,13,15,16,20
2015-07-14,17:00,3309,10,1,2,5,9,10,11,12,17,19,20
2015-07-14,18:00,3310,8,3,4,7,8,9,11,17,18,19,20
2015-07-14,19:00,3311,2,1,2,3,4,7,12,15,16,17,19
2015-07-14,20:00,3312,12,2,3,4,5,6,9,10,11,13,16
2015-07-14,21:00,3313,17,4,5,7,8,10,14,15,17,18,20
2015-07-14,22:00,3314,19,2,3,5,6,8,10,11,14,17,18
2015-07-14,23:00,3315,9,1,2,3,4,6,10,11,12,15,20
2015-07-15,07:00,3316,10,2,3,5,8,9,11,13,14,17,20
2015-07-15,08:00,3317,5,1,2,5,8,9,11,13,15,16,18
2015-07-15,09:00,3318,14,1,4,5,6,8,9,13,14,16,18
2015-07-15,10:00,3319,14,5,6,8,11,14,15,16,17,19,20
2015-07-15,11:00,3320,5,1,2,4,6,11,12,16,18,19,20
2015-07-15,12:00,3321,17,2,6,7,8,9,13,14,15,17,20
2015-07-15,13:00,3322,17,2,3,4,9,12,13,15,16,18,20
2015-07-15,14:00,3323,7,1,2,5,7,8,10,13,14,18,19
2015-07-15,15:00,3324,6,1,3,6,8,9,12,13,14,18,20
2015-07-15,16:00,3325,2,1,5,6,9,10,11,13,14,15,16
2015-07-15,17:00,3326,8,4,6,8,9,11,13,15,18,19,20
2015-07-15,18:00,3327,15,5,6,8,9,12,13,15,16,17,20
2015-07-15,19:00,3328,17,1,2,3,5,7,11,14,15,19,20
2015-07-15,20:00,3329,9,1,6,8,9,10,11,13,14,18,19
2015-07-15,21:00,3330,10,2,4,7,9,10,11,14,15,17,18
2015-07-15,22:00,3331,3,1,3,4,5,6,8,14,15,17,20
2015-07-15,23:00,3332,12,1,4,6,7,9,10,14,17,18,20
2015-07-16,07:00,3333,5,1,3,8,9,12,13,14,16,19,20
2015-07-16,08:00,3334,8,1,4,5,6,10,11,16,17,19,20
2015-07-16,09:00,3335,18,4,6,7,8,9,11,14,16,17,19
2015-07-16,10:00,3336,19,2,5,6,7,9,11,13,15,16,18
2015-07-16,11:00,3337,19,1,2,5,6,8,10,13,18,19,20
2015-07-16,12:00,3338,9,1,2,5,6,7,8,10,14,18,20
2015-07-16,13:00,3339,8,6,8,9,10,13,14,15,18,19,20
2015-07-16,14:00,3340,13,1,4,5,8,12,13,14,16,17,19
2015-07-16,15:00,3341,10,7,9,10,11,12,13,14,15,17,20
2015-07-16,16:00,3342,8,6,7,10,11,12,13,14,16,17,19
2015-07-16,17:00,3343,16,1,3,4,5,6,9,10,11,13,16
2015-07-16,18:00,3344,13,1,2,5,8,9,11,13,16,17,18
2015-07-16,19:00,3345,12,1,4,6,7,8,12,14,15,17,18
2015-07-16,20:00,3346,9,1,2,3,4,10,13,17,18,19,20
2015-07-16,21:00,3347,5,1,3,4,5,7,9,11,13,14,16
2015-07-16,22:00,3348,2,3,4,6,8,9,11,13,14,15,18
2015-07-16,23:00,3349,3,1,2,5,6,9,10,13,15,16,18
2015-07-17,07:00,3350,8,2,6,7,8,10,12,13,14,15,17
2015-07-17,08:00,3351,1,3,4,8,10,12,15,16,17,19,20
2015-07-17,09:00,3352,17,1,2,5,7,9,11,12,13,14,19
2015-07-17,10:00,3353,19,4,5,6,7,12,13,14,17,18,19
2015-07-17,11:00,3354,3,1,4,5,9,10,11,14,15,17,20
2015-07-17,12:00,3355,2,1,2,3,4,5,9,10,13,16,18
2015-07-17,13:00,3356,17,1,3,5,11,12,13,14,17,18,19
2015-07-17,14:00,3357,12,1,2,4,6,8,9,10,13,16,19
2015-07-17,15:00,3358,5,3,4,5,6,7,9,10,11,14,17
2015-07-17,16:00,3359,10,1,5,7,8,9,10,15,17,19,20
2015-07-17,17:00,3360,20,1,2,5,9,11,13,15,17,18,19
2015-07-17,18:00,3361,12,2,3,5,6,10,11,12,18,19,20
2015-07-17,19:00,3362,8,3,6,7,8,9,10,12,14,16,18
2015-07-17,20:00,3363,6,2,4,8,12,13,16,17,18,19,20
2015-07-17,21:00,3364,19,1,2,3,4,5,6,14,15,17,19
2015-07-17,22:00,3365,20,4,5,6,8,9,11,12,15,17,20
2015-07-17,23:00,3366,13,4,7,9,10,12,13,15,17,18,19
2015-07-18,07:00,3367,10,3,4,5,7,8,11,14,16,17,19
2015-07-18,08:00,3368,3,1,3,4,6,8,9,10,13,16,17
2015-07-18,09:00,3369,18,1,4,7,8,10,12,13,17,18,19
2015-07-18,10:00,3370,3,2,3,5,7,9,10,12,13,16,18
2015-07-18,11:00,3371,17,2,5,7,9,10,11,12,13,14,19
2015-07-18,12:00,3372,3,1,5,6,7,11,12,13,15,19,20
2015-07-18,13:00,3373,15,1,2,5,12,13,14,15,16,18,20
2015-07-18,14:00,3374,14,1,3,4,5,7,9,11,12,15,19
2015-07-18,15:00,3375,11,2,3,5,6,9,10,16,17,19,20
2015-07-18,16:00,3376,19,1,2,6,10,13,14,15,16,19,20
2015-07-18,17:00,3377,6,1,2,3,4,5,7,8,13,14,18
2015-07-18,18:00,3378,10,3,4,6,7,10,11,12,15,17,20
2015-07-18,19:00,3379,15,1,3,8,9,10,13,14,15,19,20
2015-07-18,20:00,3380,11,1,3,4,6,7,8,10,11,12,20
2015-07-18,21:00,3381,13,1,2,3,7,8,9,15,16,18,20
2015-07-18,22:00,3382,2,1,3,4,5,6,8,13,16,17,18
2015-07-18,23:00,3383,6,1,6,8,10,11,12,13,15,16,17
2015-07-19,07:00,3384,3,1,2,3,6,10,11,17,18,19,20
2015-07-19,08:00,3385,18,1,3,5,6,8,9,10,13,14,20
2015-07-19,09:00,3386,4,1,4,6,8,9,12,13,14,15,17
2015-07-19,10:00,3387,12,1,2,3,5,9,12,13,15,16,17
2015-07-19,11:00,3388,19,2,3,4,5,7,12,13,16,19,20
2015-07-19,12:00,3389,2,3,5,7,10,11,13,14,17,18,19
2015-07-19,13:00,3390,18,1,2,4,6,10,11,14,17,19,20
2015-07-19,14:00,3391,9,4,8,9,10,11,12,15,16,17,20
2015-07-19,15:00,3392,8,2,4,6,7,10,11,13,15,18,19
2015-07-19,16:00,3393,3,1,2,8,9,10,11,12,13,17,18
2015-07-19,17:00,3394,15,1,3,6,10,13,14,15,16,18,20
2015-07-19,18:00,3395,19,1,2,5,6,9,11,12,16,17,19
2015-07-19,19:00,3396,4,2,3,4,6,8,9,10,13,15,19
2015-07-19,20:00,3397,4,4,6,8,9,11,12,13,15,19,20
2015-07-19,21:00,3398,12,1,3,4,5,6,8,10,13,16,20
2015-07-19,22:00,3399,18,1,2,3,8,9,10,11,12,13,20
2015-07-19,23:00,3400,16,3,4,5,7,8,9,11,14,17,20
2015-07-20,07:00,3401,16,5,7,8,10,11,12,14,15,16,19
2015-07-20,08:00,3402,18,1,3,4,7,10,11,15,16,19,20
2015-07-20,09:00,3403,12,2,9,10,11,12,13,14,15,16,17
2015-07-20,10:00,3404,1,2,6,8,9,10,12,14,15,17,20
2015-07-20,11:00,3405,8,1,3,4,5,9,11,12,14,16,18
2015-07-20,12:00,3406,10,1,4,6,7,8,9,12,13,16,17
2015-07-20,13:00,3407,12,2,3,5,7,10,11,13,15,17,18
2015-07-20,14:00,3408,2,2,3,4,8,9,10,13,14,17,20
2015-07-20,15:00,3409,8,1,2,3,6,10,11,13,14,17,18
2015-07-20,16:00,3410,13,2,3,4,6,9,16,17,18,19,20
2015-07-20,17:00,3411,6,1,2,7,8,9,11,14,17,18,20
2015-07-20,18:00,3412,16,1,4,5,6,9,10,12,17,19,20
2015-07-20,19:00,3413,13,1,2,5,6,9,12,13,14,18,20
2015-07-20,20:00,3414,12,1,2,4,7,11,14,17,18,19,20
2015-07-20,21:00,3415,13,2,3,4,5,8,9,10,17,18,19
2015-07-20,22:00,3416,3,1,2,5,6,7,9,11,12,13,19
2015-07-20,23:00,3417,7,2,7,10,11,13,14,16,17,18,19
2015-07-21,07:00,3418,13,2,3,4,8,9,14,16,17,18,19
2015-07-21,08:00,3419,3,2,3,5,6,8,9,10,11,13,14
2015-07-21,09:00,3420,16,2,3,6,8,11,12,14,17,18,19
2015-07-21,10:00,3421,11,2,3,4,5,11,13,14,16,18,20
2015-07-21,11:00,3422,3,1,4,5,7,9,11,12,15,16,18
2015-07-21,12:00,3423,16,2,4,5,9,12,14,15,16,17,19
2015-07-21,13:00,3424,13,3,4,6,7,9,14,15,16,18,20
2015-07-21,14:00,3425,20,2,3,4,7,9,10,14,15,18,19
2015-07-21,15:00,3426,1,1,2,5,6,8,9,10,15,18,20
2015-07-21,16:00,3427,3,1,2,3,7,9,14,15,17,18,19
2015-07-21,17:00,3428,10,1,3,5,6,10,11,12,13,17,20
2015-07-21,18:00,3429,19,2,4,7,8,10,13,14,15,17,20
2015-07-21,19:00,3430,19,1,6,7,8,9,12,14,15,16,20
2015-07-21,20:00,3431,6,3,5,7,9,11,13,14,16,17,20
2015-07-21,21:00,3432,18,1,2,3,6,7,10,11,16,19,20
2015-07-21,22:00,3433,13,1,3,5,7,9,14,16,18,19,20
2015-07-21,23:00,3434,2,1,2,9,12,14,15,16,17,18,19
2015-07-22,07:00,3435,15,2,4,8,9,11,12,14,16,17,20
2015-07-22,08:00,3436,17,1,4,7,8,9,11,14,15,17,19
2015-07-22,09:00,3437,11,4,5,8,9,11,13,14,16,18,19
2015-07-22,10:00,3438,2,3,4,5,6,8,11,13,14,16,19
2015-07-22,11:00,3439,5,1,2,4,5,6,10,11,12,18,20
2015-07-22,12:00,3440,18,2,3,4,5,6,12,13,14,16,17
2015-07-22,13:00,3441,4,3,4,7,8,9,10,12,14,15,17
2015-07-22,14:00,3442,7,3,4,9,10,11,12,13,15,17,19
2015-07-22,15:00,3443,1,3,6,7,8,10,14,17,18,19,20
2015-07-22,16:00,3444,8,1,2,6,8,10,11,13,14,19,20
2015-07-22,17:00,3445,18,6,8,9,11,12,15,16,17,18,19
2015-07-22,18:00,3446,19,1,2,4,6,7,9,10,11,12,16
2015-07-22,19:00,3447,10,3,5,6,9,11,13,14,15,18,19
2015-07-22,20:00,3448,20,1,2,3,4,5,6,8,11,16,18
2015-07-22,21:00,3449,3,2,3,5,7,9,11,14,15,17,20
2015-07-22,22:00,3450,20,2,5,6,9,10,11,16,17,18,19
2015-07-22,23:00,3451,1,2,5,10,11,13,14,15,16,17,19
2015-07-23,07:00,3452,11,1,5,6,10,13,14,16,17,19,20
2015-07-23,08:00,3453,20,3,4,6,7,9,10,12,14,15,16
2015-07-23,09:00,3454,6,3,5,6,7,8,9,11,12,13,20
2015-07-23,10:00,3455,18,1,3,5,7,9,10,13,15,17,18
2015-07-23,11:00,3456,14,1,3,4,5,6,8,9,14,17,20
2015-07-23,12:00,3457,19,3,4,5,8,9,10,14,15,16,19
2015-07-23,13:00,3458,17,1,3,5,6,7,8,9,10,13,19
2015-07-23,14:00,3459,14,4,5,7,8,12,14,15,18,19,20
2015-07-23,15:00,3460,1,2,4,5,6,10,14,15,17,18,19
2015-07-23,16:00,3461,20,2,3,5,6,11,14,16,18,19,20
2015-07-23,17:00,3462,16,2,3,6,8,9,11,13,16,19,20
2015-07-23,18:00,3463,8,3,4,5,13,14,15,16,17,18,20
2015-07-23,19:00,3464,16,1,3,4,5,6,9,10,12,17,20
2015-07-23,20:00,3465,7,1,2,4,5,6,7,14,15,17,20
2015-07-23,21:00,3466,12,2,5,6,7,8,10,13,16,17,18
2015-07-23,22:00,3467,16,1,6,7,9,10,13,15,16,17,18
2015-07-23,23:00,3468,2,2,3,6,11,13,14,17,18,19,20
2015-07-24,07:00,3469,16,1,4,5,9,10,12,13,14,15,18
2015-07-24,08:00,3470,15,2,3,4,5,8,9,14,18,19,20
2015-07-24,09:00,3471,4,1,2,3,4,7,9,11,14,15,20
2015-07-24,10:00,3472,12,1,3,4,5,6,12,13,16,18,19
2015-07-24,11:00,3473,17,4,5,6,7,8,11,13,15,16,18
2015-07-24,12:00,3474,6,3,4,5,8,12,13,14,16,17,18
2015-07-24,13:00,3475,11,3,4,8,9,10,11,12,15,17,19
2015-07-24,14:00,3476,19,1,2,3,4,5,10,16,18,19,20
2015-07-24,15:00,3477,14,1,2,3,6,8,14,16,18,19,20
2015-07-24,16:00,3478,18,2,3,8,9,10,11,12,13,14,15
2015-07-24,17:00,3479,17,2,4,5,6,10,11,13,14,15,20
2015-07-24,18:00,3480,11,1,2,5,10,12,15,16,17,18,20
2015-07-24,19:00,3481,11,1,3,4,6,9,12,13,17,19,20
2015-07-24,20:00,3482,2,1,2,3,6,10,11,12,13,15,16
2015-07-24,21:00,3483,12,2,5,6,7,8,9,13,14,18,20
2015-07-24,22:00,3484,4,1,2,4,9,11,13,15,16,17,18
2015-07-24,23:00,3485,18,1,4,6,9,14,15,16,17,18,19
2015-07-25,07:00,3486,3,1,4,5,6,10,11,13,18,19,20
2015-07-25,08:00,3487,8,2,3,4,6,14,15,16,17,18,20
2015-07-25,09:00,3488,18,1,3,4,7,8,11,15,17,18,19
2015-07-25,10:00,3489,15,1,3,5,7,13,14,16,17,19,20
2015-07-25,11:00,3490,19,1,5,6,7,10,14,17,18,19,20
2015-07-25,12:00,3491,11,2,3,4,5,7,8,9,11,17,19
2015-07-25,13:00,3492,18,1,3,4,5,8,10,11,13,19,20
2015-07-25,14:00,3493,7,3,7,8,10,11,12,13,15,17,20
2015-07-25,15:00,3494,3,2,3,6,9,13,16,17,18,19,20
2015-07-25,16:00,3495,1,1,2,6,12,13,14,15,16,17,20
2015-07-25,17:00,3496,17,1,3,6,9,13,15,17,18,19,20
2015-07-25,18:00,3497,5,1,3,6,7,11,13,14,17,19,20
2015-07-25,19:00,3498,8,5,7,8,10,11,12,15,17,18,20
2015-07-25,20:00,3499,12,1,2,3,6,9,10,11,12,16,20
2015-07-25,21:00,3500,8,1,3,4,8,11,12,14,15,16,17
2015-07-25,22:00,3501,3,1,4,5,9,12,15,16,17,19,20
2015-07-25,23:00,3502,17,3,6,7,8,9,11,12,13,14,19
2015-07-26,07:00,3503,8,2,3,4,5,11,13,14,16,19,20
2015-07-26,08:00,3504,12,5,6,7,8,10,11,12,14,17,20
2015-07-26,09:00,3505,3,1,3,4,6,9,12,14,15,17,19
2015-07-26,10:00,3506,11,2,3,8,9,10,11,12,13,16,18
2015-07-26,11:00,3507,10,1,4,5,6,9,10,11,13,15,17
2015-07-26,12:00,3508,18,1,2,4,8,9,10,11,13,16,20
2015-07-26,13:00,3509,2,2,4,7,8,10,12,13,15,16,17
2015-07-26,14:00,3510,7,1,2,6,7,8,9,10,13,18,19
2015-07-26,15:00,3511,20,2,3,6,7,8,10,11,15,17,19
2015-07-26,16:00,3512,6,2,3,6,8,9,12,16,17,18,19
2015-07-26,17:00,3513,15,4,6,7,9,10,12,15,16,18,20
2015-07-26,18:00,3514,15,1,3,4,5,7,9,10,14,17,19
2015-07-26,19:00,3515,20,1,3,4,5,6,8,12,13,15,20
2015-07-26,20:00,3516,14,1,4,7,8,11,13,14,15,19,20
2015-07-26,21:00,3517,10,2,4,9,13,14,15,16,17,18,19
2015-07-26,22:00,3518,7,1,2,5,8,9,11,12,13,19,20
2015-07-26,23:00,3519,9,1,3,4,6,8,12,13,15,16,20
2015-07-27,07:00,3520,6,1,3,4,5,6,8,9,10,12,19
2015-07-27,08:00,3521,15,3,4,7,9,12,13,14,15,16,20
2015-07-27,09:00,3522,5,1,3,6,10,11,13,15,16,18,20
2015-07-27,10:00,3523,16,2,4,5,9,11,12,13,14,17,19
2015-07-27,11:00,3524,6,1,2,4,7,9,11,16,17,18,19
2015-07-27,12:00,3525,10,4,5,6,7,11,12,14,16,18,19
2015-07-27,13:00,3526,11,3,5,6,8,12,13,14,15,16,19
2015-07-27,14:00,3527,5,1,2,5,6,10,12,14,16,18,19
2015-07-27,15:00,3528,19,1,2,3,10,11,13,14,15,16,19
2015-07-27,16:00,3529,8,1,5,6,8,10,13,15,17,18,20
2015-07-27,17:00,3530,3,1,2,3,6,7,11,13,14,15,17
2015-07-27,18:00,3531,7,1,2,3,6,8,9,11,13,17,19
2015-07-27,19:00,3532,15,1,3,5,6,8,9,11,12,16,20
2015-07-27,20:00,3533,13,1,3,4,6,8,9,11,13,17,20
2015-07-27,21:00,3534,5,5,6,8,9,10,12,15,17,18,20
2015-07-27,22:00,3535,15,3,5,6,10,11,13,14,15,16,18
2015-07-27,23:00,3536,5,1,3,4,7,10,12,13,14,18,20
2015-07-28,07:00,3537,2,1,2,3,5,6,7,10,13,16,17
2015-07-28,08:00,3538,6,3,4,5,6,9,10,15,16,18,19
2015-07-28,09:00,3539,20,2,5,8,11,12,13,14,17,18,19
2015-07-28,10:00,3540,12,1,4,5,6,7,12,13,17,18,19
2015-07-28,11:00,3541,19,1,4,6,10,12,14,15,16,17,20
2015-07-28,12:00,3542,16,1,3,6,8,9,11,13,14,17,18
2015-07-28,13:00,3543,11,3,4,9,10,12,15,16,17,18,19
2015-07-28,14:00,3544,3,3,5,7,8,9,11,13,14,17,19
2015-07-28,15:00,3545,2,3,5,7,8,11,12,13,14,17,18
2015-07-28,16:00,3546,9,1,2,3,4,8,9,11,17,18,20
2015-07-28,17:00,3547,15,2,3,6,8,9,11,13,14,18,19
2015-07-28,18:00,3548,13,1,4,6,7,10,13,14,16,18,19
2015-07-28,19:00,3549,9,1,3,8,9,12,13,15,16,17,20
2015-07-28,20:00,3550,11,1,2,10,12,13,14,16,18,19,20
2015-07-28,21:00,3551,10,2,5,7,8,11,14,16,17,18,19
2015-07-28,22:00,3552,15,6,8,9,11,13,16,17,18,19,20
2015-07-28,23:00,3553,19,1,2,3,7,8,9,11,17,18,20
2015-07-29,07:00,3554,14,2,4,5,8,10,11,12,16,17,19
2015-07-29,08:00,3555,13,1,5,6,9,10,11,12,14,15,20
2015-07-29,09:00,3556,20,1,2,3,6,7,8,9,14,16,20
2015-07-29,10:00,3557,5,3,6,7,10,11,12,14,15,16,17
2015-07-29,11:00,3558,7,3,4,6,10,11,12,13,14,15,19
2015-07-29,12:00,3559,8,1,3,4,6,9,12,15,16,17,20
2015-07-29,13:00,3560,8,2,4,6,8,11,12,14,15,17,18
2015-07-29,14:00,3561,11,1,3,5,6,7,8,9,15,18,20
2015-07-29,15:00,3562,5,3,5,9,10,14,16,17,18,19,20
2015-07-29,16:00,3563,11,3,5,6,7,8,10,12,13,16,17
2015-07-29,17:00,3564,11,3,4,7,10,11,12,14,17,19,20
2015-07-29,18:00,3565,10,1,2,3,4,7,9,12,13,15,19
2015-07-29,19:00,3566,5,3,4,9,12,13,14,17,18,19,20
2015-07-29,20:00,3567,17,2,3,4,5,9,14,15,18,19,20
2015-07-29,21:00,3568,12,1,4,9,10,13,14,15,16,18,20
2015-07-29,22:00,3569,4,2,3,5,8,12,13,14,15,17,18
2015-07-29,23:00,3570,3,1,4,7,8,10,13,14,15,17,18
2015-07-30,07:00,3571,18,4,5,6,9,10,12,14,15,17,18
2015-07-30,08:00,3572,13,1,5,7,10,11,15,16,17,18,19
2015-07-30,09:00,3573,15,1,2,4,5,6,9,11,14,18,20
2015-07-30,10:00,3574,20,3,4,6,7,8,12,13,16,18,19
2015-07-30,11:00,3575,9,1,3,5,8,9,11,12,15,16,18
2015-07-30,12:00,3576,20,2,4,7,8,9,10,12,14,17,18
2015-07-30,13:00,3577,8,2,4,7,8,10,12,14,15,17,20
2015-07-30,14:00,3578,15,1,3,5,7,9,10,11,13,16,18
2015-07-30,15:00,3579,9,1,4,7,10,12,13,15,17,18,19
2015-07-30,16:00,3580,11,5,6,7,9,11,12,14,16,17,18
2015-07-30,17:00,3581,6,2,5,6,7,8,11,12,15,18,19
2015-07-30,18:00,3582,6,1,3,7,9,11,12,13,14,17,18
2015-07-30,19:00,3583,11,1,2,5,9,10,11,13,14,16,19
2015-07-30,20:00,3584,6,2,3,7,8,9,12,13,14,16,18
2015-07-30,21:00,3585,12,1,4,5,7,10,14,15,17,18,19
2015-07-30,22:00,3586,12,2,3,6,7,8,10,11,12,18,20
2015-07-30,23:00,3587,9,2,3,4,6,13,15,16,17,19,20
2015-07-31,07:00,3588,3,5,6,8,9,12,13,16,18,19,20
2015-07-31,08:00,3589,4,1,4,6,7,9,11,12,15,18,20
2015-07-31,09:00,3590,16,5,7,8,10,11,12,14,15,16,20
2015-07-31,10:00,3591,12,3,4,5,6,7,8,10,12,16,20
2015-07-31,11:00,3592,2,1,2,4,6,8,9,11,14,17,18
2015-07-31,12:00,3593,18,2,3,4,7,9,10,13,14,15,16
2015-07-31,13:00,3594,11,1,2,3,5,8,9,12,15,17,19
2015-07-31,14:00,3595,3,1,2,5,6,7,10,15,16,17,19
2015-07-31,15:00,3596,15,3,4,6,8,11,12,13,14,17,18
2015-07-31,16:00,3597,18,1,3,4,9,10,11,12,15,16,18
2015-07-31,17:00,3598,3,2,3,4,5,7,8,12,13,16,18
2015-07-31,18:00,3599,13,4,5,6,7,11,13,15,17,19,20
2015-07-31,19:00,3600,11,1,2,3,7,8,10,12,15,17,20
2015-07-31,20:00,3601,17,1,2,3,4,6,10,12,18,19,20
2015-07-31,21:00,3602,20,1,5,10,11,12,13,16,17,19,20
2015-07-31,22:00,3603,3,2,3,4,5,6,8,9,11,16,18
2015-07-31,23:00,3604,20,1,4,5,6,7,9,10,11,13,17
2015-08-01,07:00,3605,16,1,2,7,8,9,10,11,12,15,16
2015-08-01,08:00,3606,1,2,5,7,8,11,15,16,17,19,20
2015-08-01,09:00,3607,5,4,5,8,9,10,13,14,16,19,20
2015-08-01,10:00,3608,9,2,5,6,7,11,12,13,14,17,18
2015-08-01,11:00,3609,15,1,2,4,8,12,13,14,17,18,20
2015-08-01,12:00,3610,10,2,3,6,7,9,11,12,14,15,18
2015-08-01,13:00,3611,7,2,3,4,5,7,10,13,17,18,19
2015-08-01,14:00,3612,8,2,4,7,9,10,11,13,14,17,19
2015-08-01,15:00,3613,16,2,4,5,6,11,12,14,16,17,18
2015-08-01,16:00,3614,10,3,5,6,7,8,11,14,16,18,20
2015-08-01,17:00,3615,17,1,2,5,10,11,12,15,16,18,20
2015-08-01,18:00,3616,16,1,2,3,6,7,11,12,13,16,20
2015-08-01,19:00,3617,8,1,3,6,7,9,11,12,15,16,20
2015-08-01,20:00,3618,13,1,2,5,9,11,12,16,17,19,20
2015-08-01,21:00,3619,3,1,2,7,8,9,11,14,15,18,20
2015-08-01,22:00,3620,17,1,2,3,4,7,10,11,12,18,20
2015-08-01,23:00,3621,13,3,4,6,8,10,11,12,13,14,20
2015-08-02,07:00,3622,3,2,4,7,8,9,11,14,16,17,20
2015-08-02,08:00,3623,9,4,5,8,9,10,12,13,15,16,18
2015-08-02,09:00,3624,6,3,5,6,8,9,10,11,15,17,20
2015-08-02,10:00,3625,1,1,3,5,8,9,11,13,17,18,19
2015-08-02,11:00,3626,12,2,4,11,12,13,14,15,16,19,20
2015-08-02,12:00,3627,8,2,3,7,8,9,11,13,14,15,20
2015-08-02,13:00,3628,10,1,2,6,7,8,10,11,13,18,19
2015-08-02,14:00,3629,7,1,3,6,9,11,12,13,16,17,19
2015-08-02,15:00,3630,1,1,2,6,7,10,11,13,15,16,20
2015-08-02,16:00,3631,20,1,2,3,6,11,12,13,14,16,19
2015-08-02,17:00,3632,1,1,5,6,8,13,14,15,17,18,20
2015-08-02,18:00,3633,2,5,7,8,10,11,12,14,15,17,19
2015-08-02,19:00,3634,10,2,4,5,6,7,9,12,13,17,19
2015-08-02,20:00,3635,5,1,5,6,7,10,11,14,15,18,19
2015-08-02,21:00,3636,5,2,3,4,9,11,12,14,15,16,19
2015-08-02,22:00,3637,9,1,2,5,7,8,12,16,17,18,19
2015-08-02,23:00,3638,1,1,6,7,9,12,15,16,17,18,20
2015-08-03,07:00,3639,6,2,4,7,8,10,13,16,18,19,20
2015-08-03,08:00,3640,13,2,3,4,5,7,8,12,14,15,20
2015-08-03,09:00,3641,3,1,4,6,8,11,12,15,16,17,19
2015-08-03,10:00,3642,13,1,2,6,7,8,12,13,14,18,20
2015-08-03,11:00,3643,17,2,5,7,9,10,13,15,16,18,20
2015-08-03,12:00,3644,15,1,5,8,9,11,12,15,18,19,20
2015-08-03,13:00,3645,11,1,2,4,9,10,11,13,15,16,17
2015-08-03,14:00,3646,16,5,6,7,8,9,11,13,15,17,18
2015-08-03,15:00,3647,4,1,2,6,7,9,10,11,13,14,20
2015-08-03,16:00,3648,11,1,6,7,9,12,13,15,16,17,20
2015-08-03,17:00,3649,16,2,5,6,7,10,12,15,16,17,18
2015-08-03,18:00,3650,17,4,5,7,8,9,13,16,17,18,20
2015-08-03,19:00,3651,9,4,5,6,9,11,12,14,15,17,19
2015-08-03,20:00,3652,13,1,3,4,6,7,9,11,12,13,14
2015-08-03,21:00,3653,16,2,3,4,7,8,10,11,16,17,20
2015-08-03,22:00,3654,18,2,7,8,9,10,11,13,14,16,20
2015-08-03,23:00,3655,13,2,3,5,7,8,13,16,17,19,20
2015-08-04,07:00,3656,11,1,4,8,11,13,15,17,18,19,20
2015-08-04,08:00,3657,19,1,3,4,5,7,8,14,16,17,19
2015-08-04,09:00,3658,9,1,2,4,5,7,10,13,16,18,20
2015-08-04,10:00,3659,6,1,3,4,6,8,9,10,11,18,20
2015-08-04,11:00,3660,8,2,3,5,6,8,9,10,17,19,20
2015-08-04,12:00,3661,2,4,5,6,7,8,11,13,15,18,19
2015-08-04,13:00,3662,20,1,2,4,5,6,10,12,17,18,20
2015-08-04,14:00,3663,1,2,7,8,10,12,15,16,18,19,20
2015-08-04,15:00,3664,9,1,3,4,5,6,10,11,14,17,18
2015-08-04,16:00,3665,2,2,5,7,8,9,10,12,14,15,16
2015-08-04,17:00,3666,2,1,2,3,5,9,10,11,12,14,16
2015-08-04,18:00,3667,2,1,3,4,6,10,11,12,15,17,18
2015-08-04,19:00,3668,1,2,3,5,6,12,13,14,15,17,19
2015-08-04,20:00,3669,1,1,2,3,6,7,9,10,15,18,19
2015-08-04,21:00,3670,9,2,3,4,5,9,11,13,14,16,20
2015-08-04,22:00,3671,1,1,2,3,6,10,11,13,14,19,20
2015-08-04,23:00,3672,15,8,9,11,12,13,15,16,17,19,20
2015-08-05,07:00,3673,5,1,2,3,4,5,8,9,14,15,16
2015-08-05,08:00,3674,14,2,3,5,7,8,11,12,14,15,18
2015-08-05,09:00,3675,4,2,6,8,9,10,11,14,17,18,19
2015-08-05,10:00,3676,16,4,6,7,8,13,14,15,17,18,20
2015-08-05,11:00,3677,11,2,6,10,11,14,15,16,17,18,20
2015-08-05,12:00,3678,13,2,6,7,8,9,10,13,15,17,19
2015-08-05,13:00,3679,13,2,3,4,6,9,15,16,18,19,20
2015-08-05,14:00,3680,6,6,7,8,11,13,15,16,17,19,20
2015-08-05,15:00,3681,16,2,3,4,5,7,12,13,16,18,20
2015-08-05,16:00,3682,20,2,3,6,9,10,11,13,16,17,20
2015-08-05,17:00,3683,16,1,2,3,4,8,9,16,17,18,19
2015-08-05,18:00,3684,20,1,3,9,10,11,12,14,17,19,20
2015-08-05,19:00,3685,3,4,5,6,8,9,11,12,13,17,19
2015-08-05,20:00,3686,5,3,4,8,9,11,12,13,14,15,20
2015-08-05,21:00,3687,20,2,3,4,8,9,10,11,12,15,18
2015-08-05,22:00,3688,13,1,2,3,4,5,13,14,16,17,20
2015-08-05,23:00,3689,4,3,5,8,11,12,13,14,15,16,20
2015-08-06,07:00,3690,11,3,6,7,8,11,14,15,16,17,19
2015-08-06,08:00,3691,6,1,3,6,8,11,13,14,17,18,20
2015-08-06,09:00,3692,12,1,3,4,6,7,8,11,13,17,18
2015-08-06,10:00,3693,1,1,6,8,10,11,12,14,15,19,20
2015-08-06,11:00,3694,16,2,3,4,13,14,15,17,18,19,20
2015-08-06,12:00,3695,9,1,3,5,7,8,9,15,16,17,18
2015-08-06,13:00,3696,10,1,2,4,5,6,12,13,16,19,20
2015-08-06,14:00,3697,18,4,8,9,11,12,14,15,16,17,18
2015-08-06,15:00,3698,9,1,2,4,5,9,10,12,14,17,20
2015-08-06,16:00,3699,19,2,3,6,8,9,11,13,15,16,17
2015-08-06,17:00,3700,5,1,3,6,8,11,16,17,18,19,20
2015-08-06,18:00,3701,2,2,4,5,6,8,9,11,12,16,20
2015-08-06,19:00,3702,17,1,3,4,5,8,9,10,16,18,20
2015-08-06,20:00,3703,3,1,5,7,8,11,13,15,18,19,20
2015-08-06,21:00,3704,7,2,3,4,5,9,10,13,16,18,19
2015-08-06,22:00,3705,9,2,4,5,8,9,12,13,16,17,19
2015-08-06,23:00,3706,9,2,3,5,7,12,15,16,17,18,20
2015-08-07,07:00,3707,12,1,3,4,6,11,12,16,17,18,20
2015-08-07,08:00,3708,17,1,3,4,5,7,12,14,16,17,20
2015-08-07,09:00,3709,2,1,2,3,4,8,9,10,16,18,19
2015-08-07,10:00,3710,10,1,3,5,6,13,14,15,16,17,20
2015-08-07,11:00,3711,13,1,2,3,4,8,11,13,14,16,19
2015-08-07,12:00,3712,3,3,4,5,7,9,10,11,12,15,19
2015-08-07,13:00,3713,13,1,2,5,7,10,13,14,16,17,18
2015-08-07,14:00,3714,19,1,3,4,6,7,9,12,13,15,18
2015-08-07,15:00,3715,16,1,3,4,5,10,12,14,15,16,17
2015-08-07,16:00,3716,3,1,3,4,9,12,13,16,17,19,20
2015-08-07,17:00,3717,10,2,3,4,6,10,11,13,15,18,20
2015-08-07,18:00,3718,16,3,4,6,7,8,11,14,15,18,19
2015-08-07,19:00,3719,10,4,6,9,10,11,13,15,16,18,20
2015-08-07,20:00,3720,7,1,3,7,9,10,14,15,16,18,19
2015-08-07,21:00,3721,7,1,2,3,6,8,11,13,15,17,19
2015-08-07,22:00,3722,13,2,3,4,7,8,9,11,16,18,20
2015-08-07,23:00,3723,6,2,3,5,7,8,9,11,13,16,19
2015-08-08,07:00,3724,12,1,2,3,4,5,6,8,9,11,15
2015-08-08,08:00,3725,5,3,9,10,11,12,13,17,18,19,20
2015-08-08,09:00,3726,12,1,2,5,7,9,11,13,14,15,17
2015-08-08,10:00,3727,11,1,4,6,7,8,10,11,12,18,20
2015-08-08,11:00,3728,3,1,4,8,9,10,11,16,17,18,19
2015-08-08,12:00,3729,7,2,3,5,6,9,10,12,14,16,19
2015-08-08,13:00,3730,6,2,5,6,11,12,13,14,15,16,20
2015-08-08,14:00,3731,2,4,9,10,11,12,13,14,15,18,19
2015-08-08,15:00,3732,9,1,2,3,6,7,8,9,12,16,20
2015-08-08,16:00,3733,11,2,3,4,6,10,12,13,15,17,20
2015-08-08,17:00,3734,15,3,5,6,7,9,11,12,13,15,17
2015-08-08,18:00,3735,8,1,2,5,8,9,10,13,14,19,20
2015-08-08,19:00,3736,19,2,3,5,6,8,9,10,12,17,19
2015-08-08,20:00,3737,6,1,2,3,5,6,7,16,17,18,19
2015-08-08,21:00,3738,20,1,5,6,8,9,10,12,17,18,19
2015-08-08,22:00,3739,3,1,2,5,8,9,10,11,12,16,18
2015-08-08,23:00,3740,11,1,2,6,8,12,14,15,17,18,20
2015-08-09,07:00,3741,1,1,3,4,6,7,11,16,17,19,20
2015-08-09,08:00,3742,5,1,2,3,7,10,12,13,16,18,19
2015-08-09,09:00,3743,19,4,5,9,10,13,15,16,18,19,20
2015-08-09,10:00,3744,14,2,4,5,8,9,11,12,13,16,20
2015-08-09,11:00,3745,18,1,5,7,8,11,14,16,17,18,20
2015-08-09,12:00,3746,1,1,4,5,7,8,9,14,15,17,19
2015-08-09,13:00,3747,1,3,4,6,14,15,16,17,18,19,20
2015-08-09,14:00,3748,15,4,7,9,10,11,12,16,17,18,19
2015-08-09,15:00,3749,19,2,3,4,8,10,11,12,14,15,19
2015-08-09,16:00,3750,14,2,4,7,8,9,10,16,17,18,20
2015-08-09,17:00,3751,17,1,2,4,7,8,9,10,12,14,17
2015-08-09,18:00,3752,17,3,4,6,7,8,10,14,15,19,20
2015-08-09,19:00,3753,11,1,4,5,7,9,10,11,13,15,20
2015-08-09,20:00,3754,9,4,5,7,9,12,13,14,15,17,20
2015-08-09,21:00,3755,6,1,2,4,5,6,10,11,12,18,19
2015-08-09,22:00,3756,11,1,2,4,6,8,12,14,16,17,18
2015-08-09,23:00,3757,19,1,2,3,5,6,9,11,16,18,19
2015-08-10,07:00,3758,3,4,5,6,9,13,14,15,17,18,19
2015-08-10,08:00,3759,20,4,7,8,9,11,14,15,18,19,20
2015-08-10,09:00,3760,18,2,4,7,8,10,11,15,16,19,20
2015-08-10,10:00,3761,20,5,6,7,8,11,13,14,15,16,20
2015-08-10,11:00,3762,14,1,4,5,7,8,9,11,13,14,20
2015-08-10,12:00,3763,7,5,6,9,11,12,13,14,15,17,19
2015-08-10,13:00,3764,10,1,2,4,6,11,12,13,15,17,18
2015-08-10,14:00,3765,5,1,3,4,6,9,10,13,15,18,20
2015-08-10,15:00,3766,4,1,9,10,11,12,13,14,16,17,18
2015-08-10,16:00,3767,18,1,2,4,5,6,7,11,12,14,19
2015-08-10,17:00,3768,8,1,2,5,6,7,11,14,15,17,19
2015-08-10,18:00,3769,12,2,3,4,5,6,7,8,9,13,16
2015-08-10,19:00,3770,14,2,6,7,9,10,14,16,17,18,20
2015-08-10,20:00,3771,20,3,4,6,8,9,12,13,14,15,20
2015-08-10,21:00,3772,15,2,4,8,9,12,13,14,16,17,19
2015-08-10,22:00,3773,6,1,4,5,6,9,10,12,14,15,16
2015-08-10,23:00,3774,9,3,4,7,8,9,13,15,16,17,20
2015-08-11,07:00,3775,4,2,3,4,5,7,9,14,15,16,17
2015-08-11,08:00,3776,20,1,4,5,6,8,11,13,15,17,20
2015-08-11,09:00,3777,5,5,6,7,8,9,12,15,16,17,19
2015-08-11,10:00,3778,13,1,4,6,8,9,14,17,18,19,20
2015-08-11,11:00,3779,6,4,5,7,8,10,11,12,13,18,19
2015-08-11,12:00,3780,13,2,4,5,8,9,10,11,12,16,18
2015-08-11,13:00,3781,3,1,2,3,5,10,11,13,15,16,17
2015-08-11,14:00,3782,17,1,3,4,5,6,7,8,15,19,20
2015-08-11,15:00,3783,10,1,3,6,7,9,10,13,14,15,19
2015-08-11,16:00,3784,6,1,2,3,7,8,10,13,16,17,18
2015-08-11,17:00,3785,16,1,4,7,8,12,13,15,16,17,20
2015-08-11,18:00,3786,11,2,4,6,11,12,13,15,16,17,18
2015-08-11,19:00,3787,14,1,4,5,6,13,15,16,17,19,20
2015-08-11,20:00,3788,10,3,6,7,11,13,15,16,17,19,20
2015-08-11,21:00,3789,4,1,2,5,6,7,10,11,12,18,20
2015-08-11,22:00,3790,5,2,3,6,9,10,11,12,13,17,20
2015-08-11,23:00,3791,13,1,4,5,8,10,13,15,16,18,19
2015-08-12,07:00,3792,3,1,2,3,6,10,11,12,15,17,20
2015-08-12,08:00,3793,17,3,4,6,7,8,9,10,14,17,19
2015-08-12,09:00,3794,5,1,2,4,5,7,9,10,11,14,15
2015-08-12,10:00,3795,20,2,4,5,7,13,14,15,17,18,20
2015-08-12,11:00,3796,11,4,5,6,7,10,13,14,15,19,20
2015-08-12,12:00,3797,7,1,2,5,8,10,11,12,13,15,20
2015-08-12,13:00,3798,3,3,4,5,8,11,13,15,16,19,20
2015-08-12,14:00,3799,19,1,2,3,4,9,10,11,13,17,19
2015-08-12,15:00,3800,14,1,2,4,5,6,13,15,16,17,19
2015-08-12,16:00,3801,14,5,6,7,8,9,12,14,15,16,19
2015-08-12,17:00,3802,4,3,4,8,11,13,14,16,18,19,20
2015-08-12,18:00,3803,9,1,2,3,5,6,10,14,15,16,19
2015-08-12,19:00,3804,20,3,6,9,10,12,15,16,17,18,19
2015-08-12,20:00,3805,9,1,4,6,9,10,11,14,15,18,20
2015-08-12,21:00,3806,11,2,7,10,11,12,14,16,17,19,20
2015-08-12,22:00,3807,2,2,4,7,8,9,11,16,17,18,19
2015-08-12,23:00,3808,14,5,8,10,11,12,14,16,17,18,20
2015-08-13,07:00,3809,7,2,3,4,7,9,12,14,15,16,17
2015-08-13,08:00,3810,18,1,4,5,6,7,8,11,12,13,16
2015-08-13,09:00,3811,17,1,2,5,6,7,9,11,13,17,19
2015-08-13,10:00,3812,11,5,7,10,11,13,14,16,18,19,20
2015-08-13,11:00,3813,5,2,4,5,6,9,14,15,16,17,19
2015-08-13,12:00,3814,11,3,4,8,9,10,13,14,15,19,20
2015-08-13,13:00,3815,12,1,3,4,9,10,11,15,17,18,20
2015-08-13,14:00,3816,4,3,4,5,8,10,11,14,15,17,19
2015-08-13,15:00,3817,9,1,2,6,7,8,12,13,15,18,19
2015-08-13,16:00,3818,7,1,7,8,9,11,13,14,15,17,20
2015-08-13,17:00,3819,3,3,6,7,8,9,10,14,16,19,20
2015-08-13,18:00,3820,15,1,3,4,10,12,13,14,15,18,20
2015-08-13,19:00,3821,8,2,4,6,7,9,14,15,16,19,20
2015-08-13,20:00,3822,4,2,3,4,6,9,10,11,12,13,18
2015-08-13,21:00,3823,5,2,6,10,12,14,15,16,17,18,19
2015-08-13,22:00,3824,3,1,2,3,4,5,9,11,12,15,16
2015-08-13,23:00,3825,20,2,3,4,5,6,7,14,16,17,19
2015-08-14,07:00,3826,15,1,2,5,6,8,11,12,16,18,19
2015-08-14,08:00,3827,3,2,3,6,8,9,11,13,15,18,19
2015-08-14,09:00,3828,2,3,6,9,11,13,14,17,18,19,20
2015-08-14,10:00,3829,9,1,2,5,7,8,10,12,14,15,19
2015-08-14,11:00,3830,14,1,2,8,10,11,13,15,16,17,19
2015-08-14,12:00,3831,4,2,3,5,6,7,12,13,14,17,20
2015-08-14,13:00,3832,14,1,4,5,9,11,12,13,17,18,19
2015-08-14,14:00,3833,10,1,5,6,7,8,13,14,16,19,20
2015-08-14,15:00,3834,2,3,5,6,8,11,12,13,14,16,18
2015-08-14,16:00,3835,10,1,2,3,4,5,6,7,11,13,19
2015-08-14,17:00,3836,6,3,4,5,11,12,14,15,16,17,18
2015-08-14,18:00,3837,16,3,4,6,10,12,14,16,17,19,20
2015-08-14,19:00,3838,1,1,2,3,4,6,7,10,11,13,19
2015-08-14,20:00,3839,1,1,2,5,7,8,11,13,14,18,19
2015-08-14,21:00,3840,3,1,3,4,6,8,9,12,14,17,19
2015-08-14,22:00,3841,6,1,3,5,9,10,11,13,15,16,20
2015-08-14,23:00,3842,15,2,5,9,10,11,12,14,15,16,17
2015-08-15,07:00,3843,3,1,2,3,5,6,10,12,13,15,16
2015-08-15,08:00,3844,17,1,2,3,7,10,13,15,17,19,20
2015-08-15,09:00,3845,1,4,7,10,11,13,15,16,17,18,19
2015-08-15,10:00,3846,3,1,2,4,7,11,12,13,15,17,20
2015-08-15,11:00,3847,20,1,2,5,6,9,11,13,17,19,20
2015-08-15,12:00,3848,8,5,7,9,10,11,14,16,17,18,20
2015-08-15,13:00,3849,18,1,2,3,6,9,11,13,16,18,19
2015-08-15,14:00,3850,11,1,2,3,4,6,8,9,13,14,16
2015-08-15,15:00,3851,19,2,5,6,7,8,10,11,13,15,19
2015-08-15,16:00,3852,1,6,7,8,9,13,15,16,18,19,20
2015-08-15,17:00,3853,18,1,4,9,10,11,14,15,17,18,19
2015-08-15,18:00,3854,1,4,5,6,7,10,12,13,14,17,20
2015-08-15,19:00,3855,12,1,2,4,5,9,10,14,15,16,18
2015-08-15,20:00,3856,10,3,6,7,10,12,13,14,16,18,20
2015-08-15,21:00,3857,12,3,4,6,10,12,13,14,15,17,19
2015-08-15,22:00,3858,15,1,7,9,11,12,13,14,16,18,19
2015-08-15,23:00,3859,10,2,4,8,9,10,14,16,17,18,20
2015-08-16,07:00,3860,20,3,4,10,12,13,14,16,17,18,20
2015-08-16,08:00,3861,1,1,4,6,7,9,10,13,15,17,18
2015-08-16,09:00,3862,9,1,2,3,4,6,9,11,14,16,18
2015-08-16,10:00,3863,18,1,2,4,5,6,7,9,14,17,18
2015-08-16,11:00,3864,11,4,7,8,11,13,14,16,17,19,20
2015-08-16,12:00,3865,3,1,5,7,8,12,13,14,15,16,19
2015-08-16,13:00,3866,3,2,3,5,6,8,9,10,13,14,17
2015-08-16,14:00,3867,3,1,2,4,5,7,15,17,18,19,20
2015-08-16,15:00,3868,14,1,5,7,8,9,12,13,14,15,19
2015-08-16,16:00,3869,14,2,4,5,6,9,10,15,16,18,19
2015-08-16,17:00,3870,2,1,2,4,5,8,11,12,13,16,17
2015-08-16,18:00,3871,11,1,2,4,5,6,9,10,16,19,20
2015-08-16,19:00,3872,14,2,3,6,8,9,11,12,13,14,20
2015-08-16,20:00,3873,20,1,3,4,5,6,8,9,11,14,15
2015-08-16,21:00,3874,11,2,3,5,6,8,9,11,12,15,18
2015-08-16,22:00,3875,12,2,3,4,5,8,10,12,16,17,19
2015-08-16,23:00,3876,11,2,3,4,5,9,11,12,14,15,16
2015-08-17,07:00,3877,6,1,2,3,4,10,11,13,14,16,17
2015-08-17,08:00,3878,9,1,3,7,13,14,16,17,18,19,20
2015-08-17,09:00,3879,3,1,3,5,6,7,8,9,11,13,14
2015-08-17,10:00,3880,8,3,4,5,6,7,8,9,12,15,18
2015-08-17,11:00,3881,19,1,4,6,10,11,12,13,15,18,19
2015-08-17,12:00,3882,10,1,4,5,7,8,10,15,16,19,20
2015-08-17,13:00,3883,1,1,5,6,8,9,12,13,15,17,18
2015-08-17,14:00,3884,6,4,6,9,10,11,12,13,15,17,20
2015-08-17,15:00,3885,3,1,4,5,6,8,10,11,15,16,18
2015-08-17,16:00,3886,14,2,5,6,7,9,13,15,16,17,18
2015-08-17,17:00,3887,13,2,5,6,8,9,12,13,15,16,17
2015-08-17,18:00,3888,15,3,4,7,8,9,10,11,15,17,20
2015-08-17,19:00,3889,14,2,6,7,8,9,10,13,14,19,20
2015-08-17,20:00,3890,8,2,4,5,8,10,12,13,14,17,20
2015-08-17,21:00,3891,12,2,3,6,10,12,13,14,15,17,20
2015-08-17,22:00,3892,13,4,5,7,8,9,11,12,14,17,18
2015-08-17,23:00,3893,8,1,3,4,9,10,13,16,17,18,19
2015-08-18,07:00,3894,19,2,3,4,6,8,9,10,11,18,20
2015-08-18,08:00,3895,14,1,2,3,7,8,9,11,13,14,16
2015-08-18,09:00,3896,6,1,3,4,5,9,12,15,16,17,19
2015-08-18,10:00,3897,1,1,5,6,9,10,11,12,14,16,19
2015-08-18,11:00,3898,7,1,4,6,10,11,14,15,17,18,19
2015-08-18,12:00,3899,4,1,3,5,6,12,15,16,17,18,20
2015-08-18,13:00,3900,14,1,2,4,5,7,9,10,12,16,19
2015-08-18,14:00,3901,7,1,3,4,7,11,13,14,17,18,19
2015-08-18,15:00,3902,11,2,4,5,6,9,10,14,16,17,19
2015-08-18,16:00,3903,6,1,2,6,7,9,11,16,17,18,20
2015-08-18,17:00,3904,11,2,3,5,6,7,11,12,17,18,19
2015-08-18,18:00,3905,9,4,5,9,10,11,13,14,15,16,20
2015-08-18,19:00,3906,19,1,2,4,9,10,11,15,16,17,20
2015-08-18,20:00,3907,20,3,5,6,7,14,15,16,17,19,20
2015-08-18,21:00,3908,11,1,2,3,4,7,11,12,13,14,17
2015-08-18,22:00,3909,17,1,3,4,5,11,12,15,16,17,20
2015-08-18,23:00,3910,9,2,3,6,8,9,10,12,14,16,17
2015-08-19,07:00,3911,2,2,3,4,8,9,10,14,15,17,20
2015-08-19,08:00,3912,3,1,4,5,6,7,8,15,17,18,19
2015-08-19,09:00,3913,2,1,5,8,13,14,15,16,17,18,20
2015-08-19,10:00,3914,19,1,2,4,5,11,13,16,17,19,20
2015-08-19,11:00,3915,19,2,3,4,6,7,11,15,17,18,20
2015-08-19,12:00,3916,3,1,3,4,8,9,10,11,12,14,19
2015-08-19,13:00,3917,20,1,4,6,7,9,12,14,15,17,20
2015-08-19,14:00,3918,15,3,4,8,10,11,13,14,15,17,19
2015-08-19,15:00,3919,16,3,5,8,9,10,11,13,17,19,20
2015-08-19,16:00,3920,8,3,4,8,9,10,11,13,14,17,20
2015-08-19,17:00,3921,4,1,2,7,8,13,15,16,17,18,20
2015-08-19,18:00,3922,17,3,4,5,6,7,12,13,14,15,18
2015-08-19,19:00,3923,2,1,5,6,11,13,14,17,18,19,20
2015-08-19,20:00,3924,17,2,3,5,11,12,14,15,16,17,19
2015-08-19,21:00,3925,4,1,2,7,8,10,11,12,14,15,17
2015-08-19,22:00,3926,18,1,3,4,5,7,8,11,17,18,20
2015-08-19,23:00,3927,6,2,3,5,7,8,11,12,13,15,19
2015-08-20,07:00,3928,14,3,4,5,7,9,10,14,15,16,20
2015-08-20,08:00,3929,19,2,3,5,6,8,11,12,13,15,18
2015-08-20,09:00,3930,8,4,5,9,11,13,14,15,16,17,20
2015-08-20,10:00,3931,16,1,2,3,10,11,13,14,15,17,19
2015-08-20,11:00,3932,12,1,3,4,6,7,9,13,14,15,16
2015-08-20,12:00,3933,6,3,4,6,9,12,13,16,17,18,20
2015-08-20,13:00,3934,1,1,2,3,9,10,12,13,15,17,18
2015-08-20,14:00,3935,14,1,2,3,4,5,9,10,12,14,17
2015-08-20,15:00,3936,4,2,5,6,8,9,11,12,14,17,19
2015-08-20,16:00,3937,7,1,2,4,5,11,12,14,17,18,19
2015-08-20,17:00,3938,8,1,2,3,6,9,10,14,15,16,20
2015-08-20,18:00,3939,15,1,3,8,9,10,11,17,18,19,20
2015-08-20,19:00,3940,4,2,4,9,10,12,13,16,17,19,20
2015-08-20,20:00,3941,12,3,5,7,9,12,14,15,16,17,19
2015-08-20,21:00,3942,1,2,3,5,8,9,10,11,12,18,20
2015-08-20,22:00,3943,14,1,2,4,8,11,13,15,16,19,20
2015-08-20,23:00,3944,11,2,4,6,8,9,10,11,16,17,20
2015-08-21,07:00,3945,9,2,3,5,8,10,12,14,15,19,20
2015-08-21,08:00,3946,2,1,2,3,4,5,10,13,18,19,20
2015-08-21,09:00,3947,1,1,6,8,10,13,15,17,18,19,20
2015-08-21,10:00,3948,17,1,4,5,6,9,13,15,17,18,19
2015-08-21,11:00,3949,16,1,4,5,7,8,9,12,13,14,16
2015-08-21,12:00,3950,7,2,6,8,9,10,12,16,17,19,20
2015-08-21,13:00,3951,12,1,3,4,7,8,9,11,16,19,20
2015-08-21,14:00,3952,15,2,5,6,8,9,11,14,16,19,20
2015-08-21,15:00,3953,15,2,4,7,8,9,11,13,14,16,20
2015-08-21,16:00,3954,16,1,7,8,9,11,12,14,15,16,20
2015-08-21,17:00,3955,12,4,5,7,9,15,16,17,18,19,20
2015-08-21,18:00,3956,3,1,4,6,8,10,11,13,14,16,20
2015-08-21,19:00,3957,10,1,2,4,5,6,7,16,18,19,20
2015-08-21,20:00,3958,16,2,4,7,11,12,13,15,17,18,20
2015-08-21,21:00,3959,2,2,4,5,9,10,12,14,15,17,19
2015-08-21,22:00,3960,9,2,5,6,7,9,13,15,16,17,20
2015-08-21,23:00,3961,4,1,3,9,10,13,15,16,17,18,20
2015-08-22,07:00,3962,13,1,2,3,9,10,11,14,16,17,18
2015-08-22,08:00,3963,2,1,2,3,4,6,9,13,14,18,20
2015-08-22,09:00,3964,3,4,5,6,7,8,10,11,13,14,18
2015-08-22,10:00,3965,4,2,6,7,8,9,11,14,15,17,18
2015-08-22,11:00,3966,10,1,2,4,10,12,14,15,16,19,20
2015-08-22,12:00,3967,2,1,3,6,7,9,11,13,15,16,17
2015-08-22,13:00,3968,15,2,7,8,11,12,13,14,16,18,19
2015-08-22,14:00,3969,12,1,4,8,9,10,12,13,15,16,20
2015-08-22,15:00,3970,3,1,3,5,6,8,9,12,14,15,16
2015-08-22,16:00,3971,5,3,4,6,8,9,10,11,12,14,19
2015-08-22,17:00,3972,6,2,5,7,9,11,14,15,16,18,19
2015-08-22,18:00,3973,3,1,2,4,6,7,8,10,12,17,18
2015-08-22,19:00,3974,10,1,4,6,8,11,13,15,17,18,20
2015-08-22,20:00,3975,8,1,2,3,4,5,8,12,13,14,16
2015-08-22,21:00,3976,1,1,2,3,6,9,13,14,16,17,20
2015-08-22,22:00,3977,19,2,3,4,5,8,11,12,15,18,19
2015-08-22,23:00,3978,6,1,2,3,5,6,7,10,12,14,19
2015-08-23,07:00,3979,15,3,6,8,9,10,12,13,14,17,20
2015-08-23,08:00,3980,15,2,4,9,10,11,12,13,18,19,20
2015-08-23,09:00,3981,20,1,2,7,10,12,14,16,18,19,20
2015-08-23,10:00,3982,10,2,4,6,11,12,13,14,15,16,19
2015-08-23,11:00,3983,7,6,9,10,11,14,15,16,18,19,20
2015-08-23,12:00,3984,9,1,2,5,8,10,11,12,14,19,20
2015-08-23,13:00,3985,18,4,5,7,8,9,10,12,13,18,20
2015-08-23,14:00,3986,5,2,6,7,8,9,11,15,16,18,20
2015-08-23,15:00,3987,17,3,5,6,7,11,14,15,16,18,20
2015-08-23,16:00,3988,10,1,5,8,10,13,15,16,18,19,20
2015-08-23,17:00,3989,14,3,4,5,6,10,12,17,18,19,20
2015-08-23,18:00,3990,14,2,3,6,7,8,10,11,12,18,19
2015-08-23,19:00,3991,7,1,3,4,5,9,11,12,13,16,18
2015-08-23,20:00,3992,11,1,3,4,5,8,9,11,13,15,20
2015-08-23,21:00,3993,3,2,3,4,6,10,14,15,16,17,20
2015-08-23,22:00,3994,12,1,3,6,8,10,14,15,16,17,18
2015-08-23,23:00,3995,5,1,2,3,4,5,9,15,17,18,19
2015-08-24,07:00,3996,14,1,4,5,8,10,11,12,15,17,20
2015-08-24,08:00,3997,15,1,4,10,11,12,13,15,16,18,20
2015-08-24,09:00,3998,9,1,2,5,9,13,14,16,17,18,20
2015-08-24,10:00,3999,17,2,3,4,6,9,10,12,16,18,20
2015-08-24,11:00,4000,4,3,4,7,8,9,11,13,15,16,20
2015-08-24,12:00,4001,2,1,2,5,6,7,8,10,15,18,19
2015-08-24,13:00,4002,9,1,3,4,7,9,10,11,12,13,18
2015-08-24,14:00,4003,18,1,2,4,5,10,11,13,15,16,18
2015-08-24,15:00,4004,17,5,6,7,11,13,14,15,17,19,20
2015-08-24,16:00,4005,8,1,2,3,8,13,15,16,18,19,20
2015-08-24,17:00,4006,14,1,2,3,6,8,9,11,14,15,16
2015-08-24,18:00,4007,18,1,2,3,5,7,8,11,17,18,20
2015-08-24,19:00,4008,10,1,2,4,5,6,7,10,11,16,18
2015-08-24,20:00,4009,13,4,5,7,8,9,14,16,17,18,20
2015-08-24,21:00,4010,15,1,2,4,5,6,7,13,14,16,18
2015-08-24,22:00,4011,7,2,3,7,8,11,13,14,16,18,19
2015-08-24,23:00,4012,10,1,3,4,11,13,15,17,18,19,20
2015-08-25,07:00,4013,5,2,4,6,10,11,12,14,15,16,17
2015-08-25,08:00,4014,14,2,5,8,9,11,14,16,17,18,20
2015-08-25,09:00,4015,5,1,2,5,6,8,10,13,16,17,20
2015-08-25,10:00,4016,11,1,2,6,7,10,15,16,18,19,20
2015-08-25,11:00,4017,10,1,5,6,7,10,11,13,16,19,20
2015-08-25,12:00,4018,14,1,2,6,8,11,13,17,18,19,20
2015-08-25,13:00,4019,14,3,9,10,11,12,13,17,18,19,20
2015-08-25,14:00,4020,4,1,6,9,11,14,15,17,18,19,20
2015-08-25,15:00,4021,15,1,4,9,10,11,13,14,15,16,20
2015-08-25,16:00,4022,3,3,6,7,8,9,12,14,15,18,19
2015-08-25,17:00,4023,8,1,3,4,5,8,10,11,12,15,20
2015-08-25,18:00,4024,11,3,4,5,6,9,10,11,12,14,19
2015-08-25,19:00,4025,18,4,5,7,11,12,14,16,17,19,20
2015-08-25,20:00,4026,12,2,3,4,6,7,11,12,15,17,20
2015-08-25,21:00,4027,3,2,3,6,7,8,10,12,16,17,18
2015-08-25,22:00,4028,14,1,6,7,8,10,13,15,16,17,18
2015-08-25,23:00,4029,10,4,5,7,8,12,13,14,15,17,20
2015-08-26,07:00,4030,8,2,3,5,13,15,16,17,18,19,20
2015-08-26,08:00,4031,11,6,8,9,12,14,15,17,18,19,20
2015-08-26,09:00,4032,1,2,3,4,6,9,15,17,18,19,20
2015-08-26,10:00,4033,3,1,2,4,5,7,8,9,10,12,15
2015-08-26,11:00,4034,20,1,2,4,5,6,7,13,15,18,19
2015-08-26,12:00,4035,6,1,3,6,7,8,11,13,15,18,19
2015-08-26,13:00,4036,17,2,4,7,8,9,10,15,17,19,20
2015-08-26,14:00,4037,14,2,3,4,5,6,7,8,15,16,20
2015-08-26,15:00,4038,8,2,3,5,6,7,13,14,15,17,18
2015-08-26,16:00,4039,11,5,9,11,12,13,14,15,17,18,19
2015-08-26,17:00,4040,15,1,5,6,8,9,11,15,16,17,18
2015-08-26,18:00,4041,8,1,4,6,9,11,12,17,18,19,20
2015-08-26,19:00,4042,3,3,4,6,8,12,13,15,17,19,20
2015-08-26,20:00,4043,15,1,2,4,6,8,10,12,18,19,20
2015-08-26,21:00,4044,15,4,5,7,10,11,12,13,16,17,18
2015-08-26,22:00,4045,13,3,4,5,7,10,13,14,16,17,19
2015-08-26,23:00,4046,4,1,2,3,5,6,13,14,15,17,19
2015-08-27,07:00,4047,9,1,3,4,5,6,7,8,12,14,20
2015-08-27,08:00,4048,10,1,5,6,7,9,11,14,15,16,20
2015-08-27,09:00,4049,2,2,4,6,8,9,12,13,15,18,20
2015-08-27,10:00,4050,1,5,7,9,12,14,16,17,18,19,20
2015-08-27,11:00,4051,5,1,2,6,7,8,9,10,13,19,20
2015-08-27,12:00,4052,3,1,2,4,10,11,12,13,15,19,20
2015-08-27,13:00,4053,17,3,5,6,8,9,13,14,15,18,19
2015-08-27,14:00,4054,4,2,3,6,8,9,13,16,17,19,20
2015-08-27,15:00,4055,7,2,3,5,7,11,14,15,17,19,20
2015-08-27,16:00,4056,2,3,4,5,6,7,12,13,14,15,17
2015-08-27,17:00,4057,18,1,5,10,11,12,13,14,15,18,19
2015-08-27,18:00,4058,4,1,3,5,8,10,11,12,14,15,19
2015-08-27,19:00,4059,3,2,3,7,11,13,14,15,17,18,19
2015-08-27,20:00,4060,9,5,6,9,10,12,13,14,15,16,17
2015-08-27,21:00,4061,7,1,3,4,7,11,13,14,15,18,20
2015-08-27,22:00,4062,7,3,4,7,9,10,13,16,18,19,20
2015-08-27,23:00,4063,1,1,2,3,6,7,8,12,14,19,20
2015-08-28,07:00,4064,5,2,3,4,5,7,13,14,16,17,19
2015-08-28,08:00,4065,17,1,2,5,7,10,13,15,16,17,18
2015-08-28,09:00,4066,1,1,4,5,7,8,10,12,18,19,20
2015-08-28,10:00,4067,9,4,6,8,9,12,14,15,18,19,20
2015-08-28,11:00,4068,12,1,2,3,5,6,7,11,15,16,20
2015-08-28,12:00,4069,15,2,3,5,12,13,14,15,18,19,20
2015-08-28,13:00,4070,5,1,2,3,8,9,10,11,13,14,16
2015-08-28,14:00,4071,14,1,2,4,5,6,12,14,16,19,20
2015-08-28,15:00,4072,1,1,2,5,6,11,13,15,16,18,20
2015-08-28,16:00,4073,18,1,2,3,6,8,10,13,16,17,20
2015-08-28,17:00,4074,2,1,2,3,4,5,7,12,13,14,16
2015-08-28,18:00,4075,1,2,4,7,8,9,11,15,16,19,20
2015-08-28,19:00,4076,10,2,3,5,9,10,11,12,13,19,20
2015-08-28,20:00,4077,18,2,3,4,7,9,12,15,16,18,20
2015-08-28,21:00,4078,17,2,3,6,7,8,10,13,16,19,20
2015-08-28,22:00,4079,12,1,4,5,9,10,14,15,16,17,18
2015-08-28,23:00,4080,2,2,5,6,7,11,12,14,17,18,19
2015-08-29,07:00,4081,14,2,4,6,8,9,10,11,12,14,15
2015-08-29,08:00,4082,8,2,3,4,8,12,13,14,16,17,18
2015-08-29,09:00,4083,10,1,2,4,5,8,13,14,15,18,19
2015-08-29,10:00,4084,8,2,4,5,9,13,14,15,18,19,20
2015-08-29,11:00,4085,4,4,6,9,10,11,12,13,14,16,18
2015-08-29,12:00,4086,5,3,4,5,6,10,12,14,16,18,20
2015-08-29,13:00,4087,7,1,3,6,10,11,12,16,17,19,20
2015-08-29,14:00,4088,17,1,5,6,9,10,14,15,16,17,19
2015-08-29,15:00,4089,16,1,2,3,7,8,10,14,16,18,19
2015-08-29,16:00,4090,18,2,6,7,8,9,11,13,17,18,19
2015-08-29,17:00,4091,20,1,4,5,6,8,10,14,15,17,19
2015-08-29,18:00,4092,13,1,2,7,9,10,11,12,13,16,17
2015-08-29,19:00,4093,2,4,6,10,11,12,13,15,16,19,20
2015-08-29,20:00,4094,5,1,5,6,7,10,14,15,16,18,20
2015-08-29,21:00,4095,9,5,6,7,8,9,13,15,17,19,20
2015-08-29,22:00,4096,14,2,4,5,7,8,11,12,13,18,20
2015-08-29,23:00,4097,1,2,3,5,6,7,13,15,17,18,19
2015-08-30,07:00,4098,17,1,5,8,9,11,14,15,18,19,20
2015-08-30,08:00,4099,10,1,2,3,5,6,8,9,12,13,16
2015-08-30,09:00,4100,5,2,3,6,7,8,12,13,15,16,19
2015-08-30,10:00,4101,20,1,2,3,6,9,10,12,14,16,18
2015-08-30,11:00,4102,5,4,5,6,7,8,9,13,14,15,20
2015-08-30,12:00,4103,5,1,2,3,4,5,9,13,14,16,20
2015-08-30,13:00,4104,9,2,3,5,9,10,12,13,16,17,18
2015-08-30,14:00,4105,16,2,3,4,10,11,12,13,15,16,20
2015-08-30,15:00,4106,4,2,4,6,7,9,12,15,17,19,20
2015-08-30,16:00,4107,10,5,6,7,8,10,12,13,14,18,19
2015-08-30,17:00,4108,3,2,6,8,9,10,12,13,14,17,18
2015-08-30,18:00,4109,11,5,8,11,12,13,15,16,17,19,20
2015-08-30,19:00,4110,1,1,2,7,8,10,14,15,16,17,19
2015-08-30,20:00,4111,20,4,5,6,8,10,11,12,15,16,17
2015-08-30,21:00,4112,20,2,3,6,8,11,12,13,15,17,19
2015-08-30,22:00,4113,12,1,2,3,4,7,9,13,16,18,20
2015-08-30,23:00,4114,18,2,5,6,7,8,9,11,13,14,18
2015-08-31,07:00,4115,7,1,3,4,7,10,11,12,14,17,18
2015-08-31,08:00,4116,9,5,6,9,11,12,13,14,15,17,20
2015-08-31,09:00,4117,7,2,5,6,7,9,10,12,17,18,19
2015-08-31,10:00,4118,2,1,2,3,4,10,11,12,13,14,16
2015-08-31,11:00,4119,9,3,4,7,8,9,15,16,18,19,20
2015-08-31,12:00,4120,3,2,5,6,9,11,14,15,16,17,20
2015-08-31,13:00,4121,1,2,3,4,6,8,9,10,13,17,19
2015-08-31,14:00,4122,9,2,5,6,7,9,10,13,16,18,20
2015-08-31,15:00,4123,10,1,4,6,7,9,12,13,15,16,19
2015-08-31,16:00,4124,16,1,2,3,7,9,11,13,14,17,19
2015-08-31,17:00,4125,5,1,2,3,7,9,11,14,15,19,20
2015-08-31,18:00,4126,19,3,5,6,9,12,14,15,16,17,18
2015-08-31,19:00,4127,16,1,2,5,9,10,11,13,14,17,19
2015-08-31,20:00,4128,15,1,2,3,5,6,10,14,15,16,19
2015-08-31,21:00,4129,19,1,4,5,8,9,10,16,17,19,20
2015-08-31,22:00,4130,11,1,2,3,5,8,9,11,12,14,17
2015-08-31,23:00,4131,4,2,4,6,8,9,10,15,18,19,20
2015-09-01,07:00,4132,12,3,4,6,10,11,13,15,16,17,18
2015-09-01,08:00,4133,8,2,3,4,5,8,9,11,14,15,20
2015-09-01,09:00,4134,14,1,2,3,4,6,7,9,11,12,13
2015-09-01,10:00,4135,3,1,4,5,7,9,10,13,14,15,17
2015-09-01,11:00,4136,17,1,6,8,9,10,11,13,14,16,18
2015-09-01,12:00,4137,11,1,4,5,8,9,10,11,12,16,18
2015-09-01,13:00,4138,11,1,3,6,9,10,11,13,16,19,20
2015-09-01,14:00,4139,11,2,3,4,6,7,11,12,15,18,20
2015-09-01,15:00,4140,8,3,5,6,7,11,12,14,16,17,19
2015-09-01,16:00,4141,3,5,8,9,10,11,12,17,18,19,20
2015-09-01,17:00,4142,12,1,3,4,5,8,10,12,14,16,18
2015-09-01,18:00,4143,9,2,5,7,9,10,11,16,17,19,20
2015-09-01,19:00,4144,2,2,4,5,8,9,12,13,16,19,20
2015-09-01,20:00,4145,9,1,4,6,9,10,13,15,18,19,20
2015-09-01,21:00,4146,19,1,2,5,6,10,11,14,17,19,20
2015-09-01,22:00,4147,9,3,6,7,11,13,14,15,16,17,18
2015-09-01,23:00,4148,10,5,7,8,9,10,12,16,17,19,20
2015-09-02,07:00,4149,5,3,4,5,6,7,8,10,13,14,19
2015-09-02,08:00,4150,16,1,2,3,6,7,9,12,14,15,18
2015-09-02,09:00,4151,20,1,2,5,6,9,12,14,15,19,20
2015-09-02,10:00,4152,5,3,4,5,10,11,14,15,16,17,19
2015-09-02,11:00,4153,16,2,3,4,5,6,8,9,13,18,20
2015-09-02,12:00,4154,1,2,3,5,8,9,10,11,12,15,20
2015-09-02,13:00,4155,12,5,8,9,10,12,14,16,18,19,20
2015-09-02,14:00,4156,13,2,3,4,5,8,11,13,16,18,20
2015-09-02,15:00,4157,10,2,3,4,5,6,8,10,12,14,17
2015-09-02,16:00,4158,16,2,4,6,7,10,11,13,16,18,19
2015-09-02,17:00,4159,6,1,2,3,4,5,9,15,16,18,19
2015-09-02,18:00,4160,10,1,2,4,6,7,8,9,11,16,20
2015-09-02,19:00,4161,15,4,6,7,9,10,11,12,17,18,19
2015-09-02,20:00,4162,17,2,3,6,7,9,11,12,13,19,20
2015-09-02,21:00,4163,19,1,4,5,6,9,10,12,15,16,19
2015-09-02,22:00,4164,8,1,2,6,9,10,11,15,16,18,19
2015-09-02,23:00,4165,14,2,3,6,7,10,11,13,16,19,20
2015-09-03,07:00,4166,3,2,3,10,11,12,15,16,17,19,20
2015-09-03,08:00,4167,3,4,5,9,10,12,13,15,16,19,20
2015-09-03,09:00,4168,3,1,2,5,6,7,11,12,14,16,18
2015-09-03,10:00,4169,17,2,5,7,8,14,15,16,17,18,20
2015-09-03,11:00,4170,15,1,2,7,8,12,13,14,16,19,20
2015-09-03,12:00,4171,4,1,3,6,7,8,11,15,16,17,19
2015-09-03,13:00,4172,2,1,2,8,9,12,13,15,17,18,19
2015-09-03,14:00,4173,3,1,2,7,8,9,13,14,15,16,17
2015-09-03,15:00,4174,17,1,4,5,8,9,12,15,16,18,19
2015-09-03,16:00,4175,4,2,7,8,10,11,12,14,15,16,17
2015-09-03,17:00,4176,13,2,3,5,6,9,11,13,17,18,20
2015-09-03,18:00,4177,13,2,3,6,8,11,12,13,15,17,19
2015-09-03,19:00,4178,16,4,5,6,8,10,11,12,13,15,18
2015-09-03,20:00,4179,3,1,3,4,10,14,15,16,17,18,19
2015-09-03,21:00,4180,4,2,4,5,6,8,12,14,15,19,20
2015-09-03,22:00,4181,5,1,2,4,5,6,12,13,14,17,20
2015-09-03,23:00,4182,3,1,3,5,10,12,13,14,16,18,20
2015-09-04,07:00,4183,6,1,3,4,7,8,9,10,11,14,20
2015-09-04,08:00,4184,19,1,4,8,10,11,12,13,14,19,20
2015-09-04,09:00,4185,20,1,3,8,9,10,11,13,15,17,18
2015-09-04,10:00,4186,9,3,5,8,9,10,12,13,16,17,20
2015-09-04,11:00,4187,10,1,4,6,9,10,13,14,17,18,20
2015-09-04,12:00,4188,5,1,2,4,7,8,10,14,15,17,20
2015-09-04,13:00,4189,13,1,2,4,5,7,11,12,14,15,18
2015-09-04,14:00,4190,13,1,2,3,7,8,10,12,13,15,20
2015-09-04,15:00,4191,4,2,3,6,8,11,14,15,18,19,20
2015-09-04,16:00,4192,2,3,4,5,7,8,10,12,14,19,20
2015-09-04,17:00,4193,5,1,2,3,5,6,14,16,18,19,20
2015-09-04,18:00,4194,18,1,2,3,6,7,9,10,14,17,19
2015-09-04,19:00,4195,15,2,3,4,5,6,7,11,12,13,15
2015-09-04,20:00,4196,8,1,3,4,5,8,9,10,11,12,19
2015-09-04,21:00,4197,13,1,2,6,8,9,11,12,17,18,20
2015-09-04,22:00,4198,17,1,2,3,5,7,9,12,14,15,19
2015-09-04,23:00,4199,2,2,3,7,10,11,12,13,14,15,16
2015-09-05,07:00,4200,10,4,5,6,7,11,13,14,16,17,19
2015-09-05,08:00,4201,3,2,5,6,9,11,13,14,15,17,20
2015-09-05,09:00,4202,16,1,5,6,11,12,16,17,18,19,20
2015-09-05,10:00,4203,18,1,5,6,11,12,14,15,16,17,19
2015-09-05,11:00,4204,5,1,2,3,10,11,12,13,14,15,20
2015-09-05,12:00,4205,12,2,5,11,12,13,14,16,17,18,20
2015-09-05,13:00,4206,18,2,3,5,6,7,8,11,13,14,16
2015-09-05,14:00,4207,9,2,4,5,7,9,10,12,15,17,18
2015-09-05,15:00,4208,4,2,5,6,8,10,12,13,14,15,16
2015-09-05,16:00,4209,8,1,2,3,4,6,7,9,11,12,13
2015-09-05,17:00,4210,1,3,6,7,8,9,10,11,15,17,19
2015-09-05,18:00,4211,14,1,2,3,5,6,8,10,11,14,17
2015-09-05,19:00,4212,2,1,3,5,11,12,13,14,16,19,20
2015-09-05,20:00,4213,2,1,3,4,5,6,7,11,16,17,18
2015-09-05,21:00,4214,14,2,6,7,9,11,12,14,15,18,20
2015-09-05,22:00,4215,16,1,2,3,10,12,13,15,16,17,19
2015-09-05,23:00,4216,15,2,4,6,7,8,10,11,12,13,19
2015-09-06,07:00,4217,5,1,2,5,8,9,11,13,15,16,20
2015-09-06,08:00,4218,5,2,4,6,7,8,9,12,16,17,20
2015-09-06,09:00,4219,3,1,5,7,8,9,10,12,14,15,18
2015-09-06,10:00,4220,1,1,2,5,7,9,10,12,16,18,19
2015-09-06,11:00,4221,3,1,2,4,5,6,12,15,16,18,19
2015-09-06,12:00,4222,19,1,2,5,6,10,13,14,16,19,20
2015-09-06,13:00,4223,4,2,3,4,6,8,11,12,18,19,20
2015-09-06,14:00,4224,3,1,2,5,8,10,14,15,16,17,20
2015-09-06,15:00,4225,16,1,3,7,9,10,12,13,17,18,20
2015-09-06,16:00,4226,14,4,7,11,12,13,14,15,18,19,20
2015-09-06,17:00,4227,19,1,3,6,7,9,11,13,14,18,20
2015-09-06,18:00,4228,18,1,4,5,6,7,9,10,16,17,20
2015-09-06,19:00,4229,11,3,5,6,11,12,13,15,16,18,19
2015-09-06,20:00,4230,9,1,2,5,6,8,10,14,16,18,19
2015-09-06,21:00,4231,5,1,2,5,6,8,10,12,16,17,19
2015-09-06,22:00,4232,17,6,7,8,9,10,12,14,16,18,19
2015-09-06,23:00,4233,1,2,5,7,8,9,10,11,14,15,16
2015-09-07,07:00,4234,7,1,3,4,8,10,12,14,15,19,20
2015-09-07,08:00,4235,9,1,3,7,8,9,12,15,17,19,20
2015-09-07,09:00,4236,8,1,4,8,9,13,14,15,16,18,19
2015-09-07,10:00,4237,14,1,3,4,7,11,12,17,18,19,20
2015-09-07,11:00,4238,8,1,5,7,10,12,13,14,17,18,20
2015-09-07,12:00,4239,14,5,6,7,9,11,14,15,16,17,19
2015-09-07,13:00,4240,5,1,2,3,4,6,10,12,13,15,17
2015-09-07,14:00,4241,10,1,4,9,10,11,14,17,18,19,20
2015-09-07,15:00,4242,20,3,8,10,12,13,14,15,16,17,20
2015-09-07,16:00,4243,20,3,4,7,8,10,11,14,16,17,18
2015-09-07,17:00,4244,14,1,4,6,7,11,12,14,18,19,20
2015-09-07,18:00,4245,20,2,4,5,6,10,11,13,16,17,18
2015-09-07,19:00,4246,6,2,3,5,7,9,10,12,13,14,19
2015-09-07,20:00,4247,17,2,4,8,10,11,12,15,17,18,19
2015-09-07,21:00,4248,10,1,4,6,9,12,13,15,16,17,20
2015-09-07,22:00,4249,8,1,3,5,7,9,10,13,15,17,19
2015-09-07,23:00,4250,5,1,4,9,11,12,13,15,16,19,20
2015-09-08,07:00,4251,1,3,5,6,7,8,9,11,13,15,17
2015-09-08,08:00,4252,14,1,5,6,7,9,10,12,13,17,20
2015-09-08,09:00,4253,4,4,5,6,7,8,9,12,14,17,19
2015-09-08,10:00,4254,14,1,4,5,6,7,8,9,15,16,20
2015-09-08,11:00,4255,17,2,3,5,9,10,12,14,15,16,18
2015-09-08,12:00,4256,5,3,4,5,6,9,13,14,15,16,17
2015-09-08,13:00,4257,16,5,6,7,10,12,14,15,16,18,20
2015-09-08,14:00,4258,11,3,4,6,8,10,12,15,16,19,20
2015-09-08,15:00,4259,15,2,9,10,11,12,13,15,18,19,20
2015-09-08,16:00,4260,7,2,3,5,6,7,8,10,12,15,20
2015-09-08,17:00,4261,18,2,7,9,10,11,12,13,14,15,17
2015-09-08,18:00,4262,2,2,3,9,11,12,13,14,15,16,20
2015-09-08,19:00,4263,15,1,2,5,7,10,15,16,17,18,19
2015-09-08,20:00,4264,9,4,5,8,9,10,12,13,15,16,19
2015-09-08,21:00,4265,19,2,4,6,10,13,15,16,17,18,20
2015-09-08,22:00,4266,1,1,3,4,8,9,12,13,15,17,18
2015-09-08,23:00,4267,4,3,5,7,10,11,12,14,15,17,18
2015-09-09,07:00,4268,4,2,5,7,8,9,11,12,14,15,18
2015-09-09,08:00,4269,8,1,3,4,5,7,12,14,15,19,20
2015-09-09,09:00,4270,20,2,3,6,12,13,14,15,18,19,20
2015-09-09,10:00,4271,7,6,9,10,11,13,14,15,16,18,20
2015-09-09,11:00,4272,7,1,3,5,8,9,12,13,16,17,19
2015-09-09,12:00,4273,12,1,2,7,9,10,12,14,15,16,20
2015-09-09,13:00,4274,12,2,4,5,8,9,10,14,17,18,20
2015-09-09,14:00,4275,17,3,6,8,9,11,13,15,17,18,20
2015-09-09,15:00,4276,15,3,5,8,9,11,12,16,18,19,20
2015-09-09,16:00,4277,17,1,4,5,7,8,9,12,14,17,18
2015-09-09,17:00,4278,20,2,4,6,7,9,10,11,12,13,18
2015-09-09,18:00,4279,7,1,2,4,5,6,8,13,18,19,20
2015-09-09,19:00,4280,1,2,3,4,5,12,13,16,17,18,19
2015-09-09,20:00,4281,10,2,3,4,9,10,11,13,14,18,20
2015-09-09,21:00,4282,18,3,4,8,10,11,12,13,15,17,18
2015-09-09,22:00,4283,18,1,2,5,8,10,12,13,15,16,20
2015-09-09,23:00,4284,5,1,2,4,7,8,9,11,12,17,18
2015-09-10,07:00,4285,2,3,4,7,11,12,13,14,15,16,17
2015-09-10,08:00,4286,17,3,4,10,11,13,14,16,17,18,19
2015-09-10,09:00,4287,16,4,5,7,8,9,10,11,12,14,17
2015-09-10,10:00,4288,10,1,2,3,4,7,10,11,12,13,16
2015-09-10,11:00,4289,7,1,3,5,6,7,9,11,14,16,17
2015-09-10,12:00,4290,16,4,8,9,10,12,14,17,18,19,20
2015-09-10,13:00,4291,19,2,3,6,10,11,12,16,17,19,20
2015-09-10,14:00,4292,5,2,5,7,10,12,13,14,15,19,20
2015-09-10,15:00,4293,9,1,4,6,9,10,11,12,13,14,19
2015-09-10,16:00,4294,14,1,2,4,5,7,9,11,15,17,18
2015-09-10,17:00,4295,2,3,4,7,10,11,12,14,16,18,20
2015-09-10,18:00,4296,6,1,2,3,8,9,10,13,14,15,17
2015-09-10,19:00,4297,1,1,3,4,6,10,12,13,16,18,20
2015-09-10,20:00,4298,15,1,3,5,6,9,11,12,13,15,20
2015-09-10,21:00,4299,20,1,5,7,9,10,12,14,15,16,17
2015-09-10,22:00,4300,10,1,2,3,4,6,9,11,17,18,20
2015-09-10,23:00,4301,14,2,5,6,9,10,11,14,16,19,20
2015-09-11,07:00,4302,18,2,4,5,8,9,10,12,14,18,20
2015-09-11,08:00,4303,15,3,4,5,6,7,11,13,14,16,20
2015-09-11,09:00,4304,5,1,3,7,8,10,11,12,14,15,17
2015-09-11,10:00,4305,20,3,4,5,6,10,13,14,16,17,18
2015-09-11,11:00,4306,15,1,2,5,6,11,12,15,16,17,20
2015-09-11,12:00,4307,13,3,4,6,7,10,13,14,15,18,19
2015-09-11,13:00,4308,12,3,6,7,9,10,12,13,14,16,19
2015-09-11,14:00,4309,17,2,6,7,11,12,13,16,17,18,20
2015-09-11,15:00,4310,12,1,2,4,6,8,12,13,14,15,17
2015-09-11,16:00,4311,1,2,3,4,5,8,10,11,15,16,17
2015-09-11,17:00,4312,14,1,2,3,5,6,11,12,16,17,20
2015-09-11,18:00,4313,3,2,3,4,7,10,11,14,15,17,20
2015-09-11,19:00,4314,16,2,3,5,8,9,12,14,16,17,20
2015-09-11,20:00,4315,4,2,3,4,5,7,8,13,14,17,20
2015-09-11,21:00,4316,4,1,6,10,11,14,15,16,18,19,20
2015-09-11,22:00,4317,8,3,4,6,10,11,12,15,16,19,20
2015-09-11,23:00,4318,20,1,2,3,6,8,9,10,13,18,19
2015-09-12,07:00,4319,2,1,2,3,4,6,8,9,13,17,19
2015-09-12,08:00,4320,8,1,2,5,6,7,8,12,13,15,16
2015-09-12,09:00,4321,16,1,2,4,7,8,13,14,15,17,20
2015-09-12,10:00,4322,7,2,4,5,6,7,8,15,16,17,19
2015-09-12,11:00,4323,6,1,4,6,7,9,10,12,16,17,20
2015-09-12,12:00,4324,2,2,7,8,10,11,12,16,17,19,20
2015-09-12,13:00,4325,9,1,5,7,8,9,11,13,14,15,19
2015-09-12,14:00,4326,13,1,3,5,7,9,11,13,15,16,20
2015-09-12,15:00,4327,19,2,3,5,7,10,11,12,13,14,19
2015-09-12,16:00,4328,12,1,8,10,11,12,13,15,16,17,18
2015-09-12,17:00,4329,10,1,2,4,8,9,12,15,16,17,18
2015-09-12,18:00,4330,17,3,5,6,7,9,11,12,16,17,19
2015-09-12,19:00,4331,11,3,4,6,8,9,10,13,14,15,19
2015-09-12,20:00,4332,12,2,3,7,8,10,11,13,14,15,18
2015-09-12,21:00,4333,8,4,6,7,8,13,15,17,18,19,20
2015-09-12,22:00,4334,19,3,4,5,7,10,11,14,17,18,20
2015-09-12,23:00,4335,13,2,3,7,9,14,15,16,17,19,20
2015-09-13,07:00,4336,20,1,2,3,4,5,10,12,17,18,19
2015-09-13,08:00,4337,8,1,3,4,6,9,10,13,15,16,20
2015-09-13,09:00,4338,18,1,3,6,7,9,10,11,12,15,18
2015-09-13,10:00,4339,6,2,3,4,6,7,8,13,15,16,17
2015-09-13,11:00,4340,7,4,6,7,10,12,13,15,16,19,20
2015-09-13,12:00,4341,7,1,3,6,7,8,10,12,14,15,20
2015-09-13,13:00,4342,16,3,4,5,11,12,13,15,18,19,20
2015-09-13,14:00,4343,9,2,4,7,10,11,12,13,14,16,17
2015-09-13,15:00,4344,15,1,2,5,6,8,9,10,12,14,16
2015-09-13,16:00,4345,19,1,3,4,10,12,13,14,16,18,19
2015-09-13,17:00,4346,8,1,2,3,5,8,10,11,15,16,19
2015-09-13,18:00,4347,2,3,4,6,9,11,13,15,17,19,20
2015-09-13,19:00,4348,5,1,3,5,7,13,15,16,17,19,20
2015-09-13,20:00,4349,5,1,3,7,8,11,13,14,15,18,19
2015-09-13,21:00,4350,1,2,3,10,12,14,15,17,18,19,20
2015-09-13,22:00,4351,11,2,3,7,8,11,12,17,18,19,20
2015-09-13,23:00,4352,2,1,7,8,9,10,11,13,17,19,20
2015-09-14,07:00,4353,3,4,7,9,10,11,12,14,15,18,20
2015-09-14,08:00,4354,17,1,4,5,7,8,10,13,15,16,17
2015-09-14,09:00,4355,19,2,5,6,8,11,14,15,16,17,19
2015-09-14,10:00,4356,2,1,2,3,4,10,11,13,14,17,19
2015-09-14,11:00,4357,18,2,3,4,7,9,11,15,18,19,20
2015-09-14,12:00,4358,10,4,5,6,8,9,11,12,13,18,20
2015-09-14,13:00,4359,8,2,4,8,10,14,15,16,17,19,20
2015-09-14,14:00,4360,4,2,3,10,11,12,14,15,16,19,20
2015-09-14,15:00,4361,1,1,3,5,7,8,13,14,17,18,19
2015-09-14,16:00,4362,2,1,2,4,11,12,13,14,15,18,19
2015-09-14,17:00,4363,12,1,2,4,6,8,9,12,13,14,19
2015-09-14,18:00,4364,4,1,3,5,6,8,10,12,15,16,18
2015-09-14,19:00,4365,20,1,2,5,7,11,12,14,16,19,20
2015-09-14,20:00,4366,16,4,6,8,9,10,12,13,16,17,18
2015-09-14,21:00,4367,14,3,5,6,7,11,12,14,15,16,19
2015-09-14,22:00,4368,20,1,2,7,9,11,12,13,15,18,19
2015-09-14,23:00,4369,16,1,3,4,6,7,11,14,17,18,19
2015-09-15,07:00,4370,17,2,5,8,9,12,14,15,16,18,19
2015-09-15,08:00,4371,17,2,5,6,7,9,10,12,13,15,18
2015-09-15,09:00,4372,20,1,2,3,6,7,8,10,15,16,19
2015-09-15,10:00,4373,16,1,3,4,7,10,14,17,18,19,20
2015-09-15,11:00,4374,18,1,3,7,8,9,10,12,13,15,17
2015-09-15,12:00,4375,8,2,4,5,6,7,10,11,12,14,18
2015-09-15,13:00,4376,12,6,9,12,13,15,16,17,18,19,20
2015-09-15,14:00,4377,13,1,2,3,5,8,9,10,12,16,19
2015-09-15,15:00,4378,20,2,3,5,6,7,13,14,18,19,20
2015-09-15,16:00,4379,4,1,7,8,9,10,12,15,16,18,20
2015-09-15,17:00,4380,5,1,7,10,11,12,14,15,16,18,20
2015-09-15,18:00,4381,19,1,2,5,9,10,11,12,13,14,17
2015-09-15,19:00,4382,9,1,2,7,8,10,13,14,17,18,19
2015-09-15,20:00,4383,5,2,5,6,7,8,11,13,14,16,17
2015-09-15,21:00,4384,14,3,5,7,8,9,10,11,12,13,17
2015-09-15,22:00,4385,20,3,4,5,6,10,13,14,17,18,20
2015-09-15,23:00,4386,19,3,6,8,9,11,14,16,17,19,20
2015-09-16,07:00,4387,4,1,2,4,8,9,10,12,13,14,15
2015-09-16,08:00,4388,5,2,4,5,6,8,10,11,13,18,20
2015-09-16,09:00,4389,2,3,4,7,9,10,11,13,14,15,17
2015-09-16,10:00,4390,13,3,4,6,9,10,11,12,17,18,19
2015-09-16,11:00,4391,14,3,4,7,9,12,13,14,15,17,20
2015-09-16,12:00,4392,12,1,2,3,5,11,12,13,14,18,20
2015-09-16,13:00,4393,7,2,3,4,6,9,10,13,14,16,20
2015-09-16,14:00,4394,8,2,3,5,6,8,12,13,15,16,17
2015-09-16,15:00,4395,20,1,8,9,10,11,12,14,15,16,20
2015-09-16,16:00,4396,18,3,6,7,9,10,13,16,17,18,19
2015-09-16,17:00,4397,16,1,3,5,7,9,11,15,16,18,20
2015-09-16,18:00,4398,4,3,4,5,6,9,11,14,17,18,19
2015-09-16,19:00,4399,10,2,3,6,10,11,12,15,16,19,20
2015-09-16,20:00,4400,4,2,3,4,5,10,11,14,18,19,20
2015-09-16,21:00,4401,20,1,4,6,7,10,11,12,13,14,15
2015-09-16,22:00,4402,13,2,3,4,6,7,9,11,16,18,20
2015-09-16,23:00,4403,16,2,6,7,9,11,13,14,16,18,20
2015-09-17,07:00,4404,11,1,3,4,5,7,9,10,11,18,20
2015-09-17,08:00,4405,6,1,3,4,9,10,11,13,16,17,18
2015-09-17,09:00,4406,15,3,5,6,10,14,15,16,18,19,20
2015-09-17,10:00,4407,2,2,3,9,11,12,13,14,15,17,20
2015-09-17,11:00,4408,13,2,3,7,8,9,11,12,13,15,16
2015-09-17,12:00,4409,12,1,2,3,4,9,10,14,18,19,20
2015-09-17,13:00,4410,15,1,3,6,8,10,12,13,14,16,20
2015-09-17,14:00,4411,11,1,2,7,10,13,15,16,18,19,20
2015-09-17,15:00,4412,16,1,3,5,7,10,11,12,13,16,20
2015-09-17,16:00,4413,4,4,6,8,9,13,14,16,17,18,19
2015-09-17,17:00,4414,2,2,3,4,5,8,11,16,17,18,19
2015-09-17,18:00,4415,9,2,4,6,7,8,12,13,15,17,18
2015-09-17,19:00,4416,19,2,4,6,9,10,11,13,15,16,17
2015-09-17,20:00,4417,9,1,2,7,8,9,10,11,13,14,19
2015-09-17,21:00,4418,1,1,2,3,5,6,8,10,11,15,20
2015-09-17,22:00,4419,2,1,3,4,7,10,12,13,16,17,20
2015-09-17,23:00,4420,18,5,7,8,10,11,12,16,18,19,20
2015-09-18,07:00,4421,4,1,3,8,10,11,15,16,17,19,20
2015-09-18,08:00,4422,3,1,4,8,12,13,14,15,16,18,19
2015-09-18,09:00,4423,6,2,6,7,8,9,13,14,17,18,19
2015-09-18,10:00,4424,16,1,2,4,5,8,14,15,16,18,19
2015-09-18,11:00,4425,17,2,3,4,7,8,9,11,14,15,17
2015-09-18,12:00,4426,18,1,4,5,9,10,11,14,16,18,19
2015-09-18,13:00,4427,15,1,2,5,6,7,8,9,12,18,20
2015-09-18,14:00,4428,6,5,7,8,10,11,12,13,14,15,20
2015-09-18,15:00,4429,13,2,4,9,10,11,13,14,15,17,20
2015-09-18,16:00,4430,11,1,3,4,7,11,13,14,16,17,19
2015-09-18,17:00,4431,13,2,6,8,9,10,14,15,17,18,20
2015-09-18,18:00,4432,20,1,2,4,5,10,12,14,15,17,20
2015-09-18,19:00,4433,14,1,4,5,6,8,12,13,14,15,17
2015-09-18,20:00,4434,13,1,7,8,9,11,13,14,15,17,20
2015-09-18,21:00,4435,5,1,6,9,10,11,12,14,15,16,19
2015-09-18,22:00,4436,7,2,5,7,10,12,14,15,18,19,20
2015-09-18,23:00,4437,3,1,2,5,8,11,12,16,17,18,19
2015-09-19,07:00,4438,20,1,2,4,6,7,9,16,17,18,19
2015-09-19,08:00,4439,16,4,5,6,8,11,12,14,18,19,20
2015-09-19,09:00,4440,6,1,2,4,12,13,14,16,17,18,19
2015-09-19,10:00,4441,9,1,5,6,7,10,11,12,14,15,16
2015-09-19,11:00,4442,16,1,3,5,6,7,13,14,16,17,18
2015-09-19,12:00,4443,18,4,6,7,9,12,13,15,17,19,20
2015-09-19,13:00,4444,11,2,3,5,8,9,10,12,13,14,17
2015-09-19,14:00,4445,4,1,2,3,6,10,12,14,16,17,18
2015-09-19,15:00,4446,9,1,2,5,7,8,9,10,14,19,20
2015-09-19,16:00,4447,17,1,2,3,4,5,6,9,12,13,20
2015-09-19,17:00,4448,9,3,4,5,8,9,12,13,14,16,18
2015-09-19,18:00,4449,15,2,3,4,5,6,7,8,10,13,17
2015-09-19,19:00,4450,13,3,4,8,9,10,11,14,16,17,18
2015-09-19,20:00,4451,4,7,8,10,11,12,13,14,15,17,18
2015-09-19,21:00,4452,10,1,2,4,5,6,7,8,9,10,18
2015-09-19,22:00,4453,20,2,4,5,6,8,10,15,17,19,20
2015-09-19,23:00,4454,13,1,2,4,6,7,10,11,12,13,15
2015-09-20,07:00,4455,9,1,2,5,6,7,9,11,12,14,15
2015-09-20,08:00,4456,13,4,6,7,9,13,15,17,18,19,20
2015-09-20,09:00,4457,18,2,3,7,8,9,11,15,18,19,20
2015-09-20,10:00,4458,18,1,3,4,7,8,12,13,16,17,20
2015-09-20,11:00,4459,5,3,4,7,8,11,13,14,15,18,20
2015-09-20,12:00,4460,16,5,6,7,11,12,14,16,18,19,20
2015-09-20,13:00,4461,1,1,5,8,10,11,12,14,16,19,20
2015-09-20,14:00,4462,6,2,3,7,8,9,10,11,14,15,17
2015-09-20,15:00,4463,8,2,5,6,7,8,9,10,13,14,16
2015-09-20,16:00,4464,19,1,3,9,10,11,13,14,16,17,19
2015-09-20,17:00,4465,20,1,9,10,11,15,16,17,18,19,20
2015-09-20,18:00,4466,6,1,2,3,5,6,7,11,13,16,20
2015-09-20,19:00,4467,5,1,4,6,8,9,10,14,15,16,18
2015-09-20,20:00,4468,1,3,5,10,12,14,15,16,17,19,20
2015-09-20,21:00,4469,17,4,5,6,11,12,13,14,15,18,20
2015-09-20,22:00,4470,19,1,2,3,5,9,10,15,16,17,18
2015-09-20,23:00,4471,2,1,2,4,9,10,11,12,14,16,20
2015-09-21,07:00,4472,17,3,4,6,7,8,9,11,12,13,17
2015-09-21,08:00,4473,11,1,2,3,6,7,8,10,15,16,17
2015-09-21,09:00,4474,11,2,3,4,6,10,11,12,15,16,17
2015-09-21,10:00,4475,19,3,4,6,7,9,10,13,16,19,20
2015-09-21,11:00,4476,20,3,5,6,8,9,10,12,14,15,19
2015-09-21,12:00,4477,1,3,4,8,9,13,15,16,17,19,20
2015-09-21,13:00,4478,15,2,4,5,6,14,15,16,18,19,20
2015-09-21,14:00,4479,10,1,4,5,6,11,14,15,16,17,19
2015-09-21,15:00,4480,7,1,5,8,9,11,12,14,17,18,20
2015-09-21,16:00,4481,20,2,3,7,8,10,12,14,15,17,19
2015-09-21,17:00,4482,11,2,5,6,7,10,13,16,17,18,20
2015-09-21,18:00,4483,4,2,3,7,8,9,11,12,13,15,18
2015-09-21,19:00,4484,16,1,6,9,11,12,13,16,18,19,20
2015-09-21,20:00,4485,14,1,4,6,7,8,11,15,17,18,20
2015-09-21,21:00,4486,17,1,2,4,5,7,10,12,13,17,19
2015-09-21,22:00,4487,17,3,4,5,6,7,9,10,15,19,20
2015-09-21,23:00,4488,5,3,4,5,8,9,11,13,17,19,20
2015-09-22,07:00,4489,5,1,7,11,12,15,16,17,18,19,20
2015-09-22,08:00,4490,9,1,4,6,7,12,13,15,18,19,20
2015-09-22,09:00,4491,15,1,3,4,5,7,10,12,15,16,20
2015-09-22,10:00,4492,15,1,3,5,12,13,14,15,17,19,20
2015-09-22,11:00,4493,1,2,4,5,6,9,10,12,14,15,17
2015-09-22,12:00,4494,7,3,4,5,6,9,10,13,14,17,19
2015-09-22,13:00,4495,12,1,2,3,6,9,10,11,12,13,18
2015-09-22,14:00,4496,17,2,3,8,9,10,11,13,14,15,17
2015-09-22,15:00,4497,6,1,5,7,9,11,13,14,17,18,20
2015-09-22,16:00,4498,18,1,4,5,6,7,8,10,11,13,14
2015-09-22,17:00,4499,15,2,4,5,6,7,8,10,16,17,20
2015-09-22,18:00,4500,12,1,4,6,7,9,10,13,15,17,18
2015-09-22,19:00,4501,15,1,2,4,5,6,7,11,17,19,20
2015-09-22,20:00,4502,5,1,2,6,8,9,11,12,13,15,19
2015-09-22,21:00,4503,19,1,2,3,5,7,11,13,14,19,20
2015-09-22,22:00,4504,19,2,3,6,7,8,11,12,16,19,20
2015-09-22,23:00,4505,1,1,2,3,5,7,8,10,13,16,20
2015-09-23,07:00,4506,3,1,3,4,6,7,8,14,16,17,18
2015-09-23,08:00,4507,16,1,2,3,4,6,11,14,15,18,20
2015-09-23,09:00,4508,1,1,3,4,5,7,10,13,15,16,18
2015-09-23,10:00,4509,18,2,3,4,6,12,13,14,15,18,19
2015-09-23,11:00,4510,12,2,4,6,8,12,13,14,16,18,20
2015-09-23,12:00,4511,5,3,4,6,7,10,12,15,16,18,20
2015-09-23,13:00,4512,16,3,4,6,12,13,14,16,17,19,20
2015-09-23,14:00,4513,8,2,7,8,10,12,13,14,17,18,20
2015-09-23,15:00,4514,11,1,4,6,8,9,12,13,16,18,20
2015-09-23,16:00,4515,19,3,4,6,9,11,13,14,15,16,18
2015-09-23,17:00,4516,1,4,5,7,8,11,12,14,17,18,20
2015-09-23,18:00,4517,9,1,2,3,6,7,8,10,15,18,19
2015-09-23,19:00,4518,20,2,4,5,9,11,13,14,16,18,20
2015-09-23,20:00,4519,4,1,4,5,8,9,11,16,17,18,20
2015-09-23,21:00,4520,18,2,3,4,5,6,8,13,15,16,18
2015-09-23,22:00,4521,9,2,3,4,5,7,9,11,14,15,20
2015-09-23,23:00,4522,1,1,2,3,5,7,11,12,14,18,20
2015-09-24,07:00,4523,14,2,3,4,5,8,9,10,11,12,17
2015-09-24,08:00,4524,8,1,3,5,6,7,11,14,15,17,18
2015-09-24,09:00,4525,12,1,4,6,11,12,13,14,15,16,18
2015-09-24,10:00,4526,15,1,2,3,5,7,10,11,13,15,17
2015-09-24,11:00,4527,7,2,6,8,10,12,15,16,17,18,19
2015-09-24,12:00,4528,5,2,3,4,6,7,11,12,14,16,18
2015-09-24,13:00,4529,8,1,3,4,5,8,9,14,16,18,19
2015-09-24,14:00,4530,15,2,4,6,10,11,12,13,14,18,19
2015-09-24,15:00,4531,10,1,3,4,9,13,14,15,16,17,18
2015-09-24,16:00,4532,19,1,3,4,5,6,9,10,14,15,19
2015-09-24,17:00,4533,5,2,3,4,6,8,11,13,14,17,20
2015-09-24,18:00,4534,16,1,3,4,10,12,14,15,16,17,20
2015-09-24,19:00,4535,5,1,3,4,5,8,9,11,13,15,18
2015-09-24,20:00,4536,10,1,3,6,8,14,16,17,18,19,20
2015-09-24,21:00,4537,3,2,4,5,6,7,8,12,13,16,20
2015-09-24,22:00,4538,2,2,3,6,7,9,11,12,14,19,20
2015-09-24,23:00,4539,17,1,2,5,8,9,10,12,15,18,19
2015-09-25,07:00,4540,6,4,6,8,9,10,11,15,16,17,18
2015-09-25,08:00,4541,16,3,5,6,7,9,12,13,14,16,20
2015-09-25,09:00,4542,20,1,3,5,6,7,8,11,12,15,18
2015-09-25,10:00,4543,4,1,3,4,5,6,7,9,15,17,20
2015-09-25,11:00,4544,6,2,6,9,10,12,14,16,17,18,20
2015-09-25,12:00,4545,9,2,6,7,8,9,12,13,14,16,17
2015-09-25,13:00,4546,10,3,4,5,7,8,12,13,16,17,19
2015-09-25,14:00,4547,1,5,6,7,8,10,11,14,15,17,18
2015-09-25,15:00,4548,13,1,4,5,7,8,11,13,14,15,17
2015-09-25,16:00,4549,16,1,2,4,6,7,13,14,17,18,19
2015-09-25,17:00,4550,19,1,2,3,7,9,10,11,12,17,20
2015-09-25,18:00,4551,13,1,4,5,6,7,9,10,18,19,20
2015-09-25,19:00,4552,14,2,5,6,7,8,9,11,14,15,18
2015-09-25,20:00,4553,8,2,3,4,7,14,15,16,17,18,19
2015-09-25,21:00,4554,4,3,5,6,8,9,11,12,16,17,18
2015-09-25,22:00,4555,19,3,4,5,7,11,12,13,15,18,20
2015-09-25,23:00,4556,3,1,4,5,8,9,10,14,15,19,20
2015-09-26,07:00,4557,13,1,2,5,7,8,9,10,15,16,19
2015-09-26,08:00,4558,8,1,2,3,4,9,10,13,16,17,20
2015-09-26,09:00,4559,10,4,5,8,9,10,13,15,16,17,18
2015-09-26,10:00,4560,4,3,8,9,12,14,16,17,18,19,20
2015-09-26,11:00,4561,20,3,4,6,9,10,11,15,16,19,20
2015-09-26,12:00,4562,4,1,2,3,5,7,9,16,17,18,19
2015-09-26,13:00,4563,6,2,5,7,9,10,12,13,15,16,17
2015-09-26,14:00,4564,9,2,3,4,6,7,10,11,13,18,20
2015-09-26,15:00,4565,5,1,2,7,9,10,12,13,14,15,16
2015-09-26,16:00,4566,17,1,4,7,8,9,11,13,16,17,20
2015-09-26,17:00,4567,11,5,7,10,11,12,13,15,16,18,19
2015-09-26,18:00,4568,14,1,3,4,8,9,11,12,13,18,20
2015-09-26,19:00,4569,20,1,4,6,7,10,11,12,13,15,20
2015-09-26,20:00,4570,2,2,4,5,6,11,14,15,16,18,19
2015-09-26,21:00,4571,14,1,5,6,7,8,12,14,15,17,20
2015-09-26,22:00,4572,19,1,4,5,6,7,9,10,14,15,17
2015-09-26,23:00,4573,20,1,8,9,10,11,12,13,14,17,20
2015-09-27,07:00,4574,18,1,2,3,4,5,7,10,11,13,20
2015-09-27,08:00,4575,16,1,2,3,4,5,7,11,13,14,16
2015-09-27,09:00,4576,8,1,3,5,10,11,14,16,17,18,20
2015-09-27,10:00,4577,7,2,3,6,8,9,12,14,15,16,17
2015-09-27,11:00,4578,12,2,5,6,7,10,11,12,14,15,19
2015-09-27,12:00,4579,8,2,7,8,11,12,13,14,16,17,19
2015-09-27,13:00,4580,20,1,3,6,7,8,10,11,16,17,20
2015-09-27,14:00,4581,15,2,3,4,7,9,12,14,15,17,19
2015-09-27,15:00,4582,12,2,4,7,10,11,12,15,16,19,20
2015-09-27,16:00,4583,9,2,3,5,9,12,13,14,15,16,19
2015-09-27,17:00,4584,9,3,5,6,7,9,10,15,16,18,19
2015-09-27,18:00,4585,16,1,2,3,5,10,12,15,16,19,20
2015-09-27,19:00,4586,17,1,6,8,9,11,12,13,15,17,19
2015-09-27,20:00,4587,18,2,3,9,11,12,14,16,17,19,20
2015-09-27,21:00,4588,14,1,7,9,10,11,13,14,15,16,18
2015-09-27,22:00,4589,1,2,3,6,11,13,15,17,18,19,20
2015-09-27,23:00,4590,10,1,3,4,5,7,8,9,11,14,15
2015-09-28,07:00,4591,2,1,2,3,4,5,6,10,14,15,19
2015-09-28,08:00,4592,14,2,3,4,7,8,13,14,16,18,20
2015-09-28,09:00,4593,18,1,2,4,7,10,12,14,17,18,20
2015-09-28,10:00,4594,2,3,5,6,7,12,13,14,16,17,20
2015-09-28,11:00,4595,18,2,3,4,5,8,9,12,15,17,18
2015-09-28,12:00,4596,4,1,2,3,10,12,13,14,17,18,19
2015-09-28,13:00,4597,17,2,4,6,9,12,13,14,16,19,20
2015-09-28,14:00,4598,10,3,4,8,9,10,11,13,15,18,19
2015-09-28,15:00,4599,4,3,4,5,6,7,10,11,12,15,18
2015-09-28,16:00,4600,18,1,5,6,7,8,9,11,13,14,16
2015-09-28,17:00,4601,15,2,5,6,10,13,14,16,17,18,20
2015-09-28,18:00,4602,7,2,5,7,10,11,12,14,15,18,19
2015-09-28,19:00,4603,10,1,2,3,8,12,13,15,17,18,20
2015-09-28,20:00,4604,20,1,5,6,7,9,10,15,17,18,20
2015-09-28,21:00,4605,13,1,2,4,5,7,8,16,17,19,20
2015-09-28,22:00,4606,5,1,2,3,7,8,14,15,18,19,20
2015-09-28,23:00,4607,16,2,4,6,7,8,11,13,15,17,18
2015-09-29,07:00,4608,6,1,3,4,9,11,13,14,15,18,20
2015-09-29,08:00,4609,10,2,4,6,7,8,13,15,17,18,19
2015-09-29,09:00,4610,10,1,4,5,6,9,13,15,17,19,20
2015-09-29,10:00,4611,16,1,2,4,8,10,11,12,13,15,19
2015-09-29,11:00,4612,11,2,6,8,11,12,13,16,17,18,20
2015-09-29,12:00,4613,14,1,2,3,4,5,9,11,12,14,18
2015-09-29,13:00,4614,18,3,5,6,9,13,15,16,18,19,20
2015-09-29,14:00,4615,6,2,4,5,8,11,12,13,14,17,20
2015-09-29,15:00,4616,18,2,4,5,6,7,8,9,11,18,19
2015-09-29,16:00,4617,18,1,3,5,6,8,9,13,14,15,16
2015-09-29,17:00,4618,17,2,3,4,5,9,10,12,13,18,20
2015-09-29,18:00,4619,2,1,3,5,6,11,12,14,16,19,20
2015-09-29,19:00,4620,18,1,2,4,6,9,13,16,18,19,20
2015-09-29,20:00,4621,10,4,6,7,8,10,11,14,15,17,19
2015-09-29,21:00,4622,5,2,4,5,7,9,13,15,16,19,20
2015-09-29,22:00,4623,20,1,2,4,5,11,12,15,16,19,20
2015-09-29,23:00,4624,5,2,3,5,9,11,12,14,16,17,20
2015-09-30,07:00,4625,3,1,5,7,9,10,13,15,18,19,20
2015-09-30,08:00,4626,15,1,2,5,6,13,16,17,18,19,20
2015-09-30,09:00,4627,18,3,4,5,7,10,14,15,16,18,19
2015-09-30,10:00,4628,16,1,2,4,6,8,12,13,15,17,19
2015-09-30,11:00,4629,17,3,5,6,7,10,12,13,14,15,17
2015-09-30,12:00,4630,12,3,4,9,13,14,15,16,17,18,20
2015-09-30,13:00,4631,16,1,4,5,7,9,14,15,17,19,20
2015-09-30,14:00,4632,20,1,6,7,9,10,12,13,16,18,19
2015-09-30,15:00,4633,16,1,2,5,6,7,10,11,12,13,14
2015-09-30,16:00,4634,15,1,2,3,4,6,7,9,18,19,20
2015-09-30,17:00,4635,4,1,2,5,6,9,10,11,14,15,18
2015-09-30,18:00,4636,4,1,4,8,9,10,11,14,15,17,18
2015-09-30,19:00,4637,1,2,5,8,9,10,13,14,17,18,20
2015-09-30,20:00,4638,12,2,5,6,7,11,12,13,15,19,20
2015-09-30,21:00,4639,9,1,2,3,9,10,11,14,16,17,19
2015-09-30,22:00,4640,15,1,2,4,7,8,11,12,15,16,19
2015-09-30,23:00,4641,6,1,3,5,6,7,12,13,14,15,16
2015-10-01,07:00,4642,20,3,5,6,8,9,10,11,15,16,17
2015-10-01,08:00,4643,7,1,2,3,5,10,12,14,17,18,20
2015-10-01,09:00,4644,13,1,2,3,4,5,11,15,17,18,19
2015-10-01,10:00,4645,4,1,3,4,5,7,8,13,18,19,20
2015-10-01,11:00,4646,1,3,6,7,8,9,10,12,15,18,19
2015-10-01,12:00,4647,12,2,3,5,6,7,9,10,12,14,17
2015-10-01,13:00,4648,18,2,3,4,6,8,12,13,14,15,19
2015-10-01,14:00,4649,11,2,4,5,8,9,11,12,16,18,19
2015-10-01,15:00,4650,7,2,3,5,6,9,10,11,12,13,20
2015-10-01,16:00,4651,12,1,2,5,6,9,13,15,18,19,20
2015-10-01,17:00,4652,20,2,3,5,6,7,8,12,14,18,20
2015-10-01,18:00,4653,8,2,3,5,7,10,12,15,18,19,20
2015-10-01,19:00,4654,3,1,3,4,5,7,9,10,14,16,19
2015-10-01,20:00,4655,16,2,4,8,10,11,12,13,14,18,19
2015-10-01,21:00,4656,4,1,4,5,6,7,8,13,17,19,20
2015-10-01,22:00,4657,11,1,2,3,4,6,8,11,15,16,18
2015-10-01,23:00,4658,7,1,6,7,10,12,13,14,16,17,19
2015-10-02,07:00,4659,18,1,6,7,8,9,12,13,18,19,20
2015-10-02,08:00,4660,12,2,4,5,7,8,10,12,13,18,20
2015-10-02,09:00,4661,3,2,3,6,9,10,13,14,15,17,20
2015-10-02,10:00,4662,7,1,2,3,6,7,10,13,15,18,20
2015-10-02,11:00,4663,11,2,6,8,10,11,13,14,15,18,20
2015-10-02,12:00,4664,9,1,2,4,7,11,13,14,15,18,20
2015-10-02,13:00,4665,16,1,3,4,6,10,11,14,15,19,20
2015-10-02,14:00,4666,8,5,8,10,12,13,15,16,17,18,19
2015-10-02,15:00,4667,19,1,4,6,7,10,14,16,17,18,20
2015-10-02,16:00,4668,6,1,2,4,5,9,12,15,16,17,20
2015-10-02,17:00,4669,15,4,5,6,9,13,14,15,18,19,20
2015-10-02,18:00,4670,14,1,4,8,9,10,13,15,17,19,20
2015-10-02,19:00,4671,10,2,6,7,9,10,12,13,14,16,19
2015-10-02,20:00,4672,6,4,5,6,7,10,12,14,15,17,20
2015-10-02,21:00,4673,1,1,2,5,7,8,9,10,13,18,20
2015-10-02,22:00,4674,11,1,2,3,4,9,13,14,16,17,20
2015-10-02,23:00,4675,6,7,8,10,11,12,13,14,17,18,19
2015-10-03,07:00,4676,20,2,3,5,6,7,10,14,15,17,19
2015-10-03,08:00,4677,2,1,3,4,5,7,8,13,14,19,20
2015-10-03,09:00,4678,12,5,6,7,8,10,11,13,15,17,19
2015-10-03,10:00,4679,4,2,3,6,7,9,13,14,17,18,19
2015-10-03,11:00,4680,5,4,5,7,8,11,12,15,16,19,20
2015-10-03,12:00,4681,9,1,2,5,6,7,10,12,13,14,15
2015-10-03,13:00,4682,12,3,9,10,14,15,16,17,18,19,20
2015-10-03,14:00,4683,15,2,5,6,7,10,11,13,17,19,20
2015-10-03,15:00,4684,14,3,4,6,7,11,14,15,16,17,19
2015-10-03,16:00,4685,7,3,6,8,9,11,12,13,16,17,19
2015-10-03,17:00,4686,9,1,2,7,9,11,12,13,14,18,20
2015-10-03,18:00,4687,14,2,4,6,7,10,11,15,16,19,20
2015-10-03,19:00,4688,14,1,2,3,5,6,10,11,14,18,20
2015-10-03,20:00,4689,19,1,4,6,7,9,12,14,15,16,20
2015-10-03,21:00,4690,14,2,3,4,6,8,9,12,13,17,20
2015-10-03,22:00,4691,3,1,2,4,6,9,10,13,14,17,18
2015-10-03,23:00,4692,20,1,3,7,8,9,10,11,14,16,20
2015-10-04,07:00,4693,9,1,2,3,6,9,10,12,13,15,20
2015-10-04,08:00,4694,15,1,2,3,4,8,11,12,17,19,20
2015-10-04,09:00,4695,9,1,3,8,11,12,13,14,16,17,18
2015-10-04,10:00,4696,17,2,4,6,8,12,13,14,15,17,20
2015-10-04,11:00,4697,15,2,4,6,7,11,12,13,15,18,19
2015-10-04,12:00,4698,12,1,2,3,5,6,8,10,12,16,17
2015-10-04,13:00,4699,17,1,2,3,9,11,13,14,15,16,19
2015-10-04,14:00,4700,20,4,5,7,8,12,13,14,16,18,19
2015-10-04,15:00,4701,6,1,3,4,6,8,9,10,11,12,16
2015-10-04,16:00,4702,19,4,6,7,9,11,13,15,16,19,20
2015-10-04,17:00,4703,8,2,4,5,7,8,10,11,13,14,15
2015-10-04,18:00,4704,8,2,3,4,5,7,11,12,13,15,19
2015-10-04,19:00,4705,18,1,2,3,4,5,6,10,11,12,16
2015-10-04,20:00,4706,5,1,2,4,6,7,8,9,12,14,20
2015-10-04,21:00,4707,6,3,6,8,9,12,13,15,16,19,20
2015-10-04,22:00,4708,13,1,2,3,10,11,14,16,17,18,20
2015-10-04,23:00,4709,5,3,5,7,9,10,12,13,14,17,18
2015-10-05,07:00,4710,15,2,3,6,8,9,10,12,14,19,20
2015-10-05,08:00,4711,2,2,3,7,8,9,10,12,14,15,18
2015-10-05,09:00,4712,1,1,3,4,12,13,14,16,17,19,20
2015-10-05,10:00,4713,13,1,3,4,5,6,7,9,15,16,17
2015-10-05,11:00,4714,18,1,3,4,7,10,12,13,14,17,19
2015-10-05,12:00,4715,2,1,2,3,5,7,11,15,17,18,19
2015-10-05,13:00,4716,14,2,4,7,8,10,12,13,15,16,19
2015-10-05,14:00,4717,5,2,3,4,7,11,13,14,15,17,18
2015-10-05,15:00,4718,10,1,2,5,7,9,10,15,16,17,18
2015-10-05,16:00,4719,17,1,2,3,4,5,7,9,12,14,19
2015-10-05,17:00,4720,6,2,3,6,8,9,10,11,13,19,20
2015-10-05,18:00,4721,11,1,2,4,10,11,12,13,16,17,20
2015-10-05,19:00,4722,19,5,6,7,8,9,14,15,17,19,20
2015-10-05,20:00,4723,11,1,3,5,6,7,10,13,15,17,18
2015-10-05,21:00,4724,12,3,4,5,6,9,11,12,14,15,18
2015-10-05,22:00,4725,18,1,2,7,8,12,14,15,18,19,20
2015-10-05,23:00,4726,14,2,3,8,9,10,11,12,17,19,20
2015-10-06,07:00,4727,8,3,4,5,6,11,12,13,14,16,17
2015-10-06,08:00,4728,9,4,5,7,9,10,11,13,14,15,16
2015-10-06,09:00,4729,11,2,9,10,11,13,15,16,17,18,19
2015-10-06,10:00,4730,6,2,4,10,12,13,14,15,16,17,19
2015-10-06,11:00,4731,19,3,7,9,10,12,13,15,16,19,20
2015-10-06,12:00,4732,20,1,3,5,7,9,12,13,15,17,19
2015-10-06,13:00,4733,16,2,3,7,9,10,11,12,16,19,20
2015-10-06,14:00,4734,11,1,2,3,5,6,9,10,13,16,20
2015-10-06,15:00,4735,18,3,4,5,7,8,12,15,16,17,18
2015-10-06,16:00,4736,9,7,8,9,11,12,13,14,16,19,20
2015-10-06,17:00,4737,2,1,3,4,7,9,10,11,15,16,18
2015-10-06,18:00,4738,16,2,4,6,7,9,12,13,14,15,20
2015-10-06,19:00,4739,19,1,4,6,8,10,14,15,16,19,20
2015-10-06,20:00,4740,20,1,4,7,9,11,12,14,15,19,20
2015-10-06,21:00,4741,15,2,3,7,10,11,13,15,18,19,20
2015-10-06,22:00,4742,10,4,5,6,7,10,13,15,17,18,20
2015-10-06,23:00,4743,11,6,7,8,9,11,12,13,14,16,19
2015-10-07,07:00,4744,5,1,3,4,6,9,12,14,15,18,19
2015-10-07,08:00,4745,2,1,3,4,6,8,10,11,14,16,17
2015-10-07,09:00,4746,6,1,2,3,7,8,11,13,15,16,19
2015-10-07,10:00,4747,6,2,3,8,9,10,11,14,15,16,18
2015-10-07,11:00,4748,6,1,2,6,9,11,15,16,18,19,20
2015-10-07,12:00,4749,9,2,4,7,9,11,13,14,15,16,17
2015-10-07,13:00,4750,13,2,3,5,6,8,12,14,15,17,20
2015-10-07,14:00,4751,17,1,2,5,8,9,10,12,13,14,17
2015-10-07,15:00,4752,5,2,3,4,5,9,13,14,16,17,18
2015-10-07,16:00,4753,11,1,2,3,5,10,11,12,13,14,15
2015-10-07,17:00,4754,17,1,4,5,6,7,8,10,12,13,19
2015-10-07,18:00,4755,10,1,3,5,9,10,11,15,17,18,20
2015-10-07,19:00,4756,12,3,4,6,8,9,11,13,15,17,20
2015-10-07,20:00,4757,16,3,5,6,8,10,11,13,14,17,18
2015-10-07,21:00,4758,15,1,2,4,7,13,14,16,18,19,20
2015-10-07,22:00,4759,13,1,6,8,10,12,13,15,16,19,20
2015-10-07,23:00,4760,8,2,4,5,7,8,9,12,14,15,16
2015-10-08,07:00,4761,7,3,4,8,10,11,13,15,16,18,19
2015-10-08,08:00,4762,14,4,6,7,8,10,12,13,14,16,19
2015-10-08,09:00,4763,13,3,4,7,8,10,11,16,18,19,20
2015-10-08,10:00,4764,3,3,8,9,12,13,14,15,16,17,19
2015-10-08,11:00,4765,4,2,4,6,8,9,11,14,15,17,19
2015-10-08,12:00,4766,4,6,7,10,11,12,13,14,15,18,20
2015-10-08,13:00,4767,19,1,3,6,8,9,10,14,17,19,20
2015-10-08,14:00,4768,1,3,4,5,6,8,10,14,15,18,20
2015-10-08,15:00,4769,5,1,7,8,10,12,13,14,15,16,19
2015-10-08,16:00,4770,6,2,3,4,6,7,11,17,18,19,20
2015-10-08,17:00,4771,10,1,4,6,8,9,10,12,18,19,20
2015-10-08,18:00,4772,7,1,3,4,7,9,10,11,13,18,20
2015-10-08,19:00,4773,4,3,5,6,7,8,12,16,17,18,19
2015-10-08,20:00,4774,9,2,3,5,9,11,12,13,14,17,20
2015-10-08,21:00,4775,16,2,4,5,6,9,10,11,12,16,18
2015-10-08,22:00,4776,11,2,3,5,6,7,8,10,15,16,17
2015-10-08,23:00,4777,12,1,3,5,6,7,9,10,11,15,19
2015-10-09,07:00,4778,17,1,2,4,6,8,10,11,16,17,19
2015-10-09,08:00,4779,14,3,4,5,7,9,13,14,15,16,18
2015-10-09,09:00,4780,17,3,5,6,9,10,11,12,15,17,19
2015-10-09,10:00,4781,13,3,4,6,8,9,13,14,15,16,18
2015-10-09,11:00,4782,14,3,4,5,6,10,12,13,14,16,18
2015-10-09,12:00,4783,5,2,4,5,7,9,12,16,18,19,20
2015-10-09,13:00,4784,9,1,5,6,9,11,14,15,16,18,19
2015-10-09,14:00,4785,16,2,3,4,5,6,7,8,11,15,17
2015-10-09,15:00,4786,1,5,7,8,11,12,13,15,16,17,18
2015-10-09,16:00,4787,12,2,3,4,8,11,14,15,16,18,19
2015-10-09,17:00,4788,19,1,3,7,8,9,11,12,16,17,18
2015-10-09,18:00,4789,6,1,2,5,8,11,12,15,16,19,20
2015-10-09,19:00,4790,6,2,4,5,7,8,9,10,12,13,16
2015-10-09,20:00,4791,19,4,5,8,12,13,14,15,16,17,19
2015-10-09,21:00,4792,5,6,7,9,10,11,14,15,16,18,20
2015-10-09,22:00,4793,18,5,6,7,10,13,14,15,16,18,19
2015-10-09,23:00,4794,7,1,4,5,6,9,12,17,18,19,20
2015-10-10,07:00,4795,15,4,5,7,8,10,11,14,15,18,20
2015-10-10,08:00,4796,20,1,3,5,6,7,10,12,16,17,18
2015-10-10,09:00,4797,11,2,4,5,6,7,8,9,10,13,17
2015-10-10,10:00,4798,18,2,5,6,8,9,11,12,13,14,20
2015-10-10,11:00,4799,14,1,2,5,6,7,8,9,11,13,20
2015-10-10,12:00,4800,17,2,8,10,12,13,14,15,16,17,18
2015-10-10,13:00,4801,15,2,5,6,7,8,14,17,18,19,20
2015-10-10,14:00,4802,9,1,2,3,4,6,7,11,13,15,17
2015-10-10,15:00,4803,17,7,8,10,12,13,14,15,16,17,20
2015-10-10,16:00,4804,9,3,4,5,6,7,8,9,13,18,19
2015-10-10,17:00,4805,2,1,4,9,10,12,13,14,15,17,19
2015-10-10,18:00,4806,4,2,3,4,6,8,12,13,14,15,18
2015-10-10,19:00,4807,7,1,2,5,6,8,12,13,14,15,18
2015-10-10,20:00,4808,8,1,2,4,5,8,9,11,14,19,20
2015-10-10,21:00,4809,15,3,6,8,9,14,16,17,18,19,20
2015-10-10,22:00,4810,14,1,2,3,5,7,10,11,12,15,18
2015-10-10,23:00,4811,13,2,6,7,8,11,14,16,17,19,20
2015-10-11,07:00,4812,8,2,4,6,7,11,12,13,15,17,19
2015-10-11,08:00,4813,2,1,6,7,9,10,11,14,16,17,19
2015-10-11,09:00,4814,3,4,5,8,10,11,12,14,17,18,20
2015-10-11,10:00,4815,16,3,5,6,10,11,12,13,14,15,16
2015-10-11,11:00,4816,12,2,6,8,9,11,14,15,17,18,20
2015-10-11,12:00,4817,1,1,2,5,8,9,10,12,14,16,19
2015-10-11,13:00,4818,12,3,4,6,10,13,15,16,17,18,19
2015-10-11,14:00,4819,11,1,2,4,5,6,7,9,17,19,20
2015-10-11,15:00,4820,14,1,2,3,6,7,8,13,14,16,17
2015-10-11,16:00,4821,12,1,4,8,11,12,13,14,15,17,20
2015-10-11,17:00,4822,14,2,3,5,6,7,8,9,10,12,18
2015-10-11,18:00,4823,7,2,3,4,6,8,10,11,13,15,19
2015-10-11,19:00,4824,13,2,3,5,6,8,9,10,12,13,20
2015-10-11,20:00,4825,19,1,5,6,7,8,9,12,13,14,20
2015-10-11,21:00,4826,5,1,5,7,8,12,13,14,15,16,18
2015-10-11,22:00,4827,1,2,3,4,5,7,9,12,13,16,18
2015-10-11,23:00,4828,10,1,6,7,8,10,12,15,17,18,19
2015-10-12,07:00,4829,2,1,2,4,6,8,10,12,15,16,20
2015-10-12,08:00,4830,11,1,3,4,5,7,8,10,13,14,19
2015-10-12,09:00,4831,8,2,3,4,11,12,13,15,16,18,19
2015-10-12,10:00,4832,3,1,2,6,9,10,12,15,18,19,20
2015-10-12,11:00,4833,2,1,6,8,11,12,15,16,17,18,19
2015-10-12,12:00,4834,3,2,8,9,10,11,12,14,15,17,18
2015-10-12,13:00,4835,4,1,3,4,8,10,13,14,16,17,20
2015-10-12,14:00,4836,4,3,4,5,8,9,11,12,13,16,19
2015-10-12,15:00,4837,15,1,4,5,6,8,12,13,14,15,18
2015-10-12,16:00,4838,17,1,3,4,10,11,12,14,15,16,17
2015-10-12,17:00,4839,4,5,7,9,13,14,15,16,18,19,20
2015-10-12,18:00,4840,1,2,5,9,10,12,14,15,16,18,19
2015-10-12,19:00,4841,11,1,2,4,5,9,10,11,14,18,20
2015-10-12,20:00,4842,9,1,2,3,5,6,8,9,11,14,18
2015-10-12,21:00,4843,8,3,5,6,7,9,11,13,17,18,20
2015-10-12,22:00,4844,9,3,4,7,12,13,14,15,16,19,20
2015-10-12,23:00,4845,19,1,2,7,10,13,14,15,17,18,19
2015-10-13,07:00,4846,6,2,4,7,9,12,14,15,16,18,19
2015-10-13,08:00,4847,18,1,2,3,5,7,8,11,13,17,18
2015-10-13,09:00,4848,1,2,3,4,5,6,8,10,13,17,19
2015-10-13,10:00,4849,2,1,4,5,6,9,10,11,15,18,20
2015-10-13,11:00,4850,1,1,3,4,12,13,14,15,16,18,20
2015-10-13,12:00,4851,17,2,6,8,9,14,15,17,18,19,20
2015-10-13,13:00,4852,9,1,2,3,4,5,7,10,11,15,19
2015-10-13,14:00,4853,18,1,2,8,10,11,13,15,17,18,19
2015-10-13,15:00,4854,18,3,7,8,9,11,13,14,15,17,19
2015-10-13,16:00,4855,9,2,5,6,7,8,10,12,13,14,18
2015-10-13,17:00,4856,14,1,5,7,9,10,11,12,14,16,19
2015-10-13,18:00,4857,6,3,4,5,6,8,11,12,17,19,20
2015-10-13,19:00,4858,6,1,3,4,5,7,10,11,14,19,20
2015-10-13,20:00,4859,4,1,2,3,4,5,6,8,11,12,20
2015-10-13,21:00,4860,9,1,3,4,7,8,9,10,11,13,17
2015-10-13,22:00,4861,10,2,3,5,6,8,10,11,14,15,17
2015-10-13,23:00,4862,7,1,2,4,5,10,11,13,16,18,19
2015-10-14,07:00,4863,12,1,3,5,7,8,9,11,12,13,15
2015-10-14,08:00,4864,17,2,3,4,5,6,7,8,10,13,14
2015-10-14,09:00,4865,10,2,4,5,6,8,12,14,15,17,20
2015-10-14,10:00,4866,8,2,4,5,6,8,9,11,14,17,20
2015-10-14,11:00,4867,16,1,2,9,10,11,14,15,16,17,18
2015-10-14,12:00,4868,19,2,4,7,8,10,12,13,14,15,17
2015-10-14,13:00,4869,11,1,2,3,4,5,8,10,12,13,19
2015-10-14,14:00,4870,1,2,3,7,8,9,13,14,15,16,20
2015-10-14,15:00,4871,14,1,3,4,5,7,8,9,14,15,17
2015-10-14,16:00,4872,13,1,2,3,4,11,13,16,17,18,19
2015-10-14,17:00,4873,6,1,6,9,10,11,12,14,16,17,19
2015-10-14,18:00,4874,17,3,4,8,10,11,12,14,15,17,20
2015-10-14,19:00,4875,7,2,3,4,9,10,12,14,16,18,20
2015-10-14,20:00,4876,4,3,4,6,7,12,15,17,18,19,20
2015-10-14,21:00,4877,20,2,5,7,9,10,14,16,17,18,19
2015-10-14,22:00,4878,9,2,5,6,7,8,9,11,13,15,20
2015-10-14,23:00,4879,15,2,3,4,5,6,8,9,11,13,20
2015-10-15,07:00,4880,9,3,4,6,7,8,9,11,12,14,19
2015-10-15,08:00,4881,20,2,3,7,9,10,11,12,13,14,17
2015-10-15,09:00,4882,7,6,7,8,9,10,11,12,13,18,20
2015-10-15,10:00,4883,17,4,6,7,11,12,13,15,16,17,20
2015-10-15,11:00,4884,10,2,3,5,6,10,11,13,14,17,20
2015-10-15,12:00,4885,19,1,5,6,7,8,12,14,15,16,19
2015-10-15,13:00,4886,10,3,4,6,7,12,14,15,16,19,20
2015-10-15,14:00,4887,13,1,3,4,5,8,11,13,16,17,20
2015-10-15,15:00,4888,2,2,3,4,8,9,14,16,17,18,20
2015-10-15,16:00,4889,6,1,2,4,6,7,12,13,16,18,20
2015-10-15,17:00,4890,4,1,3,4,5,6,8,9,11,19,20
2015-10-15,18:00,4891,6,2,5,7,12,14,15,17,18,19,20
2015-10-15,19:00,4892,5,1,2,4,6,7,8,11,15,16,20
2015-10-15,20:00,4893,16,3,4,5,7,8,9,10,16,17,18
2015-10-15,21:00,4894,10,2,6,8,9,10,12,14,16,17,20
2015-10-15,22:00,4895,5,2,3,5,6,7,9,10,15,16,18
2015-10-15,23:00,4896,11,1,2,9,10,11,15,16,17,18,19
2015-10-16,07:00,4897,13,2,3,5,6,7,14,16,17,18,19
2015-10-16,08:00,4898,18,2,3,5,7,12,13,15,16,19,20
2015-10-16,09:00,4899,4,1,2,7,9,11,13,17,18,19,20
2015-10-16,10:00,4900,4,2,3,7,10,12,13,15,16,17,20
2015-10-16,11:00,4901,20,1,7,10,11,13,14,16,17,19,20
2015-10-16,12:00,4902,10,3,4,6,7,8,10,11,14,16,19
2015-10-16,13:00,4903,9,1,3,5,8,10,11,12,15,17,20
2015-10-16,14:00,4904,20,4,7,9,12,13,14,16,17,18,20
2015-10-16,15:00,4905,14,2,3,5,6,8,9,11,12,13,20
2015-10-16,16:00,4906,5,2,4,6,8,9,10,13,17,18,19
2015-10-16,17:00,4907,7,1,2,5,6,7,8,9,11,13,16
2015-10-16,18:00,4908,6,1,3,4,6,9,10,13,16,17,20
2015-10-16,19:00,4909,17,2,3,4,5,7,8,10,13,15,16
2015-10-16,20:00,4910,2,1,4,5,6,11,12,14,15,16,18
2015-10-16,21:00,4911,9,2,4,10,11,12,13,14,16,17,20
2015-10-16,22:00,4912,9,1,2,4,5,7,9,11,12,14,20
2015-10-16,23:00,4913,7,3,4,5,8,12,13,14,15,16,18
2015-10-17,07:00,4914,8,1,2,5,6,8,9,10,17,18,20
2015-10-17,08:00,4915,6,1,2,3,7,8,9,10,13,18,19
2015-10-17,09:00,4916,6,3,4,5,6,8,9,10,12,13,18
2015-10-17,10:00,4917,9,1,2,4,5,6,10,11,12,14,17
2015-10-17,11:00,4918,10,5,7,9,12,13,15,17,18,19,20
2015-10-17,12:00,4919,16,2,3,4,6,10,12,15,16,18,20
2015-10-17,13:00,4920,15,1,2,3,6,10,12,13,15,19,20
2015-10-17,14:00,4921,15,3,4,6,8,9,11,12,14,18,20
2015-10-17,15:00,4922,7,1,2,4,9,11,14,15,16,18,19
2015-10-17,16:00,4923,1,2,5,6,8,9,11,14,18,19,20
2015-10-17,17:00,4924,3,1,5,6,8,9,11,14,15,18,20
2015-10-17,18:00,4925,10,2,5,8,9,11,12,15,16,17,18
2015-10-17,19:00,4926,3,1,2,4,6,7,13,14,15,16,20
2015-10-17,20:00,4927,11,2,4,6,7,9,11,13,14,15,17
2015-10-17,21:00,4928,18,2,5,6,7,8,14,17,18,19,20
2015-10-17,22:00,4929,12,2,4,7,8,9,10,15,17,19,20
2015-10-17,23:00,4930,8,3,5,7,10,12,13,14,16,17,19
2015-10-18,07:00,4931,9,2,3,5,6,8,10,13,14,15,17
2015-10-18,08:00,4932,6,2,5,6,9,10,11,13,14,17,18
2015-10-18,09:00,4933,15,1,2,4,7,8,9,10,11,14,15
2015-10-18,10:00,4934,8,2,3,5,9,10,13,15,16,18,19
2015-10-18,11:00,4935,12,1,2,3,4,5,8,15,16,19,20
2015-10-18,12:00,4936,8,1,3,4,6,8,11,12,14,16,18
2015-10-18,13:00,4937,20,1,3,4,7,12,13,14,17,18,20
2015-10-18,14:00,4938,17,3,5,6,7,9,10,11,14,17,19
2015-10-18,15:00,4939,18,6,7,9,10,11,12,16,17,18,20
2015-10-18,16:00,4940,9,3,4,7,9,12,13,15,18,19,20
2015-10-18,17:00,4941,20,1,2,3,7,9,10,11,16,19,20
2015-10-18,18:00,4942,4,2,3,6,9,10,12,13,14,17,19
2015-10-18,19:00,4943,10,2,3,5,9,11,12,13,16,18,19
2015-10-18,20:00,4944,15,3,4,8,9,10,11,13,14,17,19
2015-10-18,21:00,4945,16,1,6,8,9,13,16,17,18,19,20
2015-10-18,22:00,4946,9,1,2,3,6,8,10,11,13,15,16
2015-10-18,23:00,4947,14,2,4,5,6,9,12,16,17,18,19
2015-10-19,07:00,4948,10,6,9,10,12,13,15,17,18,19,20
2015-10-19,08:00,4949,15,1,4,6,7,8,13,14,16,18,19
2015-10-19,09:00,4950,15,2,3,4,7,11,12,14,15,17,20
2015-10-19,10:00,4951,9,2,4,7,8,10,11,12,14,15,16
2015-10-19,11:00,4952,4,3,4,5,8,9,10,11,13,14,20
2015-10-19,12:00,4953,8,2,4,5,6,7,12,14,16,18,20
2015-10-19,13:00,4954,19,2,6,7,8,9,14,15,18,19,20
2015-10-19,14:00,4955,7,1,2,3,4,5,8,9,10,18,19
2015-10-19,15:00,4956,3,4,5,8,9,10,13,14,15,17,20
2015-10-19,16:00,4957,16,1,2,3,6,7,9,11,14,19,20
2015-10-19,17:00,4958,15,2,3,4,6,7,9,10,14,15,17
2015-10-19,18:00,4959,12,4,5,9,10,12,13,14,15,18,19
2015-10-19,19:00,4960,1,1,2,4,5,7,8,9,13,14,17
2015-10-19,20:00,4961,16,1,2,3,7,8,10,11,14,16,20
2015-10-19,21:00,4962,16,1,7,9,10,14,15,17,18,19,20
2015-10-19,22:00,4963,12,4,6,8,9,11,13,14,18,19,20
2015-10-19,23:00,4964,3,1,4,5,7,9,10,12,14,16,20
2015-10-20,07:00,4965,3,3,4,5,6,8,9,10,12,17,18
2015-10-20,08:00,4966,5,1,6,9,11,12,13,14,16,19,20
2015-10-20,09:00,4967,4,2,3,5,8,10,11,14,17,18,19
2015-10-20,10:00,4968,11,1,3,9,12,13,15,16,17,19,20
2015-10-20,11:00,4969,17,3,4,5,6,7,8,10,11,16,20
2015-10-20,12:00,4970,17,1,2,6,7,9,10,11,15,19,20
2015-10-20,13:00,4971,2,3,4,6,7,8,9,12,16,18,19
2015-10-20,14:00,4972,4,2,3,4,5,7,8,9,11,14,20
2015-10-20,15:00,4973,12,1,3,4,7,10,12,14,17,18,19
2015-10-20,16:00,4974,2,1,4,5,6,11,12,14,15,18,19
2015-10-20,17:00,4975,16,1,3,4,7,9,11,13,14,15,16
2015-10-20,18:00,4976,20,1,3,4,5,7,9,10,16,19,20
2015-10-20,19:00,4977,18,1,3,7,8,10,11,14,18,19,20
2015-10-20,20:00,4978,9,3,8,9,12,13,14,15,16,18,19
2015-10-20,21:00,4979,3,3,6,7,12,13,15,16,17,18,20
2015-10-20,22:00,4980,6,1,2,3,5,6,7,8,12,18,20
2015-10-20,23:00,4981,5,6,8,9,10,11,13,15,17,18,20
2015-10-21,07:00,4982,4,1,2,7,8,9,10,12,13,14,17
2015-10-21,08:00,4983,4,2,4,7,8,9,10,13,15,17,19
2015-10-21,09:00,4984,4,4,6,7,9,11,13,15,18,19,20
2015-10-21,10:00,4985,8,2,4,5,8,10,13,16,17,19,20
2015-10-21,11:00,4986,16,1,4,8,10,13,14,16,17,18,20
2015-10-21,12:00,4987,6,1,2,3,4,9,10,12,14,18,20
2015-10-21,13:00,4988,17,1,3,4,5,7,10,13,16,17,19
2015-10-21,14:00,4989,13,2,6,7,10,11,14,15,17,18,19
2015-10-21,15:00,4990,17,1,3,5,6,7,9,11,14,16,19
2015-10-21,16:00,4991,13,1,4,5,9,11,15,16,17,18,19
2015-10-21,17:00,4992,20,1,2,4,7,8,10,11,15,17,19
2015-10-21,18:00,4993,14,1,2,8,10,11,12,13,15,17,19
2015-10-21,19:00,4994,18,2,3,5,6,11,12,13,14,16,20
2015-10-21,20:00,4995,17,2,3,4,5,6,8,10,14,17,20
2015-10-21,21:00,4996,1,3,4,5,9,12,13,15,17,19,20
2015-10-21,22:00,4997,13,1,2,4,5,7,16,17,18,19,20
2015-10-21,23:00,4998,13,1,3,5,6,9,12,14,18,19,20
2015-10-22,07:00,4999,1,1,2,4,6,8,9,10,11,14,18
2015-10-22,08:00,5000,17,4,5,7,8,9,11,12,13,15,19
2015-10-22,09:00,5001,7,1,4,8,10,11,12,14,15,16,20
2015-10-22,10:00,5002,12,1,2,3,5,9,10,12,15,16,18
2015-10-22,11:00,5003,14,1,2,3,5,10,11,13,15,19,20
2015-10-22,12:00,5004,8,4,5,7,10,14,15,16,17,19,20
2015-10-22,13:00,5005,9,2,4,5,6,7,8,9,10,11,20
2015-10-22,14:00,5006,9,3,4,5,6,7,9,13,15,16,18
2015-10-22,15:00,5007,4,3,4,5,7,8,11,14,16,17,19
2015-10-22,16:00,5008,3,1,2,3,4,7,8,9,12,13,14
2015-10-22,17:00,5009,16,3,4,6,8,10,13,14,15,17,18
2015-10-22,18:00,5010,20,1,7,10,11,13,14,16,17,18,20
2015-10-22,19:00,5011,4,1,5,6,7,8,13,14,15,17,20
2015-10-22,20:00,5012,10,1,2,5,6,7,12,13,18,19,20
2015-10-22,21:00,5013,5,1,2,3,8,9,14,16,18,19,20
2015-10-22,22:00,5014,4,2,5,6,9,11,13,14,17,19,20
2015-10-22,23:00,5015,11,1,3,4,6,8,9,10,12,15,18
2015-10-23,07:00,5016,16,1,3,4,7,10,12,15,17,19,20
2015-10-23,08:00,5017,3,1,2,5,7,8,12,13,15,16,19
2015-10-23,09:00,5018,19,2,3,4,5,6,7,13,16,19,20
2015-10-23,10:00,5019,2,5,10,11,12,14,15,17,18,19,20
2015-10-23,11:00,5020,16,2,5,6,7,9,10,16,17,18,19
2015-10-23,12:00,5021,4,1,3,5,6,8,11,13,14,16,17
2015-10-23,13:00,5022,10,1,4,7,8,9,11,13,15,16,19
2015-10-23,14:00,5023,5,1,3,5,6,8,13,14,15,16,17
2015-10-23,15:00,5024,4,1,5,8,9,10,11,12,13,17,19
2015-10-23,16:00,5025,15,2,7,10,11,12,13,14,18,19,20
2015-10-23,17:00,5026,4,1,4,5,6,9,11,12,14,16,19
2015-10-23,18:00,5027,9,2,3,4,6,8,10,11,16,17,19
2015-10-23,19:00,5028,9,2,3,4,6,8,10,11,14,16,17
2015-10-23,20:00,5029,7,3,5,6,7,8,9,11,12,14,17
2015-10-23,21:00,5030,3,3,7,9,11,12,13,14,15,16,20
2015-10-23,22:00,5031,6,3,5,6,7,8,12,13,15,18,20
2015-10-23,23:00,5032,10,2,3,4,5,6,7,8,11,12,20
2015-10-24,07:00,5033,10,1,3,6,7,9,10,11,13,14,18
2015-10-24,08:00,5034,12,1,7,8,9,11,12,14,17,18,20
2015-10-24,09:00,5035,4,1,2,3,5,7,11,12,14,17,20
2015-10-24,10:00,5036,16,2,3,5,6,7,9,11,15,17,20
2015-10-24,11:00,5037,14,2,7,8,9,10,11,12,16,17,19
2015-10-24,12:00,5038,13,3,4,6,7,8,9,10,12,13,17
2015-10-24,13:00,5039,19,1,5,7,8,9,11,12,13,15,20
2015-10-24,14:00,5040,5,2,5,7,8,9,14,16,17,18,20
2015-10-24,15:00,5041,2,3,4,7,8,9,11,13,15,17,20
2015-10-24,16:00,5042,17,1,2,3,4,5,7,8,9,13,15
2015-10-24,17:00,5043,3,1,2,4,6,9,10,11,15,18,20
2015-10-24,18:00,5044,16,4,7,8,9,13,14,15,18,19,20
2015-10-24,19:00,5045,17,4,5,8,9,10,12,15,16,17,20
2015-10-24,20:00,5046,4,4,7,10,11,12,14,16,17,18,20
2015-10-24,21:00,5047,12,1,6,7,9,10,11,13,16,18,19
2015-10-24,22:00,5048,11,5,7,8,12,15,16,17,18,19,20
2015-10-24,23:00,5049,14,1,2,3,4,6,10,11,12,15,18
2015-10-25,07:00,5050,20,1,2,4,6,11,12,15,18,19,20
2015-10-25,08:00,5051,10,1,4,6,7,9,10,11,12,16,18
2015-10-25,09:00,5052,7,1,2,3,4,5,7,8,14,15,16
2015-10-25,10:00,5053,4,1,3,5,8,11,12,13,14,18,20
2015-10-25,11:00,5054,14,1,2,3,4,5,9,11,13,16,19
2015-10-25,12:00,5055,12,1,3,4,7,9,10,13,16,18,19
2015-10-25,13:00,5056,5,1,2,6,7,8,10,11,14,17,18
2015-10-25,14:00,5057,20,5,9,10,11,13,15,17,18,19,20
2015-10-25,15:00,5058,1,4,7,12,13,14,15,17,18,19,20
2015-10-25,16:00,5059,17,2,5,6,8,9,12,13,17,18,20
2015-10-25,17:00,5060,4,2,4,5,8,12,14,15,16,18,19
2015-10-25,18:00,5061,6,1,2,3,5,9,11,14,15,16,19
2015-10-25,19:00,5062,6,5,8,9,10,11,12,13,14,15,18
2015-10-25,20:00,5063,20,1,2,4,5,7,10,11,12,13,20
2015-10-25,21:00,5064,4,2,3,4,5,6,9,11,13,15,19
2015-10-25,22:00,5065,18,2,3,4,5,10,12,14,17,18,19
2015-10-25,23:00,5066,4,1,6,8,12,13,15,16,17,18,19
2015-10-26,07:00,5067,11,1,3,6,10,11,12,15,16,17,18
2015-10-26,08:00,5068,18,2,3,5,6,7,9,13,17,19,20
2015-10-26,09:00,5069,1,1,2,5,7,9,10,16,18,19,20
2015-10-26,10:00,5070,20,1,2,7,10,12,13,14,17,19,20
2015-10-26,11:00,5071,7,1,5,6,7,8,10,11,12,13,19
2015-10-26,12:00,5072,20,1,4,5,7,8,9,15,16,18,20
2015-10-26,13:00,5073,5,1,3,4,5,8,9,13,14,17,19
2015-10-26,14:00,5074,1,1,2,4,8,13,14,15,18,19,20
2015-10-26,15:00,5075,9,2,4,5,7,8,10,11,12,14,17
2015-10-26,16:00,5076,2,2,6,12,13,15,16,17,18,19,20
2015-10-26,17:00,5077,12,1,2,3,5,10,12,14,15,16,19
2015-10-26,18:00,5078,8,3,6,8,9,10,12,14,17,18,19
2015-10-26,19:00,5079,20,2,4,6,11,13,15,16,17,18,19
2015-10-26,20:00,5080,15,1,6,8,11,13,14,16,17,19,20
2015-10-26,21:00,5081,3,1,3,9,10,11,14,16,18,19,20
2015-10-26,22:00,5082,5,1,3,4,7,9,11,12,15,16,18
2015-10-26,23:00,5083,3,3,4,6,8,10,15,16,17,18,20
2015-10-27,07:00,5084,14,2,5,6,7,9,11,12,14,15,19
2015-10-27,08:00,5085,8,2,3,4,6,7,10,13,14,19,20
2015-10-27,09:00,5086,2,2,4,9,10,11,13,15,17,18,19
2015-10-27,10:00,5087,7,2,4,5,7,8,11,12,13,16,18
2015-10-27,11:00,5088,15,2,3,6,7,12,13,15,17,18,20
2015-10-27,12:00,5089,8,1,2,5,7,9,11,13,14,15,18
2015-10-27,13:00,5090,2,2,5,8,9,11,12,15,16,19,20
2015-10-27,14:00,5091,2,2,5,8,10,12,13,14,17,19,20
2015-10-27,15:00,5092,16,1,2,5,8,11,12,13,14,16,17
2015-10-27,16:00,5093,8,1,3,5,7,10,11,12,18,19,20
2015-10-27,17:00,5094,19,2,3,6,7,9,13,14,16,19,20
2015-10-27,18:00,5095,12,3,7,9,11,12,13,14,16,17,18
2015-10-27,19:00,5096,7,8,9,10,12,13,14,16,17,18,20
2015-10-27,20:00,5097,9,1,4,5,7,10,11,13,14,16,17
2015-10-27,21:00,5098,18,2,3,4,6,8,9,10,12,13,19
2015-10-27,22:00,5099,18,4,5,7,8,9,14,15,17,18,19
2015-10-27,23:00,5100,4,1,2,4,5,10,11,12,16,17,20
2015-10-28,07:00,5101,7,2,4,6,11,12,14,16,18,19,20
2015-10-28,08:00,5102,20,2,5,6,7,9,10,11,13,15,16
2015-10-28,09:00,5103,12,1,3,6,9,14,15,16,17,18,19
2015-10-28,10:00,5104,20,1,2,5,6,7,8,11,15,16,18
2015-10-28,11:00,5105,6,3,4,5,6,8,10,11,13,14,18
2015-10-28,12:00,5106,10,4,5,6,8,11,12,13,17,19,20
2015-10-28,13:00,5107,3,3,4,5,7,8,11,12,13,18,20
2015-10-28,14:00,5108,11,2,3,4,8,11,13,15,17,18,19
2015-10-28,15:00,5109,13,1,2,5,6,10,13,14,16,18,19
2015-10-28,16:00,5110,5,1,3,4,9,10,11,13,15,18,20
2015-10-28,17:00,5111,20,2,3,7,8,9,13,15,16,17,18
2015-10-28,18:00,5112,18,5,6,7,10,11,12,15,16,17,18
2015-10-28,19:00,5113,10,3,4,6,7,8,10,11,16,19,20
2015-10-28,20:00,5114,3,2,3,4,5,6,7,12,13,14,19
2015-10-28,21:00,5115,19,1,2,3,6,8,10,11,13,14,19
2015-10-28,22:00,5116,16,1,4,6,9,10,11,12,15,17,20
2015-10-28,23:00,5117,5,1,7,8,11,12,13,14,16,17,18
2015-10-29,07:00,5118,10,2,3,4,6,7,8,10,11,15,19
2015-10-29,08:00,5119,5,3,7,8,9,13,14,16,17,19,20
2015-10-29,09:00,5120,4,1,3,7,8,9,10,13,15,17,18
2015-10-29,10:00,5121,3,2,4,5,8,9,10,11,12,15,16
2015-10-29,11:00,5122,9,1,2,5,6,7,9,11,13,14,17
2015-10-29,12:00,5123,13,1,3,6,7,10,12,13,14,17,18
2015-10-29,13:00,5124,10,1,2,6,7,8,11,14,16,18,20
2015-10-29,14:00,5125,12,1,4,5,6,7,9,10,12,13,14
2015-10-29,15:00,5126,4,2,3,5,10,13,15,16,17,18,19
2015-10-29,16:00,5127,16,1,6,7,8,10,13,14,17,18,20
2015-10-29,17:00,5128,2,2,3,5,8,9,13,14,16,17,20
2015-10-29,18:00,5129,19,3,4,5,7,8,9,10,12,15,16
2015-10-29,19:00,5130,6,3,4,7,8,10,13,16,17,18,19
2015-10-29,20:00,5131,11,1,2,6,9,11,13,15,16,18,20
2015-10-29,21:00,5132,14,1,5,6,9,11,15,17,18,19,20
2015-10-29,22:00,5133,20,2,3,4,5,7,8,9,10,12,19
2015-10-29,23:00,5134,20,2,5,7,9,12,14,15,16,17,19
2015-10-30,07:00,5135,12,2,8,10,11,12,13,15,16,17,18
2015-10-30,08:00,5136,20,1,5,6,8,9,10,11,12,17,18
2015-10-30,09:00,5137,15,3,4,5,8,9,10,11,12,18,20
2015-10-30,10:00,5138,20,4,5,6,9,11,12,13,14,15,17
2015-10-30,11:00,5139,7,1,2,3,4,6,7,12,14,15,20
2015-10-30,12:00,5140,1,3,7,8,9,11,12,13,14,16,18
2015-10-30,13:00,5141,8,2,4,5,6,8,9,11,14,15,19
2015-10-30,14:00,5142,14,2,5,6,7,8,9,12,14,17,20
2015-10-30,15:00,5143,15,2,5,7,8,11,12,15,16,18,20
2015-10-30,16:00,5144,7,2,5,6,7,11,12,14,15,16,20
2015-10-30,17:00,5145,9,4,7,8,10,11,13,14,17,18,19
2015-10-30,18:00,5146,3,1,2,5,6,7,9,10,12,13,14
2015-10-30,19:00,5147,6,1,4,5,6,7,12,14,15,16,20
2015-10-30,20:00,5148,9,1,2,4,5,8,11,12,15,19,20
2015-10-30,21:00,5149,16,1,7,9,11,12,13,15,17,18,19
2015-10-30,22:00,5150,10,2,3,4,7,9,11,12,13,15,16
2015-10-30,23:00,5151,15,5,6,7,9,13,15,16,17,18,19
2015-10-31,07:00,5152,10,3,4,5,6,8,9,10,11,17,19
2015-10-31,08:00,5153,8,1,4,7,8,9,11,14,16,18,20
2015-10-31,09:00,5154,9,2,3,4,5,10,12,13,14,15,17
2015-10-31,10:00,5155,2,3,4,7,8,10,11,12,14,16,18
2015-10-31,11:00,5156,12,2,5,6,7,8,13,14,15,18,20
2015-10-31,12:00,5157,1,1,6,7,8,9,10,11,16,19,20
2015-10-31,13:00,5158,8,1,7,8,11,14,15,16,18,19,20
2015-10-31,14:00,5159,7,1,2,3,5,7,9,11,15,16,19
2015-10-31,15:00,5160,6,1,2,3,4,9,11,13,16,17,20
2015-10-31,16:00,5161,10,1,2,4,7,9,14,15,17,19,20
2015-10-31,17:00,5162,18,1,5,6,7,8,13,15,16,18,20
2015-10-31,18:00,5163,18,1,2,4,7,9,12,13,14,15,17
2015-10-31,19:00,5164,3,1,3,6,7,8,10,13,14,16,17
2015-10-31,20:00,5165,10,2,3,5,6,9,11,15,17,18,19
2015-10-31,21:00,5166,12,1,4,5,6,7,8,10,13,14,16
2015-10-31,22:00,5167,19,1,2,7,8,9,11,12,16,19,20
2015-10-31,23:00,5168,7,2,3,4,5,6,7,13,14,16,18
2015-11-01,07:00,5169,1,1,2,3,4,7,9,10,14,15,17
2015-11-01,08:00,5170,15,1,4,6,7,10,11,14,17,18,20
2015-11-01,09:00,5171,2,2,5,7,8,10,15,17,18,19,20
2015-11-01,10:00,5172,12,1,6,8,10,11,13,15,17,18,19
2015-11-01,11:00,5173,13,1,2,4,5,7,8,11,12,15,17
2015-11-01,12:00,5174,3,1,2,5,7,8,10,11,15,19,20
2015-11-01,13:00,5175,12,2,4,5,6,11,13,15,16,18,19
2015-11-01,14:00,5176,16,1,3,5,6,7,9,10,15,17,18
2015-11-01,15:00,5177,10,1,2,7,8,9,11,12,13,18,19
2015-11-01,16:00,5178,1,1,2,3,5,9,10,13,17,18,20
2015-11-01,17:00,5179,11,1,3,5,6,11,12,13,15,17,19
2015-11-01,18:00,5180,7,1,2,3,4,6,9,14,16,19,20
2015-11-01,19:00,5181,3,6,7,9,10,11,15,16,17,18,19
2015-11-01,20:00,5182,17,2,4,5,6,8,9,10,12,17,18
2015-11-01,21:00,5183,18,2,3,4,8,10,13,14,15,16,17
2015-11-01,22:00,5184,5,5,8,9,13,15,16,17,18,19,20
2015-11-01,23:00,5185,15,5,6,7,8,10,11,15,16,17,19
2015-11-02,07:00,5186,14,4,5,6,9,10,13,15,16,17,18
2015-11-02,08:00,5187,5,1,4,5,6,7,12,16,17,19,20
2015-11-02,09:00,5188,8,2,3,5,7,8,11,14,15,18,19
2015-11-02,10:00,5189,12,2,4,6,10,12,14,15,16,17,20
2015-11-02,11:00,5190,13,1,6,7,11,12,15,16,17,19,20
2015-11-02,12:00,5191,2,3,7,9,10,11,15,16,17,18,20
2015-11-02,13:00,5192,1,1,6,7,8,10,11,13,16,19,20
2015-11-02,14:00,5193,3,1,6,7,8,10,13,14,18,19,20
2015-11-02,15:00,5194,19,1,2,3,6,8,10,13,16,17,20
2015-11-02,16:00,5195,4,2,4,5,8,9,10,12,15,16,19
2015-11-02,17:00,5196,14,1,2,3,4,8,10,13,15,18,19
2015-11-02,18:00,5197,17,4,7,9,11,12,15,17,18,19,20
2015-11-02,19:00,5198,2,4,5,8,11,12,14,16,18,19,20
2015-11-02,20:00,5199,4,1,2,3,4,5,6,10,12,13,15
2015-11-02,21:00,5200,15,4,5,7,8,10,12,13,15,17,20
2015-11-02,22:00,5201,1,8,9,10,11,13,15,17,18,19,20
2015-11-02,23:00,5202,6,3,6,8,9,10,11,12,13,17,18
2015-11-03,07:00,5203,2,1,6,7,9,10,14,15,17,18,20
2015-11-03,08:00,5204,20,3,4,6,7,8,10,11,13,15,20
2015-11-03,09:00,5205,20,1,2,5,6,7,8,12,13,14,20
2015-11-03,10:00,5206,11,1,3,6,7,9,12,13,14,16,20
2015-11-03,11:00,5207,10,1,4,6,7,8,9,11,15,16,17
2015-11-03,12:00,5208,8,1,2,3,4,6,7,16,17,18,19
2015-11-03,13:00,5209,2,1,7,8,9,11,12,13,14,16,17
2015-11-03,14:00,5210,11,2,3,4,7,8,10,11,14,16,18
2015-11-03,15:00,5211,1,1,3,4,6,9,11,12,14,15,17
2015-11-03,16:00,5212,10,5,6,7,8,10,11,16,17,18,19
2015-11-03,17:00,5213,14,2,3,5,6,8,10,12,14,17,18
2015-11-03,18:00,5214,5,1,2,5,7,8,9,11,15,17,20
2015-11-03,19:00,5215,13,3,5,6,7,8,10,13,17,19,20
2015-11-03,20:00,5216,5,1,2,5,8,12,13,14,15,17,20
2015-11-03,21:00,5217,20,1,4,7,10,12,14,15,17,18,20
2015-11-03,22:00,5218,7,1,2,3,4,5,7,8,10,14,15
2015-11-03,23:00,5219,18,1,4,5,8,9,10,11,12,16,17
2015-11-04,07:00,5220,12,1,2,6,7,9,11,14,18,19,20
2015-11-04,08:00,5221,17,1,4,6,7,8,11,12,14,16,18
2015-11-04,09:00,5222,20,3,4,7,8,9,12,13,16,19,20
2015-11-04,10:00,5223,5,4,5,9,10,12,13,14,15,16,19
2015-11-04,11:00,5224,18,1,2,5,6,7,9,13,14,16,20
2015-11-04,12:00,5225,19,2,3,4,7,8,9,13,16,17,18
2015-11-04,13:00,5226,1,4,8,9,10,12,13,15,17,18,19
2015-11-04,14:00,5227,8,2,3,4,6,7,10,11,17,18,19
2015-11-04,15:00,5228,11,2,3,8,10,13,14,16,18,19,20
2015-11-04,16:00,5229,10,1,4,6,7,8,9,11,13,16,17
2015-11-04,17:00,5230,4,1,2,6,7,8,9,13,18,19,20
2015-11-04,18:00,5231,6,1,2,9,10,11,14,15,17,18,19
2015-11-04,19:00,5232,9,1,2,3,4,11,12,14,15,18,19
2015-11-04,20:00,5233,11,2,3,4,5,8,9,10,16,19,20
2015-11-04,21:00,5234,19,1,2,3,12,15,16,17,18,19,20
2015-11-04,22:00,5235,3,1,6,7,8,9,10,13,15,16,17
2015-11-04,23:00,5236,16,3,6,7,10,11,13,15,18,19,20
2015-11-05,07:00,5237,11,4,8,10,12,13,14,15,16,18,19
2015-11-05,08:00,5238,3,2,5,6,7,8,12,13,17,19,20
2015-11-05,09:00,5239,15,2,3,4,5,6,11,12,13,15,17
2015-11-05,10:00,5240,12,1,2,4,6,9,12,13,14,15,16
2015-11-05,11:00,5241,15,4,7,8,9,10,12,15,16,17,20
2015-11-05,12:00,5242,19,1,2,4,8,10,13,14,15,17,18
2015-11-05,13:00,5243,7,1,3,4,5,6,8,9,14,19,20
2015-11-05,14:00,5244,19,2,3,8,11,12,13,14,15,16,17
2015-11-05,15:00,5245,1,1,3,4,6,8,10,13,14,19,20
2015-11-05,16:00,5246,9,1,2,3,4,5,6,8,9,10,15
2015-11-05,17:00,5247,17,1,7,8,10,13,14,15,16,18,20
2015-11-05,18:00,5248,20,2,3,5,6,7,12,14,15,17,20
2015-11-05,19:00,5249,11,1,5,6,10,12,13,14,15,16,18
2015-11-05,20:00,5250,7,1,2,6,8,9,13,14,15,17,19
2015-11-05,21:00,5251,15,1,2,6,7,9,12,14,18,19,20
2015-11-05,22:00,5252,6,1,3,4,7,8,10,13,16,18,19
2015-11-05,23:00,5253,19,2,3,5,6,8,16,17,18,19,20
2015-11-06,07:00,5254,4,2,6,7,9,12,14,16,18,19,20
2015-11-06,08:00,5255,11,3,6,8,10,11,14,15,16,19,20
2015-11-06,09:00,5256,10,2,3,5,6,8,9,13,16,18,19
2015-11-06,10:00,5257,12,2,4,8,10,11,13,14,15,18,19
2015-11-06,11:00,5258,19,1,4,6,8,9,13,14,16,17,19
2015-11-06,12:00,5259,4,1,4,5,6,9,10,15,16,19,20
2015-11-06,13:00,5260,8,2,4,5,7,10,11,12,14,15,19
2015-11-06,14:00,5261,20,5,7,9,11,12,13,14,15,17,18
2015-11-06,15:00,5262,3,1,4,5,6,10,12,15,17,18,20
2015-11-06,16:00,5263,6,3,5,6,8,10,12,14,16,18,20
2015-11-06,17:00,5264,12,1,2,6,9,10,12,13,18,19,20
2015-11-06,18:00,5265,9,2,3,4,5,9,10,12,16,17,18
2015-11-06,19:00,5266,1,3,4,6,10,11,12,16,17,18,20
2015-11-06,20:00,5267,18,2,3,5,7,8,10,12,15,18,20
2015-11-06,21:00,5268,18,1,2,3,5,6,7,8,10,14,20
2015-11-06,22:00,5269,2,1,3,6,10,11,13,14,17,18,20
2015-11-06,23:00,5270,20,1,5,7,8,9,10,15,18,19,20
2015-11-07,07:00,5271,10,1,3,7,9,11,16,17,18,19,20
2015-11-07,08:00,5272,4,1,4,5,7,8,10,11,13,16,17
2015-11-07,09:00,5273,13,6,8,9,10,11,12,14,16,17,20
2015-11-07,10:00,5274,12,5,6,7,9,12,14,15,17,18,20
2015-11-07,11:00,5275,6,1,2,6,7,9,11,14,16,17,20
2015-11-07,12:00,5276,14,1,2,3,5,6,11,12,14,16,19
2015-11-07,13:00,5277,16,3,4,5,6,11,12,15,17,18,20
2015-11-07,14:00,5278,18,1,2,3,4,9,14,15,16,17,18
2015-11-07,15:00,5279,8,2,3,5,7,8,10,11,12,16,20
2015-11-07,16:00,5280,20,4,7,8,9,11,12,13,14,16,20
2015-11-07,17:00,5281,15,1,2,3,5,6,7,10,11,16,20
2015-11-07,18:00,5282,8,1,3,6,9,10,11,14,15,19,20
2015-11-07,19:00,5283,1,1,3,4,8,9,11,13,15,16,19
2015-11-07,20:00,5284,16,1,2,7,8,9,11,12,17,18,19
2015-11-07,21:00,5285,2,1,5,6,8,10,11,13,15,16,18
2015-11-07,22:00,5286,14,2,3,4,5,7,11,12,13,14,20
2015-11-07,23:00,5287,20,1,2,3,4,6,11,15,17,18,20
2015-11-08,07:00,5288,11,2,3,5,11,12,13,14,16,17,20
2015-11-08,08:00,5289,1,4,11,12,13,15,16,17,18,19,20
2015-11-08,09:00,5290,4,1,2,6,9,10,13,15,16,17,18
2015-11-08,10:00,5291,3,3,4,5,7,11,12,13,15,18,19
2015-11-08,11:00,5292,5,2,4,6,7,9,13,14,15,16,20
2015-11-08,12:00,5293,10,2,3,6,8,9,13,14,16,18,20
2015-11-08,13:00,5294,15,1,3,4,6,9,10,12,14,17,18
2015-11-08,14:00,5295,11,1,3,4,6,7,9,10,13,18,20
2015-11-08,15:00,5296,4,1,2,3,4,5,14,16,18,19,20
2015-11-08,16:00,5297,5,1,3,5,10,11,12,14,15,17,20
2015-11-08,17:00,5298,6,1,2,3,6,7,9,11,15,18,19
2015-11-08,18:00,5299,14,1,3,5,7,8,9,10,15,19,20
2015-11-08,19:00,5300,3,1,2,4,5,8,9,11,12,13,20
2015-11-08,20:00,5301,20,1,3,5,8,9,11,14,15,16,17
2015-11-08,21:00,5302,3,3,4,5,6,9,11,16,17,19,20
2015-11-08,22:00,5303,2,1,5,7,8,10,11,13,15,17,20
2015-11-08,23:00,5304,14,1,3,4,5,6,9,10,14,15,20
2015-11-09,07:00,5305,8,4,5,6,8,10,11,13,14,15,17
2015-11-09,08:00,5306,4,1,2,3,8,9,11,12,15,16,17
2015-11-09,09:00,5307,18,3,4,5,6,8,11,12,14,15,19
2015-11-09,10:00,5308,15,1,4,5,6,8,10,11,13,14,16
2015-11-09,11:00,5309,10,1,2,4,6,8,10,13,14,15,18
2015-11-09,12:00,5310,2,2,3,6,7,9,11,13,14,17,19
2015-11-09,13:00,5311,18,1,3,5,6,7,10,12,14,16,20
2015-11-09,14:00,5312,10,1,2,3,5,6,7,10,14,15,20
2015-11-09,15:00,5313,20,2,3,7,8,9,13,14,17,19,20
2015-11-09,16:00,5314,9,4,6,7,8,9,12,15,17,18,19
2015-11-09,17:00,5315,2,2,3,5,7,11,12,13,16,18,20
2015-11-09,18:00,5316,19,4,6,10,11,12,13,14,17,18,19
2015-11-09,19:00,5317,11,2,4,5,6,9,11,14,16,17,19
2015-11-09,20:00,5318,10,1,2,4,5,6,9,11,13,15,18
2015-11-09,21:00,5319,3,4,5,8,9,10,12,13,14,18,19
2015-11-09,22:00,5320,15,2,3,5,6,7,8,10,12,17,19
2015-11-09,23:00,5321,20,2,7,8,12,13,15,16,17,18,19
2015-11-10,07:00,5322,10,1,3,4,5,7,9,10,13,18,20
2015-11-10,08:00,5323,11,1,4,5,8,11,12,15,16,19,20
2015-11-10,09:00,5324,2,3,5,6,7,11,13,14,18,19,20
2015-11-10,10:00,5325,19,1,4,5,6,8,13,16,17,18,19
2015-11-10,11:00,5326,11,1,6,7,9,10,13,14,16,18,19
2015-11-10,12:00,5327,13,1,6,7,8,10,11,12,13,15,19
2015-11-10,13:00,5328,19,2,4,5,8,10,12,13,16,17,18
2015-11-10,14:00,5329,18,1,3,5,7,9,12,13,14,18,20
2015-11-10,15:00,5330,14,2,6,7,9,10,11,14,15,17,20
2015-11-10,16:00,5331,11,1,3,5,6,7,12,13,16,17,20
2015-11-10,17:00,5332,20,2,5,6,8,9,12,13,15,16,19
2015-11-10,18:00,5333,15,1,2,5,9,11,12,14,18,19,20
2015-11-10,19:00,5334,16,1,2,4,5,6,12,13,14,17,20
2015-11-10,20:00,5335,14,1,3,5,10,11,12,13,16,17,19
2015-11-10,21:00,5336,3,2,4,5,6,7,9,13,14,17,19
2015-11-10,22:00,5337,16,2,8,9,10,11,14,15,16,17,18
2015-11-10,23:00,5338,10,3,4,5,6,10,13,16,18,19,20
2015-11-11,07:00,5339,18,1,4,7,8,9,13,14,17,18,19
2015-11-11,08:00,5340,5,2,4,5,6,8,9,12,13,16,19
2015-11-11,09:00,5341,3,1,2,3,5,6,8,9,10,11,16
2015-11-11,10:00,5342,1,2,3,4,10,11,13,14,16,18,19
2015-11-11,11:00,5343,12,2,4,5,7,9,11,14,15,18,19
2015-11-11,12:00,5344,3,1,2,5,6,7,10,12,14,18,20
2015-11-11,13:00,5345,4,3,4,5,7,8,9,10,14,19,20
2015-11-11,14:00,5346,5,4,5,6,7,8,9,10,13,18,19
2015-11-11,15:00,5347,5,1,6,8,9,12,14,15,16,17,18
2015-11-11,16:00,5348,12,2,4,5,7,11,13,15,16,18,20
2015-11-11,17:00,5349,6,2,3,4,5,6,9,12,13,14,20
2015-11-11,18:00,5350,6,1,2,5,11,12,13,14,15,18,19
2015-11-11,19:00,5351,9,1,3,6,7,13,14,15,16,17,18
2015-11-11,20:00,5352,2,3,4,5,8,9,10,11,13,14,15
2015-11-11,21:00,5353,18,2,3,5,7,10,11,14,16,17,20
2015-11-11,22:00,5354,3,1,4,7,8,9,11,14,15,17,18
2015-11-11,23:00,5355,2,1,5,6,7,8,9,10,11,13,20
2015-11-12,07:00,5356,11,5,8,9,10,12,13,16,17,19,20
2015-11-12,08:00,5357,11,1,3,4,7,8,12,16,17,19,20
2015-11-12,09:00,5358,9,1,3,6,9,11,13,14,15,17,20
2015-11-12,10:00,5359,7,1,4,5,6,8,11,13,15,19,20
2015-11-12,11:00,5360,14,1,3,6,7,10,11,12,13,15,19
2015-11-12,12:00,5361,14,1,4,5,8,12,13,14,15,16,19
2015-11-12,13:00,5362,14,2,3,5,6,8,9,10,11,17,18
2015-11-12,14:00,5363,6,2,4,10,11,12,13,14,15,16,18
2015-11-12,15:00,5364,12,2,4,6,8,9,13,14,15,16,19
2015-11-12,16:00,5365,6,3,4,6,9,10,11,13,16,18,19
2015-11-12,17:00,5366,14,1,3,4,5,8,14,15,16,18,20
2015-11-12,18:00,5367,13,1,2,6,9,10,11,13,17,18,20
2015-11-12,19:00,5368,7,1,2,5,9,12,13,16,17,18,19
2015-11-12,20:00,5369,10,1,4,6,8,9,10,11,12,14,18
2015-11-12,21:00,5370,2,1,3,7,10,11,13,15,16,17,18
2015-11-12,22:00,5371,11,1,3,4,6,10,12,15,16,19,20
2015-11-12,23:00,5372,18,2,3,5,6,8,13,14,15,18,20
2015-11-13,07:00,5373,7,2,3,4,7,9,12,13,14,16,18
2015-11-13,08:00,5374,15,3,6,9,11,12,13,14,17,18,19
2015-11-13,09:00,5375,12,1,2,3,4,5,9,10,13,17,19
2015-11-13,10:00,5376,19,1,2,5,6,7,8,9,13,14,18
2015-11-13,11:00,5377,7,1,2,6,8,9,13,17,18,19,20
2015-11-13,12:00,5378,11,1,2,3,4,5,7,11,12,18,19
2015-11-13,13:00,5379,2,1,3,7,8,9,10,11,12,15,18
2015-11-13,14:00,5380,13,1,2,5,7,9,10,14,16,17,18
2015-11-13,15:00,5381,15,1,3,5,6,9,10,13,14,15,16
2015-11-13,16:00,5382,4,3,8,9,10,12,13,17,18,19,20
2015-11-13,17:00,5383,14,2,5,7,8,12,14,16,17,19,20
2015-11-13,18:00,5384,6,1,2,5,7,8,11,12,14,17,18
2015-11-13,19:00,5385,15,1,3,6,7,11,12,13,14,15,18
2015-11-13,20:00,5386,13,3,4,5,7,8,9,10,11,12,14
2015-11-13,21:00,5387,10,1,2,4,7,8,9,12,13,18,20
2015-11-13,22:00,5388,2,4,6,7,9,11,15,16,17,18,19
2015-11-13,23:00,5389,13,1,2,3,5,9,12,14,15,17,20
2015-11-14,07:00,5390,16,1,3,4,5,6,7,8,16,17,20
2015-11-14,08:00,5391,1,2,4,7,8,12,13,14,18,19,20
2015-11-14,09:00,5392,3,3,5,7,8,10,11,15,16,17,20
2015-11-14,10:00,5393,19,4,6,7,12,14,15,16,17,18,20
2015-11-14,11:00,5394,15,1,2,4,5,6,9,11,12,15,18
2015-11-14,12:00,5395,12,2,4,6,7,10,12,15,16,18,20
2015-11-14,13:00,5396,14,2,3,4,5,8,12,14,16,17,19
2015-11-14,14:00,5397,6,1,5,8,11,13,14,15,17,18,20
2015-11-14,15:00,5398,1,1,4,5,6,11,12,13,15,19,20
2015-11-14,16:00,5399,12,1,2,3,5,7,11,16,17,18,19
2015-11-14,17:00,5400,4,1,2,3,5,11,12,14,16,18,20
2015-11-14,18:00,5401,1,1,2,3,5,6,13,15,16,18,19
2015-11-14,19:00,5402,16,1,2,4,5,7,11,12,14,15,20
2015-11-14,20:00,5403,1,1,3,4,5,7,8,12,15,17,19
2015-11-14,21:00,5404,16,2,5,7,8,10,13,14,16,18,19
2015-11-14,22:00,5405,15,3,4,5,8,9,11,12,14,16,17
2015-11-14,23:00,5406,17,3,6,8,10,11,12,13,15,16,19
2015-11-15,07:00,5407,16,4,7,10,11,13,14,15,16,17,19
2015-11-15,08:00,5408,20,1,2,5,10,11,12,14,15,16,18
2015-11-15,09:00,5409,17,1,4,5,6,8,9,10,12,14,20
2015-11-15,10:00,5410,1,4,5,9,10,11,14,15,16,17,20
2015-11-15,11:00,5411,19,1,2,5,7,8,12,17,18,19,20
2015-11-15,12:00,5412,2,1,2,3,7,8,11,13,15,17,18
2015-11-15,13:00,5413,5,4,5,6,7,8,11,13,17,18,19
2015-11-15,14:00,5414,16,2,4,8,9,10,12,13,14,15,19
2015-11-15,15:00,5415,17,1,3,6,13,14,15,16,17,18,20
2015-11-15,16:00,5416,9,5,6,9,11,14,16,17,18,19,20
2015-11-15,17:00,5417,13,4,5,8,9,10,13,14,15,19,20
2015-11-15,18:00,5418,5,2,3,4,6,9,11,16,18,19,20
2015-11-15,19:00,5419,2,1,2,4,7,9,12,14,16,17,20
2015-11-15,20:00,5420,20,1,2,3,4,7,9,12,13,18,19
2015-11-15,21:00,5421,18,1,2,3,6,7,10,12,15,16,19
2015-11-15,22:00,5422,1,2,3,5,6,7,8,14,17,18,19
2015-11-15,23:00,5423,16,1,2,4,5,7,9,14,17,19,20
2015-11-16,07:00,5424,8,1,2,3,4,5,6,9,11,12,20
2015-11-16,08:00,5425,12,6,8,10,12,13,14,16,17,19,20
2015-11-16,09:00,5426,15,1,4,8,9,11,12,13,14,17,20
2015-11-16,10:00,5427,3,2,4,7,10,12,13,14,16,17,19
2015-11-16,11:00,5428,18,1,2,4,7,9,11,12,16,18,20
2015-11-16,12:00,5429,13,1,3,6,8,9,11,12,13,17,18
2015-11-16,13:00,5430,17,2,3,4,5,9,12,14,16,18,19
2015-11-16,14:00,5431,12,1,2,6,7,15,16,17,18,19,20
2015-11-16,15:00,5432,5,2,3,4,9,10,12,14,15,16,17
2015-11-16,16:00,5433,13,1,2,9,12,13,14,15,16,18,20
2015-11-16,17:00,5434,5,1,4,8,11,13,14,15,18,19,20
2015-11-16,18:00,5435,4,3,4,5,6,7,9,11,13,14,17
2015-11-16,19:00,5436,12,3,4,6,8,12,13,14,15,17,18
2015-11-16,20:00,5437,19,2,3,4,9,13,14,15,17,19,20
2015-11-16,21:00,5438,6,1,2,4,5,8,11,12,13,16,19
2015-11-16,22:00,5439,11,1,2,4,5,10,11,12,13,17,20
2015-11-16,23:00,5440,13,1,5,6,8,10,13,15,16,19,20
2015-11-17,07:00,5441,14,2,4,6,8,10,11,12,14,18,19
2015-11-17,08:00,5442,19,5,8,9,10,12,13,15,17,19,20
2015-11-17,09:00,5443,13,3,4,5,6,7,10,13,16,17,19
2015-11-17,10:00,5444,15,2,3,5,7,8,10,12,13,17,20
2015-11-17,11:00,5445,20,3,7,8,10,11,14,15,16,18,19
2015-11-17,12:00,5446,19,1,2,5,7,8,11,15,18,19,20
2015-11-17,13:00,5447,3,1,2,4,5,7,8,12,14,18,19
2015-11-17,14:00,5448,1,1,2,3,4,6,7,9,10,14,19
2015-11-17,15:00,5449,3,1,2,4,6,10,11,12,13,14,19
2015-11-17,16:00,5450,18,1,2,4,8,12,14,15,16,18,19
2015-11-17,17:00,5451,13,2,3,4,5,7,10,15,16,18,20
2015-11-17,18:00,5452,3,6,8,11,12,13,15,16,17,18,20
2015-11-17,19:00,5453,20,2,4,5,6,8,9,10,12,16,19
2015-11-17,20:00,5454,18,1,2,6,7,8,9,11,15,17,19
2015-11-17,21:00,5455,14,1,4,6,11,13,14,15,16,17,20
2015-11-17,22:00,5456,1,1,5,7,9,10,11,13,15,18,19
2015-11-17,23:00,5457,9,1,3,5,9,12,13,14,15,16,18
2015-11-18,07:00,5458,1,1,2,3,8,9,12,13,16,19,20
2015-11-18,08:00,5459,18,2,3,7,8,9,10,13,16,17,20
2015-11-18,09:00,5460,5,3,6,7,9,10,11,13,17,18,20
2015-11-18,10:00,5461,11,1,4,5,11,13,14,15,16,18,20
2015-11-18,11:00,5462,8,1,3,4,8,9,14,15,17,19,20
2015-11-18,12:00,5463,3,3,4,8,11,12,13,14,16,17,19
2015-11-18,13:00,5464,16,1,4,5,7,9,11,13,17,18,19
2015-11-18,14:00,5465,19,1,2,3,5,6,7,12,14,16,20
2015-11-18,15:00,5466,1,2,4,6,7,8,9,12,13,14,15
2015-11-18,16:00,5467,5,2,5,6,7,11,12,15,16,17,19
2015-11-18,17:00,5468,10,2,4,7,10,11,14,15,16,17,19
2015-11-18,18:00,5469,7,2,3,5,7,9,10,13,14,15,18
2015-11-18,19:00,5470,6,3,4,8,9,11,12,13,15,16,17
2015-11-18,20:00,5471,15,1,3,7,8,11,14,16,17,18,19
2015-11-18,21:00,5472,12,3,5,6,7,8,9,16,17,18,20
2015-11-18,22:00,5473,14,5,6,8,9,11,12,13,17,18,19
2015-11-18,23:00,5474,8,6,8,10,11,13,14,15,17,19,20
2015-11-19,07:00,5475,11,2,3,4,6,10,11,13,16,18,19
2015-11-19,08:00,5476,6,1,2,3,6,7,10,11,12,15,16
2015-11-19,09:00,5477,11,2,4,5,8,9,10,14,15,17,18
2015-11-19,10:00,5478,11,2,7,8,9,10,12,14,16,18,20
2015-11-19,11:00,5479,12,1,2,4,5,7,9,10,13,16,17
2015-11-19,12:00,5480,16,2,3,5,6,8,10,14,16,18,19
2015-11-19,13:00,5481,18,2,3,4,8,9,10,13,16,17,18
2015-11-19,14:00,5482,8,1,4,7,9,13,14,15,16,18,20
2015-11-19,15:00,5483,5,1,2,4,6,7,8,11,12,18,19
2015-11-19,16:00,5484,9,2,4,9,10,11,12,13,16,18,19
2015-11-19,17:00,5485,20,1,2,3,4,5,7,8,17,18,20
2015-11-19,18:00,5486,16,1,2,3,10,12,14,15,16,17,19
2015-11-19,19:00,5487,2,2,4,8,11,13,14,17,18,19,20
2015-11-19,20:00,5488,4,1,4,8,10,11,14,16,17,19,20
2015-11-19,21:00,5489,4,1,2,4,6,10,12,14,15,19,20
2015-11-19,22:00,5490,14,1,2,5,9,10,11,13,14,16,19
2015-11-19,23:00,5491,6,2,4,5,8,9,10,11,13,15,16
2015-11-20,07:00,5492,17,3,4,5,6,10,13,14,18,19,20
2015-11-20,08:00,5493,16,5,6,8,10,11,12,13,14,15,16
2015-11-20,09:00,5494,9,2,4,5,8,10,11,12,14,15,16
2015-11-20,10:00,5495,1,1,2,3,6,7,15,16,17,18,19
2015-11-20,11:00,5496,11,1,2,4,5,8,9,11,12,18,20
2015-11-20,12:00,5497,11,1,6,7,11,12,13,15,16,17,18
2015-11-20,13:00,5498,7,3,7,9,11,12,13,14,16,19,20
2015-11-20,14:00,5499,6,1,4,5,6,9,11,12,16,19,20
2015-11-20,15:00,5500,20,1,2,4,5,6,7,8,11,13,15
2015-11-20,16:00,5501,15,4,5,6,8,13,15,16,17,18,19
2015-11-20,17:00,5502,17,3,8,9,10,12,14,15,17,18,19
2015-11-20,18:00,5503,10,3,6,9,11,12,13,14,15,16,18
2015-11-20,19:00,5504,3,1,3,5,6,11,12,16,17,19,20
2015-11-20,20:00,5505,19,1,2,8,9,11,12,13,14,15,16
2015-11-20,21:00,5506,16,4,5,8,9,10,12,15,16,17,19
2015-11-20,22:00,5507,14,4,6,7,8,9,10,11,14,16,19
2015-11-20,23:00,5508,20,1,5,7,8,9,10,14,17,18,19
2015-11-21,07:00,5509,3,2,4,5,8,9,10,13,14,16,18
2015-11-21,08:00,5510,19,4,5,7,9,10,11,14,15,18,20
2015-11-21,09:00,5511,12,3,4,5,8,9,10,15,18,19,20
2015-11-21,10:00,5512,19,2,3,4,10,11,12,13,16,17,20
2015-11-21,11:00,5513,8,1,2,4,7,9,10,14,18,19,20
2015-11-21,12:00,5514,1,1,3,4,8,9,11,12,13,15,18
2015-11-21,13:00,5515,17,1,2,3,7,9,10,13,15,18,19
2015-11-21,14:00,5516,14,1,2,5,7,8,9,11,13,14,20
2015-11-21,15:00,5517,5,3,7,8,11,12,14,15,16,17,19
2015-11-21,16:00,5518,11,1,2,3,4,7,10,12,16,17,18
2015-11-21,17:00,5519,3,5,6,8,9,10,11,13,14,15,19
2015-11-21,18:00,5520,15,2,4,6,9,10,11,13,15,16,18
2015-11-21,19:00,5521,15,1,6,7,9,10,11,13,14,16,18
2015-11-21,20:00,5522,6,2,3,5,11,13,14,15,17,18,20
2015-11-21,21:00,5523,1,1,2,3,4,11,12,14,17,18,19
2015-11-21,22:00,5524,4,2,3,8,11,13,15,17,18,19,20
2015-11-21,23:00,5525,17,2,4,7,10,12,14,15,16,17,19
2015-11-22,07:00,5526,12,1,2,5,8,9,11,16,18,19,20
2015-11-22,08:00,5527,13,2,3,5,6,8,12,13,14,17,20
2015-11-22,09:00,5528,14,2,4,9,10,11,12,14,15,17,20
2015-11-22,10:00,5529,13,4,7,9,11,12,15,17,18,19,20
2015-11-22,11:00,5530,16,3,5,7,9,11,12,13,14,18,19
2015-11-22,12:00,5531,12,2,6,7,9,13,15,16,18,19,20
2015-11-22,13:00,5532,17,1,2,5,6,7,9,14,17,18,19
2015-11-22,14:00,5533,19,2,3,6,8,10,11,17,18,19,20
2015-11-22,15:00,5534,19,1,4,6,8,9,11,14,15,18,20
2015-11-22,16:00,5535,6,1,5,7,9,11,12,13,15,17,18
2015-11-22,17:00,5536,20,1,5,6,7,8,10,14,17,18,20
2015-11-22,18:00,5537,19,3,7,9,10,11,12,14,16,18,19
2015-11-22,19:00,5538,13,1,4,7,8,9,10,12,15,17,19
2015-11-22,20:00,5539,11,2,3,8,9,11,14,15,16,18,19
2015-11-22,21:00,5540,13,4,5,6,7,8,9,13,15,19,20
2015-11-22,22:00,5541,10,1,2,3,4,6,10,14,15,17,20
2015-11-22,23:00,5542,1,3,5,6,8,13,14,15,16,19,20
2015-11-23,07:00,5543,12,1,2,4,5,6,10,15,16,18,19
2015-11-23,08:00,5544,18,1,2,4,5,13,15,17,18,19,20
2015-11-23,09:00,5545,9,1,2,5,6,8,9,10,16,17,18
2015-11-23,10:00,5546,15,2,3,4,7,8,10,11,16,18,19
2015-11-23,11:00,5547,14,1,3,8,11,13,14,15,16,18,19
2015-11-23,12:00,5548,5,3,4,8,9,14,15,16,18,19,20
2015-11-23,13:00,5549,12,1,3,4,5,9,11,12,13,14,18
2015-11-23,14:00,5550,9,1,2,3,4,5,10,14,15,18,19
2015-11-23,15:00,5551,15,2,5,9,10,13,14,15,16,19,20
2015-11-23,16:00,5552,13,1,2,3,6,7,8,9,12,17,18
2015-11-23,17:00,5553,8,2,3,5,6,10,11,16,17,19,20
2015-11-23,18:00,5554,9,1,2,4,5,6,10,13,15,16,20
2015-11-23,19:00,5555,4,4,7,9,11,12,13,16,17,19,20
2015-11-23,20:00,5556,16,3,4,5,7,8,10,15,18,19,20
2015-11-23,21:00,5557,19,2,4,5,9,10,12,13,15,17,18
2015-11-23,22:00,5558,16,1,2,3,7,8,10,12,13,15,18
2015-11-23,23:00,5559,14,2,4,7,10,14,15,16,18,19,20
2015-11-24,07:00,5560,14,3,4,8,9,10,13,14,17,19,20
2015-11-24,08:00,5561,19,1,3,4,5,8,12,13,16,18,20
2015-11-24,09:00,5562,9,2,4,7,10,12,13,16,17,18,19
2015-11-24,10:00,5563,1,4,6,8,10,12,13,14,17,18,19
2015-11-24,11:00,5564,10,1,3,9,11,12,13,14,15,16,20
2015-11-24,12:00,5565,20,2,3,5,7,10,12,13,14,16,20
2015-11-24,13:00,5566,8,1,7,8,10,12,13,16,17,19,20
2015-11-24,14:00,5567,11,1,2,4,5,7,12,14,15,16,18
2015-11-24,15:00,5568,18,1,4,5,6,7,11,12,13,14,17
2015-11-24,16:00,5569,6,1,5,6,7,8,11,13,14,15,20
2015-11-24,17:00,5570,17,1,2,4,5,8,11,12,14,19,20
2015-11-24,18:00,5571,4,3,5,6,7,8,9,11,14,15,16
2015-11-24,19:00,5572,2,1,6,9,10,11,12,13,17,18,19
2015-11-24,20:00,5573,5,2,4,6,8,11,13,14,16,17,20
2015-11-24,21:00,5574,12,1,3,7,8,10,11,12,13,16,18
2015-11-24,22:00,5575,13,1,4,5,8,12,15,16,17,19,20
2015-11-24,23:00,5576,7,2,3,5,7,8,10,11,14,16,18
2015-11-25,07:00,5577,14,3,4,6,7,8,9,13,16,17,19
2015-11-25,08:00,5578,14,1,2,3,4,6,8,9,12,13,20
2015-11-25,09:00,5579,6,1,2,9,11,12,13,14,16,19,20
2015-11-25,10:00,5580,13,2,4,5,9,10,11,12,14,17,18
2015-11-25,11:00,5581,3,2,3,5,8,9,10,12,14,16,20
2015-11-25,12:00,5582,14,1,2,3,4,8,12,13,17,18,20
2015-11-25,13:00,5583,20,1,3,10,12,13,14,15,17,18,20
2015-11-25,14:00,5584,1,1,4,6,9,11,13,15,16,19,20
2015-11-25,15:00,5585,7,3,6,8,11,14,15,16,17,18,19
2015-11-25,16:00,5586,14,3,4,7,11,12,13,14,16,18,20
2015-11-25,17:00,5587,11,1,2,7,8,9,13,15,17,19,20
2015-11-25,18:00,5588,5,2,4,5,7,9,10,13,15,17,19
2015-11-25,19:00,5589,4,1,5,6,9,11,13,14,15,19,20
2015-11-25,20:00,5590,5,4,5,6,10,11,12,15,17,18,20
2015-11-25,21:00,5591,13,1,3,4,5,7,10,13,17,18,20
2015-11-25,22:00,5592,14,1,2,3,5,6,7,11,13,14,17
2015-11-25,23:00,5593,1,4,5,9,10,11,12,13,15,18,19
2015-11-26,07:00,5594,3,2,5,6,7,11,12,17,18,19,20
2015-11-26,08:00,5595,17,2,3,6,7,9,13,15,16,17,20
2015-11-26,09:00,5596,11,3,4,5,6,8,10,11,15,17,19
2015-11-26,10:00,5597,20,5,6,7,11,13,15,16,17,18,19
2015-11-26,11:00,5598,11,1,2,6,7,8,10,11,16,17,20
2015-11-26,12:00,5599,20,3,5,6,8,11,12,13,16,18,19
2015-11-26,13:00,5600,11,1,3,4,6,7,12,14,16,18,19
2015-11-26,14:00,5601,18,1,3,4,5,6,9,10,11,16,18
2015-11-26,15:00,5602,8,3,5,6,8,9,10,12,14,15,19
2015-11-26,16:00,5603,4,1,2,3,4,7,8,9,14,18,19
2015-11-26,17:00,5604,18,3,4,5,7,11,13,15,16,19,20
2015-11-26,18:00,5605,10,3,4,7,9,11,12,13,14,15,16
2015-11-26,19:00,5606,7,2,3,8,9,12,13,16,17,18,20
2015-11-26,20:00,5607,11,2,3,5,7,8,10,11,16,17,19
2015-11-26,21:00,5608,11,5,6,7,10,11,13,15,16,17,19
2015-11-26,22:00,5609,18,2,3,4,6,8,10,13,16,17,18
2015-11-26,23:00,5610,3,2,4,5,6,8,13,14,16,18,20
2015-11-27,07:00,5611,7,1,3,6,8,11,12,13,17,18,19
2015-11-27,08:00,5612,19,1,5,7,8,9,11,13,15,16,17
2015-11-27,09:00,5613,2,3,4,5,6,8,9,10,13,14,20
2015-11-27,10:00,5614,5,1,2,4,5,7,8,11,13,14,17
2015-11-27,11:00,5615,6,1,2,4,5,7,8,9,11,13,17
2015-11-27,12:00,5616,17,5,6,12,13,15,16,17,18,19,20
2015-11-27,13:00,5617,5,1,2,4,8,11,13,16,17,18,19
2015-11-27,14:00,5618,1,1,6,7,8,10,11,14,15,18,20
2015-11-27,15:00,5619,5,2,3,4,9,11,12,13,15,16,18
2015-11-27,16:00,5620,7,3,5,7,8,9,10,13,15,17,19
2015-11-27,17:00,5621,19,4,5,6,7,8,9,10,12,19,20
2015-11-27,18:00,5622,4,1,4,5,6,7,12,16,17,19,20
2015-11-27,19:00,5623,19,1,4,6,7,9,11,15,16,17,19
2015-11-27,20:00,5624,9,1,3,4,6,7,8,13,14,15,20
2015-11-27,21:00,5625,3,2,3,4,7,9,11,12,17,18,20
2015-11-27,22:00,5626,9,2,3,5,8,10,13,15,18,19,20
2015-11-27,23:00,5627,8,2,3,6,9,10,11,12,14,15,18
2015-11-28,07:00,5628,2,2,3,5,8,10,11,12,15,17,20
2015-11-28,08:00,5629,8,1,2,5,6,11,12,13,16,17,19
2015-11-28,09:00,5630,13,2,3,4,9,10,12,13,17,18,20
2015-11-28,10:00,5631,4,2,4,5,9,11,13,15,16,19,20
2015-11-28,11:00,5632,18,2,3,5,6,7,9,15,16,18,19
2015-11-28,12:00,5633,9,1,2,3,7,9,11,14,16,18,19
2015-11-28,13:00,5634,9,1,7,8,10,12,13,14,15,16,17
2015-11-28,14:00,5635,4,5,6,7,8,9,10,11,12,15,20
2015-11-28,15:00,5636,5,1,3,4,5,6,7,8,9,12,18
2015-11-28,16:00,5637,17,1,3,4,6,8,9,10,15,16,20
2015-11-28,17:00,5638,7,2,3,4,6,7,8,9,11,12,16
2015-11-28,18:00,5639,9,1,4,5,6,8,10,12,18,19,20
2015-11-28,19:00,5640,6,1,3,5,6,8,9,13,15,16,17
2015-11-28,20:00,5641,11,1,2,3,4,5,9,14,15,16,18
2015-11-28,21:00,5642,7,1,3,6,9,10,11,12,14,15,19
2015-11-28,22:00,5643,16,3,4,5,6,7,9,11,12,16,20
2015-11-28,23:00,5644,13,1,4,5,7,11,12,13,16,17,18
2015-11-29,07:00,5645,15,1,5,9,11,13,15,16,18,19,20
2015-11-29,08:00,5646,14,1,3,5,8,9,10,11,12,14,19
2015-11-29,09:00,5647,6,2,3,4,5,8,9,16,18,19,20
2015-11-29,10:00,5648,13,1,6,7,8,10,11,13,14,15,19
2015-11-29,11:00,5649,8,1,3,5,6,10,11,13,16,17,19
2015-11-29,12:00,5650,7,1,7,9,10,11,13,15,18,19,20
2015-11-29,13:00,5651,11,4,5,6,7,8,10,12,18,19,20
2015-11-29,14:00,5652,9,1,3,5,7,10,11,13,17,19,20
2015-11-29,15:00,5653,17,4,7,8,9,10,13,15,16,17,18
2015-11-29,16:00,5654,5,2,3,5,6,8,10,11,12,14,19
2015-11-29,17:00,5655,3,3,5,8,10,12,13,14,15,18,20
2015-11-29,18:00,5656,10,1,2,5,12,13,14,15,16,17,19
2015-11-29,19:00,5657,17,4,5,7,9,10,11,12,13,16,19
2015-11-29,20:00,5658,19,2,4,7,13,14,15,16,17,18,19
2015-11-29,21:00,5659,10,1,2,6,8,9,12,13,14,16,19
2015-11-29,22:00,5660,7,1,4,6,7,8,9,10,15,18,19
2015-11-29,23:00,5661,3,3,4,5,6,9,10,11,12,16,19
2015-11-30,07:00,5662,3,1,8,9,11,13,14,15,17,18,19
2015-11-30,08:00,5663,3,2,4,5,8,12,13,15,16,19,20
2015-11-30,09:00,5664,9,1,2,6,9,11,12,13,14,19,20
2015-11-30,10:00,5665,17,1,3,4,8,12,14,16,17,19,20
2015-11-30,11:00,5666,10,2,9,10,11,12,14,15,16,19,20
2015-11-30,12:00,5667,19,1,2,4,7,10,13,15,16,18,19
2015-11-30,13:00,5668,15,4,5,6,9,10,11,14,18,19,20
2015-11-30,14:00,5669,14,1,2,5,7,10,12,14,16,17,18
2015-11-30,15:00,5670,17,1,2,3,4,8,10,12,13,14,20
2015-11-30,16:00,5671,10,3,4,6,9,10,11,12,14,16,18
2015-11-30,17:00,5672,6,1,2,7,11,13,15,16,17,18,20
2015-11-30,18:00,5673,19,3,4,5,7,10,12,13,14,17,18
2015-11-30,19:00,5674,3,2,4,5,6,10,11,13,15,18,19
2015-11-30,20:00,5675,15,1,2,4,6,7,10,11,17,18,20
2015-11-30,21:00,5676,11,1,3,7,8,10,11,15,16,19,20
2015-11-30,22:00,5677,17,5,6,7,8,9,15,16,17,18,19
2015-11-30,23:00,5678,2,1,2,6,8,9,10,12,14,15,18
2015-12-01,07:00,5679,5,4,5,6,9,13,14,17,18,19,20
2015-12-01,08:00,5680,16,3,4,7,8,10,11,14,15,16,17
2015-12-01,09:00,5681,3,7,8,10,11,12,13,14,15,18,19
2015-12-01,10:00,5682,2,1,2,5,8,9,10,11,13,16,19
2015-12-01,11:00,5683,12,1,4,6,7,8,11,12,13,17,20
2015-12-01,12:00,5684,14,1,4,7,8,9,10,13,16,19,20
2015-12-01,13:00,5685,4,1,2,6,7,8,11,13,16,17,18
2015-12-01,14:00,5686,2,1,2,6,7,8,11,13,15,18,19
2015-12-01,15:00,5687,12,1,2,4,7,8,10,15,18,19,20
2015-12-01,16:00,5688,19,3,5,6,7,8,9,14,17,18,19
2015-12-01,17:00,5689,8,1,3,5,6,7,9,11,13,15,17
2015-12-01,18:00,5690,10,5,6,7,8,9,12,13,17,18,20
2015-12-01,19:00,5691,15,1,4,6,8,12,13,15,16,18,19
2015-12-01,20:00,5692,5,1,2,4,5,11,12,13,15,16,17
2015-12-01,21:00,5693,13,1,4,5,7,8,11,15,16,18,20
2015-12-01,22:00,5694,10,2,5,9,10,11,14,15,17,19,20
2015-12-01,23:00,5695,8,1,2,4,7,9,11,13,15,16,20
2015-12-02,07:00,5696,1,2,3,5,9,12,13,14,15,16,18
2015-12-02,08:00,5697,2,1,2,3,5,7,11,12,17,18,20
2015-12-02,09:00,5698,12,1,4,6,7,9,11,17,18,19,20
2015-12-02,10:00,5699,16,3,7,9,10,11,12,13,14,19,20
2015-12-02,11:00,5700,6,1,3,4,5,6,7,9,10,12,20
2015-12-02,12:00,5701,16,4,5,6,7,8,10,13,14,16,19
2015-12-02,13:00,5702,20,3,5,9,12,15,16,17,18,19,20
2015-12-02,14:00,5703,20,2,7,9,13,14,15,16,17,19,20
2015-12-02,15:00,5704,2,2,5,8,9,10,13,14,15,16,20
2015-12-02,16:00,5705,18,8,10,11,12,13,16,17,18,19,20
2015-12-02,17:00,5706,8,1,2,3,4,7,14,15,16,17,20
2015-12-02,18:00,5707,19,3,4,5,8,9,10,12,13,15,16
2015-12-02,19:00,5708,17,1,2,3,7,8,9,11,12,17,19
2015-12-02,20:00,5709,12,1,2,6,7,9,10,12,13,14,16
2015-12-02,21:00,5710,16,1,4,7,8,9,11,13,14,18,20
2015-12-02,22:00,5711,12,2,3,6,7,9,10,14,16,17,18
2015-12-02,23:00,5712,1,1,3,4,6,8,11,13,14,18,19
2015-12-03,07:00,5713,19,2,4,5,6,8,10,13,15,17,18
2015-12-03,08:00,5714,1,1,6,8,9,12,15,16,17,18,19
2015-12-03,09:00,5715,6,1,2,3,5,6,10,11,12,16,18
2015-12-03,10:00,5716,11,2,3,5,7,8,9,14,15,16,17
2015-12-03,11:00,5717,18,1,2,3,4,5,7,9,11,17,20
2015-12-03,12:00,5718,11,1,4,6,7,8,9,10,14,18,19
2015-12-03,13:00,5719,20,1,5,6,8,9,11,13,15,16,17
2015-12-03,14:00,5720,18,1,2,5,7,9,10,12,13,16,20
2015-12-03,15:00,5721,17,1,2,3,5,7,8,11,12,13,16
2015-12-03,16:00,5722,11,1,3,4,7,10,11,12,14,16,17
2015-12-03,17:00,5723,19,1,2,4,5,7,8,9,11,13,19
2015-12-03,18:00,5724,15,3,6,7,9,10,11,12,16,17,18
2015-12-03,19:00,5725,5,1,3,5,6,8,10,12,14,16,18
2015-12-03,20:00,5726,8,2,3,4,5,9,12,13,14,17,20
2015-12-03,21:00,5727,4,1,4,6,7,9,10,11,13,15,20
2015-12-03,22:00,5728,7,1,3,5,6,7,9,10,15,17,20
2015-12-03,23:00,5729,13,1,2,3,5,7,9,12,15,17,18
2015-12-04,07:00,5730,19,1,3,4,6,7,8,9,11,16,17
2015-12-04,08:00,5731,2,2,3,8,9,12,13,15,16,17,18
2015-12-04,09:00,5732,15,1,2,4,5,6,8,15,17,18,19
2015-12-04,10:00,5733,20,1,3,4,6,9,14,15,18,19,20
2015-12-04,11:00,5734,16,3,4,6,8,11,12,15,17,19,20
2015-12-04,12:00,5735,9,1,3,4,5,9,12,14,17,19,20
2015-12-04,13:00,5736,2,3,4,6,7,10,12,13,14,17,18
2015-12-04,14:00,5737,20,1,2,4,5,9,10,11,14,16,18
2015-12-04,15:00,5738,7,4,5,6,7,8,13,15,17,18,20
2015-12-04,16:00,5739,4,1,2,4,7,8,9,10,12,17,20
2015-12-04,17:00,5740,7,1,8,9,10,11,14,15,16,18,20
2015-12-04,18:00,5741,3,1,2,3,4,8,9,11,15,17,19
2015-12-04,19:00,5742,5,1,3,5,6,9,10,11,14,18,20
2015-12-04,20:00,5743,15,2,4,5,6,7,8,11,17,18,19
2015-12-04,21:00,5744,1,2,4,8,9,10,12,14,15,18,19
2015-12-04,22:00,5745,4,2,3,5,6,7,8,16,17,18,20
2015-12-04,23:00,5746,18,1,5,7,8,9,13,14,18,19,20
2015-12-05,07:00,5747,6,1,4,9,10,12,13,14,15,17,18
2015-12-05,08:00,5748,7,1,2,4,5,7,8,10,11,14,18
2015-12-05,09:00,5749,14,1,2,5,7,11,14,15,16,19,20
2015-12-05,10:00,5750,7,1,5,7,9,10,11,12,14,18,20
2015-12-05,11:00,5751,3,2,8,9,11,13,15,16,17,19,20
2015-12-05,12:00,5752,5,1,2,6,8,10,13,15,16,17,19
2015-12-05,13:00,5753,11,2,3,4,5,6,7,12,14,18,20
2015-12-05,14:00,5754,6,2,3,5,6,7,11,12,14,19,20
2015-12-05,15:00,5755,8,2,3,8,9,10,12,13,14,15,20
2015-12-05,16:00,5756,18,2,4,7,10,11,13,15,16,18,20
2015-12-05,17:00,5757,14,1,6,7,10,11,13,14,15,19,20
2015-12-05,18:00,5758,11,5,6,9,10,13,14,15,17,18,20
2015-12-05,19:00,5759,6,1,2,5,7,9,10,11,15,16,20
2015-12-05,20:00,5760,7,1,2,5,6,7,8,14,15,16,18
2015-12-05,21:00,5761,3,1,2,6,8,9,10,14,18,19,20
2015-12-05,22:00,5762,3,5,6,8,9,12,14,15,17,18,19
2015-12-05,23:00,5763,19,4,5,6,7,8,9,12,16,17,19
2015-12-06,07:00,5764,5,1,3,5,6,7,10,13,17,19,20
2015-12-06,08:00,5765,7,3,4,6,8,9,11,14,17,19,20
2015-12-06,09:00,5766,19,1,2,3,4,8,10,12,14,15,16
2015-12-06,10:00,5767,18,3,7,8,9,13,14,16,17,18,20
2015-12-06,11:00,5768,14,4,7,9,10,13,14,15,17,19,20
2015-12-06,12:00,5769,17,1,2,3,5,7,9,11,13,16,17
2015-12-06,13:00,5770,17,4,6,7,9,10,11,13,16,18,20
2015-12-06,14:00,5771,11,2,4,10,11,13,14,15,16,17,18
2015-12-06,15:00,5772,11,2,3,4,6,8,12,16,17,19,20
2015-12-06,16:00,5773,11,3,4,5,9,10,12,13,14,17,20
2015-12-06,17:00,5774,16,1,2,4,5,12,14,16,18,19,20
2015-12-06,18:00,5775,16,1,2,4,7,10,11,12,15,16,18
2015-12-06,19:00,5776,14,1,3,4,11,13,15,17,18,19,20
2015-12-06,20:00,5777,10,1,2,6,10,11,12,15,17,19,20
2015-12-06,21:00,5778,2,1,2,3,4,6,7,8,9,10,15
2015-12-06,22:00,5779,4,2,3,5,6,8,13,14,16,17,18
2015-12-06,23:00,5780,7,2,4,6,8,9,10,11,12,15,19
2015-12-07,07:00,5781,9,1,6,8,9,10,12,13,15,18,19
2015-12-07,08:00,5782,19,4,5,6,8,12,15,16,17,19,20
2015-12-07,09:00,5783,14,1,5,6,8,9,10,13,14,17,18
2015-12-07,10:00,5784,12,1,6,8,9,11,14,16,18,19,20
2015-12-07,11:00,5785,14,1,2,3,4,5,6,10,11,12,20
2015-12-07,12:00,5786,2,1,2,6,7,8,11,15,17,18,19
2015-12-07,13:00,5787,18,1,2,4,5,6,8,14,17,19,20
2015-12-07,14:00,5788,9,2,3,4,6,12,14,15,16,17,18
2015-12-07,15:00,5789,11,1,2,3,4,7,10,13,15,16,20
2015-12-07,16:00,5790,11,2,4,6,7,11,12,14,17,18,20
2015-12-07,17:00,5791,17,2,3,4,5,6,7,9,14,17,20
2015-12-07,18:00,5792,4,2,5,6,11,12,15,16,18,19,20
2015-12-07,19:00,5793,4,2,3,5,6,13,14,15,16,18,19
2015-12-07,20:00,5794,13,1,3,6,7,10,11,12,13,15,16
2015-12-07,21:00,5795,4,1,5,6,7,9,11,13,16,17,20
2015-12-07,22:00,5796,5,2,7,9,11,12,13,16,17,19,20
2015-12-07,23:00,5797,10,1,3,5,6,7,9,10,11,17,20
2015-12-08,07:00,5798,20,3,5,6,7,8,9,15,16,19,20
2015-12-08,08:00,5799,16,1,3,4,5,7,8,10,13,14,15
2015-12-08,09:00,5800,16,2,5,6,7,11,12,13,14,18,20
2015-12-08,10:00,5801,3,5,7,8,10,11,14,15,16,19,20
2015-12-08,11:00,5802,17,1,3,5,7,8,10,15,16,18,20
2015-12-08,12:00,5803,5,3,4,5,7,9,11,12,16,17,20
2015-12-08,13:00,5804,19,3,5,7,8,9,11,14,16,18,20
2015-12-08,14:00,5805,12,2,3,4,5,9,11,12,15,16,17
2015-12-08,15:00,5806,5,2,6,8,11,12,13,14,15,19,20
2015-12-08,16:00,5807,2,2,4,5,7,8,10,14,15,18,19
2015-12-08,17:00,5808,19,2,4,5,6,8,13,14,16,18,19
2015-12-08,18:00,5809,12,4,5,7,9,12,14,15,16,18,20
2015-12-08,19:00,5810,12,1,2,3,5,6,7,8,11,13,19
2015-12-08,20:00,5811,7,2,3,5,7,8,11,12,15,19,20
2015-12-08,21:00,5812,2,2,3,5,8,12,13,15,17,18,19
2015-12-08,22:00,5813,20,2,3,5,7,8,10,13,14,15,18
2015-12-08,23:00,5814,8,2,3,4,5,6,7,13,15,18,20
2015-12-09,07:00,5815,6,1,4,6,7,9,10,11,15,17,20
2015-12-09,08:00,5816,19,2,3,6,7,8,11,12,14,17,19
2015-12-09,09:00,5817,16,2,3,7,10,13,15,16,17,18,20
2015-12-09,10:00,5818,19,1,3,6,8,10,13,15,16,18,19
2015-12-09,11:00,5819,11,3,4,7,9,11,14,15,17,18,19
2015-12-09,12:00,5820,16,3,4,8,11,13,15,16,18,19,20
2015-12-09,13:00,5821,11,1,4,5,6,9,12,13,14,17,19
2015-12-09,14:00,5822,17,1,2,6,7,10,13,16,18,19,20
2015-12-09,15:00,5823,18,2,3,4,7,9,10,11,14,16,20
2015-12-09,16:00,5824,3,1,3,4,5,6,8,10,11,19,20
2015-12-09,17:00,5825,1,1,2,3,5,6,7,15,16,18,19
2015-12-09,18:00,5826,8,4,5,8,9,10,11,14,16,18,20
2015-12-09,19:00,5827,16,1,2,3,8,11,12,13,18,19,20
2015-12-09,20:00,5828,13,1,2,4,6,7,8,13,15,18,19
2015-12-09,21:00,5829,16,3,4,8,11,12,15,16,17,18,20
2015-12-09,22:00,5830,13,1,6,7,8,10,12,13,14,16,19
2015-12-09,23:00,5831,4,4,5,7,9,10,11,14,16,17,19
2015-12-10,07:00,5832,20,1,2,4,6,10,11,14,15,18,19
2015-12-10,08:00,5833,13,1,2,4,6,8,9,10,14,15,19
2015-12-10,09:00,5834,2,4,7,8,9,10,11,13,17,18,19
2015-12-10,10:00,5835,16,2,3,6,7,11,12,13,14,15,16
2015-12-10,11:00,5836,20,1,2,5,8,11,12,14,16,18,19
2015-12-10,12:00,5837,16,2,3,4,7,10,12,14,16,17,19
2015-12-10,13:00,5838,19,1,5,6,7,9,13,14,16,19,20
2015-12-10,14:00,5839,11,1,3,4,8,9,14,16,18,19,20
2015-12-10,15:00,5840,6,2,3,5,8,9,11,12,16,17,20
2015-12-10,16:00,5841,14,2,5,6,7,8,11,12,15,17,18
2015-12-10,17:00,5842,12,1,2,3,4,5,7,11,12,15,17
2015-12-10,18:00,5843,3,1,7,8,10,11,12,13,15,17,19
2015-12-10,19:00,5844,2,1,5,9,10,11,13,14,17,19,20
2015-12-10,20:00,5845,7,2,6,8,10,11,13,16,17,19,20
2015-12-10,21:00,5846,6,1,2,5,7,8,9,10,11,13,17
2015-12-10,22:00,5847,14,3,6,7,8,12,13,14,16,17,19
2015-12-10,23:00,5848,3,4,5,6,7,9,11,12,13,17,20
2015-12-11,07:00,5849,9,1,2,3,6,7,10,12,13,15,16
2015-12-11,08:00,5850,7,4,6,8,9,12,14,15,16,18,20
2015-12-11,09:00,5851,6,2,5,8,12,13,14,16,18,19,20
2015-12-11,10:00,5852,19,1,3,4,7,8,10,11,13,16,17
2015-12-11,11:00,5853,6,1,2,5,7,9,11,15,17,18,19
2015-12-11,12:00,5854,20,2,8,9,11,12,13,14,16,17,20
2015-12-11,13:00,5855,14,3,5,6,7,13,15,17,18,19,20
2015-12-11,14:00,5856,18,1,4,6,9,11,14,16,17,18,19
2015-12-11,15:00,5857,3,3,4,5,6,8,10,12,13,15,16
2015-12-11,16:00,5858,7,1,2,4,5,9,10,13,17,18,20
2015-12-11,17:00,5859,17,2,5,9,11,14,15,16,17,18,19
2015-12-11,18:00,5860,15,1,2,3,4,5,6,7,14,15,20
2015-12-11,19:00,5861,3,1,2,3,4,5,7,10,13,15,18
2015-12-11,20:00,5862,7,1,5,7,11,12,13,14,16,17,18
2015-12-11,21:00,5863,9,1,2,8,10,11,13,15,17,18,19
2015-12-11,22:00,5864,20,1,5,8,9,11,14,15,17,18,19
2015-12-11,23:00,5865,9,2,3,5,6,7,9,10,13,17,19
2015-12-12,07:00,5866,2,1,2,6,8,9,12,16,17,18,19
2015-12-12,08:00,5867,11,1,3,4,5,6,8,10,11,13,17
2015-12-12,09:00,5868,3,4,6,7,9,12,13,14,17,19,20
2015-12-12,10:00,5869,6,1,4,6,7,8,9,11,17,19,20
2015-12-12,11:00,5870,14,2,3,4,7,8,9,10,11,14,17
2015-12-12,12:00,5871,5,2,4,5,6,7,8,9,10,15,17
2015-12-12,13:00,5872,7,1,5,6,7,9,10,13,17,19,20
2015-12-12,14:00,5873,7,2,3,5,6,8,10,11,12,13,17
2015-12-12,15:00,5874,8,1,2,5,9,11,12,13,15,17,19
2015-12-12,16:00,5875,12,1,3,4,5,6,12,15,18,19,20
2015-12-12,17:00,5876,2,1,2,4,5,7,12,13,14,15,18
2015-12-12,18:00,5877,10,2,4,5,7,9,11,12,14,16,20
2015-12-12,19:00,5878,7,5,6,7,12,13,14,16,18,19,20
2015-12-12,20:00,5879,17,2,4,5,6,7,12,13,14,18,19
2015-12-12,21:00,5880,4,1,5,8,9,10,14,17,18,19,20
2015-12-12,22:00,5881,9,1,4,5,7,11,14,16,17,18,20
2015-12-12,23:00,5882,20,2,4,6,9,10,12,15,16,17,20
2015-12-13,07:00,5883,9,1,3,6,7,8,9,14,15,16,17
2015-12-13,08:00,5884,3,3,4,5,9,10,12,13,14,19,20
2015-12-13,09:00,5885,18,1,3,4,5,6,11,13,15,16,19
2015-12-13,10:00,5886,17,1,4,5,6,7,13,14,15,17,19
2015-12-13,11:00,5887,8,2,3,4,5,9,10,13,16,19,20
2015-12-13,12:00,5888,17,2,3,6,10,12,13,14,17,18,19
2015-12-13,13:00,5889,16,1,6,10,11,12,13,14,16,18,20
2015-12-13,14:00,5890,7,1,2,3,4,5,7,8,10,13,16
2015-12-13,15:00,5891,7,2,5,7,8,9,10,11,16,17,18
2015-12-13,16:00,5892,11,1,2,4,6,7,9,10,11,13,14
2015-12-13,17:00,5893,11,2,3,5,7,13,14,15,16,19,20
2015-12-13,18:00,5894,19,2,3,4,6,8,10,11,16,17,19
2015-12-13,19:00,5895,7,3,4,7,12,15,16,17,18,19,20
2015-12-13,20:00,5896,1,2,3,4,9,10,11,13,14,16,17
2015-12-13,21:00,5897,2,2,4,5,6,11,12,14,15,16,17
2015-12-13,22:00,5898,1,1,5,9,10,15,16,17,18,19,20
2015-12-13,23:00,5899,1,1,3,7,8,11,14,16,18,19,20
2015-12-14,07:00,5900,3,1,2,4,6,8,9,11,14,15,20
2015-12-14,08:00,5901,1,2,3,6,7,9,12,16,17,18,19
2015-12-14,09:00,5902,8,2,4,6,7,9,11,12,13,17,18
2015-12-14,10:00,5903,4,2,4,7,8,9,10,11,14,16,17
2015-12-14,11:00,5904,14,1,3,4,6,7,10,12,14,15,17
2015-12-14,12:00,5905,2,1,3,4,6,8,11,12,17,19,20
2015-12-14,13:00,5906,12,3,8,9,12,13,14,16,17,18,19
2015-12-14,14:00,5907,5,2,3,7,11,14,15,16,18,19,20
2015-12-14,15:00,5908,20,2,3,6,8,10,12,13,15,16,19
2015-12-14,16:00,5909,4,1,2,3,4,6,7,8,14,15,19
2015-12-14,17:00,5910,8,2,3,4,7,10,11,12,14,19,20
2015-12-14,18:00,5911,14,4,6,8,9,12,14,15,17,19,20
2015-12-14,19:00,5912,16,2,8,9,13,14,15,16,17,18,20
2015-12-14,20:00,5913,12,1,2,3,4,9,10,11,12,19,20
2015-12-14,21:00,5914,7,1,2,6,7,8,10,11,14,18,20
2015-12-14,22:00,5915,3,2,4,5,9,11,15,16,18,19,20
2015-12-14,23:00,5916,10,2,3,6,7,14,15,16,17,18,20
2015-12-15,07:00,5917,10,2,3,7,11,12,13,15,16,17,18
2015-12-15,08:00,5918,12,2,3,4,5,6,8,9,14,15,20
2015-12-15,09:00,5919,8,4,8,10,11,12,13,14,16,17,19
2015-12-15,10:00,5920,8,4,6,7,10,12,13,17,18,19,20
2015-12-15,11:00,5921,19,1,2,7,9,10,11,14,16,18,20
2015-12-15,12:00,5922,5,2,3,7,8,9,12,13,14,15,20
2015-12-15,13:00,5923,18,1,2,5,11,12,13,16,18,19,20
2015-12-15,14:00,5924,17,1,3,5,8,11,12,14,15,16,20
2015-12-15,15:00,5925,19,2,3,4,6,8,10,11,12,15,16
2015-12-15,16:00,5926,9,4,6,7,8,11,12,13,14,15,18
2015-12-15,17:00,5927,16,1,3,5,7,12,14,16,17,19,20
2015-12-15,18:00,5928,18,2,3,6,8,9,11,12,16,18,20
2015-12-15,19:00,5929,1,2,3,5,6,7,8,10,13,15,17
2015-12-15,20:00,5930,19,2,5,7,9,10,11,13,15,18,19
2015-12-15,21:00,5931,11,1,6,9,10,11,12,14,16,17,20
2015-12-15,22:00,5932,8,1,2,4,6,7,12,13,14,18,20
2015-12-15,23:00,5933,20,3,9,10,11,14,16,17,18,19,20
2015-12-16,07:00,5934,14,1,5,7,9,11,13,14,15,16,20
2015-12-16,08:00,5935,19,1,7,10,13,14,15,16,18,19,20
2015-12-16,09:00,5936,1,5,6,8,10,11,13,15,17,18,19
2015-12-16,10:00,5937,20,4,5,7,8,9,13,15,17,18,19
2015-12-16,11:00,5938,2,2,4,6,8,10,11,14,16,17,20
2015-12-16,12:00,5939,19,2,3,4,5,6,7,9,10,11,19
2015-12-16,13:00,5940,18,1,2,5,6,7,8,9,11,16,18
2015-12-16,14:00,5941,12,3,4,5,6,13,14,17,18,19,20
2015-12-16,15:00,5942,4,1,2,5,6,7,8,9,12,13,16
2015-12-16,16:00,5943,5,2,3,5,8,10,11,13,14,17,18
2015-12-16,17:00,5944,3,4,6,8,9,11,12,14,15,16,18
2015-12-16,18:00,5945,17,3,4,5,7,9,11,13,15,17,19
2015-12-16,19:00,5946,14,1,2,4,5,7,9,13,14,16,20
2015-12-16,20:00,5947,3,2,3,6,7,9,13,14,15,17,18
2015-12-16,21:00,5948,17,1,5,7,8,10,11,12,14,18,19
2015-12-16,22:00,5949,12,1,3,4,6,8,9,11,14,18,19
2015-12-16,23:00,5950,1,1,2,4,7,8,9,16,17,18,19
2015-12-17,07:00,5951,16,2,4,5,9,10,12,14,16,17,19
2015-12-17,08:00,5952,6,2,3,5,6,9,11,12,14,15,17
2015-12-17,09:00,5953,12,3,4,5,6,7,12,16,17,19,20
2015-12-17,10:00,5954,19,1,2,4,5,7,10,12,13,17,18
2015-12-17,11:00,5955,11,1,5,8,11,12,13,15,16,19,20
2015-12-17,12:00,5956,17,1,2,9,10,11,13,16,17,19,20
2015-12-17,13:00,5957,8,3,6,7,10,11,13,15,16,17,20
2015-12-17,14:00,5958,1,2,4,6,8,9,13,14,15,17,20
2015-12-17,15:00,5959,8,1,2,5,6,7,13,14,18,19,20
2015-12-17,16:00,5960,5,2,3,8,9,10,11,17,18,19,20
2015-12-17,17:00,5961,2,2,3,5,7,9,14,15,17,18,20
2015-12-17,18:00,5962,4,4,6,7,9,10,12,13,14,16,17
2015-12-17,19:00,5963,18,4,5,7,9,10,12,13,15,18,20
2015-12-17,20:00,5964,12,2,3,5,8,10,12,13,17,19,20
2015-12-17,21:00,5965,7,1,2,3,7,8,11,16,17,19,20
2015-12-17,22:00,5966,19,3,4,6,9,12,13,16,17,18,20
2015-12-17,23:00,5967,14,1,2,5,7,8,9,13,14,16,17
2015-12-18,07:00,5968,10,1,6,9,10,12,13,15,16,18,19
2015-12-18,08:00,5969,19,2,4,8,9,11,12,13,14,19,20
2015-12-18,09:00,5970,17,1,2,4,5,6,7,12,14,17,19
2015-12-18,10:00,5971,9,1,2,3,7,11,13,14,15,16,20
2015-12-18,11:00,5972,10,3,4,7,8,11,12,13,15,17,20
2015-12-18,12:00,5973,3,5,8,9,10,11,12,14,16,18,20
2015-12-18,13:00,5974,13,1,3,4,5,7,8,10,11,15,16
2015-12-18,14:00,5975,17,1,2,7,9,10,11,13,17,18,20
2015-12-18,15:00,5976,8,1,2,4,5,8,11,12,15,17,18
2015-12-18,16:00,5977,15,3,4,5,10,15,16,17,18,19,20
2015-12-18,17:00,5978,6,1,2,3,4,6,7,8,10,13,16
2015-12-18,18:00,5979,8,2,3,5,11,12,14,17,18,19,20
2015-12-18,19:00,5980,16,1,6,7,9,10,12,13,18,19,20
2015-12-18,20:00,5981,15,3,6,8,9,10,11,13,16,18,19
2015-12-18,21:00,5982,13,1,2,3,4,5,9,12,16,18,19
2015-12-18,22:00,5983,6,1,2,4,6,8,9,13,18,19,20
2015-12-18,23:00,5984,15,5,9,11,12,14,15,17,18,19,20
2015-12-19,07:00,5985,9,3,4,7,9,13,16,17,18,19,20
2015-12-19,08:00,5986,20,2,4,5,6,7,12,16,17,18,19
2015-12-19,09:00,5987,14,1,2,4,5,6,7,9,12,13,16
2015-12-19,10:00,5988,18,1,3,4,7,8,13,16,18,19,20
2015-12-19,11:00,5989,16,1,3,6,7,8,9,14,15,18,20
2015-12-19,12:00,5990,13,1,2,3,4,7,9,16,17,18,19
2015-12-19,13:00,5991,2,3,8,9,10,11,12,13,14,16,20
2015-12-19,14:00,5992,16,1,3,4,5,6,9,12,13,14,19
2015-12-19,15:00,5993,17,2,3,4,6,8,11,12,16,18,19
2015-12-19,16:00,5994,4,1,5,8,9,11,13,15,17,18,20
2015-12-19,17:00,5995,8,2,6,7,8,9,11,15,16,19,20
2015-12-19,18:00,5996,2,1,2,3,5,10,11,14,15,16,19
2015-12-19,19:00,5997,15,1,4,5,6,8,10,15,17,18,20
2015-12-19,20:00,5998,15,2,3,4,6,7,8,9,10,11,16
2015-12-19,21:00,5999,17,3,5,8,9,12,15,16,17,19,20
2015-12-19,22:00,6000,20,1,2,3,5,6,7,10,14,17,19
2015-12-19,23:00,6001,12,1,4,5,7,9,10,12,13,17,20
2015-12-20,07:00,6002,14,2,3,9,11,12,14,16,17,19,20
2015-12-20,08:00,6003,19,3,5,7,8,9,10,12,14,18,20
2015-12-20,09:00,6004,12,1,2,3,5,7,9,10,13,16,18
2015-12-20,10:00,6005,16,1,2,3,4,6,8,9,10,14,18
2015-12-20,11:00,6006,5,6,7,8,10,11,12,13,14,15,17
2015-12-20,12:00,6007,3,4,7,8,9,12,13,14,16,18,19
2015-12-20,13:00,6008,18,2,4,5,6,8,13,16,17,18,20
2015-12-20,14:00,6009,16,1,4,5,10,12,14,15,16,18,19
2015-12-20,15:00,6010,20,1,2,3,8,9,11,14,15,18,19
2015-12-20,16:00,6011,20,3,4,6,7,11,13,15,16,19,20
2015-12-20,17:00,6012,5,3,4,5,6,9,11,13,15,19,20
2015-12-20,18:00,6013,20,1,4,5,6,7,9,12,17,18,19
2015-12-20,19:00,6014,3,2,3,4,5,11,12,14,17,19,20
2015-12-20,20:00,6015,14,3,4,8,11,12,13,15,16,18,20
2015-12-20,21:00,6016,8,4,5,6,9,11,12,13,17,18,20
2015-12-20,22:00,6017,3,2,4,8,9,10,12,14,16,17,19
2015-12-20,23:00,6018,10,2,3,4,5,6,9,15,17,19,20
2015-12-21,07:00,6019,3,2,3,5,6,8,12,14,15,17,19
2015-12-21,08:00,6020,8,1,3,4,9,10,12,13,18,19,20
2015-12-21,09:00,6021,9,1,2,5,6,7,8,10,13,14,16
2015-12-21,10:00,6022,9,2,3,6,7,8,9,10,11,13,18
2015-12-21,11:00,6023,1,1,5,6,8,9,10,13,16,17,18
2015-12-21,12:00,6024,7,2,3,4,5,9,12,13,15,19,20
2015-12-21,13:00,6025,8,3,4,5,6,7,8,9,12,15,17
2015-12-21,14:00,6026,16,2,7,9,12,13,15,16,18,19,20
2015-12-21,15:00,6027,11,1,2,3,7,10,14,15,16,18,19
2015-12-21,16:00,6028,20,1,2,3,4,6,10,11,12,19,20
2015-12-21,17:00,6029,19,2,3,6,7,8,9,11,13,15,19
2015-12-21,18:00,6030,2,2,3,4,6,7,11,13,16,19,20
2015-12-21,19:00,6031,10,2,4,6,9,10,14,15,16,18,19
2015-12-21,20:00,6032,17,1,2,4,7,11,15,17,18,19,20
2015-12-21,21:00,6033,12,2,3,4,5,9,10,11,13,19,20
2015-12-21,22:00,6034,19,1,2,3,5,7,8,9,11,13,16
2015-12-21,23:00,6035,15,1,2,3,4,5,6,8,12,16,19
2015-12-22,07:00,6036,9,1,3,4,5,6,7,9,11,18,19
2015-12-22,08:00,6037,14,2,4,6,10,11,12,13,14,16,18
2015-12-22,09:00,6038,6,1,4,6,8,10,12,15,16,18,20
2015-12-22,10:00,6039,10,1,2,6,9,11,12,15,16,19,20
2015-12-22,11:00,6040,18,3,4,5,6,7,9,10,12,13,16
2015-12-22,12:00,6041,15,2,3,5,6,7,8,11,14,15,18
2015-12-22,13:00,6042,13,1,2,3,6,8,10,13,16,18,20
2015-12-22,14:00,6043,13,1,3,8,10,13,14,15,16,17,18
2015-12-22,15:00,6044,5,1,2,3,4,6,9,10,13,16,19
2015-12-22,16:00,6045,17,1,2,3,7,8,9,11,14,15,17
2015-12-22,17:00,6046,4,1,3,5,6,7,10,12,16,18,19
2015-12-22,18:00,6047,11,3,4,6,7,11,12,14,15,17,18
2015-12-22,19:00,6048,13,1,6,8,10,12,13,14,15,16,18
2015-12-22,20:00,6049,10,1,3,6,8,9,13,14,16,18,19
2015-12-22,21:00,6050,16,1,3,6,13,14,16,17,18,19,20
2015-12-22,22:00,6051,5,1,2,3,5,8,9,10,12,15,17
2015-12-22,23:00,6052,7,1,2,7,9,11,12,15,18,19,20
2015-12-23,07:00,6053,12,1,3,6,8,11,13,17,18,19,20
2015-12-23,08:00,6054,17,2,4,5,6,7,9,14,15,18,20
2015-12-23,09:00,6055,8,1,3,8,9,10,12,15,16,17,19
2015-12-23,10:00,6056,3,2,4,7,8,9,12,16,18,19,20
2015-12-23,11:00,6057,4,5,7,9,10,11,13,14,15,17,20
2015-12-23,12:00,6058,2,2,3,4,5,6,9,10,12,13,15
2015-12-23,13:00,6059,8,2,7,8,9,11,12,14,15,16,20
2015-12-23,14:00,6060,1,1,3,4,5,6,12,16,17,19,20
2015-12-23,15:00,6061,20,2,3,5,6,8,9,11,15,16,19
2015-12-23,16:00,6062,1,3,5,6,7,8,14,15,16,18,19
2015-12-23,17:00,6063,10,1,2,3,4,5,8,9,13,14,18
2015-12-23,18:00,6064,12,2,3,4,6,8,9,11,13,14,20
2015-12-23,19:00,6065,5,1,3,5,9,13,14,15,17,18,19
2015-12-23,20:00,6066,15,1,2,3,4,10,11,12,14,17,18
2015-12-23,21:00,6067,17,1,3,4,5,7,8,10,18,19,20
2015-12-23,22:00,6068,9,1,2,3,4,10,11,13,14,16,20
2015-12-23,23:00,6069,13,1,2,4,6,12,13,14,15,16,18
2015-12-24,07:00,6070,3,4,5,6,8,10,11,14,15,16,19
2015-12-24,08:00,6071,15,1,2,4,5,7,8,13,14,15,20
2015-12-24,09:00,6072,20,1,2,5,7,9,14,16,17,18,20
2015-12-24,10:00,6073,8,1,3,5,7,9,12,13,16,19,20
2015-12-24,11:00,6074,11,1,2,6,7,13,15,16,17,18,19
2015-12-24,12:00,6075,13,2,4,6,11,12,13,14,15,17,18
2015-12-24,13:00,6076,19,3,8,9,11,12,14,16,17,18,20
2015-12-24,14:00,6077,20,1,2,4,5,11,12,13,16,18,19
2015-12-24,15:00,6078,6,3,7,8,11,12,14,16,17,18,20
2015-12-24,16:00,6079,15,3,5,10,11,12,14,17,18,19,20
2015-12-24,17:00,6080,18,2,3,4,8,10,11,13,16,17,20
2015-12-24,18:00,6081,8,2,3,6,8,11,13,14,16,17,20
2015-12-24,19:00,6082,6,1,3,4,8,13,14,16,18,19,20
2015-12-24,20:00,6083,16,1,3,4,6,8,9,14,16,17,19
2015-12-24,21:00,6084,10,1,4,7,8,11,13,15,16,17,20
2015-12-24,22:00,6085,2,3,6,7,8,9,10,12,13,15,19
2015-12-24,23:00,6086,5,2,4,6,11,12,13,15,17,18,20
2015-12-25,07:00,6087,15,1,2,3,9,10,13,15,16,19,20
2015-12-25,08:00,6088,7,2,4,5,8,9,12,13,15,16,17
2015-12-25,09:00,6089,2,3,8,9,12,13,14,15,17,18,20
2015-12-25,10:00,6090,3,1,2,4,7,9,11,14,15,17,19
2015-12-25,11:00,6091,4,2,3,6,11,12,13,16,18,19,20
2015-12-25,12:00,6092,20,1,4,5,8,9,11,15,16,19,20
2015-12-25,13:00,6093,8,1,4,5,6,8,13,14,16,19,20
2015-12-25,14:00,6094,4,1,3,4,7,8,10,13,16,17,20
2015-12-25,15:00,6095,5,2,4,5,8,9,11,14,15,17,18
2015-12-25,16:00,6096,2,1,4,7,9,10,11,14,15,16,19
2015-12-25,17:00,6097,4,1,2,4,5,8,9,10,12,19,20
2015-12-25,18:00,6098,17,5,9,10,11,12,14,15,17,19,20
2015-12-25,19:00,6099,19,2,3,8,9,10,11,12,15,16,20
2015-12-25,20:00,6100,18,1,3,4,5,6,9,12,16,17,19
2015-12-25,21:00,6101,17,1,4,5,7,9,11,12,15,19,20
2015-12-25,22:00,6102,1,2,3,4,5,7,8,10,11,13,16
2015-12-25,23:00,6103,1,3,5,8,9,10,12,15,16,18,19
2015-12-26,07:00,6104,4,2,3,5,6,10,12,13,15,16,20
2015-12-26,08:00,6105,10,2,4,5,9,10,11,13,14,17,19
2015-12-26,09:00,6106,15,5,6,9,10,11,14,16,17,18,19
2015-12-26,10:00,6107,14,1,2,3,4,7,10,14,15,17,20
2015-12-26,11:00,6108,1,4,5,8,10,12,13,15,17,18,19
2015-12-26,12:00,6109,17,1,3,11,13,14,16,17,18,19,20
2015-12-26,13:00,6110,11,2,4,7,11,12,14,15,16,18,20
2015-12-26,14:00,6111,7,1,2,4,5,6,7,10,11,14,17
2015-12-26,15:00,6112,3,2,3,6,7,10,12,13,17,18,20
2015-12-26,16:00,6113,6,2,4,8,9,10,11,12,14,15,17
2015-12-26,17:00,6114,6,1,4,5,7,9,10,12,15,17,20
2015-12-26,18:00,6115,2,3,4,5,6,7,9,12,14,17,20
2015-12-26,19:00,6116,6,2,3,7,8,9,10,12,14,15,19
2015-12-26,20:00,6117,12,5,8,9,10,12,13,14,17,18,19
2015-12-26,21:00,6118,18,4,6,7,8,11,12,13,15,18,19
2015-12-26,22:00,6119,4,3,4,6,8,9,10,11,13,14,20
2015-12-26,23:00,6120,11,2,3,4,5,7,9,10,12,16,20
2015-12-27,07:00,6121,16,1,3,4,7,10,13,15,16,19,20
2015-12-27,08:00,6122,13,3,4,5,6,8,10,12,14,16,18
2015-12-27,09:00,6123,6,1,2,3,4,7,10,13,15,17,18
2015-12-27,10:00,6124,18,2,4,5,6,7,9,11,15,17,19
2015-12-27,11:00,6125,2,2,6,9,10,11,12,17,18,19,20
2015-12-27,12:00,6126,14,2,4,5,6,8,11,12,13,16,19
2015-12-27,13:00,6127,1,1,3,6,7,9,10,11,14,19,20
2015-12-27,14:00,6128,11,4,7,9,11,14,16,17,18,19,20
2015-12-27,15:00,6129,14,1,2,3,5,6,7,11,12,18,19
2015-12-27,16:00,6130,4,2,3,6,7,8,9,10,11,15,18
2015-12-27,17:00,6131,19,1,2,3,5,7,11,15,16,18,19
2015-12-27,18:00,6132,3,1,2,9,10,11,12,13,14,15,20
2015-12-27,19:00,6133,2,1,3,4,5,7,9,10,11,12,13
2015-12-27,20:00,6134,3,1,3,4,5,8,9,13,17,18,19
2015-12-27,21:00,6135,15,1,3,5,8,9,13,14,16,18,20
2015-12-27,22:00,6136,7,1,5,6,8,9,11,14,15,16,17
2015-12-27,23:00,6137,11,1,2,4,5,7,10,11,15,16,20
2015-12-28,07:00,6138,9,1,2,7,9,10,12,15,17,18,19
2015-12-28,08:00,6139,2,1,2,6,7,10,11,12,13,17,20
2015-12-28,09:00,6140,19,2,3,5,6,8,9,13,15,16,19
2015-12-28,10:00,6141,1,1,2,3,7,10,12,14,16,19,20
2015-12-28,11:00,6142,11,2,4,6,8,9,13,14,15,18,20
2015-12-28,12:00,6143,9,2,3,6,9,12,13,14,15,17,20
2015-12-28,13:00,6144,2,3,4,6,7,10,11,12,13,17,18
2015-12-28,14:00,6145,14,2,3,4,7,12,13,15,17,18,19
2015-12-28,15:00,6146,19,4,5,7,10,11,12,14,16,17,20
2015-12-28,16:00,6147,7,1,5,8,9,10,12,13,15,19,20
2015-12-28,17:00,6148,4,3,5,6,10,11,12,13,16,17,18
2015-12-28,18:00,6149,6,1,2,3,7,8,11,14,16,19,20
2015-12-28,19:00,6150,20,2,4,8,14,15,16,17,18,19,20
2015-12-28,20:00,6151,1,2,4,5,6,10,12,13,16,18,20
2015-12-28,21:00,6152,12,2,3,7,11,12,13,14,15,17,18
2015-12-28,22:00,6153,4,1,2,3,5,9,12,14,17,19,20
2015-12-28,23:00,6154,6,2,3,4,8,9,10,13,16,19,20
2015-12-29,07:00,6155,9,5,6,7,8,10,11,15,16,17,20
2015-12-29,08:00,6156,11,1,8,9,10,12,13,14,16,17,20
2015-12-29,09:00,6157,5,1,2,5,11,12,13,14,16,17,19
2015-12-29,10:00,6158,13,1,2,4,5,7,9,12,14,16,17
2015-12-29,11:00,6159,1,1,5,6,7,9,10,11,13,14,17
2015-12-29,12:00,6160,6,1,2,4,6,8,9,13,16,17,19
2015-12-29,13:00,6161,8,6,10,11,12,13,14,15,16,17,18
2015-12-29,14:00,6162,2,2,3,4,5,6,11,12,14,17,19
2015-12-29,15:00,6163,10,2,3,5,8,9,10,12,13,18,19
2015-12-29,16:00,6164,20,2,4,5,8,13,14,15,17,18,20
2015-12-29,17:00,6165,8,1,4,6,7,9,12,14,17,19,20
2015-12-29,18:00,6166,10,1,3,5,6,7,8,13,17,18,20
2015-12-29,19:00,6167,12,3,4,5,10,11,13,16,17,18,20
2015-12-29,20:00,6168,7,4,5,6,8,9,10,16,17,19,20
2015-12-29,21:00,6169,3,1,4,6,11,13,16,17,18,19,20
2015-12-29,22:00,6170,14,2,3,7,8,11,12,13,16,17,18
2015-12-29,23:00,6171,2,2,3,4,9,10,12,15,17,19,20
2015-12-30,07:00,6172,8,1,2,3,6,7,8,9,10,14,15
2015-12-30,08:00,6173,13,3,4,5,6,7,11,14,15,17,19
2015-12-30,09:00,6174,9,5,6,7,11,15,16,17,18,19,20
2015-12-30,10:00,6175,9,1,6,9,11,13,14,15,18,19,20
2015-12-30,11:00,6176,9,1,3,4,6,11,12,14,17,18,20
2015-12-30,12:00,6177,19,2,5,6,7,12,13,14,17,19,20
2015-12-30,13:00,6178,8,1,3,4,5,9,11,12,13,14,19
2015-12-30,14:00,6179,2,1,2,5,7,8,10,11,15,16,19
2015-12-30,15:00,6180,19,1,2,4,5,6,8,9,10,11,18
2015-12-30,16:00,6181,17,1,4,5,6,7,8,9,11,15,17
2015-12-30,17:00,6182,15,2,4,6,7,11,13,14,17,18,20
2015-12-30,18:00,6183,1,2,6,8,9,11,12,14,15,16,19
2015-12-30,19:00,6184,13,2,3,11,12,14,15,16,17,18,19
2015-12-30,20:00,6185,4,1,3,6,8,9,10,12,13,16,18
2015-12-30,21:00,6186,17,1,4,7,9,12,16,17,18,19,20
2015-12-30,22:00,6187,19,1,2,6,8,9,12,14,16,18,20
2015-12-30,23:00,6188,13,2,3,4,5,11,12,13,15,18,20
2015-12-31,07:00,6189,14,2,5,7,9,11,14,16,17,19,20
2015-12-31,08:00,6190,17,1,2,4,7,10,12,13,14,15,16
2015-12-31,09:00,6191,10,6,7,8,9,10,11,12,13,15,19
2015-12-31,10:00,6192,17,4,5,9,11,13,14,15,16,18,19
2015-12-31,11:00,6193,7,1,2,10,13,14,15,16,17,18,20
2015-12-31,12:00,6194,18,2,4,5,6,7,8,11,12,14,18
2015-12-31,13:00,6195,2,2,3,8,9,11,13,15,16,18,20
2015-12-31,14:00,6196,18,2,4,6,7,8,10,12,16,17,19
2015-12-31,15:00,6197,9,3,7,8,9,10,11,12,15,18,19
2015-12-31,16:00,6198,19,2,6,8,9,11,12,13,14,16,20
2015-12-31,17:00,6199,7,2,3,6,7,9,10,12,14,16,17
2015-12-31,18:00,6200,17,1,3,5,6,7,9,13,16,18,19
2015-12-31,19:00,6201,11,2,3,7,8,9,10,11,12,15,20
2015-12-31,20:00,6202,7,2,4,5,6,7,10,12,13,17,18
2015-12-31,21:00,6203,15,2,4,7,9,12,13,15,16,17,19
2015-12-31,22:00,6204,13,1,4,8,10,13,14,17,18,19,20
2015-12-31,23:00,6205,12,1,4,5,6,7,8,14,15,16,19
