date,time,contest,numerone,n1,n2,n3,n4,n5,n6,n7,n8,n9,n10
2016-01-01,07:00,1,5,1,6,7,8,9,10,11,15,16,17
2016-01-01,08:00,2,14,5,6,8,9,10,12,17,18,19,20
2016-01-01,09:00,3,6,1,8,9,11,12,13,16,18,19,20
2016-01-01,10:00,4,17,2,3,4,12,13,15,17,18,19,20
2016-01-01,11:00,5,19,3,5,8,9,10,11,13,14,16,19
2016-01-01,12:00,6,11,1,3,9,11,13,14,15,16,17,18
2016-01-01,13:00,7,9,5,6,7,9,10,12,14,16,19,20
2016-01-01,14:00,8,16,1,3,4,7,8,9,10,14,16,18
2016-01-01,15:00,9,1,3,4,7,8,12,13,17,18,19,20
2016-01-01,16:00,10,12,1,6,9,10,11,12,13,16,18,19
2016-01-01,17:00,11,5,1,2,3,5,9,11,13,14,15,19
2016-01-01,18:00,12,10,1,8,9,11,12,14,15,16,17,19
2016-01-01,19:00,13,16,1,2,4,8,9,10,11,13,19,20
2016-01-01,20:00,14,17,1,2,3,4,6,7,9,13,14,19
2016-01-01,21:00,15,7,1,2,3,5,11,12,13,16,18,19
2016-01-01,22:00,16,17,1,2,3,5,6,11,14,15,18,20
2016-01-01,23:00,17,16,4,6,11,12,13,14,15,16,17,18
2016-01-02,07:00,18,10,1,2,7,8,9,10,11,13,16,18
2016-01-02,08:00,19,3,4,5,6,7,8,9,11,12,15,20
2016-01-02,09:00,20,20,1,2,4,8,12,13,15,16,18,20
2016-01-02,10:00,21,7,1,2,6,7,10,11,14,16,17,19
2016-01-02,11:00,22,6,2,3,5,6,8,10,16,17,18,19
2016-01-02,12:00,23,14,2,3,7,9,10,12,13,14,15,16
2016-01-02,13:00,24,14,1,4,5,6,7,9,15,16,18,20
2016-01-02,14:00,25,14,2,5,6,10,14,15,16,17,18,20
2016-01-02,15:00,26,8,3,6,8,9,11,12,15,18,19,20
2016-01-02,16:00,27,10,2,4,5,6,9,11,13,14,17,19
2016-01-02,17:00,28,15,4,5,7,8,10,11,13,15,16,18
2016-01-02,18:00,29,12,1,3,4,5,7,9,11,17,19,20
2016-01-02,19:00,30,8,1,4,5,8,9,10,11,15,17,20
2016-01-02,20:00,31,8,1,3,4,5,6,10,13,14,15,17
2016-01-02,21:00,32,16,2,5,7,8,9,10,11,14,18,20
2016-01-02,22:00,33,18,1,5,7,8,9,10,12,13,17,19
2016-01-02,23:00,34,16,1,3,5,6,7,8,10,11,12,13
2016-01-03,07:00,35,14,2,4,7,8,9,10,15,16,17,19
2016-01-03,08:00,36,3,1,6,7,11,12,13,14,16,17,18
2016-01-03,09:00,37,15,2,3,5,6,8,11,13,16,18,20
2016-01-03,10:00,38,7,2,5,10,12,13,15,16,18,19,20
2016-01-03,11:00,39,17,1,6,7,8,9,12,14,17,18,19
2016-01-03,12:00,40,17,1,4,5,10,12,14,15,16,18,20
2016-01-03,13:00,41,12,1,3,4,7,8,10,11,15,16,19
2016-01-03,14:00,42,15,1,3,4,7,8,9,14,15,18,20
2016-01-03,15:00,43,12,1,2,3,5,6,8,12,13,14,20
2016-01-03,16:00,44,2,1,4,7,9,10,11,13,16,17,19
2016-01-03,17:00,45,16,1,4,6,11,12,13,15,16,19,20
2016-01-03,18:00,46,4,1,2,4,7,11,12,13,17,19,20
2016-01-03,19:00,47,7,1,3,5,8,12,13,14,15,19,20
2016-01-03,20:00,48,7,2,3,5,6,7,8,15,18,19,20
2016-01-03,21:00,49,3,1,2,3,4,9,11,12,13,15,17
2016-01-03,22:00,50,9,1,3,4,5,6,10,11,12,17,18
2016-01-03,23:00,51,9,2,4,7,9,10,11,12,13,14,15
2016-01-04,07:00,52,19,1,4,5,6,7,11,13,14,17,20
2016-01-04,08:00,53,17,2,3,6,10,11,13,14,18,19,20
2016-01-04,09:00,54,8,2,5,6,8,11,12,14,15,16,19
2016-01-04,10:00,55,16,1,2,4,6,8,11,15,16,19,20
2016-01-04,11:00,56,5,2,3,4,8,10,11,12,16,18,19
2016-01-04,12:00,57,12,1,5,7,9,10,12,13,16,17,19
2016-01-04,13:00,58,13,5,6,8,10,13,14,15,16,17,19
2016-01-04,14:00,59,3,2,4,6,11,12,13,14,16,18,19
2016-01-04,15:00,60,11,1,2,7,9,10,11,14,15,18,20
2016-01-04,16:00,61,5,1,2,7,10,11,12,15,16,17,18
2016-01-04,17:00,62,4,1,4,7,10,11,12,14,16,17,18
2016-01-04,18:00,63,19,1,3,5,6,7,9,11,13,14,19
2016-01-04,19:00,64,6,3,5,8,9,10,13,14,17,18,19
2016-01-04,20:00,65,10,3,4,7,9,10,11,15,18,19,20
2016-01-04,21:00,66,3,1,2,9,10,11,12,13,15,17,19
2016-01-04,22:00,67,14,2,6,8,10,11,12,13,16,17,19
2016-01-04,23:00,68,11,2,3,5,6,7,9,11,12,14,16
2016-01-05,07:00,69,13,5,6,7,8,9,10,11,13,15,19
2016-01-05,08:00,70,19,1,2,3,5,7,9,11,13,16,20
2016-01-05,09:00,71,11,8,9,10,11,12,13,14,15,16,20
2016-01-05,10:00,72,15,3,5,7,9,10,12,14,15,16,18
2016-01-05,11:00,73,10,1,3,7,8,10,12,14,15,17,19
2016-01-05,12:00,74,1,1,2,5,6,7,8,10,14,18,20
2016-01-05,13:00,75,20,1,2,5,6,9,14,15,17,18,20
2016-01-05,14:00,76,10,3,5,6,7,8,11,14,15,16,18
2016-01-05,15:00,77,6,1,2,3,4,7,9,11,12,14,18
2016-01-05,16:00,78,13,1,3,4,5,10,14,15,16,18,20
2016-01-05,17:00,79,7,2,4,5,6,8,10,11,13,14,20
2016-01-05,18:00,80,18,1,2,3,5,6,8,13,17,19,20
2016-01-05,19:00,81,8,3,4,5,9,10,11,13,15,16,17
2016-01-05,20:00,82,19,1,2,3,4,7,15,16,17,18,19
2016-01-05,21:00,83,20,1,3,6,7,8,12,16,18,19,20
2016-01-05,22:00,84,7,3,4,5,8,9,10,13,14,16,18
2016-01-05,23:00,85,20,5,7,8,9,13,14,15,17,18,19
2016-01-06,07:00,86,15,1,3,4,6,7,8,11,15,16,18
2016-01-06,08:00,87,15,1,2,5,8,12,13,15,16,17,20
2016-01-06,09:00,88,14,3,7,8,14,15,16,17,18,19,20
2016-01-06,10:00,89,10,1,2,4,6,10,11,13,14,17,18
2016-01-06,11:00,90,6,2,5,6,7,10,11,13,14,16,20
2016-01-06,12:00,91,11,1,2,5,11,12,13,15,16,17,18
2016-01-06,13:00,92,20,2,3,5,7,8,9,10,12,14,15
2016-01-06,14:00,93,14,1,7,8,9,10,11,15,16,17,19
2016-01-06,15:00,94,1,2,3,4,5,6,10,11,15,18,19
2016-01-06,16:00,95,7,1,3,4,7,9,12,15,18,19,20
2016-01-06,17:00,96,8,2,3,6,7,8,10,12,16,18,20
2016-01-06,18:00,97,16,1,2,3,6,7,11,14,15,19,20
2016-01-06,19:00,98,16,1,3,5,6,7,8,10,13,15,18
2016-01-06,20:00,99,4,3,4,9,11,13,16,17,18,19,20
2016-01-06,21:00,100,19,1,7,9,11,14,15,16,17,18,20
2016-01-06,22:00,101,20,1,3,7,9,10,11,12,14,17,19
2016-01-06,23:00,102,12,1,2,3,7,10,11,12,17,18,19
2016-01-07,07:00,103,16,1,2,3,4,6,8,11,12,13,17
2016-01-07,08:00,104,11,3,5,9,10,11,13,14,15,16,18
2016-01-07,09:00,105,20,3,4,5,6,11,12,15,17,18,19
2016-01-07,10:00,106,15,2,4,5,6,7,10,11,12,13,16
2016-01-07,11:00,107,19,3,4,5,7,11,12,14,18,19,20
2016-01-07,12:00,108,8,1,2,3,7,10,12,13,14,16,17
2016-01-07,13:00,109,16,4,7,8,9,11,14,15,16,18,20
2016-01-07,14:00,110,11,2,3,4,5,7,8,10,15,17,20
2016-01-07,15:00,111,15,1,4,6,7,10,12,14,15,16,17
2016-01-07,16:00,112,5,2,4,5,6,7,13,14,15,16,20
2016-01-07,17:00,113,3,1,2,3,5,9,11,12,14,17,19
2016-01-07,18:00,114,7,3,5,6,8,9,12,16,17,18,20
2016-01-07,19:00,115,13,1,2,8,10,12,14,15,17,19,20
2016-01-07,20:00,116,17,2,3,5,8,9,10,14,15,17,19
2016-01-07,21:00,117,20,1,3,6,8,10,13,14,17,18,19
2016-01-07,22:00,118,4,3,4,5,6,7,9,10,11,17,19
2016-01-07,23:00,119,6,6,7,9,10,12,13,16,17,19,20
2016-01-08,07:00,120,8,1,2,5,6,9,10,13,17,19,20
2016-01-08,08:00,121,12,6,8,9,10,11,12,14,18,19,20
2016-01-08,09:00,122,18,1,3,4,7,8,10,13,15,18,19
2016-01-08,10:00,123,16,3,4,5,6,7,8,10,11,13,14
2016-01-08,11:00,124,6,2,3,5,6,8,14,15,16,18,19
2016-01-08,12:00,125,19,1,3,6,10,11,14,15,16,17,20
2016-01-08,13:00,126,7,4,7,9,10,12,13,15,17,18,20
2016-01-08,14:00,127,17,2,4,9,10,11,12,16,17,18,20
2016-01-08,15:00,128,12,2,3,5,7,8,10,11,13,17,19
2016-01-08,16:00,129,15,3,5,6,7,8,9,11,12,14,20
2016-01-08,17:00,130,1,1,2,4,5,6,7,8,10,11,12
2016-01-08,18:00,131,12,1,3,4,5,8,9,13,15,16,18
2016-01-08,19:00,132,12,2,4,6,8,10,11,16,17,18,19
2016-01-08,20:00,133,20,3,6,7,8,9,11,16,17,19,20
2016-01-08,21:00,134,9,1,2,8,10,12,13,14,16,18,20
2016-01-08,22:00,135,7,1,2,3,4,11,14,16,17,18,20
2016-01-08,23:00,136,15,1,3,7,8,10,11,12,16,17,19
2016-01-09,07:00,137,15,1,4,5,7,9,12,14,15,18,19
2016-01-09,08:00,138,1,1,3,5,7,9,10,12,14,16,20
2016-01-09,09:00,139,20,1,2,6,10,11,12,13,14,15,16
2016-01-09,10:00,140,10,1,2,4,5,9,10,11,14,16,18
2016-01-09,11:00,141,20,4,5,6,8,9,11,12,13,15,17
2016-01-09,12:00,142,11,1,2,3,7,11,13,14,15,18,20
2016-01-09,13:00,143,2,1,3,4,5,7,12,13,15,17,19
2016-01-09,14:00,144,19,1,3,4,7,8,9,12,13,14,15
2016-01-09,15:00,145,3,1,3,5,8,9,11,15,18,19,20
2016-01-09,16:00,146,6,1,4,6,8,9,10,14,17,19,20
2016-01-09,17:00,147,2,5,6,7,9,12,13,14,15,17,18
2016-01-09,18:00,148,4,1,2,3,4,5,6,7,8,9,19
2016-01-09,19:00,149,19,1,2,3,7,8,9,10,11,15,20
2016-01-09,20:00,150,19,1,2,3,4,5,6,7,11,15,19
2016-01-09,21:00,151,19,2,6,9,12,13,14,15,16,17,18
2016-01-09,22:00,152,6,2,6,7,9,10,11,13,15,19,20
2016-01-09,23:00,153,1,1,2,4,8,9,15,17,18,19,20
2016-01-10,07:00,154,11,1,4,5,6,9,10,12,14,15,17
2016-01-10,08:00,155,18,3,5,6,10,11,13,16,18,19,20
2016-01-10,09:00,156,2,1,2,4,10,12,13,14,15,18,19
2016-01-10,10:00,157,12,2,3,5,6,10,11,16,18,19,20
2016-01-10,11:00,158,16,1,2,5,6,9,12,16,17,18,20
2016-01-10,12:00,159,5,2,3,4,6,7,9,10,15,17,19
2016-01-10,13:00,160,5,4,6,8,9,14,15,16,17,19,20
2016-01-10,14:00,161,17,2,3,4,8,10,13,14,15,16,17
2016-01-10,15:00,162,11,1,3,5,6,7,8,9,10,13,19
2016-01-10,16:00,163,17,1,7,9,10,11,13,14,16,18,19
2016-01-10,17:00,164,8,1,4,5,6,9,10,13,14,16,19
2016-01-10,18:00,165,16,1,3,4,6,8,11,14,16,17,18
2016-01-10,19:00,166,6,2,5,7,8,10,11,12,16,17,18
2016-01-10,20:00,167,11,3,4,7,8,10,11,14,16,18,20
2016-01-10,21:00,168,14,1,3,6,7,8,13,14,16,18,19
2016-01-10,22:00,169,19,1,2,6,9,10,13,14,15,18,19
2016-01-10,23:00,170,1,4,7,9,10,11,13,15,18,19,20
2016-01-11,07:00,171,4,3,4,7,9,10,11,12,14,17,20
2016-01-11,08:00,172,1,2,6,7,8,9,10,12,14,16,20
2016-01-11,09:00,173,1,2,3,4,6,9,13,14,15,16,19
2016-01-11,10:00,174,2,1,3,4,7,10,14,16,17,19,20
2016-01-11,11:00,175,4,1,2,3,4,6,7,9,12,16,17
2016-01-11,12:00,176,16,1,3,4,12,13,15,16,17,19,20
2016-01-11,13:00,177,16,2,3,4,5,6,9,13,18,19,20
2016-01-11,14:00,178,13,2,3,5,7,9,11,15,17,18,19
2016-01-11,15:00,179,9,1,3,5,6,8,11,12,13,14,18
2016-01-11,16:00,180,12,2,3,7,9,10,12,13,15,16,17
2016-01-11,17:00,181,8,2,4,5,7,10,13,15,17,18,19
2016-01-11,18:00,182,1,1,4,5,7,8,10,11,13,15,18
2016-01-11,19:00,183,20,2,6,8,9,12,14,16,17,18,19
2016-01-11,20:00,184,14,2,3,4,7,9,10,12,13,15,17
2016-01-11,21:00,185,15,2,3,5,8,9,11,13,15,16,17
2016-01-11,22:00,186,1,1,3,6,7,9,12,14,16,17,18
2016-01-11,23:00,187,17,1,7,8,11,12,13,14,17,19,20
2016-01-12,07:00,188,4,3,4,5,6,9,10,14,15,16,18
2016-01-12,08:00,189,13,2,4,5,6,9,10,14,16,18,19
2016-01-12,09:00,190,13,1,2,4,8,9,10,11,14,16,17
2016-01-12,10:00,191,6,2,3,4,8,10,13,15,16,19,20
2016-01-12,11:00,192,9,1,2,4,7,9,10,11,15,16,20
2016-01-12,12:00,193,19,2,4,6,7,8,11,15,16,17,20
2016-01-12,13:00,194,14,1,6,7,9,11,13,14,15,19,20
2016-01-12,14:00,195,8,1,4,8,10,11,14,15,18,19,20
2016-01-12,15:00,196,12,1,2,3,6,7,12,14,16,18,19
2016-01-12,16:00,197,12,1,2,4,5,7,9,10,16,19,20
2016-01-12,17:00,198,8,1,3,5,8,9,12,14,15,16,19
2016-01-12,18:00,199,6,2,4,5,7,9,12,13,15,18,19
2016-01-12,19:00,200,18,1,3,5,7,10,12,14,16,17,18
2016-01-12,20:00,201,11,2,5,6,8,9,10,14,18,19,20
2016-01-12,21:00,202,20,3,4,5,9,10,11,17,18,19,20
2016-01-12,22:00,203,15,1,4,7,8,9,10,12,13,16,19
2016-01-12,23:00,204,5,1,2,5,6,10,11,13,15,16,18
2016-01-13,07:00,205,15,2,3,4,5,7,12,13,16,17,18
2016-01-13,08:00,206,3,1,2,3,4,5,6,7,9,18,19
2016-01-13,09:00,207,19,1,7,8,9,10,13,14,15,19,20
2016-01-13,10:00,208,3,1,4,5,7,11,12,13,14,15,18
2016-01-13,11:00,209,9,3,5,6,8,9,10,11,14,16,18
2016-01-13,12:00,210,10,1,2,8,9,11,12,13,14,17,19
2016-01-13,13:00,211,6,1,6,8,9,10,12,14,16,17,19
2016-01-13,14:00,212,15,1,2,5,6,10,12,14,16,18,20
2016-01-13,15:00,213,12,1,3,6,10,12,14,16,17,18,19
2016-01-13,16:00,214,2,2,4,6,8,12,15,16,18,19,20
2016-01-13,17:00,215,4,2,4,6,10,12,14,15,16,19,20
2016-01-13,18:00,216,8,1,3,4,5,8,11,15,16,18,19
2016-01-13,19:00,217,17,3,5,7,13,14,15,16,18,19,20
2016-01-13,20:00,218,14,3,5,6,7,10,13,15,17,18,20
2016-01-13,21:00,219,15,1,2,3,6,8,10,13,14,15,17
2016-01-13,22:00,220,3,2,3,4,5,11,15,16,18,19,20
2016-01-13,23:00,221,7,2,3,6,7,8,11,15,17,18,19
2016-01-14,07:00,222,20,1,3,5,11,13,15,16,18,19,20
2016-01-14,08:00,223,9,1,2,3,4,7,9,10,11,14,16
2016-01-14,09:00,224,15,2,7,8,9,12,13,14,15,16,17
2016-01-14,10:00,225,6,3,4,5,6,9,11,13,15,16,18
2016-01-14,11:00,226,17,2,3,4,6,8,14,15,16,17,19
2016-01-14,12:00,227,10,1,2,8,10,12,14,15,16,17,18
2016-01-14,13:00,228,13,1,3,4,5,6,10,11,15,16,20
2016-01-14,14:00,229,11,1,3,4,6,9,12,14,16,18,19
2016-01-14,15:00,230,2,6,7,8,11,13,14,15,16,19,20
2016-01-14,16:00,231,17,3,4,6,11,12,13,14,16,17,19
2016-01-14,17:00,232,2,3,4,8,9,11,14,15,17,18,19
2016-01-14,18:00,233,19,2,5,6,9,10,13,17,18,19,20
2016-01-14,19:00,234,6,2,4,9,10,12,13,14,15,17,19
2016-01-14,20:00,235,10,1,4,6,7,8,9,11,12,13,15
2016-01-14,21:00,236,12,1,3,6,7,9,10,12,14,17,20
2016-01-14,22:00,237,5,1,4,6,7,8,9,10,11,15,17
2016-01-14,23:00,238,13,5,6,8,9,10,12,13,15,16,18
2016-01-15,07:00,239,6,3,4,6,9,10,13,14,17,19,20
2016-01-15,08:00,240,20,1,6,7,8,11,13,14,17,18,19
2016-01-15,09:00,241,15,3,4,6,8,13,14,16,17,18,20
2016-01-15,10:00,242,15,5,7,9,12,13,14,16,17,18,20
2016-01-15,11:00,243,13,3,4,6,10,13,14,16,18,19,20
2016-01-15,12:00,244,6,1,5,6,12,13,14,17,18,19,20
2016-01-15,13:00,245,14,1,7,9,10,12,13,16,17,18,20
2016-01-15,14:00,246,2,1,3,4,6,8,10,11,16,19,20
2016-01-15,15:00,247,15,1,2,6,7,9,12,14,16,18,20
2016-01-15,16:00,248,20,2,8,9,10,11,13,15,16,17,19
2016-01-15,17:00,249,1,1,4,5,9,14,16,17,18,19,20
2016-01-15,18:00,250,10,1,4,7,9,10,13,17,18,19,20
2016-01-15,19:00,251,8,1,4,5,6,7,8,17,18,19,20
2016-01-15,20:00,252,13,2,3,4,5,7,8,10,12,16,18
2016-01-15,21:00,253,13,7,8,9,10,12,13,14,16,18,20
2016-01-15,22:00,254,5,1,2,5,7,10,13,15,16,17,18
2016-01-15,23:00,255,5,1,2,4,6,7,9,10,13,15,16
2016-01-16,07:00,256,8,1,2,4,7,9,10,11,16,17,18
2016-01-16,08:00,257,17,1,2,4,6,10,12,13,14,18,19
2016-01-16,09:00,258,11,3,9,10,11,12,14,16,17,18,20
2016-01-16,10:00,259,19,1,2,4,6,8,13,14,15,17,19
2016-01-16,11:00,260,13,3,4,5,6,13,15,17,18,19,20
2016-01-16,12:00,261,5,2,3,9,11,14,15,16,18,19,20
2016-01-16,13:00,262,10,1,5,7,9,10,12,14,15,18,19
2016-01-16,14:00,263,19,1,5,6,8,11,12,14,15,18,19
2016-01-16,15:00,264,15,3,6,9,13,14,15,16,17,18,19
2016-01-16,16:00,265,3,3,5,6,7,11,13,15,16,18,20
2016-01-16,17:00,266,17,1,3,6,7,10,11,12,15,16,17
2016-01-16,18:00,267,17,1,3,5,7,11,12,14,18,19,20
2016-01-16,19:00,268,17,5,7,10,11,12,13,17,18,19,20
2016-01-16,20:00,269,1,1,6,7,9,11,12,15,16,18,19
2016-01-16,21:00,270,9,1,2,4,6,7,8,10,14,16,17
2016-01-16,22:00,271,15,1,2,7,8,10,11,12,18,19,20
2016-01-16,23:00,272,14,3,4,7,8,9,10,12,15,17,19
2016-01-17,07:00,273,10,1,2,4,9,10,11,15,16,17,18
2016-01-17,08:00,274,19,1,4,5,9,10,13,14,16,17,20
2016-01-17,09:00,275,2,2,7,10,12,13,15,16,18,19,20
2016-01-17,10:00,276,11,1,2,5,10,11,12,13,17,19,20
2016-01-17,11:00,277,5,2,3,5,9,11,12,14,17,18,20
2016-01-17,12:00,278,4,3,6,9,10,11,13,14,15,19,20
2016-01-17,13:00,279,15,5,6,7,8,9,11,13,15,16,18
2016-01-17,14:00,280,3,3,4,6,7,10,12,13,16,18,20
2016-01-17,15:00,281,17,2,3,8,11,12,15,16,17,18,20
2016-01-17,16:00,282,5,1,2,7,8,12,13,14,15,18,20
2016-01-17,17:00,283,4,1,2,4,5,6,8,11,12,14,17
2016-01-17,18:00,284,10,2,4,7,9,12,14,15,16,17,18
2016-01-17,19:00,285,12,1,3,7,9,11,12,15,18,19,20
2016-01-17,20:00,286,12,1,8,9,10,11,12,15,16,19,20
2016-01-17,21:00,287,15,1,4,6,7,9,10,13,14,15,17
2016-01-17,22:00,288,11,1,3,4,6,9,14,15,16,19,20
2016-01-17,23:00,289,8,1,4,5,6,10,13,16,18,19,20
2016-01-18,07:00,290,20,3,5,8,10,11,13,14,15,18,20
2016-01-18,08:00,291,13,1,2,3,10,11,12,14,15,16,19
2016-01-18,09:00,292,5,1,6,7,8,9,10,13,15,17,20
2016-01-18,10:00,293,5,1,6,7,8,9,11,12,13,15,19
2016-01-18,11:00,294,16,2,3,4,5,6,7,8,9,13,14
2016-01-18,12:00,295,14,2,5,6,8,10,11,12,13,19,20
2016-01-18,13:00,296,11,1,6,7,9,10,12,13,14,18,20
2016-01-18,14:00,297,15,3,6,9,13,14,15,16,17,19,20
2016-01-18,15:00,298,8,2,4,5,7,8,9,14,15,16,19
2016-01-18,16:00,299,10,2,3,7,8,10,12,13,15,18,19
2016-01-18,17:00,300,12,3,4,8,9,11,12,15,16,17,19
2016-01-18,18:00,301,18,1,2,3,5,10,11,13,14,18,20
2016-01-18,19:00,302,2,3,4,6,10,11,13,14,18,19,20
2016-01-18,20:00,303,5,2,6,7,8,11,13,14,15,17,18
2016-01-18,21:00,304,16,4,5,7,10,11,12,15,18,19,20
2016-01-18,22:00,305,11,4,5,6,7,8,11,16,17,18,19
2016-01-18,23:00,306,14,1,2,4,6,7,9,11,14,17,20
2016-01-19,07:00,307,16,2,5,6,8,9,13,14,15,16,19
2016-01-19,08:00,308,12,2,3,6,7,9,12,14,15,17,20
2016-01-19,09:00,309,19,4,6,7,8,9,12,13,15,16,17
2016-01-19,10:00,310,18,1,4,6,9,11,15,16,17,18,19
2016-01-19,11:00,311,5,1,2,7,9,11,12,13,16,17,19
2016-01-19,12:00,312,15,4,5,6,8,9,10,11,16,18,20
2016-01-19,13:00,313,17,3,4,5,6,7,9,13,16,19,20
2016-01-19,14:00,314,16,1,2,7,8,10,11,14,15,17,18
2016-01-19,15:00,315,16,3,4,5,9,10,12,13,16,17,19
2016-01-19,16:00,316,14,3,4,5,9,10,13,14,16,19,20
2016-01-19,17:00,317,4,3,4,5,6,7,11,12,17,18,20
2016-01-19,18:00,318,3,2,3,4,5,6,10,12,15,18,19
2016-01-19,19:00,319,3,1,3,4,5,10,12,15,17,19,20
2016-01-19,20:00,320,2,2,4,9,11,12,13,16,17,18,20
2016-01-19,21:00,321,6,5,6,9,10,11,12,13,16,18,19
2016-01-19,22:00,322,9,3,4,6,7,9,10,11,12,17,18
2016-01-19,23:00,323,13,2,4,5,7,8,9,10,14,18,19
2016-01-20,07:00,324,9,3,5,6,7,8,9,10,12,18,19
2016-01-20,08:00,325,20,3,10,11,12,13,14,16,18,19,20
2016-01-20,09:00,326,8,2,4,6,7,8,9,10,12,15,16
2016-01-20,10:00,327,2,1,2,5,6,8,9,12,13,17,19
2016-01-20,11:00,328,1,2,3,5,6,7,9,13,14,15,20
2016-01-20,12:00,329,1,3,7,8,10,12,13,15,16,17,18
2016-01-20,13:00,330,4,3,6,7,8,9,11,13,14,16,17
2016-01-20,14:00,331,7,3,4,5,6,7,8,13,14,18,19
2016-01-20,15:00,332,7,1,2,4,6,11,12,13,15,16,18
2016-01-20,16:00,333,16,4,5,6,9,10,13,15,16,18,19
2016-01-20,17:00,334,18,3,4,6,7,9,10,12,17,19,20
2016-01-20,18:00,335,7,5,7,10,13,14,15,16,17,18,20
2016-01-20,19:00,336,8,1,2,5,6,8,9,12,13,14,16
2016-01-20,20:00,337,9,1,2,3,4,5,6,10,11,14,16
2016-01-20,21:00,338,17,2,3,8,9,11,12,16,17,19,20
2016-01-20,22:00,339,14,2,3,4,5,6,11,13,14,17,19
2016-01-20,23:00,340,17,1,2,3,4,6,10,14,15,19,20
2016-01-21,07:00,341,4,1,3,5,6,7,12,13,15,17,20
2016-01-21,08:00,342,4,1,3,5,6,8,9,10,12,14,18
2016-01-21,09:00,343,5,2,4,6,7,8,9,14,15,18,20
2016-01-21,10:00,344,18,4,6,7,8,12,14,15,18,19,20
2016-01-21,11:00,345,5,2,9,10,12,14,15,16,17,18,19
2016-01-21,12:00,346,3,1,2,3,4,5,10,13,17,18,19
2016-01-21,13:00,347,18,3,7,9,13,14,15,16,17,18,20
2016-01-21,14:00,348,12,2,3,5,6,13,14,15,17,18,19
2016-01-21,15:00,349,8,1,3,4,5,9,10,12,13,14,16
2016-01-21,16:00,350,17,1,2,3,7,9,13,15,16,18,19
2016-01-21,17:00,351,5,1,2,5,8,9,11,12,13,17,18
2016-01-21,18:00,352,10,1,4,6,8,11,13,15,16,17,19
2016-01-21,19:00,353,10,2,4,7,8,9,13,14,15,16,17
2016-01-21,20:00,354,12,1,4,5,6,9,10,12,13,14,19
2016-01-21,21:00,355,4,2,3,4,5,8,10,15,16,17,20
2016-01-21,22:00,356,15,1,5,6,7,9,11,13,16,17,19
2016-01-21,23:00,357,1,2,3,7,8,10,11,13,14,19,20
2016-01-22,07:00,358,6,1,2,6,7,8,9,17,18,19,20
2016-01-22,08:00,359,14,1,3,4,5,9,11,12,15,17,19
2016-01-22,09:00,360,3,3,5,6,7,8,9,14,15,17,20
2016-01-22,10:00,361,4,1,2,5,7,11,14,15,18,19,20
2016-01-22,11:00,362,4,1,2,3,4,7,8,13,14,16,17
2016-01-22,12:00,363,1,2,4,7,8,9,11,13,17,19,20
2016-01-22,13:00,364,3,1,3,5,7,8,9,11,13,14,20
2016-01-22,14:00,365,3,1,3,8,11,13,14,15,16,17,18
2016-01-22,15:00,366,13,3,6,8,10,11,14,15,16,17,18
2016-01-22,16:00,367,12,4,5,6,8,9,11,13,15,19,20
2016-01-22,17:00,368,18,1,6,7,8,9,11,12,14,16,18
2016-01-22,18:00,369,18,1,2,3,7,8,10,12,15,17,18
2016-01-22,19:00,370,15,2,3,8,10,12,13,14,16,19,20
2016-01-22,20:00,371,6,8,9,10,11,12,13,14,15,16,20
2016-01-22,21:00,372,6,1,4,5,6,7,8,14,15,16,20
2016-01-22,22:00,373,11,1,6,8,9,11,12,13,15,16,20
2016-01-22,23:00,374,7,1,2,3,5,6,12,14,16,17,20
2016-01-23,07:00,375,10,1,3,6,7,8,13,14,15,16,18
2016-01-23,08:00,376,14,2,4,6,7,8,9,10,11,14,15
2016-01-23,09:00,377,8,5,7,8,11,12,14,15,16,17,19
2016-01-23,10:00,378,19,1,2,4,5,9,12,13,14,17,20
2016-01-23,11:00,379,11,3,5,8,9,11,12,14,15,16,18
2016-01-23,12:00,380,12,2,3,4,5,8,10,11,12,17,19
2016-01-23,13:00,381,4,6,7,11,13,15,16,17,18,19,20
2016-01-23,14:00,382,15,3,6,7,8,11,15,16,17,19,20
2016-01-23,15:00,383,15,2,3,4,5,8,12,14,15,16,17
2016-01-23,16:00,384,16,1,2,6,10,11,12,13,14,18,19
2016-01-23,17:00,385,2,2,6,7,8,11,14,15,18,19,20
2016-01-23,18:00,386,15,1,3,5,7,8,9,13,14,17,18
2016-01-23,19:00,387,10,1,2,4,5,6,7,10,12,17,18
2016-01-23,20:00,388,1,3,6,7,9,10,11,12,15,16,17
2016-01-23,21:00,389,18,5,7,8,9,11,12,13,14,15,19
2016-01-23,22:00,390,19,4,5,6,7,9,11,13,15,16,19
2016-01-23,23:00,391,12,2,3,4,9,11,14,16,18,19,20
2016-01-24,07:00,392,17,1,4,8,9,10,12,13,14,16,17
2016-01-24,08:00,393,1,2,3,4,5,8,9,11,13,15,19
2016-01-24,09:00,394,17,3,4,5,7,8,10,16,18,19,20
2016-01-24,10:00,395,11,1,2,3,6,7,8,9,10,13,15
2016-01-24,11:00,396,19,1,3,6,8,9,11,15,16,18,19
2016-01-24,12:00,397,17,3,5,6,8,14,15,16,18,19,20
2016-01-24,13:00,398,16,1,3,7,8,11,14,15,17,18,20
2016-01-24,14:00,399,7,2,3,4,7,11,12,13,14,16,18
2016-01-24,15:00,400,13,1,2,6,12,13,14,15,18,19,20
2016-01-24,16:00,401,2,1,2,3,5,8,9,11,13,17,18
2016-01-24,17:00,402,11,2,6,8,10,11,12,13,16,17,20
2016-01-24,18:00,403,6,4,6,7,9,11,13,14,15,16,18
2016-01-24,19:00,404,16,1,4,7,8,9,10,12,13,14,17
2016-01-24,20:00,405,15,2,3,4,6,7,8,9,12,14,16
2016-01-24,21:00,406,7,8,10,11,14,15,16,17,18,19,20
2016-01-24,22:00,407,6,1,7,8,9,10,13,15,18,19,20
2016-01-24,23:00,408,13,2,3,5,7,9,10,13,17,18,20
2016-01-25,07:00,409,2,1,2,3,9,11,12,14,16,17,20
2016-01-25,08:00,410,11,1,2,7,10,11,13,16,17,18,19
2016-01-25,09:00,411,15,4,5,6,7,10,11,12,14,17,20
2016-01-25,10:00,412,11,3,8,9,10,11,12,14,15,17,20
2016-01-25,11:00,413,10,1,3,4,5,11,12,14,15,18,20
2016-01-25,12:00,414,3,3,4,6,8,9,10,12,18,19,20
2016-01-25,13:00,415,5,3,4,5,9,12,13,17,18,19,20
2016-01-25,14:00,416,1,1,2,4,5,7,9,12,16,17,18
2016-01-25,15:00,417,13,4,5,6,7,10,11,12,13,14,18
2016-01-25,16:00,418,7,5,8,9,11,12,13,15,16,17,19
2016-01-25,17:00,419,1,3,4,6,7,12,13,14,16,17,19
2016-01-25,18:00,420,16,1,3,4,5,6,8,10,11,13,19
2016-01-25,19:00,421,13,1,4,5,8,9,10,11,13,15,16
2016-01-25,20:00,422,1,3,4,5,7,10,11,14,17,19,20
2016-01-25,21:00,423,20,1,6,8,9,10,13,14,16,17,18
2016-01-25,22:00,424,10,1,3,4,5,9,14,15,16,17,20
2016-01-25,23:00,425,6,1,4,7,8,9,14,15,18,19,20
2016-01-26,07:00,426,3,3,8,10,11,13,14,15,17,19,20
2016-01-26,08:00,427,14,2,3,5,7,10,11,15,16,17,20
2016-01-26,09:00,428,2,3,5,7,9,10,11,16,18,19,20
2016-01-26,10:00,429,3,3,5,6,9,10,12,13,15,16,18
2016-01-26,11:00,430,5,1,2,3,4,5,6,7,10,15,18
2016-01-26,12:00,431,6,1,5,6,7,9,12,14,15,16,17
2016-01-26,13:00,432,1,1,3,7,13,14,16,17,18,19,20
2016-01-26,14:00,433,15,1,2,3,4,9,10,11,15,17,18
2016-01-26,15:00,434,18,1,3,4,6,7,10,12,14,16,17
2016-01-26,16:00,435,12,1,2,3,4,5,10,12,16,18,20
2016-01-26,17:00,436,2,2,3,4,5,7,8,11,12,14,15
2016-01-26,18:00,437,9,3,6,7,8,10,13,15,17,19,20
2016-01-26,19:00,438,13,4,6,7,9,11,15,16,17,18,20
2016-01-26,20:00,439,4,1,2,4,7,9,10,12,13,16,18
2016-01-26,21:00,440,12,1,3,5,10,11,13,14,16,18,20
2016-01-26,22:00,441,8,1,2,3,4,6,11,13,14,18,20
2016-01-26,23:00,442,12,1,2,7,8,9,10,13,15,17,18
2016-01-27,07:00,443,13,2,4,5,6,8,9,10,17,19,20
2016-01-27,08:00,444,1,1,2,6,7,9,10,13,14,16,18
2016-01-27,09:00,445,11,5,6,9,10,11,14,16,17,18,20
2016-01-27,10:00,446,18,2,3,4,5,7,8,9,13,15,16
2016-01-27,11:00,447,14,1,5,6,8,12,13,14,16,18,19
2016-01-27,12:00,448,8,1,2,4,7,10,13,14,15,19,20
2016-01-27,13:00,449,8,1,5,6,7,10,11,13,16,17,18
2016-01-27,14:00,450,9,3,4,5,7,8,11,13,14,16,19
2016-01-27,15:00,451,7,4,5,8,11,13,14,15,16,18,20
2016-01-27,16:00,452,7,1,3,5,8,11,12,16,18,19,20
2016-01-27,17:00,453,5,1,3,5,7,10,11,14,18,19,20
2016-01-27,18:00,454,20,1,3,4,7,10,11,12,13,14,16
2016-01-27,19:00,455,14,4,6,7,10,11,12,13,14,16,17
2016-01-27,20:00,456,6,4,5,6,7,8,14,15,16,17,18
2016-01-27,21:00,457,17,1,2,3,5,9,13,15,16,19,20
2016-01-27,22:00,458,8,1,2,5,6,7,8,9,11,17,19
2016-01-27,23:00,459,3,6,7,8,9,13,15,16,17,18,20
2016-01-28,07:00,460,20,4,6,9,11,12,13,14,18,19,20
2016-01-28,08:00,461,1,5,8,10,11,12,13,14,16,17,20
2016-01-28,09:00,462,5,3,4,6,7,8,9,10,11,12,19
2016-01-28,10:00,463,17,3,4,6,7,9,10,11,17,18,19
2016-01-28,11:00,464,8,1,2,3,5,10,11,12,13,17,19
2016-01-28,12:00,465,12,1,4,5,6,7,8,12,16,17,19
2016-01-28,13:00,466,20,1,2,6,7,9,10,11,12,15,20
2016-01-28,14:00,467,20,5,6,8,9,10,11,12,16,17,18
2016-01-28,15:00,468,18,2,4,5,8,12,15,17,18,19,20
2016-01-28,16:00,469,18,4,5,7,8,11,14,15,16,18,19
2016-01-28,17:00,470,3,1,2,4,6,9,10,11,13,18,19
2016-01-28,18:00,471,9,2,3,4,5,9,10,11,14,15,16
2016-01-28,19:00,472,14,1,3,5,6,9,10,13,16,17,20
2016-01-28,20:00,473,17,2,3,4,5,7,14,16,18,19,20
2016-01-28,21:00,474,1,1,3,4,5,6,7,10,11,13,14
2016-01-28,22:00,475,8,1,3,5,6,8,9,10,13,15,17
2016-01-28,23:00,476,16,4,6,7,8,11,13,16,17,19,20
2016-01-29,07:00,477,6,1,2,3,5,7,9,10,13,17,20
2016-01-29,08:00,478,20,2,5,6,7,9,13,14,15,18,20
2016-01-29,09:00,479,20,3,5,6,7,9,11,14,15,17,19
2016-01-29,10:00,480,11,3,6,8,9,10,12,14,15,17,20
2016-01-29,11:00,481,11,1,2,3,6,8,9,10,16,17,19
2016-01-29,12:00,482,17,1,2,3,6,7,14,15,16,17,18
2016-01-29,13:00,483,17,1,2,4,5,6,11,13,14,18,20
2016-01-29,14:00,484,13,5,9,10,11,12,13,14,17,18,20
2016-01-29,15:00,485,11,7,9,11,12,13,15,16,18,19,20
2016-01-29,16:00,486,20,1,3,4,10,11,13,14,15,16,18
2016-01-29,17:00,487,12,1,3,5,7,8,12,14,15,16,20
2016-01-29,18:00,488,20,2,3,6,7,8,10,12,13,16,17
2016-01-29,19:00,489,14,1,3,5,7,9,11,13,15,16,19
2016-01-29,20:00,490,14,2,4,5,8,9,10,11,12,13,15
2016-01-29,21:00,491,1,1,5,7,8,9,11,13,14,16,17
2016-01-29,22:00,492,4,1,5,8,9,10,13,14,16,17,20
2016-01-29,23:00,493,6,1,4,5,8,9,10,11,12,13,16
2016-01-30,07:00,494,12,4,5,7,8,10,12,14,16,17,19
2016-01-30,08:00,495,16,1,2,3,6,7,10,12,13,15,17
2016-01-30,09:00,496,9,7,8,9,11,12,13,14,16,18,19
2016-01-30,10:00,497,20,1,2,3,5,8,9,12,14,15,20
2016-01-30,11:00,498,18,1,2,3,5,6,9,10,12,19,20
2016-01-30,12:00,499,9,2,4,8,9,13,14,15,16,17,19
2016-01-30,13:00,500,20,1,3,9,10,11,12,13,15,17,18
2016-01-30,14:00,501,20,5,6,8,9,13,14,15,17,18,19
2016-01-30,15:00,502,7,1,5,6,7,8,12,13,14,17,19
2016-01-30,16:00,503,11,1,3,5,7,9,12,13,15,19,20
2016-01-30,17:00,504,20,1,4,5,6,11,13,15,18,19,20
2016-01-30,18:00,505,17,1,3,9,10,11,12,17,18,19,20
2016-01-30,19:00,506,1,1,3,4,6,8,15,16,17,18,20
2016-01-30,20:00,507,13,2,6,7,9,12,15,16,17,18,19
2016-01-30,21:00,508,3,4,6,7,10,11,14,15,16,17,18
2016-01-30,22:00,509,20,1,3,5,6,9,12,13,15,17,19
2016-01-30,23:00,510,19,1,2,3,4,8,10,11,13,17,20
2016-01-31,07:00,511,13,3,5,6,7,10,11,12,13,19,20
2016-01-31,08:00,512,19,1,3,6,7,10,11,13,15,17,20
2016-01-31,09:00,513,10,2,4,5,7,8,10,11,15,16,17
2016-01-31,10:00,514,18,1,2,4,5,7,9,10,14,15,19
2016-01-31,11:00,515,11,4,7,9,12,13,14,16,17,18,20
2016-01-31,12:00,516,4,1,2,6,7,10,12,14,16,18,20
2016-01-31,13:00,517,1,1,2,3,4,6,8,11,16,17,19
2016-01-31,14:00,518,18,1,2,5,8,9,11,12,17,18,20
2016-01-31,15:00,519,8,1,3,5,9,10,13,14,15,17,20
2016-01-31,16:00,520,4,2,3,5,11,12,13,14,17,18,20
2016-01-31,17:00,521,16,1,2,3,4,5,8,10,11,14,16
2016-01-31,18:00,522,2,4,5,8,10,11,12,13,14,15,20
2016-01-31,19:00,523,11,1,4,6,8,9,10,16,17,18,20
2016-01-31,20:00,524,16,5,6,8,12,13,14,15,16,17,19
2016-01-31,21:00,525,1,4,7,8,9,11,13,14,15,18,20
2016-01-31,22:00,526,15,1,2,6,8,9,12,13,17,18,19
2016-01-31,23:00,527,13,2,4,9,11,12,13,14,17,18,20
2016-02-01,07:00,528,17,1,3,4,7,8,10,12,16,18,20
2016-02-01,08:00,529,11,2,5,8,9,10,16,17,18,19,20
2016-02-01,09:00,530,11,1,4,5,7,8,12,14,16,18,20
2016-02-01,10:00,531,3,3,5,8,11,12,13,14,15,19,20
2016-02-01,11:00,532,10,2,5,7,9,10,12,13,15,17,20
2016-02-01,12:00,533,19,3,7,11,13,14,15,16,18,19,20
2016-02-01,13:00,534,6,3,4,7,8,11,12,17,18,19,20
2016-02-01,14:00,535,15,3,4,6,7,8,9,12,17,18,19
2016-02-01,15:00,536,1,1,2,3,7,11,12,14,15,18,19
2016-02-01,16:00,537,7,2,7,9,10,11,13,15,16,19,20
2016-02-01,17:00,538,4,1,2,3,4,6,14,15,17,19,20
2016-02-01,18:00,539,1,4,7,8,9,11,13,15,16,17,20
2016-02-01,19:00,540,9,2,3,4,5,6,9,10,13,18,19
2016-02-01,20:00,541,15,3,5,6,8,13,14,16,17,18,20
2016-02-01,21:00,542,12,5,6,7,10,11,12,14,15,17,18
2016-02-01,22:00,543,3,4,5,7,9,10,11,12,13,16,19
2016-02-01,23:00,544,16,1,3,7,8,9,11,13,14,18,19
2016-02-02,07:00,545,14,1,2,3,5,13,14,17,18,19,20
2016-02-02,08:00,546,19,2,4,7,13,14,15,16,18,19,20
2016-02-02,09:00,547,7,3,5,8,9,10,11,12,16,17,20
2016-02-02,10:00,548,4,1,2,4,5,8,11,14,15,19,20
2016-02-02,11:00,549,13,3,4,5,6,7,8,13,18,19,20
2016-02-02,12:00,550,14,2,6,8,9,10,11,12,13,16,19
2016-02-02,13:00,551,7,3,8,12,13,14,15,16,17,18,20
2016-02-02,14:00,552,13,1,11,12,13,14,15,16,17,18,19
2016-02-02,15:00,553,18,1,3,5,8,9,11,12,15,19,20
2016-02-02,16:00,554,19,1,4,6,8,10,14,15,16,17,19
2016-02-02,17:00,555,11,6,7,9,11,12,16,17,18,19,20
2016-02-02,18:00,556,13,1,2,3,4,11,12,15,16,17,19
2016-02-02,19:00,557,2,2,3,5,7,8,12,13,16,19,20
2016-02-02,20:00,558,19,4,6,8,9,10,11,16,18,19,20
2016-02-02,21:00,559,18,2,3,4,5,7,15,16,18,19,20
2016-02-02,22:00,560,15,1,4,5,11,12,13,15,16,17,20
2016-02-02,23:00,561,16,1,3,5,8,9,11,15,17,19,20
2016-02-03,07:00,562,17,2,3,5,8,9,12,14,15,16,19
2016-02-03,08:00,563,7,2,4,5,6,7,9,10,13,14,15
2016-02-03,09:00,564,3,2,3,4,5,11,13,14,15,17,20
2016-02-03,10:00,565,11,5,7,8,11,14,16,17,18,19,20
2016-02-03,11:00,566,6,2,4,5,6,12,14,16,17,18,19
2016-02-03,12:00,567,3,2,3,5,8,9,10,13,15,17,19
2016-02-03,13:00,568,7,1,2,5,6,7,11,15,16,17,20
2016-02-03,14:00,569,2,2,3,5,6,7,8,11,15,16,19
2016-02-03,15:00,570,16,2,4,6,8,9,13,14,16,18,20
2016-02-03,16:00,571,9,2,4,7,9,10,12,15,16,17,18
2016-02-03,17:00,572,6,1,3,6,8,10,11,13,15,18,19
2016-02-03,18:00,573,1,1,2,3,5,7,8,9,12,17,18
2016-02-03,19:00,574,13,1,3,5,8,10,11,14,15,16,17
2016-02-03,20:00,575,9,3,4,6,7,9,10,12,15,16,19
2016-02-03,21:00,576,17,2,3,4,6,11,14,16,17,18,19
2016-02-03,22:00,577,9,2,4,5,8,10,11,12,14,19,20
2016-02-03,23:00,578,17,1,2,5,6,7,8,16,17,19,20
2016-02-04,07:00,579,17,1,6,7,9,10,12,17,18,19,20
2016-02-04,08:00,580,20,1,3,7,8,9,11,14,15,16,18
2016-02-04,09:00,581,6,2,3,9,10,11,12,13,16,17,20
2016-02-04,10:00,582,4,1,2,3,5,6,7,8,13,16,20
2016-02-04,11:00,583,8,1,2,5,10,11,12,15,16,17,19
2016-02-04,12:00,584,4,1,3,6,11,12,14,15,16,17,19
2016-02-04,13:00,585,8,6,8,9,10,11,14,17,18,19,20
2016-02-04,14:00,586,16,3,5,6,7,8,9,12,17,18,20
2016-02-04,15:00,587,4,5,6,7,10,13,14,16,18,19,20
2016-02-04,16:00,588,11,1,2,4,5,6,8,14,16,17,20
2016-02-04,17:00,589,10,3,4,5,7,8,9,10,16,17,20
2016-02-04,18:00,590,3,1,3,4,5,8,9,11,12,13,15
2016-02-04,19:00,591,10,1,2,3,8,10,11,13,14,16,20
2016-02-04,20:00,592,3,4,5,7,11,14,15,16,17,18,19
2016-02-04,21:00,593,12,2,5,6,7,8,12,15,17,18,19
2016-02-04,22:00,594,11,1,6,7,9,10,12,13,16,17,18
2016-02-04,23:00,595,6,2,7,8,11,12,15,16,18,19,20
2016-02-05,07:00,596,12,2,4,6,11,13,15,16,17,19,20
2016-02-05,08:00,597,19,2,4,7,8,9,10,11,14,16,17
2016-02-05,09:00,598,6,1,3,6,11,13,14,15,16,19,20
2016-02-05,10:00,599,2,1,3,4,5,7,11,12,16,18,20
2016-02-05,11:00,600,10,3,6,8,10,13,15,17,18,19,20
2016-02-05,12:00,601,12,1,2,3,4,6,10,13,14,19,20
2016-02-05,13:00,602,20,2,8,10,12,13,14,17,18,19,20
2016-02-05,14:00,603,6,3,4,6,7,8,10,14,15,18,20
2016-02-05,15:00,604,2,3,5,7,12,15,16,17,18,19,20
2016-02-05,16:00,605,6,2,3,4,6,7,11,14,15,19,20
2016-02-05,17:00,606,11,3,4,9,10,11,12,14,16,19,20
2016-02-05,18:00,607,11,2,5,6,7,8,9,14,15,19,20
2016-02-05,19:00,608,1,1,3,7,8,9,14,17,18,19,20
2016-02-05,20:00,609,18,2,4,5,6,7,9,13,16,19,20
2016-02-05,21:00,610,12,1,2,3,4,5,6,10,12,16,19
2016-02-05,22:00,611,11,2,4,5,7,9,11,13,15,16,20
2016-02-05,23:00,612,20,1,2,3,4,7,9,12,17,19,20
2016-02-06,07:00,613,2,5,6,8,9,10,12,14,16,18,20
2016-02-06,08:00,614,19,3,7,10,11,12,13,15,16,18,20
2016-02-06,09:00,615,18,3,8,9,11,12,13,16,17,18,20
2016-02-06,10:00,616,12,3,6,7,10,11,12,13,15,16,17
2016-02-06,11:00,617,5,1,2,4,5,7,9,13,15,16,20
2016-02-06,12:00,618,17,1,3,4,8,11,12,15,17,18,20
2016-02-06,13:00,619,10,2,4,5,6,7,9,10,13,15,17
2016-02-06,14:00,620,13,3,5,6,7,11,12,15,16,17,19
2016-02-06,15:00,621,9,1,6,7,8,9,12,15,16,17,20
2016-02-06,16:00,622,1,2,4,5,8,9,10,11,16,18,20
2016-02-06,17:00,623,1,2,3,4,5,6,7,10,12,13,19
2016-02-06,18:00,624,1,1,2,4,8,9,13,14,15,18,20
2016-02-06,19:00,625,10,6,8,9,10,12,13,14,16,18,19
2016-02-06,20:00,626,18,1,3,4,5,8,9,11,15,19,20
2016-02-06,21:00,627,12,1,3,4,8,9,11,15,16,17,18
2016-02-06,22:00,628,10,1,5,7,11,12,13,14,16,19,20
2016-02-06,23:00,629,17,2,4,5,6,7,8,9,15,16,17
2016-02-07,07:00,630,2,1,2,3,4,5,6,14,16,17,19
2016-02-07,08:00,631,8,1,3,6,7,9,10,15,17,18,19
2016-02-07,09:00,632,18,1,2,3,5,7,8,9,13,14,20
2016-02-07,10:00,633,11,1,6,7,11,12,13,14,15,17,18
2016-02-07,11:00,634,9,6,7,11,13,14,16,17,18,19,20
2016-02-07,12:00,635,13,1,5,6,10,12,13,14,16,17,19
2016-02-07,13:00,636,9,5,6,9,10,11,13,15,16,17,19
2016-02-07,14:00,637,17,1,2,3,5,7,9,15,16,17,18
2016-02-07,15:00,638,20,1,3,4,9,11,13,15,16,18,19
2016-02-07,16:00,639,14,1,3,6,7,8,9,10,11,13,19
2016-02-07,17:00,640,4,1,2,3,4,6,7,9,14,15,17
2016-02-07,18:00,641,11,1,2,3,4,9,11,14,15,18,20
2016-02-07,19:00,642,11,1,3,5,7,9,10,13,14,18,19
2016-02-07,20:00,643,14,4,6,8,10,12,13,14,15,16,17
2016-02-07,21:00,644,17,1,2,4,5,6,7,8,16,17,20
2016-02-07,22:00,645,2,1,3,5,6,9,11,13,14,18,19
2016-02-07,23:00,646,3,1,2,3,5,6,11,13,17,18,20
2016-02-08,07:00,647,2,1,2,4,7,8,9,10,11,12,13
2016-02-08,08:00,648,16,5,6,8,10,11,13,14,15,16,18
2016-02-08,09:00,649,9,1,2,4,10,11,13,14,15,16,19
2016-02-08,10:00,650,8,1,4,7,9,10,13,16,17,19,20
2016-02-08,11:00,651,11,1,2,7,8,9,10,12,13,15,16
2016-02-08,12:00,652,5,2,5,9,10,11,14,16,17,19,20
2016-02-08,13:00,653,12,2,3,5,9,10,13,14,15,17,18
2016-02-08,14:00,654,3,2,6,7,8,10,11,15,16,19,20
2016-02-08,15:00,655,4,1,2,4,6,8,11,12,14,19,20
2016-02-08,16:00,656,19,1,2,7,9,10,11,12,14,15,16
2016-02-08,17:00,657,5,1,3,5,7,8,9,10,13,18,20
2016-02-08,18:00,658,19,1,2,5,10,12,13,15,16,18,19
2016-02-08,19:00,659,14,1,2,3,4,8,9,10,11,12,19
2016-02-08,20:00,660,16,1,2,3,5,7,10,14,17,18,20
2016-02-08,21:00,661,16,1,4,5,6,7,10,12,13,15,17
2016-02-08,22:00,662,7,1,2,5,6,8,9,13,14,15,17
2016-02-08,23:00,663,8,2,3,5,10,13,15,16,18,19,20
2016-02-09,07:00,664,17,4,5,6,7,8,10,14,17,19,20
2016-02-09,08:00,665,11,1,2,4,6,9,10,12,13,18,20
2016-02-09,09:00,666,8,1,2,3,6,8,9,11,12,16,20
2016-02-09,10:00,667,10,5,7,8,9,10,12,14,15,16,20
2016-02-09,11:00,668,12,3,4,8,9,12,13,14,17,19,20
2016-02-09,12:00,669,16,1,2,3,8,10,11,13,15,17,19
2016-02-09,13:00,670,16,3,6,7,8,11,14,15,16,17,18
2016-02-09,14:00,671,18,1,2,3,7,9,12,16,18,19,20
2016-02-09,15:00,672,6,1,2,3,4,6,10,12,14,19,20
2016-02-09,16:00,673,2,1,2,4,7,9,10,14,15,19,20
2016-02-09,17:00,674,12,2,3,6,8,9,10,16,17,18,20
2016-02-09,18:00,675,15,1,2,6,9,10,16,17,18,19,20
2016-02-09,19:00,676,4,1,2,6,7,11,12,14,16,18,19
2016-02-09,20:00,677,12,3,5,6,11,12,13,14,15,16,17
2016-02-09,21:00,678,4,3,6,8,11,12,15,17,18,19,20
2016-02-09,22:00,679,19,3,4,11,12,13,14,15,16,19,20
2016-02-09,23:00,680,18,2,4,5,10,11,12,14,16,17,19
2016-02-10,07:00,681,16,1,3,5,10,11,13,14,15,17,18
2016-02-10,08:00,682,8,1,3,8,9,10,14,15,16,17,20
2016-02-10,09:00,683,17,1,4,7,12,13,14,16,18,19,20
2016-02-10,10:00,684,8,1,3,5,7,8,10,13,14,15,17
2016-02-10,11:00,685,1,1,3,4,6,13,15,16,17,18,19
2016-02-10,12:00,686,5,2,4,5,7,8,9,10,12,14,18
2016-02-10,13:00,687,9,2,3,5,8,10,13,16,17,18,19
2016-02-10,14:00,688,8,1,4,7,8,10,13,14,15,18,20
2016-02-10,15:00,689,5,5,6,7,8,9,12,13,17,18,19
2016-02-10,16:00,690,1,1,3,6,9,11,12,13,17,19,20
2016-02-10,17:00,691,1,4,7,8,9,11,12,15,16,18,20
2016-02-10,18:00,692,14,2,3,4,7,11,12,15,17,18,20
2016-02-10,19:00,693,20,1,2,5,7,9,11,12,16,17,18
2016-02-10,20:00,694,5,2,4,7,9,10,11,14,15,16,19
2016-02-10,21:00,695,5,1,3,6,7,8,9,10,12,15,17
2016-02-10,22:00,696,1,5,7,9,10,12,13,14,16,17,19
2016-02-10,23:00,697,19,1,4,5,6,10,11,12,14,18,19
2016-02-11,07:00,698,9,3,4,5,6,7,11,14,17,19,20
2016-02-11,08:00,699,10,1,3,4,5,6,8,9,16,18,19
2016-02-11,09:00,700,18,1,5,6,10,11,13,15,17,18,20
2016-02-11,10:00,701,8,5,7,8,11,12,14,16,17,19,20
2016-02-11,11:00,702,17,4,7,8,9,12,14,15,16,17,20
2016-02-11,12:00,703,1,2,3,7,9,11,12,15,16,18,19
2016-02-11,13:00,704,4,1,3,7,8,11,13,15,17,18,19
2016-02-11,14:00,705,12,1,4,7,8,11,12,13,15,16,18
2016-02-11,15:00,706,1,3,5,6,7,8,11,12,13,15,17
2016-02-11,16:00,707,19,2,5,7,9,13,14,15,16,17,18
2016-02-11,17:00,708,7,2,3,7,8,12,14,15,16,19,20
2016-02-11,18:00,709,4,2,3,4,6,7,8,11,14,15,18
2016-02-11,19:00,710,6,7,8,9,10,11,12,15,16,17,19
2016-02-11,20:00,711,12,4,5,6,7,9,10,12,14,17,19
2016-02-11,21:00,712,20,1,2,4,5,6,8,11,13,19,20
2016-02-11,22:00,713,20,4,5,6,8,11,14,16,17,19,20
2016-02-11,23:00,714,12,1,2,3,6,9,12,16,17,18,19
2016-02-12,07:00,715,19,2,3,4,7,12,14,15,16,17,18
2016-02-12,08:00,716,13,1,3,4,7,11,14,15,16,17,18
2016-02-12,09:00,717,1,1,3,7,10,11,13,14,15,17,18
2016-02-12,10:00,718,1,2,3,6,9,10,12,13,15,18,19
2016-02-12,11:00,719,14,1,3,4,5,6,8,9,16,17,18
2016-02-12,12:00,720,12,2,4,6,7,8,9,10,12,13,14
2016-02-12,13:00,721,3,4,5,7,8,10,11,12,17,19,20
2016-02-12,14:00,722,7,1,2,3,5,6,11,15,17,18,19
2016-02-12,15:00,723,9,1,5,6,8,9,11,13,14,16,19
2016-02-12,16:00,724,14,1,3,4,5,6,8,14,15,18,19
2016-02-12,17:00,725,19,1,5,8,9,10,11,12,14,15,16
2016-02-12,18:00,726,16,1,5,7,8,9,10,11,13,15,16
2016-02-12,19:00,727,17,5,6,9,10,12,13,14,15,17,20
2016-02-12,20:00,728,2,1,3,6,8,9,10,13,15,18,19
2016-02-12,21:00,729,4,2,6,8,9,10,13,14,15,18,20
2016-02-12,22:00,730,14,3,8,12,13,14,16,17,18,19,20
2016-02-12,23:00,731,15,1,2,3,6,9,10,11,14,17,19
2016-02-13,07:00,732,10,1,2,4,9,11,12,15,16,19,20
2016-02-13,08:00,733,14,2,4,10,11,12,14,15,16,17,20
2016-02-13,09:00,734,10,1,2,4,5,7,8,13,14,16,19
2016-02-13,10:00,735,19,1,5,12,13,14,15,16,18,19,20
2016-02-13,11:00,736,13,1,2,4,11,14,15,16,18,19,20
2016-02-13,12:00,737,12,2,4,6,9,11,13,15,16,17,19
2016-02-13,13:00,738,3,1,2,3,4,13,14,15,16,18,19
2016-02-13,14:00,739,9,1,10,11,12,13,16,17,18,19,20
2016-02-13,15:00,740,1,1,7,10,11,14,15,16,17,18,19
2016-02-13,16:00,741,1,1,3,4,7,8,9,13,14,15,18
2016-02-13,17:00,742,8,1,2,3,5,6,10,12,16,17,20
2016-02-13,18:00,743,20,3,4,6,8,9,11,12,16,19,20
2016-02-13,19:00,744,14,1,2,4,7,8,10,11,15,16,20
2016-02-13,20:00,745,16,3,4,8,9,11,13,16,17,18,19
2016-02-13,21:00,746,7,1,3,4,7,11,13,14,15,18,19
2016-02-13,22:00,747,1,1,4,7,8,9,10,11,17,19,20
2016-02-13,23:00,748,19,1,2,5,11,12,14,15,16,17,20
2016-02-14,07:00,749,17,3,4,5,6,7,9,10,16,17,19
2016-02-14,08:00,750,10,1,3,4,8,9,10,14,15,17,19
2016-02-14,09:00,751,9,2,4,6,8,11,12,14,16,17,19
2016-02-14,10:00,752,1,1,2,5,7,8,9,10,12,13,17
2016-02-14,11:00,753,8,2,6,9,11,14,15,16,18,19,20
2016-02-14,12:00,754,17,1,4,5,8,10,11,15,16,17,20
2016-02-14,13:00,755,13,1,5,7,8,9,10,11,14,18,20
2016-02-14,14:00,756,5,1,2,4,11,12,14,17,18,19,20
2016-02-14,15:00,757,1,1,4,5,10,11,13,14,17,18,20
2016-02-14,16:00,758,7,2,3,4,5,6,7,8,10,17,18
2016-02-14,17:00,759,6,7,8,9,10,12,13,15,16,19,20
2016-02-14,18:00,760,6,1,2,5,6,7,8,13,15,16,18
2016-02-14,19:00,761,8,5,6,7,8,9,10,11,12,14,17
2016-02-14,20:00,762,18,2,3,4,5,6,10,12,13,16,19
2016-02-14,21:00,763,12,2,4,8,9,11,13,14,15,17,20
2016-02-14,22:00,764,15,3,4,5,6,7,8,12,15,17,20
2016-02-14,23:00,765,16,2,3,4,9,10,13,14,15,16,20
2016-02-15,07:00,766,17,1,2,5,6,7,10,12,13,16,20
2016-02-15,08:00,767,14,2,3,9,11,12,13,14,16,18,20
2016-02-15,09:00,768,16,2,4,7,9,10,11,13,15,17,19
2016-02-15,10:00,769,14,3,5,7,9,11,12,16,17,18,20
2016-02-15,11:00,770,10,2,3,6,8,9,10,11,12,14,17
2016-02-15,12:00,771,12,2,4,5,6,13,14,15,17,18,20
2016-02-15,13:00,772,8,4,5,6,7,11,13,16,17,19,20
2016-02-15,14:00,773,11,2,4,5,6,8,10,11,15,16,19
2016-02-15,15:00,774,11,1,2,4,6,9,10,12,14,17,20
2016-02-15,16:00,775,18,1,3,6,7,8,10,12,13,19,20
2016-02-15,17:00,776,4,1,2,4,9,10,13,15,17,18,20
2016-02-15,18:00,777,5,3,6,7,9,11,14,16,18,19,20
2016-02-15,19:00,778,4,1,3,7,9,11,12,13,15,16,20
2016-02-15,20:00,779,1,3,4,5,7,11,12,14,16,18,19
2016-02-15,21:00,780,17,1,4,5,6,7,9,12,14,15,18
2016-02-15,22:00,781,9,1,2,4,8,11,12,14,16,18,20
2016-02-15,23:00,782,14,2,4,5,6,7,11,14,15,18,19
2016-02-16,07:00,783,3,3,4,5,7,9,10,12,15,16,17
2016-02-16,08:00,784,14,1,4,7,8,10,11,13,14,16,18
2016-02-16,09:00,785,20,1,2,3,8,9,11,12,18,19,20
2016-02-16,10:00,786,6,2,4,5,8,11,12,14,16,17,19
2016-02-16,11:00,787,4,1,3,4,5,7,8,11,12,13,20
2016-02-16,12:00,788,10,1,2,3,6,9,12,14,16,17,19
2016-02-16,13:00,789,4,1,2,6,8,9,13,15,16,18,20
2016-02-16,14:00,790,1,1,5,6,7,9,12,15,16,17,20
2016-02-16,15:00,791,13,1,2,3,5,6,7,8,10,12,16
2016-02-16,16:00,792,1,1,2,4,5,7,11,14,15,16,18
2016-02-16,17:00,793,9,1,6,7,8,11,13,14,18,19,20
2016-02-16,18:00,794,19,1,4,5,6,9,14,15,16,19,20
2016-02-16,19:00,795,4,2,3,5,6,11,12,16,17,19,20
2016-02-16,20:00,796,14,1,2,5,7,8,11,12,15,18,19
2016-02-16,21:00,797,9,1,2,5,8,9,13,15,17,19,20
2016-02-16,22:00,798,2,1,3,5,6,7,8,13,16,17,20
2016-02-16,23:00,799,11,1,3,7,11,12,13,14,17,18,19
2016-02-17,07:00,800,14,1,3,7,8,10,11,12,15,17,19
2016-02-17,08:00,801,9,1,5,9,11,12,13,14,16,18,19
2016-02-17,09:00,802,6,4,6,7,8,9,10,13,15,17,20
2016-02-17,10:00,803,18,1,3,4,5,6,7,12,15,16,18
2016-02-17,11:00,804,20,2,3,5,8,9,11,13,14,18,20
2016-02-17,12:00,805,4,1,6,8,10,11,14,15,16,19,20
2016-02-17,13:00,806,9,2,5,6,7,9,11,14,16,19,20
2016-02-17,14:00,807,11,3,5,6,7,13,15,16,17,18,19
2016-02-17,15:00,808,15,2,4,6,7,10,11,14,15,16,19
2016-02-17,16:00,809,4,1,4,5,6,7,11,14,17,19,20
2016-02-17,17:00,810,13,2,4,6,8,10,14,15,16,17,18
2016-02-17,18:00,811,7,1,6,7,10,11,12,14,17,18,20
2016-02-17,19:00,812,17,2,4,5,8,9,10,11,13,14,15
2016-02-17,20:00,813,10,1,5,6,7,8,10,11,15,16,20
2016-02-17,21:00,814,8,1,3,4,7,9,12,13,15,17,20
2016-02-17,22:00,815,20,3,4,7,9,10,13,14,17,18,19
2016-02-17,23:00,816,16,2,4,7,8,9,11,12,15,19,20
2016-02-18,07:00,817,2,1,2,5,7,8,12,14,16,19,20
2016-02-18,08:00,818,2,1,2,6,8,13,14,15,16,17,19
2016-02-18,09:00,819,15,3,5,6,7,8,9,15,17,19,20
2016-02-18,10:00,820,17,2,3,5,7,9,10,13,16,17,20
2016-02-18,11:00,821,3,2,4,7,9,10,11,13,14,15,17
2016-02-18,12:00,822,20,1,2,5,8,9,10,11,14,15,16
2016-02-18,13:00,823,6,1,3,4,6,7,12,13,15,19,20
2016-02-18,14:00,824,19,2,3,6,7,8,10,13,17,18,19
2016-02-18,15:00,825,19,1,2,4,6,10,12,14,16,17,18
2016-02-18,16:00,826,5,1,3,4,7,10,12,16,17,18,19
2016-02-18,17:00,827,12,3,5,9,10,12,14,15,17,18,20
2016-02-18,18:00,828,1,1,2,4,5,8,9,14,16,18,19
2016-02-18,19:00,829,13,1,3,5,6,7,11,15,16,19,20
2016-02-18,20:00,830,14,1,6,7,10,12,14,15,17,19,20
2016-02-18,21:00,831,20,3,4,5,6,7,13,16,17,18,19
2016-02-18,22:00,832,10,1,3,6,10,11,12,14,15,18,19
2016-02-18,23:00,833,20,3,4,7,8,9,10,13,14,15,19
2016-02-19,07:00,834,10,1,2,3,5,9,10,17,18,19,20
2016-02-19,08:00,835,17,1,2,3,6,9,10,12,14,16,17
2016-02-19,09:00,836,1,2,3,4,6,8,9,10,15,18,20
2016-02-19,10:00,837,6,2,3,4,9,10,14,17,18,19,20
2016-02-19,11:00,838,18,1,2,3,4,6,7,8,15,16,20
2016-02-19,12:00,839,6,3,6,8,9,11,12,13,14,15,16
2016-02-19,13:00,840,3,2,3,7,9,10,11,12,13,17,18
2016-02-19,14:00,841,14,1,3,9,11,12,13,14,17,18,20
2016-02-19,15:00,842,15,1,4,5,6,7,8,10,13,14,15
2016-02-19,16:00,843,6,3,5,6,9,12,15,16,17,18,19
2016-02-19,17:00,844,14,2,5,8,9,10,12,13,14,15,17
2016-02-19,18:00,845,8,2,4,5,7,8,12,13,15,16,20
2016-02-19,19:00,846,6,1,2,4,7,8,9,10,11,16,19
2016-02-19,20:00,847,17,1,2,3,4,9,11,13,15,16,17
2016-02-19,21:00,848,8,1,3,6,8,9,13,17,18,19,20
2016-02-19,22:00,849,14,2,6,7,8,9,15,16,18,19,20
2016-02-19,23:00,850,19,1,2,3,6,12,14,16,17,18,20
2016-02-20,07:00,851,12,1,3,8,13,14,15,16,17,18,20
2016-02-20,08:00,852,5,1,4,5,7,10,12,15,16,17,19
2016-02-20,09:00,853,13,2,3,4,6,7,8,10,14,15,17
2016-02-20,10:00,854,14,1,7,8,9,10,15,16,18,19,20
2016-02-20,11:00,855,9,1,2,3,4,5,6,13,14,17,20
2016-02-20,12:00,856,17,1,3,4,9,10,11,16,17,18,20
2016-02-20,13:00,857,8,3,5,6,7,8,12,15,16,17,19
2016-02-20,14:00,858,1,2,3,4,5,6,8,12,14,17,19
2016-02-20,15:00,859,13,1,2,5,7,8,9,10,15,16,18
2016-02-20,16:00,860,19,2,4,5,7,9,13,15,16,18,19
2016-02-20,17:00,861,4,3,4,8,12,14,15,16,18,19,20
2016-02-20,18:00,862,8,4,5,6,9,10,11,12,17,18,20
2016-02-20,19:00,863,6,1,4,6,7,10,11,12,15,17,20
2016-02-20,20:00,864,3,1,2,3,7,9,10,11,15,19,20
2016-02-20,21:00,865,18,1,2,4,5,6,11,12,15,16,19
2016-02-20,22:00,866,3,2,4,6,8,9,10,14,16,17,19
2016-02-20,23:00,867,14,1,3,6,7,11,13,14,15,16,20
2016-02-21,07:00,868,3,1,3,4,5,6,8,9,13,15,17
2016-02-21,08:00,869,9,3,4,5,6,8,9,10,11,13,17
2016-02-21,09:00,870,12,2,3,4,5,10,14,15,17,19,20
2016-02-21,10:00,871,15,2,3,4,6,10,11,12,16,17,20
2016-02-21,11:00,872,9,1,4,6,7,8,9,10,14,19,20
2016-02-21,12:00,873,7,3,4,5,8,9,11,12,15,17,20
2016-02-21,13:00,874,14,1,3,4,6,8,12,13,16,18,20
2016-02-21,14:00,875,12,1,3,7,8,9,11,13,15,17,20
2016-02-21,15:00,876,8,4,6,8,9,10,14,15,18,19,20
2016-02-21,16:00,877,12,2,3,8,9,10,11,13,14,16,20
2016-02-21,17:00,878,13,2,3,4,7,9,10,12,14,16,20
2016-02-21,18:00,879,17,2,3,4,7,10,12,15,16,18,19
2016-02-21,19:00,880,1,1,2,6,8,13,14,15,18,19,20
2016-02-21,20:00,881,3,2,4,5,6,9,12,15,17,18,19
2016-02-21,21:00,882,13,1,6,7,9,11,16,17,18,19,20
2016-02-21,22:00,883,3,4,5,6,8,10,12,13,15,16,18
2016-02-21,23:00,884,16,1,2,3,5,7,8,10,16,17,19
2016-02-22,07:00,885,9,5,6,8,9,12,13,14,18,19,20
2016-02-22,08:00,886,10,2,5,6,7,9,10,11,16,18,19
2016-02-22,09:00,887,20,2,3,5,8,9,10,13,15,18,19
2016-02-22,10:00,888,20,1,2,6,8,9,10,16,17,18,20
2016-02-22,11:00,889,3,1,6,7,9,11,12,14,15,17,19
2016-02-22,12:00,890,16,2,3,5,6,7,9,10,15,17,20
2016-02-22,13:00,891,13,2,5,7,10,12,13,14,15,18,20
2016-02-22,14:00,892,4,2,3,7,10,11,12,15,17,18,19
2016-02-22,15:00,893,10,1,2,3,4,5,7,8,9,11,19
2016-02-22,16:00,894,6,1,3,5,6,7,14,15,16,19,20
2016-02-22,17:00,895,13,3,7,8,9,11,12,13,14,15,18
2016-02-22,18:00,896,14,1,2,6,8,11,14,15,16,19,20
2016-02-22,19:00,897,6,2,3,5,6,7,9,13,16,17,20
2016-02-22,20:00,898,4,1,2,5,6,7,8,11,12,17,18
2016-02-22,21:00,899,19,1,2,5,6,8,11,13,15,16,18
2016-02-22,22:00,900,20,1,5,7,9,10,11,13,15,16,20
2016-02-22,23:00,901,2,4,5,6,7,9,11,15,16,18,20
2016-02-23,07:00,902,11,1,2,3,7,9,10,11,14,16,18
2016-02-23,08:00,903,12,2,3,4,9,10,15,17,18,19,20
2016-02-23,09:00,904,2,2,4,5,6,8,9,12,13,15,16
2016-02-23,10:00,905,11,2,5,6,9,11,12,13,14,16,20
2016-02-23,11:00,906,4,1,2,4,5,8,10,13,14,16,19
2016-02-23,12:00,907,16,3,4,5,7,10,11,12,13,18,20
2016-02-23,13:00,908,16,1,2,4,6,7,9,12,13,14,19
2016-02-23,14:00,909,10,2,4,5,7,13,14,15,16,19,20
2016-02-23,15:00,910,16,1,3,5,7,10,11,12,14,16,18
2016-02-23,16:00,911,12,2,4,5,6,7,10,11,12,17,18
2016-02-23,17:00,912,1,1,3,4,6,7,8,11,12,14,16
2016-02-23,18:00,913,18,2,6,7,8,10,14,16,18,19,20
2016-02-23,19:00,914,20,2,6,10,13,14,16,17,18,19,20
2016-02-23,20:00,915,9,3,5,6,7,9,10,13,15,17,19
2016-02-23,21:00,916,7,3,4,7,8,9,12,13,15,17,20
2016-02-23,22:00,917,20,6,9,10,11,13,15,16,17,18,19
2016-02-23,23:00,918,7,1,2,3,7,8,12,13,15,16,19
2016-02-24,07:00,919,6,1,3,5,7,8,9,12,14,18,20
2016-02-24,08:00,920,8,1,2,3,7,9,11,13,14,16,17
2016-02-24,09:00,921,13,1,2,5,7,8,11,13,16,17,20
2016-02-24,10:00,922,16,6,7,10,11,12,13,16,18,19,20
2016-02-24,11:00,923,13,1,4,5,7,8,11,14,15,17,20
2016-02-24,12:00,924,12,1,2,3,5,8,9,10,15,16,17
2016-02-24,13:00,925,12,1,3,5,6,9,12,13,14,16,18
2016-02-24,14:00,926,19,3,6,7,8,9,10,13,16,17,20
2016-02-24,15:00,927,12,1,2,5,6,7,9,12,14,15,20
2016-02-24,16:00,928,4,3,4,6,9,11,15,16,17,18,19
2016-02-24,17:00,929,1,2,7,10,12,14,15,16,17,18,19
2016-02-24,18:00,930,8,1,7,9,10,13,14,15,16,17,18
2016-02-24,19:00,931,4,4,5,6,9,11,12,14,15,18,20
2016-02-24,20:00,932,15,5,6,7,9,10,11,14,15,16,19
2016-02-24,21:00,933,18,6,7,8,9,10,13,14,16,18,20
2016-02-24,22:00,934,18,4,8,10,11,12,14,15,16,18,20
2016-02-24,23:00,935,2,1,5,6,10,11,13,14,15,18,20
2016-02-25,07:00,936,13,2,3,5,6,10,12,13,15,19,20
2016-02-25,08:00,937,4,2,3,9,11,12,14,15,16,19,20
2016-02-25,09:00,938,3,1,2,5,8,9,12,13,15,17,20
2016-02-25,10:00,939,4,1,5,6,7,12,14,16,17,18,19
2016-02-25,11:00,940,12,3,8,10,11,12,13,16,18,19,20
2016-02-25,12:00,941,13,3,5,6,7,8,9,11,12,13,20
2016-02-25,13:00,942,7,1,4,5,7,8,9,10,13,17,19
2016-02-25,14:00,943,5,1,3,4,5,8,10,15,17,19,20
2016-02-25,15:00,944,6,1,2,4,7,8,10,12,14,15,16
2016-02-25,16:00,945,18,2,3,5,6,11,13,14,17,18,19
2016-02-25,17:00,946,6,3,4,5,6,7,9,12,15,16,18
2016-02-25,18:00,947,1,1,2,4,5,7,13,15,17,18,19
2016-02-25,19:00,948,18,1,6,7,9,11,13,15,17,18,20
2016-02-25,20:00,949,6,1,2,5,6,7,9,11,12,14,20
2016-02-25,21:00,950,6,2,3,4,6,7,8,11,13,19,20
2016-02-25,22:00,951,11,1,5,6,9,12,14,16,18,19,20
2016-02-25,23:00,952,17,1,3,5,7,8,9,10,13,14,15
2016-02-26,07:00,953,10,1,3,5,8,11,14,16,17,18,19
2016-02-26,08:00,954,8,1,2,5,7,10,12,13,15,16,17
2016-02-26,09:00,955,15,1,4,7,9,12,13,15,17,18,19
2016-02-26,10:00,956,18,1,5,6,9,10,13,14,15,19,20
2016-02-26,11:00,957,3,4,5,9,13,14,15,16,17,18,19
2016-02-26,12:00,958,15,1,3,4,6,9,13,16,17,19,20
2016-02-26,13:00,959,4,1,3,4,5,7,12,14,16,18,20
2016-02-26,14:00,960,1,2,4,6,7,10,11,13,14,15,18
2016-02-26,15:00,961,17,2,4,5,6,7,9,10,13,14,20
2016-02-26,16:00,962,3,1,3,8,9,10,12,14,15,16,18
2016-02-26,17:00,963,11,1,2,3,4,6,13,14,16,17,18
2016-02-26,18:00,964,18,3,5,6,7,9,11,15,17,18,20
2016-02-26,19:00,965,17,1,2,4,5,9,10,11,12,14,19
2016-02-26,20:00,966,13,2,3,8,9,11,12,16,18,19,20
2016-02-26,21:00,967,18,1,2,5,7,13,14,16,17,18,20
2016-02-26,22:00,968,20,1,5,8,11,12,16,17,18,19,20
2016-02-26,23:00,969,6,5,6,7,9,10,14,15,18,19,20
2016-02-27,07:00,970,8,1,4,6,7,8,9,11,12,14,19
2016-02-27,08:00,971,4,1,4,6,9,11,12,13,17,18,20
2016-02-27,09:00,972,8,1,3,4,5,6,9,10,18,19,20
2016-02-27,10:00,973,6,1,2,3,8,9,10,11,12,14,16
2016-02-27,11:00,974,17,3,4,7,9,10,11,13,14,17,19
2016-02-27,12:00,975,19,1,3,5,6,10,11,12,15,16,20
2016-02-27,13:00,976,5,1,3,4,5,9,11,12,16,18,19
2016-02-27,14:00,977,6,4,6,8,12,14,16,17,18,19,20
2016-02-27,15:00,978,16,1,2,3,6,7,9,14,15,18,19
2016-02-27,16:00,979,10,1,2,3,4,6,9,12,13,14,16
2016-02-27,17:00,980,15,2,3,6,8,10,13,16,17,18,19
2016-02-27,18:00,981,7,2,3,5,6,7,9,11,12,18,19
2016-02-27,19:00,982,7,2,4,7,8,9,15,16,18,19,20
2016-02-27,20:00,983,12,1,2,5,6,8,9,10,12,13,14
2016-02-27,21:00,984,15,1,4,5,7,9,12,14,16,17,20
2016-02-27,22:00,985,12,1,7,8,9,10,15,16,17,18,20
2016-02-27,23:00,986,15,1,3,4,6,8,10,14,15,17,19
2016-02-28,07:00,987,19,4,5,9,10,11,12,13,15,17,19
2016-02-28,08:00,988,20,5,6,8,9,11,13,15,16,19,20
2016-02-28,09:00,989,14,1,2,7,8,9,11,13,14,15,18
2016-02-28,10:00,990,9,1,3,5,6,8,9,12,13,17,18
2016-02-28,11:00,991,18,2,3,5,7,10,11,13,14,15,18
2016-02-28,12:00,992,8,7,8,9,11,12,15,16,17,19,20
2016-02-28,13:00,993,16,2,3,4,5,6,9,10,11,14,19
2016-02-28,14:00,994,4,1,2,6,7,9,11,13,16,17,20
2016-02-28,15:00,995,6,1,4,6,7,9,10,12,13,14,19
2016-02-28,16:00,996,7,1,2,5,6,8,10,13,14,16,18
2016-02-28,17:00,997,7,1,4,6,7,9,13,15,17,18,20
2016-02-28,18:00,998,9,1,2,3,4,5,10,13,14,15,18
2016-02-28,19:00,999,4,3,6,8,9,10,12,14,16,18,20
2016-02-28,20:00,1000,10,2,4,5,6,9,10,11,12,14,16
2016-02-28,21:00,1001,6,1,3,4,9,10,14,16,18,19,20
2016-02-28,22:00,1002,8,1,2,4,5,7,8,10,15,16,20
2016-02-28,23:00,1003,11,1,2,4,5,9,10,11,14,16,18
2016-02-29,07:00,1004,17,7,9,11,13,14,15,16,17,19,20
2016-02-29,08:00,1005,9,2,5,6,7,8,9,11,14,19,20
2016-02-29,09:00,1006,3,1,3,4,8,9,10,13,15,17,19
2016-02-29,10:00,1007,7,5,6,10,11,13,14,15,16,19,20
2016-02-29,11:00,1008,12,3,4,7,8,10,11,12,13,14,20
2016-02-29,12:00,1009,16,7,8,9,10,12,14,15,16,17,18
2016-02-29,13:00,1010,8,4,9,10,11,12,13,15,16,18,19
2016-02-29,14:00,1011,16,4,8,9,10,11,12,16,18,19,20
2016-02-29,15:00,1012,14,2,4,5,6,8,9,10,12,14,19
2016-02-29,16:00,1013,1,1,2,3,4,5,7,9,11,12,16
2016-02-29,17:00,1014,10,1,2,3,7,10,12,14,16,17,20
2016-02-29,18:00,1015,17,1,2,5,7,8,9,10,12,14,17
2016-02-29,19:00,1016,12,1,2,5,6,9,10,11,12,14,20
2016-02-29,20:00,1017,13,3,4,7,8,10,11,12,16,17,18
2016-02-29,21:00,1018,16,1,2,4,5,11,12,14,17,18,19
2016-02-29,22:00,1019,13,1,2,6,8,9,10,12,17,19,20
2016-02-29,23:00,1020,11,2,3,7,8,11,13,16,17,19,20
2016-03-01,07:00,1021,8,2,4,5,7,8,14,16,17,18,20
2016-03-01,08:00,1022,3,2,4,6,7,8,9,10,14,16,18
2016-03-01,09:00,1023,15,1,2,3,4,5,9,12,15,19,20
2016-03-01,10:00,1024,11,2,4,7,8,9,10,13,14,18,19
2016-03-01,11:00,1025,7,1,2,3,4,6,9,13,14,16,17
2016-03-01,12:00,1026,7,3,4,5,6,8,11,14,16,18,19
2016-03-01,13:00,1027,11,2,3,5,6,13,14,15,17,19,20
2016-03-01,14:00,1028,10,1,4,6,7,8,9,10,11,13,16
2016-03-01,15:00,1029,18,1,2,5,6,10,13,14,17,19,20
2016-03-01,16:00,1030,6,1,6,9,10,11,14,15,18,19,20
2016-03-01,17:00,1031,9,1,3,7,12,13,14,16,17,18,19
2016-03-01,18:00,1032,15,2,7,9,10,11,12,15,17,19,20
2016-03-01,19:00,1033,7,1,6,7,9,10,11,12,14,16,17
2016-03-01,20:00,1034,3,3,4,5,6,7,9,10,13,16,20
2016-03-01,21:00,1035,7,4,5,6,8,11,12,15,16,17,18
2016-03-01,22:00,1036,9,6,9,11,12,14,15,16,17,19,20
2016-03-01,23:00,1037,10,1,5,6,8,11,13,15,16,18,20
2016-03-02,07:00,1038,4,2,5,7,9,10,12,13,15,17,18
2016-03-02,08:00,1039,4,1,2,3,5,11,12,14,15,16,19
2016-03-02,09:00,1040,10,1,2,3,5,6,10,12,15,16,19
2016-03-02,10:00,1041,3,5,6,7,9,10,11,12,14,15,17
2016-03-02,11:00,1042,18,3,4,6,8,10,12,14,17,19,20
2016-03-02,12:00,1043,15,1,2,4,5,6,7,10,14,15,20
2016-03-02,13:00,1044,13,2,5,9,12,13,15,16,18,19,20
2016-03-02,14:00,1045,10,3,4,6,7,11,12,13,14,19,20
2016-03-02,15:00,1046,11,1,4,5,6,7,8,11,13,17,19
2016-03-02,16:00,1047,1,2,3,6,7,10,11,14,17,18,20
2016-03-02,17:00,1048,19,1,3,4,5,8,9,10,13,17,18
2016-03-02,18:00,1049,11,3,6,7,8,10,11,13,15,16,17
2016-03-02,19:00,1050,7,2,4,7,8,9,13,15,16,19,20
2016-03-02,20:00,1051,8,1,2,5,8,9,11,14,15,17,19
2016-03-02,21:00,1052,11,2,4,8,9,11,12,13,14,19,20
2016-03-02,22:00,1053,1,2,3,5,6,10,12,13,15,16,19
2016-03-02,23:00,1054,10,1,3,5,6,10,13,17,18,19,20
2016-03-03,07:00,1055,5,1,2,4,5,6,12,13,14,16,17
2016-03-03,08:00,1056,6,1,5,8,11,12,15,16,17,18,19
2016-03-03,09:00,1057,16,1,4,5,7,10,11,15,16,19,20
2016-03-03,10:00,1058,5,1,2,6,7,9,10,12,15,17,19
2016-03-03,11:00,1059,7,1,2,3,5,7,11,12,16,19,20
2016-03-03,12:00,1060,15,1,3,5,7,10,12,13,16,18,19
2016-03-03,13:00,1061,7,2,4,5,6,8,13,14,18,19,20
2016-03-03,14:00,1062,6,2,4,5,6,7,8,10,14,17,20
2016-03-03,15:00,1063,18,1,3,4,5,6,10,12,14,15,17
2016-03-03,16:00,1064,11,1,3,5,8,10,11,12,13,16,20
2016-03-03,17:00,1065,16,1,3,5,7,9,10,11,13,14,15
2016-03-03,18:00,1066,10,1,4,5,6,8,11,15,16,19,20
2016-03-03,19:00,1067,14,3,4,6,7,8,10,15,16,19,20
2016-03-03,20:00,1068,3,1,3,4,7,8,9,10,13,14,15
2016-03-03,21:00,1069,3,4,6,7,8,13,16,17,18,19,20
2016-03-03,22:00,1070,2,4,5,6,7,9,11,14,15,16,18
2016-03-03,23:00,1071,16,1,2,6,8,9,13,15,16,17,20
2016-03-04,07:00,1072,20,1,2,6,8,9,10,14,17,18,19
2016-03-04,08:00,1073,11,2,3,7,11,12,15,16,17,18,19
2016-03-04,09:00,1074,7,3,4,9,11,12,13,14,15,18,20
2016-03-04,10:00,1075,13,1,3,5,11,12,14,15,16,18,19
2016-03-04,11:00,1076,13,1,2,3,5,6,14,15,16,17,18
2016-03-04,12:00,1077,8,1,3,9,11,12,13,14,15,16,18
2016-03-04,13:00,1078,1,1,2,7,9,10,11,13,17,18,19
2016-03-04,14:00,1079,2,2,3,4,12,13,14,16,17,18,20
2016-03-04,15:00,1080,12,2,3,5,6,7,8,12,13,19,20
2016-03-04,16:00,1081,18,1,2,4,5,11,12,13,15,16,19
2016-03-04,17:00,1082,1,2,4,5,6,13,14,15,17,19,20
2016-03-04,18:00,1083,20,1,2,3,4,9,10,11,15,16,17
2016-03-04,19:00,1084,17,2,5,7,8,9,10,12,14,16,17
2016-03-04,20:00,1085,10,1,5,9,10,12,13,14,15,19,20
2016-03-04,21:00,1086,5,2,3,4,5,7,12,13,15,16,18
2016-03-04,22:00,1087,5,4,5,6,10,11,12,13,16,17,19
2016-03-04,23:00,1088,3,2,3,5,7,8,11,13,17,19,20
2016-03-05,07:00,1089,14,2,6,9,10,11,14,15,17,19,20
2016-03-05,08:00,1090,6,1,4,6,10,13,15,16,17,18,19
2016-03-05,09:00,1091,1,1,2,3,8,9,10,12,14,17,20
2016-03-05,10:00,1092,15,1,4,5,7,9,10,14,15,16,18
2016-03-05,11:00,1093,18,3,4,5,8,10,12,14,17,18,20
2016-03-05,12:00,1094,5,1,5,6,7,8,11,13,14,16,19
2016-03-05,13:00,1095,8,1,2,4,8,9,10,12,14,15,20
2016-03-05,14:00,1096,3,2,7,9,11,12,14,16,17,18,20
2016-03-05,15:00,1097,4,1,3,4,5,7,16,17,18,19,20
2016-03-05,16:00,1098,1,3,7,8,11,12,14,16,17,18,20
2016-03-05,17:00,1099,12,3,5,6,8,9,10,11,14,16,17
2016-03-05,18:00,1100,16,3,5,9,10,11,12,14,15,16,17
2016-03-05,19:00,1101,16,4,5,6,8,9,10,11,13,15,19
2016-03-05,20:00,1102,5,1,4,7,12,13,14,15,17,19,20
2016-03-05,21:00,1103,10,1,3,6,8,11,13,15,18,19,20
2016-03-05,22:00,1104,10,2,3,7,8,9,12,13,14,15,20
2016-03-05,23:00,1105,15,2,3,4,5,8,10,12,13,17,18
2016-03-06,07:00,1106,4,1,4,5,7,9,10,11,13,14,18
2016-03-06,08:00,1107,20,1,2,3,4,6,11,12,15,17,19
2016-03-06,09:00,1108,14,1,2,4,5,6,9,13,17,18,20
2016-03-06,10:00,1109,9,1,3,5,6,7,8,9,14,18,20
2016-03-06,11:00,1110,2,1,3,8,9,10,13,14,16,17,20
2016-03-06,12:00,1111,4,3,4,7,8,9,11,12,15,17,18
2016-03-06,13:00,1112,15,2,4,5,6,8,10,12,15,16,20
2016-03-06,14:00,1113,5,1,5,8,10,13,14,15,16,17,19
2016-03-06,15:00,1114,14,1,2,5,6,7,8,10,13,14,19
2016-03-06,16:00,1115,12,2,4,5,6,10,12,13,14,17,20
2016-03-06,17:00,1116,17,2,3,4,5,10,12,14,17,19,20
2016-03-06,18:00,1117,9,1,2,4,7,11,12,15,16,17,18
2016-03-06,19:00,1118,5,2,5,9,12,13,14,17,18,19,20
2016-03-06,20:00,1119,16,1,4,7,9,10,11,13,14,16,19
2016-03-06,21:00,1120,16,1,3,5,7,13,15,16,17,19,20
2016-03-06,22:00,1121,16,2,3,4,5,7,10,12,14,18,20
2016-03-06,23:00,1122,12,1,2,4,6,7,8,11,12,15,17
2016-03-07,07:00,1123,10,1,2,4,8,9,10,11,13,15,19
2016-03-07,08:00,1124,1,1,2,4,5,6,7,9,10,17,20
2016-03-07,09:00,1125,2,2,5,6,8,9,10,13,14,16,19
2016-03-07,10:00,1126,9,1,2,3,4,7,9,12,17,18,19
2016-03-07,11:00,1127,20,1,2,3,5,13,14,15,16,18,20
2016-03-07,12:00,1128,10,2,3,4,5,6,8,9,13,18,19
2016-03-07,13:00,1129,7,2,3,6,7,8,12,15,16,17,20
2016-03-07,14:00,1130,16,3,4,5,6,7,8,10,12,13,16
2016-03-07,15:00,1131,12,2,3,9,10,11,12,16,17,19,20
2016-03-07,16:00,1132,10,1,3,6,7,8,9,11,12,16,17
2016-03-07,17:00,1133,15,3,6,11,13,14,16,17,18,19,20
2016-03-07,18:00,1134,14,2,5,7,8,10,12,14,15,16,18
2016-03-07,19:00,1135,16,1,7,8,9,10,11,12,14,16,18
2016-03-07,20:00,1136,12,5,7,8,9,10,11,12,13,14,20
2016-03-07,21:00,1137,13,1,2,3,4,7,8,9,12,17,19
2016-03-07,22:00,1138,17,4,5,9,10,11,12,15,17,18,19
2016-03-07,23:00,1139,13,1,5,8,9,10,12,14,16,17,19
2016-03-08,07:00,1140,5,2,3,5,6,9,12,13,17,19,20
2016-03-08,08:00,1141,4,2,3,4,9,11,14,15,16,19,20
2016-03-08,09:00,1142,13,1,4,5,6,8,11,12,15,18,20
2016-03-08,10:00,1143,12,2,3,4,5,7,10,12,14,16,17
2016-03-08,11:00,1144,3,4,6,7,8,9,10,11,14,16,20
2016-03-08,12:00,1145,1,1,2,4,7,8,10,11,13,18,20
2016-03-08,13:00,1146,13,3,6,7,8,10,11,12,13,15,20
2016-03-08,14:00,1147,3,2,3,4,6,7,12,14,15,17,19
2016-03-08,15:00,1148,4,2,5,7,8,9,12,13,15,16,20
2016-03-08,16:00,1149,20,1,3,4,5,7,8,9,14,15,16
2016-03-08,17:00,1150,16,1,2,7,9,10,12,15,17,18,19
2016-03-08,18:00,1151,10,1,2,3,4,6,9,10,15,18,20
2016-03-08,19:00,1152,18,2,4,7,8,9,12,16,17,19,20
2016-03-08,20:00,1153,8,3,4,6,8,10,12,14,16,18,19
2016-03-08,21:00,1154,19,2,4,5,6,9,10,11,13,16,20
2016-03-08,22:00,1155,2,1,4,10,13,14,15,16,17,18,20
2016-03-08,23:00,1156,5,2,5,7,11,14,15,16,18,19,20
2016-03-09,07:00,1157,9,2,3,4,5,7,9,10,13,17,20
2016-03-09,08:00,1158,13,1,2,3,8,10,11,15,17,19,20
2016-03-09,09:00,1159,7,1,2,4,7,8,10,11,13,16,18
2016-03-09,10:00,1160,14,2,3,4,8,9,16,17,18,19,20
2016-03-09,11:00,1161,14,1,3,5,6,7,10,12,13,14,16
2016-03-09,12:00,1162,4,4,5,6,11,12,13,14,15,17,18
2016-03-09,13:00,1163,8,2,5,6,8,11,12,14,18,19,20
2016-03-09,14:00,1164,2,2,4,5,7,10,11,13,14,17,19
2016-03-09,15:00,1165,14,1,2,4,6,8,11,13,16,17,19
2016-03-09,16:00,1166,18,2,3,5,6,8,11,13,14,15,16
2016-03-09,17:00,1167,20,1,3,4,6,7,8,10,11,13,20
2016-03-09,18:00,1168,15,2,6,7,9,12,13,15,16,17,18
2016-03-09,19:00,1169,1,1,3,4,10,11,12,13,15,16,19
2016-03-09,20:00,1170,13,1,6,7,8,11,13,15,18,19,20
2016-03-09,21:00,1171,1,4,6,7,9,10,11,13,14,15,17
2016-03-09,22:00,1172,4,1,7,8,9,13,14,16,17,18,19
2016-03-09,23:00,1173,9,1,2,5,8,9,10,13,14,15,18
2016-03-10,07:00,1174,12,2,3,5,7,10,12,13,14,19,20
2016-03-10,08:00,1175,7,3,4,6,7,9,11,12,13,16,20
2016-03-10,09:00,1176,15,1,4,6,9,10,11,14,16,17,18
2016-03-10,10:00,1177,4,2,3,8,9,10,11,14,18,19,20
2016-03-10,11:00,1178,5,2,4,6,9,10,11,12,13,17,20
2016-03-10,12:00,1179,4,1,3,6,9,11,12,14,16,17,19
2016-03-10,13:00,1180,11,3,6,7,8,11,12,14,16,17,19
2016-03-10,14:00,1181,11,1,2,3,4,9,10,11,13,14,19
2016-03-10,15:00,1182,5,2,3,5,7,9,11,13,14,16,19
2016-03-10,16:00,1183,5,2,3,4,9,10,12,13,14,19,20
2016-03-10,17:00,1184,16,2,3,4,5,6,11,12,14,15,16
2016-03-10,18:00,1185,9,1,2,4,6,10,11,12,16,17,18
2016-03-10,19:00,1186,7,2,3,4,5,7,8,10,12,17,18
2016-03-10,20:00,1187,10,3,5,6,8,9,10,11,17,18,19
2016-03-10,21:00,1188,1,2,3,8,12,13,14,16,17,19,20
2016-03-10,22:00,1189,5,2,8,9,10,12,13,15,16,17,18
2016-03-10,23:00,1190,17,2,3,4,5,6,8,9,12,14,16
2016-03-11,07:00,1191,17,4,6,8,10,12,14,15,16,17,20
2016-03-11,08:00,1192,9,1,3,5,6,14,15,16,18,19,20
2016-03-11,09:00,1193,3,1,3,4,6,8,9,10,11,13,15
2016-03-11,10:00,1194,18,1,3,4,7,11,13,14,18,19,20
2016-03-11,11:00,1195,14,1,2,3,4,8,9,11,12,15,19
2016-03-11,12:00,1196,2,2,5,8,9,11,14,15,18,19,20
2016-03-11,13:00,1197,20,1,2,5,6,7,9,10,15,17,19
2016-03-11,14:00,1198,4,2,3,4,5,6,8,13,15,17,20
2016-03-11,15:00,1199,17,3,4,5,6,12,14,16,17,19,20
2016-03-11,16:00,1200,19,3,5,7,8,9,10,14,15,16,19
2016-03-11,17:00,1201,6,1,3,6,8,9,11,15,16,17,19
2016-03-11,18:00,1202,7,1,4,6,10,11,13,14,15,17,18
2016-03-11,19:00,1203,1,2,3,4,7,8,9,11,12,14,19
2016-03-11,20:00,1204,19,3,5,6,8,10,11,12,17,18,19
2016-03-11,21:00,1205,2,2,3,5,6,8,9,11,14,17,19
2016-03-11,22:00,1206,2,3,4,5,6,7,9,14,18,19,20
2016-03-11,23:00,1207,12,1,4,7,8,9,12,13,14,18,20
2016-03-12,07:00,1208,18,2,3,4,7,8,10,13,16,17,19
2016-03-12,08:00,1209,11,1,3,5,8,11,15,16,17,18,20
2016-03-12,09:00,1210,11,2,3,4,5,8,9,14,17,18,19
2016-03-12,10:00,1211,10,3,5,8,9,10,12,13,14,17,19
2016-03-12,11:00,1212,7,1,2,5,6,7,8,10,18,19,20
2016-03-12,12:00,1213,3,1,3,4,6,8,9,10,14,16,17
2016-03-12,13:00,1214,2,2,3,5,8,9,11,12,13,14,18
2016-03-12,14:00,1215,2,2,5,7,10,11,13,14,15,16,17
2016-03-12,15:00,1216,15,2,3,4,6,9,15,16,17,19,20
2016-03-12,16:00,1217,12,2,3,5,6,12,13,15,16,19,20
2016-03-12,17:00,1218,15,2,3,4,5,6,7,10,15,16,20
2016-03-12,18:00,1219,9,2,3,4,6,8,9,12,15,16,20
2016-03-12,19:00,1220,18,1,5,7,8,10,11,15,16,17,18
2016-03-12,20:00,1221,15,1,8,9,10,12,13,15,16,18,19
2016-03-12,21:00,1222,12,1,5,6,7,9,10,11,13,15,16
2016-03-12,22:00,1223,18,1,4,7,8,10,12,13,14,15,19
2016-03-12,23:00,1224,11,3,6,9,10,11,12,14,16,18,19
2016-03-13,07:00,1225,4,3,4,7,8,10,11,12,15,17,18
2016-03-13,08:00,1226,16,1,5,6,7,9,13,14,15,16,20
2016-03-13,09:00,1227,20,1,2,3,4,6,7,10,11,12,20
2016-03-13,10:00,1228,19,3,5,6,8,12,16,17,18,19,20
2016-03-13,11:00,1229,11,5,6,7,8,10,12,14,15,16,18
2016-03-13,12:00,1230,3,4,5,6,8,9,10,11,13,14,16
2016-03-13,13:00,1231,9,1,2,5,6,10,12,15,17,19,20
2016-03-13,14:00,1232,9,1,3,5,6,7,8,10,15,16,20
2016-03-13,15:00,1233,3,1,3,4,6,8,9,12,16,17,20
2016-03-13,16:00,1234,4,1,4,7,9,12,14,15,16,17,19
2016-03-13,17:00,1235,2,7,8,10,11,12,14,15,18,19,20
2016-03-13,18:00,1236,15,1,3,5,9,11,12,14,16,18,19
2016-03-13,19:00,1237,10,3,4,5,6,7,9,10,11,13,19
2016-03-13,20:00,1238,19,2,3,7,9,11,12,15,17,19,20
2016-03-13,21:00,1239,3,1,2,6,8,9,11,12,13,14,19
2016-03-13,22:00,1240,5,3,4,6,8,10,13,14,15,16,20
2016-03-13,23:00,1241,15,1,2,3,5,8,10,11,15,18,19
2016-03-14,07:00,1242,13,1,2,8,9,11,12,14,16,18,20
2016-03-14,08:00,1243,3,1,2,3,4,8,9,15,16,19,20
2016-03-14,09:00,1244,15,1,2,6,7,8,11,13,14,15,20
2016-03-14,10:00,1245,6,2,5,6,7,9,11,13,14,19,20
2016-03-14,11:00,1246,10,1,2,3,4,7,10,11,14,16,19
2016-03-14,12:00,1247,16,3,4,5,7,9,10,12,15,16,17
2016-03-14,13:00,1248,16,1,2,4,6,7,10,12,14,15,20
2016-03-14,14:00,1249,19,1,2,6,8,10,11,12,16,17,19
2016-03-14,15:00,1250,3,2,3,4,5,10,15,16,18,19,20
2016-03-14,16:00,1251,16,1,3,5,11,12,14,15,18,19,20
2016-03-14,17:00,1252,2,3,4,8,11,13,14,16,17,18,19
2016-03-14,18:00,1253,19,1,3,4,5,6,7,10,12,13,17
2016-03-14,19:00,1254,5,1,2,6,8,9,10,11,17,18,19
2016-03-14,20:00,1255,18,2,3,4,6,10,12,13,16,18,20
2016-03-14,21:00,1256,16,1,2,5,7,9,13,14,16,18,20
2016-03-14,22:00,1257,17,4,6,7,9,10,11,12,16,18,19
2016-03-14,23:00,1258,2,1,2,4,5,6,7,8,11,16,19
2016-03-15,07:00,1259,16,1,4,5,6,7,11,12,13,17,20
2016-03-15,08:00,1260,15,1,3,4,5,9,10,12,14,16,19
2016-03-15,09:00,1261,9,1,2,4,5,7,11,13,16,18,20
2016-03-15,10:00,1262,13,3,5,7,11,12,14,15,16,17,19
2016-03-15,11:00,1263,12,1,2,5,7,8,10,11,15,16,19
2016-03-15,12:00,1264,16,5,8,9,10,11,13,14,17,18,19
2016-03-15,13:00,1265,15,2,3,4,5,7,10,12,16,18,20
2016-03-15,14:00,1266,12,2,3,6,10,12,15,16,18,19,20
2016-03-15,15:00,1267,14,4,6,7,10,11,12,17,18,19,20
2016-03-15,16:00,1268,13,1,2,3,4,6,11,13,15,16,20
2016-03-15,17:00,1269,18,4,6,8,9,10,12,13,17,18,19
2016-03-15,18:00,1270,14,1,5,7,8,9,11,12,13,16,19
2016-03-15,19:00,1271,18,2,3,5,11,12,14,16,17,19,20
2016-03-15,20:00,1272,16,5,6,8,9,14,15,17,18,19,20
2016-03-15,21:00,1273,7,2,3,7,8,10,12,13,14,16,19
2016-03-15,22:00,1274,3,2,5,8,10,13,14,15,16,17,18
2016-03-15,23:00,1275,3,1,3,6,7,8,14,15,18,19,20
2016-03-16,07:00,1276,2,1,4,5,11,12,14,15,17,18,19
2016-03-16,08:00,1277,14,2,6,8,11,12,16,17,18,19,20
2016-03-16,09:00,1278,16,1,2,4,6,10,11,13,15,19,20
2016-03-16,10:00,1279,13,5,6,9,14,15,16,17,18,19,20
2016-03-16,11:00,1280,18,2,5,6,11,12,14,15,16,17,18
2016-03-16,12:00,1281,2,6,7,8,10,11,12,13,14,17,20
2016-03-16,13:00,1282,19,1,2,3,10,11,13,14,16,17,19
2016-03-16,14:00,1283,4,2,4,6,10,11,12,16,17,19,20
2016-03-16,15:00,1284,15,2,3,4,6,9,10,11,12,17,19
2016-03-16,16:00,1285,20,1,4,6,8,9,10,13,15,16,18
2016-03-16,17:00,1286,19,4,5,6,9,10,13,16,17,19,20
2016-03-16,18:00,1287,16,1,4,5,7,8,10,11,16,17,20
2016-03-16,19:00,1288,8,1,4,5,6,7,10,11,14,16,20
2016-03-16,20:00,1289,5,2,3,4,5,6,8,10,14,16,17
2016-03-16,21:00,1290,1,2,7,10,12,13,14,15,16,17,18
2016-03-16,22:00,1291,3,1,4,5,6,8,9,13,14,17,20
2016-03-16,23:00,1292,6,1,7,8,9,10,12,14,15,18,19
2016-03-17,07:00,1293,5,1,3,7,8,11,12,15,17,19,20
2016-03-17,08:00,1294,8,2,3,5,7,9,11,16,17,18,20
2016-03-17,09:00,1295,19,2,5,7,9,11,13,16,17,18,19
2016-03-17,10:00,1296,5,3,4,5,7,11,12,16,17,19,20
2016-03-17,11:00,1297,16,2,3,4,6,8,9,11,12,17,20
2016-03-17,12:00,1298,12,2,4,5,6,8,11,13,15,16,19
2016-03-17,13:00,1299,5,1,3,4,5,6,9,14,15,16,20
2016-03-17,14:00,1300,10,1,2,4,5,6,8,9,10,11,16
2016-03-17,15:00,1301,13,2,3,6,8,10,11,12,14,18,19
2016-03-17,16:00,1302,18,1,3,6,9,11,12,13,14,16,18
2016-03-17,17:00,1303,9,1,2,3,5,6,7,8,9,16,20
2016-03-17,18:00,1304,9,1,2,3,4,7,8,9,13,16,18
2016-03-17,19:00,1305,12,1,3,8,9,14,15,16,18,19,20
2016-03-17,20:00,1306,12,1,2,4,5,13,14,15,16,18,19
2016-03-17,21:00,1307,6,3,7,9,11,12,13,14,15,19,20
2016-03-17,22:00,1308,3,1,2,3,4,8,9,10,12,14,19
2016-03-17,23:00,1309,10,1,5,9,10,12,13,15,18,19,20
2016-03-18,07:00,1310,13,1,2,3,5,9,13,14,17,18,20
2016-03-18,08:00,1311,16,1,2,4,6,7,8,9,12,18,20
2016-03-18,09:00,1312,9,3,6,7,9,11,12,16,17,19,20
2016-03-18,10:00,1313,4,2,3,5,6,9,13,15,16,17,20
2016-03-18,11:00,1314,9,2,4,5,6,8,12,13,14,15,20
2016-03-18,12:00,1315,17,1,4,6,7,8,9,12,13,15,17
2016-03-18,13:00,1316,19,1,3,6,7,8,9,11,13,15,17
2016-03-18,14:00,1317,15,2,4,5,6,9,12,13,17,18,19
2016-03-18,15:00,1318,4,5,6,7,9,10,11,16,17,18,20
2016-03-18,16:00,1319,14,1,3,8,9,12,15,16,17,18,20
2016-03-18,17:00,1320,3,3,4,7,8,9,11,12,18,19,20
2016-03-18,18:00,1321,1,1,2,3,6,9,11,12,13,14,20
2016-03-18,19:00,1322,5,2,4,5,8,9,13,15,16,17,20
2016-03-18,20:00,1323,3,1,3,4,5,7,14,17,18,19,20
2016-03-18,21:00,1324,20,1,2,6,7,10,11,12,14,16,17
2016-03-18,22:00,1325,18,1,2,4,7,8,10,11,15,17,18
2016-03-18,23:00,1326,17,1,2,5,9,10,12,16,18,19,20
2016-03-19,07:00,1327,8,4,5,6,7,9,11,12,14,15,18
2016-03-19,08:00,1328,6,2,4,5,6,8,10,14,16,17,19
2016-03-19,09:00,1329,17,1,2,4,7,9,10,11,13,15,17
2016-03-19,10:00,1330,12,1,2,3,4,5,9,13,14,17,18
2016-03-19,11:00,1331,1,1,3,7,8,11,14,15,18,19,20
2016-03-19,12:00,1332,3,1,3,4,5,10,11,14,15,16,17
2016-03-19,13:00,1333,17,3,5,7,10,11,12,13,14,16,19
2016-03-19,14:00,1334,11,1,3,4,5,8,12,13,15,17,19
2016-03-19,15:00,1335,1,4,7,9,11,12,13,16,18,19,20
2016-03-19,16:00,1336,10,2,3,4,8,12,14,15,17,19,20
2016-03-19,17:00,1337,13,1,3,7,8,11,12,14,15,17,19
2016-03-19,18:00,1338,13,1,3,7,8,10,12,13,15,17,20
2016-03-19,19:00,1339,20,4,6,7,8,9,13,15,16,18,20
2016-03-19,20:00,1340,11,2,4,6,8,9,10,11,15,18,20
2016-03-19,21:00,1341,4,1,7,9,10,11,12,13,14,15,19
2016-03-19,22:00,1342,19,2,3,4,5,7,8,10,11,15,17
2016-03-19,23:00,1343,1,1,2,5,9,10,12,13,15,16,20
2016-03-20,07:00,1344,2,2,6,10,12,14,16,17,18,19,20
2016-03-20,08:00,1345,7,2,5,6,8,9,13,15,18,19,20
2016-03-20,09:00,1346,6,1,2,3,4,5,6,7,15,17,18
2016-03-20,10:00,1347,16,1,2,3,7,8,10,11,17,18,19
2016-03-20,11:00,1348,8,3,6,7,9,10,13,14,16,17,20
2016-03-20,12:00,1349,8,2,3,7,10,13,14,17,18,19,20
2016-03-20,13:00,1350,6,2,4,5,6,13,14,15,17,19,20
2016-03-20,14:00,1351,17,1,3,4,9,13,14,15,16,17,18
2016-03-20,15:00,1352,10,1,2,3,4,11,12,14,15,16,18
2016-03-20,16:00,1353,4,3,4,6,7,9,10,11,13,17,18
2016-03-20,17:00,1354,7,2,3,5,11,13,14,16,18,19,20
2016-03-20,18:00,1355,20,1,8,9,11,12,13,14,15,16,20
2016-03-20,19:00,1356,9,1,4,8,12,13,14,16,18,19,20
2016-03-20,20:00,1357,14,1,2,4,6,7,10,14,16,19,20
2016-03-20,21:00,1358,9,1,2,6,7,8,10,11,16,18,19
2016-03-20,22:00,1359,5,2,5,6,11,13,15,16,17,19,20
2016-03-20,23:00,1360,6,2,3,4,5,6,7,9,11,12,14
2016-03-21,07:00,1361,5,2,3,5,6,12,13,14,15,16,17
2016-03-21,08:00,1362,1,1,3,4,6,8,10,11,15,16,20
2016-03-21,09:00,1363,8,1,5,6,8,10,11,14,15,16,17
2016-03-21,10:00,1364,13,3,4,8,9,12,13,14,15,19,20
2016-03-21,11:00,1365,2,1,4,6,8,9,10,11,15,18,20
2016-03-21,12:00,1366,18,1,2,6,7,10,12,14,17,18,20
2016-03-21,13:00,1367,20,1,5,6,7,9,10,11,14,15,18
2016-03-21,14:00,1368,6,2,5,7,8,9,13,14,15,17,18
2016-03-21,15:00,1369,11,3,5,6,9,11,13,14,15,16,20
2016-03-21,16:00,1370,3,1,5,8,9,11,12,14,15,18,19
2016-03-21,17:00,1371,3,1,2,4,6,7,9,11,14,19,20
2016-03-21,18:00,1372,14,3,4,8,10,12,13,14,15,17,19
2016-03-21,19:00,1373,2,1,3,4,6,7,11,12,14,19,20
2016-03-21,20:00,1374,15,1,3,5,7,11,14,15,18,19,20
2016-03-21,21:00,1375,5,2,4,5,7,8,9,13,16,17,19
2016-03-21,22:00,1376,18,1,3,9,11,12,13,16,17,19,20
2016-03-21,23:00,1377,15,1,3,6,7,8,9,12,15,16,18
2016-03-22,07:00,1378,3,3,4,5,6,8,11,12,15,19,20
2016-03-22,08:00,1379,9,6,8,9,10,12,14,15,16,18,20
2016-03-22,09:00,1380,15,1,5,6,7,10,13,14,15,17,20
2016-03-22,10:00,1381,19,2,4,7,9,10,11,17,18,19,20
2016-03-22,11:00,1382,17,3,7,8,10,11,12,13,14,16,19
2016-03-22,12:00,1383,16,2,6,8,9,13,14,15,16,18,19
2016-03-22,13:00,1384,4,2,4,5,6,10,13,14,18,19,20
2016-03-22,14:00,1385,4,1,4,6,9,11,16,17,18,19,20
2016-03-22,15:00,1386,2,1,4,5,8,10,12,13,14,15,18
2016-03-22,16:00,1387,14,1,3,4,5,11,14,16,17,19,20
2016-03-22,17:00,1388,11,1,3,4,7,9,11,13,14,17,18
2016-03-22,18:00,1389,16,1,3,4,5,7,12,14,15,16,18
2016-03-22,19:00,1390,12,3,5,8,9,13,15,16,18,19,20
2016-03-22,20:00,1391,14,3,5,7,8,10,11,12,13,14,17
2016-03-22,21:00,1392,3,1,2,5,6,9,11,16,17,18,20
2016-03-22,22:00,1393,13,3,4,6,8,9,11,16,18,19,20
2016-03-22,23:00,1394,19,3,5,6,8,13,15,16,17,19,20
2016-03-23,07:00,1395,20,2,3,5,7,12,14,15,16,17,18
2016-03-23,08:00,1396,15,2,3,4,6,7,9,14,15,18,20
2016-03-23,09:00,1397,13,1,2,7,13,14,15,16,17,18,19
2016-03-23,10:00,1398,16,1,4,5,7,10,12,13,14,16,19
2016-03-23,11:00,1399,6,1,2,4,7,9,10,12,14,17,20
2016-03-23,12:00,1400,2,1,2,3,5,6,8,10,15,17,19
2016-03-23,13:00,1401,15,1,4,8,11,12,13,14,15,16,19
2016-03-23,14:00,1402,3,1,2,3,5,9,12,14,17,18,19
2016-03-23,15:00,1403,8,3,4,5,6,10,13,14,16,18,19
2016-03-23,16:00,1404,5,1,3,8,9,10,11,12,14,17,18
2016-03-23,17:00,1405,18,1,3,5,9,10,11,12,16,17,18
2016-03-23,18:00,1406,20,1,2,4,7,9,12,13,15,19,20
2016-03-23,19:00,1407,5,2,3,4,5,7,8,10,11,15,17
2016-03-23,20:00,1408,1,1,2,3,5,6,7,15,17,18,20
2016-03-23,21:00,1409,5,3,6,7,9,10,12,13,15,17,18
2016-03-23,22:00,1410,2,1,2,3,4,7,8,10,12,13,20
2016-03-23,23:00,1411,6,2,6,10,11,12,13,15,16,17,19
2016-03-24,07:00,1412,6,2,3,4,6,10,11,12,13,14,20
2016-03-24,08:00,1413,18,1,7,9,10,12,13,16,18,19,20
2016-03-24,09:00,1414,14,1,4,6,10,11,12,14,16,17,20
2016-03-24,10:00,1415,17,6,7,8,9,12,13,14,16,18,19
2016-03-24,11:00,1416,16,1,2,4,6,8,13,14,16,19,20
2016-03-24,12:00,1417,19,1,3,5,7,11,13,14,15,19,20
2016-03-24,13:00,1418,13,2,5,10,11,12,13,14,15,17,18
2016-03-24,14:00,1419,19,1,6,8,10,11,12,13,18,19,20
2016-03-24,15:00,1420,3,1,2,4,6,11,12,14,16,17,18
2016-03-24,16:00,1421,15,2,3,5,7,9,11,12,13,19,20
2016-03-24,17:00,1422,15,2,4,5,7,8,9,11,12,15,20
2016-03-24,18:00,1423,13,1,2,3,5,8,9,10,13,18,20
2016-03-24,19:00,1424,4,1,4,7,8,10,11,12,13,14,16
2016-03-24,20:00,1425,17,2,3,5,7,10,11,14,15,17,20
2016-03-24,21:00,1426,12,1,3,4,5,6,7,8,9,14,20
2016-03-24,22:00,1427,7,1,2,4,6,7,10,15,16,17,19
2016-03-24,23:00,1428,18,5,6,8,9,11,12,14,16,17,19
2016-03-25,07:00,1429,9,1,2,3,4,6,8,10,15,16,18
2016-03-25,08:00,1430,3,1,2,3,4,8,9,11,14,15,18
2016-03-25,09:00,1431,8,3,4,7,8,11,12,14,15,16,18
2016-03-25,10:00,1432,3,1,3,6,9,10,11,12,13,14,16
2016-03-25,11:00,1433,2,1,2,3,5,6,10,12,13,16,20
2016-03-25,12:00,1434,12,1,3,7,9,12,13,15,16,18,19
2016-03-25,13:00,1435,13,1,3,4,6,8,9,11,13,17,20
2016-03-25,14:00,1436,19,1,4,6,7,8,10,12,13,16,17
2016-03-25,15:00,1437,7,2,6,7,8,9,13,15,17,18,20
2016-03-25,16:00,1438,10,3,6,7,10,11,13,16,17,18,19
2016-03-25,17:00,1439,13,2,4,5,7,11,12,13,14,15,19
2016-03-25,18:00,1440,14,3,4,7,9,11,13,14,15,17,18
2016-03-25,19:00,1441,1,2,3,4,5,7,9,10,12,13,18
2016-03-25,20:00,1442,14,1,5,6,7,8,10,13,14,16,18
2016-03-25,21:00,1443,5,2,3,4,6,7,11,14,15,16,19
2016-03-25,22:00,1444,17,1,4,5,8,9,13,15,17,18,20
2016-03-25,23:00,1445,8,5,9,10,12,13,14,15,16,17,19
2016-03-26,07:00,1446,10,2,3,4,5,7,8,10,13,19,20
2016-03-26,08:00,1447,1,2,3,5,6,8,16,17,18,19,20
2016-03-26,09:00,1448,15,2,4,5,6,7,8,9,13,15,19
2016-03-26,10:00,1449,13,4,5,6,7,13,15,16,17,18,19
2016-03-26,11:00,1450,12,1,2,8,9,11,15,17,18,19,20
2016-03-26,12:00,1451,15,5,6,8,9,12,14,15,16,17,18
2016-03-26,13:00,1452,11,1,4,7,10,11,13,15,16,18,20
2016-03-26,14:00,1453,16,1,4,5,6,9,10,12,14,15,19
2016-03-26,15:00,1454,14,2,7,8,10,12,15,16,18,19,20
2016-03-26,16:00,1455,6,2,3,4,5,6,7,11,17,18,19
2016-03-26,17:00,1456,19,3,5,7,11,12,13,15,17,19,20
2016-03-26,18:00,1457,2,3,4,6,8,9,10,12,15,17,18
2016-03-26,19:00,1458,14,2,4,7,8,9,10,11,12,17,20
2016-03-26,20:00,1459,16,2,3,6,7,8,10,12,14,15,19
2016-03-26,21:00,1460,17,2,4,9,10,11,12,13,14,17,19
2016-03-26,22:00,1461,18,3,4,7,8,11,12,15,17,18,20
2016-03-26,23:00,1462,4,1,4,5,7,10,11,12,13,15,19
2016-03-27,07:00,1463,5,2,4,8,10,13,14,15,17,19,20
2016-03-27,08:00,1464,1,1,2,3,4,6,10,12,13,17,20
2016-03-27,09:00,1465,11,2,3,4,5,6,7,14,15,16,17
2016-03-27,10:00,1466,10,5,8,9,10,13,15,17,18,19,20
2016-03-27,11:00,1467,5,1,2,5,9,13,15,16,18,19,20
2016-03-27,12:00,1468,4,3,4,6,7,8,9,12,14,17,20
2016-03-27,13:00,1469,19,1,3,5,6,7,8,14,16,17,20
2016-03-27,14:00,1470,18,1,2,4,9,11,12,14,15,18,19
2016-03-27,15:00,1471,20,2,4,5,7,8,11,12,16,17,19
2016-03-27,16:00,1472,15,1,2,3,8,10,12,13,15,18,20
2016-03-27,17:00,1473,8,1,3,5,7,8,10,13,14,16,18
2016-03-27,18:00,1474,16,3,5,6,9,10,11,12,17,18,19
2016-03-27,19:00,1475,12,1,2,3,6,9,11,14,15,17,20
2016-03-27,20:00,1476,1,1,2,5,6,8,9,10,14,18,19
2016-03-27,21:00,1477,6,2,4,5,9,10,12,14,16,18,20
2016-03-27,22:00,1478,20,1,2,3,8,10,11,12,14,19,20
2016-03-27,23:00,1479,17,3,6,8,9,10,12,13,14,18,19
2016-03-28,07:00,1480,19,1,2,4,8,9,10,11,15,17,19
2016-03-28,08:00,1481,17,1,2,3,6,7,9,10,13,15,18
2016-03-28,09:00,1482,3,1,2,4,8,10,11,15,17,18,19
2016-03-28,10:00,1483,16,2,3,5,7,9,13,14,15,17,18
2016-03-28,11:00,1484,15,1,3,4,6,7,9,11,14,15,20
2016-03-28,12:00,1485,8,2,3,4,5,7,9,11,12,13,17
2016-03-28,13:00,1486,2,5,6,10,12,14,15,16,17,18,19
2016-03-28,14:00,1487,1,1,2,3,5,7,10,12,16,18,19
2016-03-28,15:00,1488,2,1,5,6,8,9,11,12,13,14,20
2016-03-28,16:00,1489,1,5,7,9,11,12,14,16,18,19,20
2016-03-28,17:00,1490,12,3,4,5,6,9,10,12,15,16,17
2016-03-28,18:00,1491,7,2,7,12,13,14,15,17,18,19,20
2016-03-28,19:00,1492,6,2,3,5,7,8,9,13,15,16,19
2016-03-28,20:00,1493,1,1,3,4,7,8,10,11,12,15,17
2016-03-28,21:00,1494,13,1,6,7,10,11,12,14,15,17,19
2016-03-28,22:00,1495,4,3,4,7,11,12,13,14,15,17,18
2016-03-28,23:00,1496,5,1,6,7,9,10,14,16,17,18,20
2016-03-29,07:00,1497,15,1,2,8,10,11,12,13,14,16,20
2016-03-29,08:00,1498,1,1,3,5,6,9,11,15,17,19,20
2016-03-29,09:00,1499,16,1,2,3,6,7,9,11,12,17,19
2016-03-29,10:00,1500,3,1,2,4,7,8,9,11,14,17,18
2016-03-29,11:00,1501,12,2,6,7,8,10,12,14,16,17,19
2016-03-29,12:00,1502,8,3,4,5,6,11,12,14,17,18,19
2016-03-29,13:00,1503,3,3,5,6,7,9,10,11,13,17,18
2016-03-29,14:00,1504,18,1,2,4,6,8,10,11,14,17,20
2016-03-29,15:00,1505,1,2,3,5,8,10,11,12,13,16,18
2016-03-29,16:00,1506,9,1,2,3,4,8,10,11,12,16,19
2016-03-29,17:00,1507,11,2,6,7,8,10,11,16,17,18,19
2016-03-29,18:00,1508,18,1,3,7,8,9,10,11,12,14,19
2016-03-29,19:00,1509,13,3,4,6,8,10,13,14,16,17,19
2016-03-29,20:00,1510,12,1,2,8,9,12,13,14,15,16,17
2016-03-29,21:00,1511,9,1,2,3,5,9,12,14,16,18,19
2016-03-29,22:00,1512,3,3,4,6,7,10,14,16,17,18,19
2016-03-29,23:00,1513,18,1,4,6,7,8,12,15,16,18,19
2016-03-30,07:00,1514,9,1,2,4,8,10,13,15,16,17,20
2016-03-30,08:00,1515,16,7,8,9,10,13,15,16,17,18,20
2016-03-30,09:00,1516,20,1,2,6,8,9,10,12,13,15,20
2016-03-30,10:00,1517,6,1,2,5,7,11,15,16,17,18,19
2016-03-30,11:00,1518,11,1,3,8,9,11,12,15,17,18,20
2016-03-30,12:00,1519,9,1,2,5,7,10,13,15,16,17,19
2016-03-30,13:00,1520,9,6,7,8,9,12,13,14,15,16,17
2016-03-30,14:00,1521,8,2,3,6,7,8,9,11,13,18,20
2016-03-30,15:00,1522,2,1,3,4,5,9,10,11,16,18,20
2016-03-30,16:00,1523,1,1,2,6,9,10,11,13,14,15,18
2016-03-30,17:00,1524,7,1,2,3,6,7,8,9,13,15,20
2016-03-30,18:00,1525,1,4,6,8,9,10,11,14,15,17,20
2016-03-30,19:00,1526,10,1,4,7,8,11,12,14,16,17,20
2016-03-30,20:00,1527,19,1,4,5,6,7,11,13,16,17,18
2016-03-30,21:00,1528,9,5,6,8,10,12,14,17,18,19,20
2016-03-30,22:00,1529,10,4,5,9,10,12,13,16,17,18,20
2016-03-30,23:00,1530,11,2,5,6,8,10,13,14,16,19,20
2016-03-31,07:00,1531,15,3,5,6,7,8,12,15,16,17,19
2016-03-31,08:00,1532,20,1,5,6,8,10,11,13,15,17,20
2016-03-31,09:00,1533,6,2,3,6,8,11,12,17,18,19,20
2016-03-31,10:00,1534,18,1,2,3,5,7,9,11,12,15,18
2016-03-31,11:00,1535,5,4,6,7,9,11,12,14,15,16,18
2016-03-31,12:00,1536,2,1,3,4,7,8,10,12,13,19,20
2016-03-31,13:00,1537,9,2,3,4,7,8,10,11,14,15,17
2016-03-31,14:00,1538,6,3,4,6,7,8,10,11,15,17,19
2016-03-31,15:00,1539,8,3,5,7,8,9,10,15,16,18,20
2016-03-31,16:00,1540,10,1,3,5,8,9,12,13,15,17,20
2016-03-31,17:00,1541,3,1,2,4,5,8,9,12,17,19,20
2016-03-31,18:00,1542,3,1,2,4,5,10,12,13,14,15,18
2016-03-31,19:00,1543,4,1,4,6,10,12,14,15,16,18,19
2016-03-31,20:00,1544,16,1,3,4,6,10,12,13,15,17,18
2016-03-31,21:00,1545,16,1,5,7,8,13,14,15,18,19,20
2016-03-31,22:00,1546,15,2,5,7,8,9,11,13,14,17,20
2016-03-31,23:00,1547,16,1,3,6,7,9,10,13,14,17,20
2016-04-01,07:00,1548,13,1,2,3,5,7,10,12,16,18,20
2016-04-01,08:00,1549,17,1,2,6,9,12,13,14,16,18,19
2016-04-01,09:00,1550,7,1,3,5,6,9,10,11,12,13,18
2016-04-01,10:00,1551,5,2,3,4,6,7,9,12,15,18,20
2016-04-01,11:00,1552,17,1,2,3,5,6,7,9,12,13,20
2016-04-01,12:00,1553,3,4,6,7,9,11,12,15,18,19,20
2016-04-01,13:00,1554,14,1,4,5,7,8,9,11,14,16,17
2016-04-01,14:00,1555,17,2,3,4,7,10,12,17,18,19,20
2016-04-01,15:00,1556,5,5,6,7,8,9,10,11,12,13,20
2016-04-01,16:00,1557,2,1,2,4,6,8,9,10,14,17,20
2016-04-01,17:00,1558,12,1,3,4,6,8,9,10,12,17,18
2016-04-01,18:00,1559,5,5,6,9,10,11,12,13,15,18,20
2016-04-01,19:00,1560,7,1,2,5,7,9,11,12,14,15,18
2016-04-01,20:00,1561,15,2,3,6,7,9,11,13,14,15,18
2016-04-01,21:00,1562,18,2,5,6,11,12,13,14,16,17,18
2016-04-01,22:00,1563,10,2,4,5,6,8,9,10,11,15,16
2016-04-01,23:00,1564,14,3,6,7,9,10,13,16,17,18,19
2016-04-02,07:00,1565,13,2,4,5,8,10,12,13,14,16,18
2016-04-02,08:00,1566,5,1,4,7,8,9,11,12,13,16,20
2016-04-02,09:00,1567,1,1,2,8,9,11,12,13,16,19,20
2016-04-02,10:00,1568,10,1,2,5,7,9,14,16,17,18,19
2016-04-02,11:00,1569,1,1,3,4,5,11,12,13,14,15,17
2016-04-02,12:00,1570,10,1,5,6,8,9,11,12,15,17,20
2016-04-02,13:00,1571,8,1,3,4,6,9,10,11,15,16,18
2016-04-02,14:00,1572,3,6,9,10,11,12,14,16,17,19,20
2016-04-02,15:00,1573,11,1,4,7,8,10,12,13,15,16,19
2016-04-02,16:00,1574,17,1,2,4,6,7,8,11,12,18,20
2016-04-02,17:00,1575,6,1,3,4,7,8,12,13,16,18,20
2016-04-02,18:00,1576,5,1,3,6,10,11,13,14,15,18,19
2016-04-02,19:00,1577,1,3,7,8,9,11,12,15,16,18,20
2016-04-02,20:00,1578,9,1,2,4,6,7,16,17,18,19,20
2016-04-02,21:00,1579,7,1,2,6,9,11,13,15,16,18,19
2016-04-02,22:00,1580,4,2,4,5,7,9,11,12,14,18,19
2016-04-02,23:00,1581,13,3,5,6,9,11,13,16,17,19,20
2016-04-03,07:00,1582,11,1,2,3,6,10,14,15,17,18,20
2016-04-03,08:00,1583,4,1,3,6,10,13,14,15,18,19,20
2016-04-03,09:00,1584,12,5,7,8,9,10,11,12,17,18,20
2016-04-03,10:00,1585,6,2,4,5,6,9,10,11,16,19,20
2016-04-03,11:00,1586,2,5,6,7,8,9,10,14,16,17,18
2016-04-03,12:00,1587,18,1,2,4,5,7,8,11,15,18,19
2016-04-03,13:00,1588,19,1,2,3,4,10,11,12,13,16,19
2016-04-03,14:00,1589,17,1,4,5,6,7,10,14,15,18,20
2016-04-03,15:00,1590,2,1,3,4,5,6,9,11,15,18,19
2016-04-03,16:00,1591,1,1,2,7,11,13,14,15,16,19,20
2016-04-03,17:00,1592,2,2,3,4,5,7,10,14,15,16,19
2016-04-03,18:00,1593,15,1,2,5,6,7,9,12,14,16,20
2016-04-03,19:00,1594,5,1,3,4,8,9,12,15,16,18,20
2016-04-03,20:00,1595,4,2,8,10,11,12,13,14,15,17,18
2016-04-03,21:00,1596,16,3,4,5,6,7,11,12,15,16,17
2016-04-03,22:00,1597,10,2,3,4,5,8,10,12,15,16,17
2016-04-03,23:00,1598,10,1,4,6,7,10,11,12,13,15,20
2016-04-04,07:00,1599,2,4,5,7,8,9,10,11,15,18,20
2016-04-04,08:00,1600,1,1,3,4,5,9,12,14,16,19,20
2016-04-04,09:00,1601,5,1,4,5,8,9,11,15,17,19,20
2016-04-04,10:00,1602,2,1,3,4,5,7,11,16,17,18,19
2016-04-04,11:00,1603,11,1,2,4,7,8,12,14,16,19,20
2016-04-04,12:00,1604,13,1,2,3,8,12,15,17,18,19,20
2016-04-04,13:00,1605,2,1,2,3,4,5,8,10,13,17,20
2016-04-04,14:00,1606,3,1,2,6,8,10,11,13,14,16,18
2016-04-04,15:00,1607,6,1,3,5,8,10,12,14,17,19,20
2016-04-04,16:00,1608,8,1,2,4,6,9,10,12,14,18,19
2016-04-04,17:00,1609,2,1,3,5,6,9,11,14,15,16,20
2016-04-04,18:00,1610,10,2,3,5,10,12,14,15,17,18,20
2016-04-04,19:00,1611,11,2,3,7,9,10,11,12,16,17,20
2016-04-04,20:00,1612,6,1,2,3,5,6,7,9,11,12,15
2016-04-04,21:00,1613,20,1,4,7,8,10,14,16,17,18,19
2016-04-04,22:00,1614,17,1,4,5,7,8,9,13,18,19,20
2016-04-04,23:00,1615,11,1,2,5,7,11,15,16,17,18,20
2016-04-05,07:00,1616,20,2,3,4,6,8,10,11,13,14,16
2016-04-05,08:00,1617,6,1,2,8,9,10,11,13,14,18,19
2016-04-05,09:00,1618,15,1,2,5,7,9,10,11,12,13,15
2016-04-05,10:00,1619,5,1,2,3,4,5,10,11,14,15,18
2016-04-05,11:00,1620,10,1,6,11,12,13,14,17,18,19,20
2016-04-05,12:00,1621,18,4,5,6,8,9,10,14,17,19,20
2016-04-05,13:00,1622,15,2,4,5,8,10,13,14,15,17,20
2016-04-05,14:00,1623,13,2,3,4,11,13,15,16,17,19,20
2016-04-05,15:00,1624,20,1,2,3,7,9,10,13,14,15,17
2016-04-05,16:00,1625,17,1,5,6,7,12,13,15,16,18,20
2016-04-05,17:00,1626,17,1,2,3,5,6,10,16,17,18,20
2016-04-05,18:00,1627,19,2,3,5,6,7,10,12,13,15,18
2016-04-05,19:00,1628,8,1,2,3,5,7,9,10,12,14,16
2016-04-05,20:00,1629,1,1,2,9,11,13,14,15,17,18,20
2016-04-05,21:00,1630,14,1,5,8,10,12,14,15,16,18,20
2016-04-05,22:00,1631,1,2,4,5,9,10,11,12,13,15,18
2016-04-05,23:00,1632,12,7,8,10,11,12,13,14,15,17,19
2016-04-06,07:00,1633,17,1,3,5,8,9,11,12,15,16,20
2016-04-06,08:00,1634,7,3,4,5,8,9,11,12,14,18,19
2016-04-06,09:00,1635,3,3,4,5,9,12,13,16,17,18,20
2016-04-06,10:00,1636,2,1,6,9,10,12,13,14,15,19,20
2016-04-06,11:00,1637,16,3,4,5,8,9,10,14,15,17,20
2016-04-06,12:00,1638,11,2,3,5,11,12,14,15,16,17,20
2016-04-06,13:00,1639,15,5,7,10,12,13,14,16,17,18,20
2016-04-06,14:00,1640,12,2,5,7,9,11,13,14,17,18,20
2016-04-06,15:00,1641,2,2,3,6,8,9,12,14,16,17,19
2016-04-06,16:00,1642,4,3,4,5,11,12,15,17,18,19,20
2016-04-06,17:00,1643,3,2,4,8,11,12,14,16,17,18,19
2016-04-06,18:00,1644,11,1,2,4,6,7,9,12,13,17,18
2016-04-06,19:00,1645,11,2,3,6,7,8,12,13,14,18,19
2016-04-06,20:00,1646,14,1,2,4,9,11,12,13,14,16,19
2016-04-06,21:00,1647,17,2,3,5,7,11,12,15,16,17,18
2016-04-06,22:00,1648,8,1,2,3,7,10,11,12,15,16,19
2016-04-06,23:00,1649,5,1,2,4,5,8,13,16,17,18,19
2016-04-07,07:00,1650,18,3,5,7,8,9,10,12,14,18,20
2016-04-07,08:00,1651,5,1,5,6,7,12,15,16,18,19,20
2016-04-07,09:00,1652,5,2,6,7,8,9,12,13,15,18,20
2016-04-07,10:00,1653,17,2,3,4,6,7,10,11,12,17,20
2016-04-07,11:00,1654,16,4,5,7,8,9,11,13,15,16,17
2016-04-07,12:00,1655,10,3,4,9,11,13,14,15,16,17,18
2016-04-07,13:00,1656,20,3,4,6,8,10,14,15,16,19,20
2016-04-07,14:00,1657,1,1,2,3,5,7,9,11,12,15,19
2016-04-07,15:00,1658,18,1,6,7,9,11,13,15,17,18,19
2016-04-07,16:00,1659,18,1,3,4,7,8,9,11,13,14,17
2016-04-07,17:00,1660,20,1,3,5,7,8,9,10,11,14,15
2016-04-07,18:00,1661,1,4,7,9,10,12,14,16,17,19,20
2016-04-07,19:00,1662,3,1,2,6,8,11,16,17,18,19,20
2016-04-07,20:00,1663,10,2,5,7,10,12,14,15,16,19,20
2016-04-07,21:00,1664,11,1,4,9,10,11,15,17,18,19,20
2016-04-07,22:00,1665,12,4,5,7,9,13,16,17,18,19,20
2016-04-07,23:00,1666,20,2,3,9,11,12,13,17,18,19,20
2016-04-08,07:00,1667,19,2,3,5,7,8,10,13,14,15,17
2016-04-08,08:00,1668,10,1,3,5,7,9,12,15,16,17,20
2016-04-08,09:00,1669,6,1,2,6,7,8,10,11,12,14,20
2016-04-08,10:00,1670,15,2,5,8,10,14,16,17,18,19,20
2016-04-08,11:00,1671,20,2,4,6,7,9,10,11,13,14,15
2016-04-08,12:00,1672,19,2,4,7,12,13,14,15,17,19,20
2016-04-08,13:00,1673,2,2,5,6,7,8,10,13,17,18,20
2016-04-08,14:00,1674,19,2,3,4,10,14,15,16,17,19,20
2016-04-08,15:00,1675,15,3,5,6,7,8,9,10,16,17,19
2016-04-08,16:00,1676,13,3,7,9,11,13,14,15,18,19,20
2016-04-08,17:00,1677,20,4,5,6,7,10,12,15,17,19,20
2016-04-08,18:00,1678,18,1,3,4,5,6,10,12,16,17,20
2016-04-08,19:00,1679,16,3,4,5,8,10,14,15,16,18,20
2016-04-08,20:00,1680,6,5,6,8,10,11,12,16,18,19,20
2016-04-08,21:00,1681,14,2,3,4,5,7,9,11,14,16,20
2016-04-08,22:00,1682,3,6,7,9,11,14,15,16,18,19,20
2016-04-08,23:00,1683,4,2,3,4,5,6,9,10,13,14,15
2016-04-09,07:00,1684,11,2,4,7,8,9,11,14,15,16,17
2016-04-09,08:00,1685,9,1,3,5,8,11,12,14,15,18,19
2016-04-09,09:00,1686,12,1,5,6,9,12,13,16,18,19,20
2016-04-09,10:00,1687,17,1,4,5,6,8,11,15,18,19,20
2016-04-09,11:00,1688,10,2,3,6,7,10,12,14,18,19,20
2016-04-09,12:00,1689,1,1,2,5,7,13,15,16,17,18,19
2016-04-09,13:00,1690,4,1,3,5,6,7,8,11,12,13,20
2016-04-09,14:00,1691,1,2,3,8,10,12,13,14,15,16,20
2016-04-09,15:00,1692,13,3,4,7,9,12,13,14,15,17,19
2016-04-09,16:00,1693,15,3,5,6,8,10,12,13,16,17,20
2016-04-09,17:00,1694,11,1,4,5,6,8,10,13,17,18,19
2016-04-09,18:00,1695,10,1,4,5,6,10,11,12,15,17,18
2016-04-09,19:00,1696,11,1,2,6,7,8,11,12,13,17,20
2016-04-09,20:00,1697,5,1,2,3,5,7,8,9,10,11,16
2016-04-09,21:00,1698,3,1,2,4,6,8,10,14,15,19,20
2016-04-09,22:00,1699,18,3,4,5,7,8,11,15,16,19,20
2016-04-09,23:00,1700,17,2,3,5,9,10,13,14,16,17,19
2016-04-10,07:00,1701,14,1,3,5,7,8,10,13,14,15,17
2016-04-10,08:00,1702,15,4,6,7,9,14,15,16,17,19,20
2016-04-10,09:00,1703,8,1,3,4,10,11,14,15,16,17,19
2016-04-10,10:00,1704,18,1,3,8,10,12,13,14,18,19,20
2016-04-10,11:00,1705,9,2,5,6,7,8,9,11,14,15,20
2016-04-10,12:00,1706,9,2,5,7,8,11,12,13,14,17,18
2016-04-10,13:00,1707,9,1,5,6,8,9,12,13,14,16,19
2016-04-10,14:00,1708,11,3,4,10,11,12,14,15,16,17,19
2016-04-10,15:00,1709,16,1,2,4,8,13,14,16,17,19,20
2016-04-10,16:00,1710,9,1,3,5,8,10,11,13,14,18,19
2016-04-10,17:00,1711,5,5,6,9,12,14,15,17,18,19,20
2016-04-10,18:00,1712,14,1,8,9,10,12,16,17,18,19,20
2016-04-10,19:00,1713,6,1,2,8,9,10,11,12,15,18,20
2016-04-10,20:00,1714,12,1,5,7,9,11,12,14,16,19,20
2016-04-10,21:00,1715,7,3,4,5,7,9,14,15,17,19,20
2016-04-10,22:00,1716,7,1,2,3,6,7,8,9,11,17,20
2016-04-10,23:00,1717,18,1,2,3,4,8,9,11,12,13,20
2016-04-11,07:00,1718,13,2,5,6,8,10,11,12,13,14,15
2016-04-11,08:00,1719,4,2,3,7,10,11,12,13,17,18,19
2016-04-11,09:00,1720,6,2,4,5,6,7,8,9,11,14,16
2016-04-11,10:00,1721,17,1,2,5,6,10,11,14,16,17,19
2016-04-11,11:00,1722,13,1,2,3,7,10,11,14,18,19,20
2016-04-11,12:00,1723,12,4,5,6,7,8,10,12,13,16,19
2016-04-11,13:00,1724,17,2,3,8,9,11,13,14,16,18,19
2016-04-11,14:00,1725,1,3,4,5,7,8,10,12,13,17,20
2016-04-11,15:00,1726,8,5,6,10,11,14,15,16,17,18,19
2016-04-11,16:00,1727,6,2,7,10,11,12,13,14,16,18,20
2016-04-11,17:00,1728,8,1,3,4,5,6,7,14,15,16,18
2016-04-11,18:00,1729,17,1,2,4,6,8,9,10,13,14,17
2016-04-11,19:00,1730,5,2,3,5,6,7,12,15,16,18,20
2016-04-11,20:00,1731,15,1,4,8,10,12,13,14,15,18,19
2016-04-11,21:00,1732,17,2,3,4,5,6,10,11,12,19,20
2016-04-11,22:00,1733,15,2,6,8,9,11,14,15,16,17,20
2016-04-11,23:00,1734,8,2,3,4,9,13,14,15,17,19,20
2016-04-12,07:00,1735,3,2,5,6,7,8,14,16,17,18,19
2016-04-12,08:00,1736,13,1,3,6,7,9,10,13,16,18,19
2016-04-12,09:00,1737,3,1,3,9,10,12,13,14,16,17,18
2016-04-12,10:00,1738,17,6,7,8,9,10,12,16,17,18,20
2016-04-12,11:00,1739,1,1,2,4,5,10,11,12,13,14,15
2016-04-12,12:00,1740,18,1,2,3,5,7,8,10,16,19,20
2016-04-12,13:00,1741,4,1,5,6,7,8,9,12,13,14,15
2016-04-12,14:00,1742,1,1,2,3,4,5,13,16,17,18,20
2016-04-12,15:00,1743,8,6,7,8,10,12,13,15,16,19,20
2016-04-12,16:00,1744,15,1,2,3,6,7,9,11,12,13,20
2016-04-12,17:00,1745,12,4,7,8,9,10,11,15,16,18,20
2016-04-12,18:00,1746,16,2,8,10,11,12,16,17,18,19,20
2016-04-12,19:00,1747,11,1,3,5,6,7,9,10,12,15,17
2016-04-12,20:00,1748,11,2,6,8,10,11,12,14,15,16,17
2016-04-12,21:00,1749,10,1,2,4,5,6,7,8,12,17,20
2016-04-12,22:00,1750,4,1,3,6,7,10,14,15,17,18,20
2016-04-12,23:00,1751,7,2,6,7,8,11,13,14,16,17,19
2016-04-13,07:00,1752,4,1,2,3,4,6,8,11,14,19,20
2016-04-13,08:00,1753,5,1,4,6,7,8,12,14,15,19,20
2016-04-13,09:00,1754,10,1,4,5,8,9,10,11,12,16,17
2016-04-13,10:00,1755,5,3,6,7,8,11,13,14,16,17,18
2016-04-13,11:00,1756,3,1,5,6,8,9,10,12,14,15,16
2016-04-13,12:00,1757,4,1,4,5,6,8,9,13,14,16,19
2016-04-13,13:00,1758,1,2,8,9,11,13,14,15,18,19,20
2016-04-13,14:00,1759,2,1,5,6,7,8,12,13,16,17,20
2016-04-13,15:00,1760,19,4,5,7,11,13,14,16,17,19,20
2016-04-13,16:00,1761,20,1,2,3,4,5,9,11,14,15,16
2016-04-13,17:00,1762,20,5,9,10,11,12,13,14,15,17,20
2016-04-13,18:00,1763,17,1,4,7,13,14,15,16,17,18,19
2016-04-13,19:00,1764,5,3,4,5,6,7,8,14,15,16,17
2016-04-13,20:00,1765,3,2,3,4,6,8,10,11,13,15,16
2016-04-13,21:00,1766,6,3,4,5,8,9,10,11,13,15,18
2016-04-13,22:00,1767,8,1,3,4,9,10,11,12,17,19,20
2016-04-13,23:00,1768,3,2,3,5,6,7,8,9,14,15,19
2016-04-14,07:00,1769,1,1,4,8,9,12,14,15,17,19,20
2016-04-14,08:00,1770,17,1,2,4,5,8,12,14,17,18,19
2016-04-14,09:00,1771,1,3,4,6,8,9,10,14,16,17,19
2016-04-14,10:00,1772,2,3,4,5,6,8,9,13,17,18,20
2016-04-14,11:00,1773,10,1,2,3,5,10,12,14,17,19,20
2016-04-14,12:00,1774,9,2,4,6,10,12,13,14,18,19,20
2016-04-14,13:00,1775,2,1,2,4,5,6,7,9,13,16,18
2016-04-14,14:00,1776,1,1,2,3,4,7,10,11,13,16,17
2016-04-14,15:00,1777,5,3,8,9,10,11,15,17,18,19,20
2016-04-14,16:00,1778,7,3,4,5,8,9,11,14,15,16,17
2016-04-14,17:00,1779,13,6,8,9,10,11,13,15,16,18,20
2016-04-14,18:00,1780,17,1,2,3,5,7,9,10,12,16,20
2016-04-14,19:00,1781,1,2,3,4,8,9,11,12,16,17,20
2016-04-14,20:00,1782,11,1,2,4,5,10,11,14,18,19,20
2016-04-14,21:00,1783,10,1,4,5,6,7,9,10,13,18,19
2016-04-14,22:00,1784,12,1,2,7,8,13,15,16,17,19,20
2016-04-14,23:00,1785,16,2,3,7,8,9,13,16,17,19,20
2016-04-15,07:00,1786,7,1,4,5,7,11,12,15,16,17,19
2016-04-15,08:00,1787,12,1,6,8,9,10,13,17,18,19,20
2016-04-15,09:00,1788,10,3,4,5,8,9,10,13,17,18,20
2016-04-15,10:00,1789,2,1,5,6,10,12,13,14,15,16,20
2016-04-15,11:00,1790,5,3,6,7,8,10,11,13,14,15,20
2016-04-15,12:00,1791,14,2,3,7,8,9,13,15,17,18,19
2016-04-15,13:00,1792,19,2,3,4,7,8,11,13,14,17,18
2016-04-15,14:00,1793,5,1,4,5,7,9,11,13,16,18,19
2016-04-15,15:00,1794,19,3,4,5,8,9,10,12,15,17,19
2016-04-15,16:00,1795,15,3,4,5,6,7,10,13,16,17,19
2016-04-15,17:00,1796,12,1,2,3,4,5,7,9,10,13,19
2016-04-15,18:00,1797,8,4,6,7,8,12,14,16,17,18,19
2016-04-15,19:00,1798,2,1,2,3,5,6,7,9,12,15,16
2016-04-15,20:00,1799,12,1,2,4,6,7,8,9,11,15,17
2016-04-15,21:00,1800,16,4,5,6,7,9,13,14,15,17,20
2016-04-15,22:00,1801,1,1,3,7,9,12,14,16,17,18,20
2016-04-15,23:00,1802,1,1,4,7,9,13,14,15,17,19,20
2016-04-16,07:00,1803,13,3,4,5,7,8,11,13,16,17,19
2016-04-16,08:00,1804,17,1,2,3,9,10,14,15,17,19,20
2016-04-16,09:00,1805,8,2,6,7,8,9,11,13,14,18,20
2016-04-16,10:00,1806,11,2,6,9,10,11,14,15,16,18,20
2016-04-16,11:00,1807,10,4,5,7,10,12,13,14,17,19,20
2016-04-16,12:00,1808,1,1,2,5,6,8,10,12,15,17,20
2016-04-16,13:00,1809,16,4,8,9,10,11,12,13,14,18,20
2016-04-16,14:00,1810,10,1,3,4,5,6,7,11,13,15,17
2016-04-16,15:00,1811,7,2,5,7,9,13,14,15,16,17,18
2016-04-16,16:00,1812,10,2,3,4,8,9,10,12,17,19,20
2016-04-16,17:00,1813,15,2,3,6,7,8,11,13,15,18,19
2016-04-16,18:00,1814,17,2,4,5,8,9,11,12,14,15,18
2016-04-16,19:00,1815,10,2,3,4,5,7,8,11,13,15,18
2016-04-16,20:00,1816,16,2,4,7,8,9,10,11,12,14,18
2016-04-16,21:00,1817,9,1,2,3,5,6,7,9,12,16,19
2016-04-16,22:00,1818,16,3,6,8,10,11,14,15,17,18,19
2016-04-16,23:00,1819,18,4,5,7,8,9,10,12,14,17,19
2016-04-17,07:00,1820,7,1,4,5,7,9,11,12,15,18,20
2016-04-17,08:00,1821,12,4,5,6,7,8,12,13,14,15,20
2016-04-17,09:00,1822,13,1,3,4,12,13,15,17,18,19,20
2016-04-17,10:00,1823,12,1,2,5,9,12,13,14,15,16,19
2016-04-17,11:00,1824,3,1,2,3,4,8,11,12,16,18,19
2016-04-17,12:00,1825,4,1,2,3,4,8,10,11,15,16,19
2016-04-17,13:00,1826,2,2,4,5,7,8,12,13,16,17,19
2016-04-17,14:00,1827,12,2,3,5,6,7,8,10,15,16,19
2016-04-17,15:00,1828,6,3,5,8,11,12,14,15,16,19,20
2016-04-17,16:00,1829,2,2,4,8,10,11,12,14,15,16,19
2016-04-17,17:00,1830,16,3,4,6,7,10,11,14,15,17,20
2016-04-17,18:00,1831,13,1,2,3,5,9,12,13,15,18,20
2016-04-17,19:00,1832,4,1,2,4,6,8,11,12,17,18,19
2016-04-17,20:00,1833,18,5,6,7,9,10,11,14,16,19,20
2016-04-17,21:00,1834,14,1,3,5,7,9,10,11,14,15,18
2016-04-17,22:00,1835,17,4,5,6,8,9,13,15,17,19,20
2016-04-17,23:00,1836,7,2,3,4,6,13,14,15,16,17,20
2016-04-18,07:00,1837,17,2,5,9,10,13,14,15,17,18,19
2016-04-18,08:00,1838,19,3,4,5,11,14,15,16,17,18,19
2016-04-18,09:00,1839,1,1,3,4,7,8,12,13,16,17,20
2016-04-18,10:00,1840,9,2,7,10,11,12,15,16,18,19,20
2016-04-18,11:00,1841,10,1,2,4,6,10,13,15,16,18,20
2016-04-18,12:00,1842,13,1,2,10,11,12,15,16,18,19,20
2016-04-18,13:00,1843,15,1,2,4,6,11,13,14,16,17,19
2016-04-18,14:00,1844,1,1,3,4,9,12,13,14,16,19,20
2016-04-18,15:00,1845,3,1,2,4,5,11,13,14,15,19,20
2016-04-18,16:00,1846,7,3,4,5,9,10,14,15,17,19,20
2016-04-18,17:00,1847,20,2,4,5,7,8,13,14,16,17,20
2016-04-18,18:00,1848,4,4,5,6,8,9,10,13,14,15,19
2016-04-18,19:00,1849,5,1,3,5,6,7,8,9,10,14,19
2016-04-18,20:00,1850,20,1,5,7,8,9,11,12,16,18,19
2016-04-18,21:00,1851,9,1,2,4,8,10,11,15,16,17,20
2016-04-18,22:00,1852,20,1,2,3,5,8,10,12,13,14,20
2016-04-18,23:00,1853,1,1,2,5,6,7,11,12,13,15,19
2016-04-19,07:00,1854,4,4,5,10,11,12,13,14,15,18,19
2016-04-19,08:00,1855,15,2,4,7,9,10,11,12,13,19,20
2016-04-19,09:00,1856,18,1,2,6,8,9,10,12,13,14,18
2016-04-19,10:00,1857,16,1,4,5,7,10,11,12,14,17,19
2016-04-19,11:00,1858,3,4,5,7,8,10,11,13,15,16,20
2016-04-19,12:00,1859,20,1,2,6,8,9,11,13,14,15,16
2016-04-19,13:00,1860,8,1,4,7,8,9,10,12,13,15,17
2016-04-19,14:00,1861,3,1,4,5,6,7,11,13,14,15,16
2016-04-19,15:00,1862,4,2,7,8,9,11,13,15,16,17,19
2016-04-19,16:00,1863,16,1,2,5,11,12,15,16,18,19,20
2016-04-19,17:00,1864,6,1,2,3,4,5,6,7,17,18,20
2016-04-19,18:00,1865,1,1,2,4,5,6,10,12,17,18,20
2016-04-19,19:00,1866,8,1,4,5,7,8,10,11,14,16,17
2016-04-19,20:00,1867,11,1,3,4,7,9,11,14,15,19,20
2016-04-19,21:00,1868,5,1,3,4,7,10,11,13,14,18,19
2016-04-19,22:00,1869,2,3,5,6,7,11,12,15,16,18,20
2016-04-19,23:00,1870,4,1,2,3,6,9,10,11,13,15,20
2016-04-20,07:00,1871,20,1,2,4,10,12,13,14,16,18,19
2016-04-20,08:00,1872,5,1,5,9,10,13,14,15,16,18,20
2016-04-20,09:00,1873,7,5,6,7,8,10,11,13,14,17,20
2016-04-20,10:00,1874,20,4,5,6,11,12,14,15,17,18,20
2016-04-20,11:00,1875,12,2,4,6,7,8,10,12,13,16,20
2016-04-20,12:00,1876,3,1,4,5,8,9,12,13,14,18,19
2016-04-20,13:00,1877,14,2,7,9,12,13,14,15,16,17,18
2016-04-20,14:00,1878,20,1,2,5,6,8,12,13,17,18,20
2016-04-20,15:00,1879,4,2,3,7,8,9,11,12,15,17,18
2016-04-20,16:00,1880,15,1,3,4,5,6,8,10,14,15,18
2016-04-20,17:00,1881,3,1,2,3,4,6,7,9,12,15,16
2016-04-20,18:00,1882,1,2,7,9,13,14,15,16,17,18,20
2016-04-20,19:00,1883,17,1,2,3,6,7,8,10,13,15,16
2016-04-20,20:00,1884,16,3,7,8,11,12,13,15,18,19,20
2016-04-20,21:00,1885,15,1,4,5,7,8,10,13,17,19,20
2016-04-20,22:00,1886,4,2,4,5,10,11,13,14,16,18,19
2016-04-20,23:00,1887,7,1,3,4,7,9,12,14,15,16,18
2016-04-21,07:00,1888,3,2,6,8,10,11,13,15,16,17,19
2016-04-21,08:00,1889,11,2,5,6,7,13,14,15,17,18,19
2016-04-21,09:00,1890,17,5,6,7,12,13,14,16,17,18,20
2016-04-21,10:00,1891,20,1,2,4,5,10,12,15,18,19,20
2016-04-21,11:00,1892,2,2,7,8,9,12,15,16,17,18,19
2016-04-21,12:00,1893,19,1,2,3,4,7,8,9,14,15,17
2016-04-21,13:00,1894,1,1,2,4,9,10,11,14,16,17,18
2016-04-21,14:00,1895,2,1,2,5,11,12,13,14,15,16,19
2016-04-21,15:00,1896,3,2,4,6,8,9,10,12,13,14,19
2016-04-21,16:00,1897,19,1,4,7,8,10,14,16,17,18,19
2016-04-21,17:00,1898,10,2,4,5,7,9,13,16,17,19,20
2016-04-21,18:00,1899,10,2,3,4,7,10,13,14,16,18,20
2016-04-21,19:00,1900,1,1,2,7,9,13,14,17,18,19,20
2016-04-21,20:00,1901,8,1,3,4,7,8,9,13,18,19,20
2016-04-21,21:00,1902,11,1,2,6,9,10,11,12,14,18,20
2016-04-21,22:00,1903,16,4,10,12,13,14,15,16,17,18,19
2016-04-21,23:00,1904,8,3,6,7,8,9,11,12,14,18,19
2016-04-22,07:00,1905,7,1,2,3,10,11,12,14,17,19,20
2016-04-22,08:00,1906,14,1,3,4,6,8,9,10,11,12,20
2016-04-22,09:00,1907,10,1,3,5,9,11,13,15,16,18,19
2016-04-22,10:00,1908,9,1,2,3,5,6,8,9,15,16,17
2016-04-22,11:00,1909,16,2,3,4,6,9,10,11,13,14,17
2016-04-22,12:00,1910,19,3,4,5,7,8,9,12,15,16,17
2016-04-22,13:00,1911,5,1,4,10,11,12,13,14,15,19,20
2016-04-22,14:00,1912,2,1,3,6,9,12,13,16,17,19,20
2016-04-22,15:00,1913,20,4,5,7,9,11,15,16,17,18,20
2016-04-22,16:00,1914,1,1,4,6,10,11,13,14,16,19,20
2016-04-22,17:00,1915,4,1,6,7,8,11,12,13,14,16,19
2016-04-22,18:00,1916,13,1,3,8,9,10,11,12,13,15,16
2016-04-22,19:00,1917,6,2,4,5,8,11,12,13,18,19,20
2016-04-22,20:00,1918,4,1,4,5,6,7,11,13,14,15,16
2016-04-22,21:00,1919,20,1,2,6,7,9,15,16,18,19,20
2016-04-22,22:00,1920,18,1,3,4,7,9,10,12,15,16,17
2016-04-22,23:00,1921,18,2,3,5,6,8,14,15,17,18,20
2016-04-23,07:00,1922,10,1,4,10,12,13,14,15,17,19,20
2016-04-23,08:00,1923,7,1,3,4,5,6,7,11,13,16,20
2016-04-23,09:00,1924,19,1,2,3,5,7,8,9,13,16,17
2016-04-23,10:00,1925,13,2,4,6,8,9,12,15,18,19,20
2016-04-23,11:00,1926,7,2,3,4,9,10,12,15,16,17,20
2016-04-23,12:00,1927,4,1,2,3,4,5,7,10,17,19,20
2016-04-23,13:00,1928,5,3,7,8,9,10,11,15,16,18,19
2016-04-23,14:00,1929,14,3,4,6,7,8,10,12,13,19,20
2016-04-23,15:00,1930,18,1,2,4,6,8,9,10,13,18,19
2016-04-23,16:00,1931,2,1,3,6,7,11,14,16,17,18,20
2016-04-23,17:00,1932,7,1,5,9,10,12,14,15,17,19,20
2016-04-23,18:00,1933,8,3,5,8,9,11,12,13,16,17,20
2016-04-23,19:00,1934,17,1,3,8,12,14,16,17,18,19,20
2016-04-23,20:00,1935,17,1,3,5,7,8,9,10,13,18,19
2016-04-23,21:00,1936,13,1,6,7,10,11,13,16,18,19,20
2016-04-23,22:00,1937,12,2,5,6,7,10,11,12,14,15,17
2016-04-23,23:00,1938,15,1,2,6,7,10,11,13,14,18,20
2016-04-24,07:00,1939,8,1,2,4,6,7,9,13,14,17,19
2016-04-24,08:00,1940,15,2,5,10,11,13,14,16,17,19,20
2016-04-24,09:00,1941,4,1,5,6,7,8,9,13,16,17,18
2016-04-24,10:00,1942,3,2,3,5,6,8,11,12,14,15,16
2016-04-24,11:00,1943,5,3,5,7,9,10,11,12,13,17,18
2016-04-24,12:00,1944,7,1,7,8,9,10,13,15,16,17,19
2016-04-24,13:00,1945,10,4,5,6,10,11,13,14,15,17,20
2016-04-24,14:00,1946,2,1,6,7,8,9,10,11,15,19,20
2016-04-24,15:00,1947,5,1,3,6,7,10,12,13,14,15,20
2016-04-24,16:00,1948,13,2,3,4,6,7,12,13,14,16,20
2016-04-24,17:00,1949,13,3,4,5,7,8,9,10,12,15,20
2016-04-24,18:00,1950,11,2,5,10,11,12,13,15,18,19,20
2016-04-24,19:00,1951,16,2,3,5,8,12,13,14,15,17,20
2016-04-24,20:00,1952,1,2,4,5,9,11,13,15,17,18,19
2016-04-24,21:00,1953,15,1,2,5,10,11,13,14,15,16,20
2016-04-24,22:00,1954,15,1,2,3,4,7,10,11,14,16,17
2016-04-24,23:00,1955,12,4,5,6,7,12,13,16,18,19,20
2016-04-25,07:00,1956,10,1,4,5,6,9,10,11,14,18,20
2016-04-25,08:00,1957,8,3,4,6,7,8,10,13,14,16,19
2016-04-25,09:00,1958,11,1,2,4,7,9,10,12,14,15,18
2016-04-25,10:00,1959,9,1,2,4,5,8,10,11,13,14,20
2016-04-25,11:00,1960,16,1,5,7,8,9,13,14,15,17,18
2016-04-25,12:00,1961,7,3,4,5,9,11,13,14,15,17,20
2016-04-25,13:00,1962,11,1,3,4,5,8,10,11,12,14,15
2016-04-25,14:00,1963,20,1,3,4,6,8,10,15,17,18,20
2016-04-25,15:00,1964,11,3,5,9,11,12,13,15,17,18,19
2016-04-25,16:00,1965,11,5,6,9,12,13,15,17,18,19,20
2016-04-25,17:00,1966,14,2,3,4,7,9,10,12,16,17,19
2016-04-25,18:00,1967,9,1,3,6,7,10,11,14,16,17,20
2016-04-25,19:00,1968,7,2,4,11,12,13,14,15,17,18,20
2016-04-25,20:00,1969,12,1,2,6,8,10,11,12,16,17,18
2016-04-25,21:00,1970,17,4,6,8,13,14,15,17,18,19,20
2016-04-25,22:00,1971,6,1,4,5,6,8,9,11,13,15,17
2016-04-25,23:00,1972,1,2,3,4,5,7,8,11,12,14,16
2016-04-26,07:00,1973,3,1,3,5,7,13,14,16,17,18,20
2016-04-26,08:00,1974,10,1,2,4,8,9,10,13,15,16,20
2016-04-26,09:00,1975,6,2,4,5,6,9,12,13,14,15,17
2016-04-26,10:00,1976,13,2,4,8,11,12,13,14,16,18,20
2016-04-26,11:00,1977,11,1,3,5,7,8,10,13,14,15,16
2016-04-26,12:00,1978,11,3,5,6,11,13,14,16,17,18,19
2016-04-26,13:00,1979,1,1,3,4,5,9,14,17,18,19,20
2016-04-26,14:00,1980,6,2,5,6,7,9,10,12,13,16,17
2016-04-26,15:00,1981,15,1,3,5,10,11,12,15,16,17,20
2016-04-26,16:00,1982,6,3,5,8,9,10,11,12,14,17,19
2016-04-26,17:00,1983,19,2,3,4,5,6,8,10,12,15,17
2016-04-26,18:00,1984,15,3,9,10,11,12,14,15,17,18,19
2016-04-26,19:00,1985,15,4,7,10,12,13,14,15,16,18,20
2016-04-26,20:00,1986,2,2,3,4,5,6,9,10,11,19,20
2016-04-26,21:00,1987,9,2,3,4,5,9,10,12,16,18,19
2016-04-26,22:00,1988,2,4,5,8,11,14,15,16,17,18,19
2016-04-26,23:00,1989,4,1,2,3,4,9,10,12,13,17,18
2016-04-27,07:00,1990,6,1,2,7,9,10,13,14,16,18,20
2016-04-27,08:00,1991,17,2,3,7,9,11,15,16,17,18,20
2016-04-27,09:00,1992,11,1,2,3,6,7,8,9,10,13,15
2016-04-27,10:00,1993,3,1,3,4,6,8,10,13,14,15,19
2016-04-27,11:00,1994,2,1,3,6,8,9,10,14,15,17,19
2016-04-27,12:00,1995,12,1,2,3,4,5,8,12,15,19,20
2016-04-27,13:00,1996,4,7,8,10,12,13,14,15,16,17,20
2016-04-27,14:00,1997,16,1,3,5,9,10,11,13,14,15,19
2016-04-27,15:00,1998,1,2,3,4,6,7,9,15,16,17,20
2016-04-27,16:00,1999,14,2,4,6,8,10,13,14,17,18,19
2016-04-27,17:00,2000,12,2,3,4,5,9,11,12,14,17,19
2016-04-27,18:00,2001,19,1,5,6,7,8,9,10,11,12,20
2016-04-27,19:00,2002,12,1,5,6,7,8,9,10,11,15,19
2016-04-27,20:00,2003,10,1,4,5,7,9,11,12,13,14,16
2016-04-27,21:00,2004,20,1,2,5,7,8,9,14,16,17,18
2016-04-27,22:00,2005,11,2,4,5,6,7,10,11,12,13,16
2016-04-27,23:00,2006,12,3,5,9,10,11,12,14,17,19,20
2016-04-28,07:00,2007,17,2,3,5,6,8,9,11,12,14,18
2016-04-28,08:00,2008,20,1,4,5,10,11,12,14,16,17,18
2016-04-28,09:00,2009,14,1,2,3,5,8,11,13,14,16,19
2016-04-28,10:00,2010,17,1,3,8,10,11,12,13,15,17,19
2016-04-28,11:00,2011,17,1,2,4,7,8,10,12,14,17,19
2016-04-28,12:00,2012,13,2,6,7,8,10,11,15,16,17,18
2016-04-28,13:00,2013,18,1,5,6,7,10,11,15,16,19,20
2016-04-28,14:00,2014,6,1,3,5,6,8,11,14,16,18,20
2016-04-28,15:00,2015,13,1,2,6,9,11,12,13,15,17,18
2016-04-28,16:00,2016,14,1,3,9,11,12,13,15,16,18,19
2016-04-28,17:00,2017,3,1,3,5,9,11,12,13,16,18,20
2016-04-28,18:00,2018,6,5,7,9,13,14,15,16,17,19,20
2016-04-28,19:00,2019,19,1,5,7,8,10,14,15,16,17,18
2016-04-28,20:00,2020,11,2,5,8,9,11,12,13,15,16,20
2016-04-28,21:00,2021,10,2,4,5,6,8,9,10,16,17,18
2016-04-28,22:00,2022,3,6,8,10,12,13,14,15,17,19,20
2016-04-28,23:00,2023,20,1,2,7,8,9,15,16,17,18,20
2016-04-29,07:00,2024,20,1,5,7,12,13,14,17,18,19,20
2016-04-29,08:00,2025,13,1,2,3,6,7,11,13,16,17,19
2016-04-29,09:00,2026,13,1,4,5,7,9,11,13,16,18,20
2016-04-29,10:00,2027,1,3,4,7,8,11,13,14,15,16,17
2016-04-29,11:00,2028,9,1,2,3,7,9,10,13,16,18,20
2016-04-29,12:00,2029,9,1,3,4,5,6,7,10,13,15,16
2016-04-29,13:00,2030,8,3,5,6,7,9,10,13,14,16,18
2016-04-29,14:00,2031,14,1,2,3,5,12,14,15,16,19,20
2016-04-29,15:00,2032,8,2,5,6,7,9,12,15,17,19,20
2016-04-29,16:00,2033,8,1,5,6,7,11,12,13,15,18,20
2016-04-29,17:00,2034,17,1,5,8,10,13,14,16,17,18,19
2016-04-29,18:00,2035,9,3,4,6,8,10,12,13,16,17,18
2016-04-29,19:00,2036,7,1,2,3,7,8,10,12,13,14,16
2016-04-29,20:00,2037,1,3,5,7,8,9,13,14,16,17,19
2016-04-29,21:00,2038,14,1,3,4,5,7,13,14,16,18,20
2016-04-29,22:00,2039,12,3,4,5,6,8,12,13,16,17,20
2016-04-29,23:00,2040,1,4,7,8,11,13,14,15,17,18,19
2016-04-30,07:00,2041,20,1,3,4,5,7,8,9,13,16,17
2016-04-30,08:00,2042,18,2,3,4,6,7,10,13,17,18,19
2016-04-30,09:00,2043,17,4,6,8,9,10,12,14,16,19,20
2016-04-30,10:00,2044,18,1,2,4,6,7,9,11,14,17,20
2016-04-30,11:00,2045,16,1,5,7,10,11,12,13,16,18,19
2016-04-30,12:00,2046,6,1,6,7,10,13,14,15,16,17,18
2016-04-30,13:00,2047,3,1,2,4,8,9,10,11,18,19,20
2016-04-30,14:00,2048,14,3,4,6,7,8,9,13,15,16,19
2016-04-30,15:00,2049,8,1,2,6,7,9,14,15,16,17,20
2016-04-30,16:00,2050,18,1,4,5,8,10,11,12,13,16,20
2016-04-30,17:00,2051,4,4,7,8,10,11,12,14,15,16,19
2016-04-30,18:00,2052,20,2,4,5,6,7,10,11,18,19,20
2016-04-30,19:00,2053,3,1,2,3,5,6,7,13,14,16,19
2016-04-30,20:00,2054,19,2,3,5,6,9,10,14,15,17,20
2016-04-30,21:00,2055,17,2,3,5,6,7,12,14,15,17,20
2016-04-30,22:00,2056,12,2,3,7,8,9,10,12,13,17,20
2016-04-30,23:00,2057,15,1,4,7,8,9,13,15,16,17,19
2016-05-01,07:00,2058,14,2,4,5,6,9,10,13,16,17,19
2016-05-01,08:00,2059,5,1,2,3,4,9,12,13,14,15,18
2016-05-01,09:00,2060,19,1,3,9,10,11,12,14,15,16,20
2016-05-01,10:00,2061,15,2,3,4,8,11,12,13,16,17,19
2016-05-01,11:00,2062,9,1,3,4,5,7,8,11,12,15,18
2016-05-01,12:00,2063,12,3,4,5,6,10,11,12,17,18,19
2016-05-01,13:00,2064,15,1,7,8,9,10,11,12,17,19,20
2016-05-01,14:00,2065,14,1,3,4,6,7,11,12,14,17,19
2016-05-01,15:00,2066,20,1,2,3,4,5,6,11,15,16,17
2016-05-01,16:00,2067,20,1,5,7,9,12,13,15,16,17,20
2016-05-01,17:00,2068,5,1,8,9,10,12,13,15,16,18,20
2016-05-01,18:00,2069,11,1,7,8,9,11,14,16,18,19,20
2016-05-01,19:00,2070,13,2,3,4,6,7,10,12,15,18,20
2016-05-01,20:00,2071,3,2,6,7,8,9,10,12,13,19,20
2016-05-01,21:00,2072,7,3,7,9,10,12,13,14,15,16,20
2016-05-01,22:00,2073,1,1,3,4,5,8,9,12,15,16,18
2016-05-01,23:00,2074,10,2,5,10,12,14,15,16,17,19,20
2016-05-02,07:00,2075,20,3,5,6,9,10,11,13,15,19,20
2016-05-02,08:00,2076,10,2,5,6,7,9,11,15,16,18,20
2016-05-02,09:00,2077,17,2,3,4,5,7,9,12,15,17,18
2016-05-02,10:00,2078,14,1,3,6,7,8,11,14,17,18,20
2016-05-02,11:00,2079,17,3,4,5,6,7,10,12,13,15,17
2016-05-02,12:00,2080,11,2,3,8,10,12,13,15,17,19,20
2016-05-02,13:00,2081,5,1,7,9,10,12,13,16,17,19,20
2016-05-02,14:00,2082,8,1,2,3,4,8,10,11,12,17,20
2016-05-02,15:00,2083,1,3,6,8,9,12,15,16,18,19,20
2016-05-02,16:00,2084,17,1,2,3,5,8,10,14,15,16,18
2016-05-02,17:00,2085,2,3,4,5,7,8,12,14,16,17,20
2016-05-02,18:00,2086,17,2,3,4,5,6,7,10,11,13,20
2016-05-02,19:00,2087,12,1,2,4,5,6,8,11,12,15,16
2016-05-02,20:00,2088,11,1,4,5,6,9,13,15,18,19,20
2016-05-02,21:00,2089,16,3,5,7,8,9,11,14,15,16,19
2016-05-02,22:00,2090,15,1,2,7,8,9,12,13,14,15,19
2016-05-02,23:00,2091,20,4,6,8,9,10,14,16,18,19,20
2016-05-03,07:00,2092,1,2,4,5,8,9,11,12,13,15,18
2016-05-03,08:00,2093,19,1,4,6,12,15,16,17,18,19,20
2016-05-03,09:00,2094,12,2,3,4,5,6,8,13,15,16,20
2016-05-03,10:00,2095,3,1,2,4,6,7,9,12,14,15,18
2016-05-03,11:00,2096,5,5,6,9,11,13,14,15,16,17,19
2016-05-03,12:00,2097,20,3,5,6,7,9,10,11,16,18,19
2016-05-03,13:00,2098,13,5,7,8,10,13,14,16,17,18,19
2016-05-03,14:00,2099,17,1,2,4,6,9,10,13,17,19,20
2016-05-03,15:00,2100,9,1,4,6,8,9,12,13,15,16,18
2016-05-03,16:00,2101,13,3,4,5,6,11,12,14,15,16,17
2016-05-03,17:00,2102,2,4,5,6,7,10,11,13,17,18,19
2016-05-03,18:00,2103,16,1,4,5,7,12,13,15,16,18,19
2016-05-03,19:00,2104,16,1,5,6,11,12,13,14,15,18,19
2016-05-03,20:00,2105,10,1,6,7,9,12,14,15,17,18,20
2016-05-03,21:00,2106,9,1,2,8,11,12,15,16,17,18,19
2016-05-03,22:00,2107,12,1,2,5,6,7,8,9,11,14,15
2016-05-03,23:00,2108,17,4,7,8,9,10,11,12,14,18,20
2016-05-04,07:00,2109,10,1,6,8,9,11,12,14,15,16,18
2016-05-04,08:00,2110,20,3,4,5,6,10,11,13,14,17,18
2016-05-04,09:00,2111,7,2,3,5,6,11,12,13,14,18,20
2016-05-04,10:00,2112,6,4,5,6,9,10,11,13,14,16,19
2016-05-04,11:00,2113,10,2,3,9,11,12,14,15,17,19,20
2016-05-04,12:00,2114,11,3,5,6,7,9,13,14,15,16,18
2016-05-04,13:00,2115,8,1,2,3,4,8,9,14,17,19,20
2016-05-04,14:00,2116,13,3,5,6,7,9,10,11,13,15,17
2016-05-04,15:00,2117,5,2,3,5,6,8,11,12,13,16,18
2016-05-04,16:00,2118,20,2,3,4,6,8,9,11,13,16,18
2016-05-04,17:00,2119,5,1,2,4,5,6,8,9,13,15,20
2016-05-04,18:00,2120,17,1,3,5,8,9,10,13,14,17,18
2016-05-04,19:00,2121,10,1,2,3,7,8,9,11,13,14,19
2016-05-04,20:00,2122,10,3,6,7,8,9,11,13,14,19,20
2016-05-04,21:00,2123,9,1,4,6,7,9,11,13,14,15,16
2016-05-04,22:00,2124,3,1,2,3,7,8,11,13,14,16,19
2016-05-04,23:00,2125,7,1,3,4,6,7,12,13,14,15,18
2016-05-05,07:00,2126,19,1,2,6,7,8,9,14,16,18,19
2016-05-05,08:00,2127,2,1,3,4,5,6,8,11,15,16,19
2016-05-05,09:00,2128,6,5,6,9,10,11,12,14,15,16,20
2016-05-05,10:00,2129,7,2,3,6,7,8,9,13,15,16,18
2016-05-05,11:00,2130,18,1,2,3,4,5,7,8,14,17,18
2016-05-05,12:00,2131,9,4,5,6,13,14,15,16,17,19,20
2016-05-05,13:00,2132,8,3,7,8,9,10,14,15,16,18,20
2016-05-05,14:00,2133,9,3,6,7,8,9,10,11,14,17,20
2016-05-05,15:00,2134,10,1,2,3,8,9,11,12,13,14,19
2016-05-05,16:00,2135,3,2,3,4,5,7,8,13,14,18,20
2016-05-05,17:00,2136,19,1,2,7,10,14,15,16,17,18,19
2016-05-05,18:00,2137,14,1,2,3,6,8,15,16,17,18,20
2016-05-05,19:00,2138,13,1,5,6,10,11,15,16,18,19,20
2016-05-05,20:00,2139,10,2,3,6,7,12,14,15,16,17,20
2016-05-05,21:00,2140,16,3,5,6,7,9,11,12,13,17,19
2016-05-05,22:00,2141,3,2,3,5,7,8,11,12,13,15,19
2016-05-05,23:00,2142,19,1,3,4,5,8,9,12,13,17,18
2016-05-06,07:00,2143,3,2,3,4,5,7,10,11,12,15,20
2016-05-06,08:00,2144,1,4,6,9,10,11,13,16,17,19,20
2016-05-06,09:00,2145,7,3,7,8,11,12,13,14,15,19,20
2016-05-06,10:00,2146,5,3,4,6,7,8,9,11,15,17,18
2016-05-06,11:00,2147,13,1,2,3,4,9,10,13,15,17,18
2016-05-06,12:00,2148,17,1,2,3,6,7,10,11,12,13,16
2016-05-06,13:00,2149,2,3,4,6,8,10,11,14,16,18,19
2016-05-06,14:00,2150,5,1,3,4,6,9,10,11,18,19,20
2016-05-06,15:00,2151,3,2,3,4,5,7,10,13,17,18,19
2016-05-06,16:00,2152,18,3,6,7,8,11,12,13,15,16,20
2016-05-06,17:00,2153,5,1,2,3,4,5,7,12,15,16,19
2016-05-06,18:00,2154,15,2,3,6,7,10,13,14,17,18,19
2016-05-06,19:00,2155,14,1,4,8,10,11,15,16,18,19,20
2016-05-06,20:00,2156,4,4,7,9,12,13,15,16,17,18,19
2016-05-06,21:00,2157,18,4,5,7,8,9,10,11,16,17,20
2016-05-06,22:00,2158,5,1,3,4,6,8,10,12,15,18,20
2016-05-06,23:00,2159,4,1,3,6,9,10,11,13,15,16,20
2016-05-07,07:00,2160,17,2,3,6,8,9,10,11,12,13,18
2016-05-07,08:00,2161,10,1,2,3,5,6,7,12,15,18,20
2016-05-07,09:00,2162,1,1,2,5,6,7,11,13,14,18,20
2016-05-07,10:00,2163,6,1,3,4,6,9,11,12,13,17,18
2016-05-07,11:00,2164,7,1,2,4,6,7,10,11,12,15,19
2016-05-07,12:00,2165,17,1,5,10,11,12,14,15,17,18,19
2016-05-07,13:00,2166,11,2,4,5,7,11,14,15,16,17,19
2016-05-07,14:00,2167,4,1,2,3,6,9,11,13,15,17,18
2016-05-07,15:00,2168,20,2,3,6,8,9,10,11,14,15,20
2016-05-07,16:00,2169,10,2,3,4,6,7,10,11,13,15,16
2016-05-07,17:00,2170,14,4,7,9,11,13,14,15,16,17,18
2016-05-07,18:00,2171,6,2,3,5,7,8,9,10,15,17,19
2016-05-07,19:00,2172,12,1,6,7,9,10,11,12,13,14,20
2016-05-07,20:00,2173,7,3,6,7,11,13,15,16,18,19,20
2016-05-07,21:00,2174,19,3,4,7,11,13,16,17,18,19,20
2016-05-07,22:00,2175,17,1,3,5,6,10,11,16,17,18,20
2016-05-07,23:00,2176,15,2,4,7,8,13,14,15,17,18,19
2016-05-08,07:00,2177,5,3,5,10,11,12,13,14,17,18,20
2016-05-08,08:00,2178,7,4,6,7,8,9,10,13,14,19,20
2016-05-08,09:00,2179,12,1,2,3,4,7,9,10,11,16,17
2016-05-08,10:00,2180,13,1,5,6,7,8,12,13,14,17,18
2016-05-08,11:00,2181,11,2,7,8,9,13,15,16,18,19,20
2016-05-08,12:00,2182,10,1,7,9,10,11,13,15,16,17,20
2016-05-08,13:00,2183,20,4,5,10,11,12,15,16,18,19,20
2016-05-08,14:00,2184,4,1,2,4,5,9,10,11,13,14,17
2016-05-08,15:00,2185,4,1,5,10,11,12,13,14,17,18,19
2016-05-08,16:00,2186,2,1,4,5,7,8,12,14,16,18,20
2016-05-08,17:00,2187,6,2,4,5,7,8,9,14,16,17,19
2016-05-08,18:00,2188,12,1,3,4,6,9,12,13,14,19,20
2016-05-08,19:00,2189,5,1,4,6,7,11,12,13,14,16,19
2016-05-08,20:00,2190,15,5,7,9,10,11,12,14,15,19,20
2016-05-08,21:00,2191,6,3,5,8,11,13,15,16,17,18,19
2016-05-08,22:00,2192,12,3,4,7,9,10,11,15,16,18,19
2016-05-08,23:00,2193,10,1,3,4,5,6,11,12,13,17,20
2016-05-09,07:00,2194,6,1,5,7,8,11,12,14,15,16,19
2016-05-09,08:00,2195,1,1,4,5,8,10,11,12,14,19,20
2016-05-09,09:00,2196,3,3,4,5,7,8,10,14,16,17,18
2016-05-09,10:00,2197,9,1,3,5,9,10,11,13,17,18,20
2016-05-09,11:00,2198,18,2,4,7,10,12,13,14,15,18,19
2016-05-09,12:00,2199,11,4,5,6,8,9,10,14,15,17,18
2016-05-09,13:00,2200,1,2,3,4,6,10,12,16,17,18,20
2016-05-09,14:00,2201,6,1,3,6,7,10,11,12,13,14,18
2016-05-09,15:00,2202,16,1,2,6,11,13,14,15,17,19,20
2016-05-09,16:00,2203,13,4,5,7,8,9,11,12,13,18,19
2016-05-09,17:00,2204,20,2,4,7,8,10,12,15,16,17,19
2016-05-09,18:00,2205,14,1,2,4,5,7,8,9,12,18,19
2016-05-09,19:00,2206,6,1,3,6,10,12,13,16,17,19,20
2016-05-09,20:00,2207,9,2,3,5,8,10,13,15,17,19,20
2016-05-09,21:00,2208,17,1,2,3,4,6,7,9,10,17,20
2016-05-09,22:00,2209,16,1,3,12,13,14,15,16,17,18,20
2016-05-09,23:00,2210,8,4,5,8,9,10,12,13,15,17,18
2016-05-10,07:00,2211,14,2,3,4,6,9,13,14,16,17,18
2016-05-10,08:00,2212,15,1,2,3,4,6,7,8,10,14,15
2016-05-10,09:00,2213,8,1,5,7,8,9,11,12,13,19,20
2016-05-10,10:00,2214,2,1,5,6,7,9,12,14,15,18,20
2016-05-10,11:00,2215,19,2,3,4,7,8,9,11,13,14,19
2016-05-10,12:00,2216,6,1,3,5,10,12,13,17,18,19,20
2016-05-10,13:00,2217,18,1,2,3,8,9,11,13,14,17,18
2016-05-10,14:00,2218,14,1,2,5,7,9,10,13,16,18,20
2016-05-10,15:00,2219,2,2,4,5,6,9,11,16,17,19,20
2016-05-10,16:00,2220,6,2,4,5,10,12,13,16,17,18,20
2016-05-10,17:00,2221,7,4,6,8,9,10,11,15,17,19,20
2016-05-10,18:00,2222,6,2,3,5,8,9,11,13,14,16,19
2016-05-10,19:00,2223,18,2,3,8,9,10,11,13,14,15,17
2016-05-10,20:00,2224,7,1,2,7,9,10,14,15,17,19,20
2016-05-10,21:00,2225,16,2,6,8,10,13,14,16,17,18,19
2016-05-10,22:00,2226,14,1,2,6,8,9,10,12,13,16,19
2016-05-10,23:00,2227,4,1,2,7,9,10,14,15,16,17,18
2016-05-11,07:00,2228,7,4,5,7,12,13,14,15,16,17,19
2016-05-11,08:00,2229,12,1,3,4,7,11,12,13,15,16,18
2016-05-11,09:00,2230,10,1,3,4,5,6,10,11,13,14,18
2016-05-11,10:00,2231,10,3,5,6,7,8,10,13,15,16,20
2016-05-11,11:00,2232,14,1,2,3,4,5,7,9,11,15,17
2016-05-11,12:00,2233,12,2,4,5,6,7,8,11,13,17,20
2016-05-11,13:00,2234,10,1,3,4,5,6,7,9,17,18,20
2016-05-11,14:00,2235,11,1,2,7,11,12,14,15,17,19,20
2016-05-11,15:00,2236,1,1,3,7,8,12,15,16,17,19,20
2016-05-11,16:00,2237,1,1,2,3,5,7,10,11,12,15,17
2016-05-11,17:00,2238,6,1,8,9,10,11,12,13,15,17,18
2016-05-11,18:00,2239,1,1,3,4,6,11,12,14,18,19,20
2016-05-11,19:00,2240,14,2,3,4,7,10,12,14,15,19,20
2016-05-11,20:00,2241,15,7,10,12,13,15,16,17,18,19,20
2016-05-11,21:00,2242,2,1,4,5,6,7,10,11,13,14,20
2016-05-11,22:00,2243,8,4,6,7,8,10,11,13,15,17,20
2016-05-11,23:00,2244,6,1,2,5,10,11,12,13,14,17,18
2016-05-12,07:00,2245,20,2,5,8,10,11,12,13,14,15,18
2016-05-12,08:00,2246,7,2,4,6,8,9,12,13,17,18,20
2016-05-12,09:00,2247,12,1,2,5,7,9,10,11,14,16,17
2016-05-12,10:00,2248,11,2,4,5,6,10,11,15,17,19,20
2016-05-12,11:00,2249,3,1,2,3,9,10,14,15,16,18,20
2016-05-12,12:00,2250,7,3,5,6,7,10,12,15,16,19,20
2016-05-12,13:00,2251,13,3,4,5,9,11,15,16,18,19,20
2016-05-12,14:00,2252,12,2,3,5,6,7,8,9,10,15,20
2016-05-12,15:00,2253,16,1,2,3,4,7,10,11,13,17,19
2016-05-12,16:00,2254,7,1,4,6,7,8,9,10,15,16,18
2016-05-12,17:00,2255,12,2,3,5,6,7,8,9,11,14,17
2016-05-12,18:00,2256,19,2,5,7,9,14,16,17,18,19,20
2016-05-12,19:00,2257,14,1,5,6,8,9,11,13,17,19,20
2016-05-12,20:00,2258,19,2,4,7,8,9,10,11,15,18,20
2016-05-12,21:00,2259,5,2,5,6,7,8,10,13,14,16,20
2016-05-12,22:00,2260,2,1,3,5,7,9,13,15,16,17,19
2016-05-12,23:00,2261,1,1,2,7,8,9,10,11,13,17,18
2016-05-13,07:00,2262,17,2,3,4,5,10,12,14,15,17,18
2016-05-13,08:00,2263,14,2,3,4,8,9,10,11,14,16,17
2016-05-13,09:00,2264,18,2,4,5,6,7,11,12,15,18,19
2016-05-13,10:00,2265,19,2,3,4,7,13,14,15,17,18,20
2016-05-13,11:00,2266,17,1,7,8,9,10,13,14,17,18,20
2016-05-13,12:00,2267,15,1,2,3,5,8,9,12,14,15,19
2016-05-13,13:00,2268,5,2,3,4,5,9,14,16,18,19,20
2016-05-13,14:00,2269,10,1,4,6,9,11,14,16,17,19,20
2016-05-13,15:00,2270,15,6,8,9,10,11,13,15,16,18,19
2016-05-13,16:00,2271,13,1,4,6,8,10,11,14,17,18,19
2016-05-13,17:00,2272,5,1,2,5,10,12,14,15,17,18,20
2016-05-13,18:00,2273,3,2,3,5,7,9,12,14,15,18,20
2016-05-13,19:00,2274,19,2,3,9,10,12,13,14,15,17,18
2016-05-13,20:00,2275,6,2,6,7,9,11,12,13,14,16,17
2016-05-13,21:00,2276,1,1,2,3,5,7,9,11,13,15,20
2016-05-13,22:00,2277,18,3,5,7,8,9,11,13,14,18,20
2016-05-13,23:00,2278,16,1,3,4,7,11,12,13,15,16,18
2016-05-14,07:00,2279,4,7,8,10,11,13,14,16,17,19,20
2016-05-14,08:00,2280,14,2,3,5,7,9,12,14,16,19,20
2016-05-14,09:00,2281,9,1,2,4,5,6,9,10,14,16,18
2016-05-14,10:00,2282,13,1,2,3,5,6,7,12,16,17,18
2016-05-14,11:00,2283,7,3,5,7,8,9,10,11,12,19,20
2016-05-14,12:00,2284,5,6,7,9,10,11,13,14,15,16,18
2016-05-14,13:00,2285,11,1,2,4,5,11,14,15,17,19,20
2016-05-14,14:00,2286,15,2,3,6,7,8,9,13,17,18,19
2016-05-14,15:00,2287,16,2,3,6,7,10,11,12,13,14,20
2016-05-14,16:00,2288,4,1,4,6,7,8,9,10,12,13,19
2016-05-14,17:00,2289,15,1,7,9,12,13,14,15,16,19,20
2016-05-14,18:00,2290,16,2,4,7,8,9,11,14,15,18,20
2016-05-14,19:00,2291,3,2,5,6,11,13,14,17,18,19,20
2016-05-14,20:00,2292,18,1,3,4,6,9,11,14,17,18,20
2016-05-14,21:00,2293,20,1,7,11,12,13,14,16,17,18,20
2016-05-14,22:00,2294,9,1,2,3,4,5,6,7,8,13,19
2016-05-14,23:00,2295,3,3,7,10,11,12,13,15,16,18,20
2016-05-15,07:00,2296,2,1,2,6,7,10,14,16,17,18,20
2016-05-15,08:00,2297,12,1,2,5,6,9,11,15,16,17,20
2016-05-15,09:00,2298,13,2,3,6,9,13,14,15,16,18,19
2016-05-15,10:00,2299,17,5,6,7,10,11,12,15,16,19,20
2016-05-15,11:00,2300,4,2,3,5,6,9,10,13,15,16,18
2016-05-15,12:00,2301,10,1,2,3,4,7,9,11,15,18,20
2016-05-15,13:00,2302,20,1,7,8,9,11,13,14,15,18,19
2016-05-15,14:00,2303,4,3,6,9,10,11,12,13,14,17,19
2016-05-15,15:00,2304,13,3,4,6,8,9,10,14,16,19,20
2016-05-15,16:00,2305,20,2,3,4,5,8,9,10,11,13,15
2016-05-15,17:00,2306,20,3,4,5,6,9,10,12,13,14,16
2016-05-15,18:00,2307,1,1,4,5,9,11,12,13,14,15,18
2016-05-15,19:00,2308,5,1,5,6,8,10,12,15,17,18,19
2016-05-15,20:00,2309,19,5,6,7,10,11,12,13,15,16,20
2016-05-15,21:00,2310,19,2,3,4,5,9,11,14,15,16,19
2016-05-15,22:00,2311,10,1,3,6,7,11,12,14,15,16,19
2016-05-15,23:00,2312,13,1,3,5,8,12,13,14,18,19,20
2016-05-16,07:00,2313,8,3,5,6,9,12,13,14,18,19,20
2016-05-16,08:00,2314,10,1,2,3,4,6,10,12,16,18,19
2016-05-16,09:00,2315,9,2,5,7,9,10,12,15,16,18,20
2016-05-16,10:00,2316,4,1,4,6,9,11,14,15,17,18,20
2016-05-16,11:00,2317,19,1,2,8,9,11,12,13,14,15,20
2016-05-16,12:00,2318,19,2,4,6,7,11,14,16,17,18,19
2016-05-16,13:00,2319,19,3,5,6,9,10,11,14,16,19,20
2016-05-16,14:00,2320,2,2,3,4,10,11,12,13,14,18,20
2016-05-16,15:00,2321,2,1,5,7,8,9,11,12,15,16,20
2016-05-16,16:00,2322,3,1,3,8,11,12,13,14,16,18,20
2016-05-16,17:00,2323,5,1,2,4,5,6,7,9,10,14,20
2016-05-16,18:00,2324,8,1,3,7,8,9,12,14,16,18,20
2016-05-16,19:00,2325,15,3,6,9,10,11,15,16,17,18,20
2016-05-16,20:00,2326,9,1,2,4,6,8,11,12,14,16,19
2016-05-16,21:00,2327,6,1,2,6,7,10,11,13,14,15,18
2016-05-16,22:00,2328,12,2,3,6,9,10,11,12,13,14,16
2016-05-16,23:00,2329,18,1,3,6,8,10,13,15,16,18,19
2016-05-17,07:00,2330,15,2,5,7,10,11,15,16,17,18,20
2016-05-17,08:00,2331,2,1,3,5,6,8,9,13,15,16,17
2016-05-17,09:00,2332,8,2,3,5,6,8,13,14,15,17,20
2016-05-17,10:00,2333,5,3,4,9,10,11,13,14,15,16,19
2016-05-17,11:00,2334,5,1,3,6,9,10,12,13,14,17,19
2016-05-17,12:00,2335,7,1,3,4,9,10,12,13,15,17,19
2016-05-17,13:00,2336,4,1,3,4,6,9,10,13,14,19,20
2016-05-17,14:00,2337,14,2,3,6,7,9,11,12,13,14,18
2016-05-17,15:00,2338,3,1,2,6,7,12,14,15,16,19,20
2016-05-17,16:00,2339,16,1,2,3,4,6,8,12,13,17,19
2016-05-17,17:00,2340,11,1,3,5,9,10,11,14,15,19,20
2016-05-17,18:00,2341,5,2,3,4,5,9,10,12,16,17,20
2016-05-17,19:00,2342,7,2,3,4,6,7,9,10,11,15,19
2016-05-17,20:00,2343,8,1,2,6,7,10,13,16,17,18,19
2016-05-17,21:00,2344,11,2,4,5,8,12,13,14,16,19,20
2016-05-17,22:00,2345,19,2,3,6,8,10,12,15,18,19,20
2016-05-17,23:00,2346,11,2,3,4,5,8,9,11,15,19,20
2016-05-18,07:00,2347,14,2,4,6,8,10,11,12,14,18,19
2016-05-18,08:00,2348,19,1,3,4,8,9,11,15,16,18,19
2016-05-18,09:00,2349,11,1,3,6,7,11,12,15,18,19,20
2016-05-18,10:00,2350,3,1,2,4,5,8,11,13,15,17,18
2016-05-18,11:00,2351,5,2,3,5,9,13,14,15,17,18,19
2016-05-18,12:00,2352,1,2,6,7,8,10,11,13,14,16,18
2016-05-18,13:00,2353,6,1,3,4,8,9,13,14,16,17,19
2016-05-18,14:00,2354,17,3,5,8,10,12,13,14,15,16,19
2016-05-18,15:00,2355,14,2,5,10,11,12,13,14,16,19,20
2016-05-18,16:00,2356,1,1,3,4,5,6,10,13,15,18,19
2016-05-18,17:00,2357,7,1,5,6,7,9,10,11,13,14,16
2016-05-18,18:00,2358,19,2,3,4,9,10,13,14,16,18,19
2016-05-18,19:00,2359,17,1,2,9,10,11,12,13,14,17,20
2016-05-18,20:00,2360,13,4,7,9,10,11,12,13,15,17,20
2016-05-18,21:00,2361,13,1,2,5,7,10,12,15,17,18,20
2016-05-18,22:00,2362,17,1,4,9,10,11,13,16,18,19,20
2016-05-18,23:00,2363,2,2,7,8,9,10,11,13,15,16,18
2016-05-19,07:00,2364,8,2,3,5,6,8,10,12,15,16,17
2016-05-19,08:00,2365,17,3,4,5,6,7,10,13,14,16,17
2016-05-19,09:00,2366,11,1,4,6,8,9,10,13,16,17,20
2016-05-19,10:00,2367,19,1,2,5,6,7,8,11,12,18,19
2016-05-19,11:00,2368,13,3,5,6,7,10,11,14,16,17,18
2016-05-19,12:00,2369,17,3,5,7,8,9,10,12,13,16,19
2016-05-19,13:00,2370,10,1,2,8,9,11,12,13,14,15,20
2016-05-19,14:00,2371,10,1,4,6,8,11,13,16,17,18,19
2016-05-19,15:00,2372,2,1,2,3,5,10,12,13,16,17,20
2016-05-19,16:00,2373,5,5,8,10,12,13,15,17,18,19,20
2016-05-19,17:00,2374,19,5,7,9,12,13,15,17,18,19,20
2016-05-19,18:00,2375,7,1,2,4,7,8,10,14,15,17,18
2016-05-19,19:00,2376,20,1,6,7,9,10,11,13,15,18,20
2016-05-19,20:00,2377,9,2,3,5,6,7,9,13,16,19,20
2016-05-19,21:00,2378,4,4,7,9,13,15,16,17,18,19,20
2016-05-19,22:00,2379,1,2,3,5,6,10,13,14,15,16,18
2016-05-19,23:00,2380,12,1,3,4,8,9,10,12,13,16,20
2016-05-20,07:00,2381,17,1,4,5,7,9,12,14,18,19,20
2016-05-20,08:00,2382,7,1,2,3,7,8,10,11,12,14,18
2016-05-20,09:00,2383,8,1,2,3,4,6,10,12,17,18,19
2016-05-20,10:00,2384,11,2,3,6,7,8,10,11,12,15,19
2016-05-20,11:00,2385,15,1,2,3,5,6,8,10,12,14,20
2016-05-20,12:00,2386,9,1,2,4,6,10,14,15,16,19,20
2016-05-20,13:00,2387,15,1,2,4,6,8,10,11,13,16,17
2016-05-20,14:00,2388,7,2,3,5,7,10,13,15,17,18,19
2016-05-20,15:00,2389,9,2,3,6,8,11,13,15,17,19,20
2016-05-20,16:00,2390,4,2,5,6,7,8,10,12,14,17,19
2016-05-20,17:00,2391,15,2,3,4,5,7,11,12,13,17,20
2016-05-20,18:00,2392,16,1,3,4,5,6,8,9,12,13,16
2016-05-20,19:00,2393,3,1,2,4,5,6,7,8,11,12,15
2016-05-20,20:00,2394,8,2,4,8,13,14,15,16,18,19,20
2016-05-20,21:00,2395,6,3,6,8,9,12,13,14,15,16,20
2016-05-20,22:00,2396,3,5,6,8,10,11,13,14,16,17,20
2016-05-20,23:00,2397,20,1,2,3,5,9,11,13,15,18,20
2016-05-21,07:00,2398,20,2,4,7,11,13,15,16,17,18,19
2016-05-21,08:00,2399,18,3,4,5,7,9,11,13,15,17,19
2016-05-21,09:00,2400,10,2,7,9,12,13,15,16,17,19,20
2016-05-21,10:00,2401,14,1,2,5,7,8,10,12,15,17,20
2016-05-21,11:00,2402,7,2,4,5,6,7,8,9,12,14,18
2016-05-21,12:00,2403,12,4,7,11,12,13,14,17,18,19,20
2016-05-21,13:00,2404,12,1,2,3,4,5,6,7,9,12,15
2016-05-21,14:00,2405,15,1,3,4,5,8,11,12,13,15,20
2016-05-21,15:00,2406,7,4,5,6,10,13,15,16,17,18,19
2016-05-21,16:00,2407,13,2,3,5,9,11,13,14,15,16,18
2016-05-21,17:00,2408,16,1,2,6,8,9,11,13,17,19,20
2016-05-21,18:00,2409,10,1,2,3,8,10,12,15,18,19,20
2016-05-21,19:00,2410,10,1,2,3,4,5,7,9,16,17,20
2016-05-21,20:00,2411,11,2,4,7,8,10,12,13,15,17,20
2016-05-21,21:00,2412,19,3,5,6,7,10,11,12,14,16,20
2016-05-21,22:00,2413,1,1,2,4,8,9,10,11,17,19,20
2016-05-21,23:00,2414,15,1,3,5,9,12,13,17,18,19,20
2016-05-22,07:00,2415,16,2,4,7,8,11,12,14,15,17,20
2016-05-22,08:00,2416,20,1,2,6,8,9,12,13,14,15,17
2016-05-22,09:00,2417,5,1,2,3,4,9,10,12,13,16,18
2016-05-22,10:00,2418,16,1,4,5,8,9,13,14,15,19,20
2016-05-22,11:00,2419,1,1,4,5,10,11,12,14,15,17,20
2016-05-22,12:00,2420,2,1,2,6,7,8,10,13,14,17,18
2016-05-22,13:00,2421,10,3,5,7,8,10,13,15,16,18,20
2016-05-22,14:00,2422,7,4,5,7,10,11,12,13,15,16,17
2016-05-22,15:00,2423,13,6,7,9,11,12,13,17,18,19,20
2016-05-22,16:00,2424,10,1,3,6,7,11,12,14,15,16,20
2016-05-22,17:00,2425,4,1,3,4,5,6,10,14,18,19,20
2016-05-22,18:00,2426,7,1,2,5,8,9,11,12,13,14,20
2016-05-22,19:00,2427,1,3,4,5,7,8,12,14,15,18,19
2016-05-22,20:00,2428,12,1,3,4,5,6,7,8,11,15,18
2016-05-22,21:00,2429,6,1,4,6,10,11,12,15,16,17,20
2016-05-22,22:00,2430,8,1,2,8,9,11,13,14,16,18,19
2016-05-22,23:00,2431,6,1,4,5,8,10,11,13,15,18,19
2016-05-23,07:00,2432,1,4,5,9,10,11,12,14,15,17,18
2016-05-23,08:00,2433,2,1,2,3,4,7,9,13,14,18,20
2016-05-23,09:00,2434,10,1,7,8,10,11,13,15,16,18,20
2016-05-23,10:00,2435,1,3,4,6,7,8,11,12,13,15,20
2016-05-23,11:00,2436,6,1,2,4,6,8,9,10,14,17,19
2016-05-23,12:00,2437,1,2,7,10,11,12,14,15,16,18,20
2016-05-23,13:00,2438,18,3,6,7,8,9,10,13,16,19,20
2016-05-23,14:00,2439,4,4,5,7,11,14,15,16,18,19,20
2016-05-23,15:00,2440,6,1,7,10,11,13,15,16,17,18,20
2016-05-23,16:00,2441,16,2,3,5,6,8,9,11,12,13,14
2016-05-23,17:00,2442,10,3,4,6,8,9,10,11,16,17,20
2016-05-23,18:00,2443,6,2,6,11,12,13,14,16,18,19,20
2016-05-23,19:00,2444,7,4,6,8,9,10,11,12,15,17,19
2016-05-23,20:00,2445,9,2,3,6,8,9,10,14,16,18,19
2016-05-23,21:00,2446,6,3,4,5,6,7,8,9,11,16,19
2016-05-23,22:00,2447,12,2,3,4,5,6,12,16,17,18,20
2016-05-23,23:00,2448,1,2,3,10,11,13,14,16,18,19,20
2016-05-24,07:00,2449,16,3,5,6,7,11,13,14,15,16,20
2016-05-24,08:00,2450,13,4,5,7,8,11,13,15,17,18,20
2016-05-24,09:00,2451,1,1,2,4,6,7,8,14,16,17,20
2016-05-24,10:00,2452,3,3,7,9,10,12,13,14,15,16,19
2016-05-24,11:00,2453,10,3,4,6,7,13,14,15,16,18,19
2016-05-24,12:00,2454,8,4,5,6,9,11,14,15,16,19,20
2016-05-24,13:00,2455,4,1,2,3,7,9,13,14,16,17,18
2016-05-24,14:00,2456,17,3,4,6,8,13,14,15,18,19,20
2016-05-24,15:00,2457,1,3,7,8,9,11,13,15,17,18,19
2016-05-24,16:00,2458,18,3,4,5,7,8,10,11,12,14,20
2016-05-24,17:00,2459,3,4,5,6,7,8,13,15,16,17,19
2016-05-24,18:00,2460,16,1,3,6,7,12,14,15,17,18,20
2016-05-24,19:00,2461,5,2,3,4,5,10,11,12,14,16,19
2016-05-24,20:00,2462,20,2,4,5,7,8,11,12,13,18,20
2016-05-24,21:00,2463,11,3,6,9,10,11,12,15,18,19,20
2016-05-24,22:00,2464,20,2,3,5,10,13,14,15,16,17,19
2016-05-24,23:00,2465,11,1,2,4,7,10,11,14,15,16,20
2016-05-25,07:00,2466,15,1,2,5,7,8,9,10,12,16,19
2016-05-25,08:00,2467,4,1,3,5,6,9,11,13,18,19,20
2016-05-25,09:00,2468,11,1,4,8,9,12,14,17,18,19,20
2016-05-25,10:00,2469,20,2,8,9,10,11,12,13,15,17,18
2016-05-25,11:00,2470,19,3,4,6,7,10,11,13,16,18,20
2016-05-25,12:00,2471,18,2,4,6,7,9,10,13,16,17,20
2016-05-25,13:00,2472,3,1,3,4,6,9,12,14,15,17,18
2016-05-25,14:00,2473,18,1,2,3,7,10,11,15,16,17,18
2016-05-25,15:00,2474,2,1,3,7,8,11,12,14,17,18,19
2016-05-25,16:00,2475,6,1,6,7,11,12,13,15,17,18,20
2016-05-25,17:00,2476,1,2,4,5,6,13,14,15,17,18,19
2016-05-25,18:00,2477,13,1,3,4,7,8,9,11,12,15,19
2016-05-25,19:00,2478,17,2,6,7,8,11,12,15,17,18,20
2016-05-25,20:00,2479,9,6,7,8,9,13,14,15,16,17,19
2016-05-25,21:00,2480,3,2,3,5,6,7,8,14,15,18,20
2016-05-25,22:00,2481,1,4,5,6,7,10,11,13,15,16,20
2016-05-25,23:00,2482,20,5,6,7,11,12,14,15,16,17,18
2016-05-26,07:00,2483,14,1,2,6,7,9,11,16,17,18,19
2016-05-26,08:00,2484,14,2,4,6,8,10,12,15,16,17,19
2016-05-26,09:00,2485,3,4,6,8,11,12,13,14,15,17,18
2016-05-26,10:00,2486,10,4,5,8,9,10,11,14,16,19,20
2016-05-26,11:00,2487,2,2,3,6,7,11,12,13,14,17,18
2016-05-26,12:00,2488,4,1,3,5,6,7,9,10,16,18,20
2016-05-26,13:00,2489,17,1,2,3,7,9,10,12,13,14,19
2016-05-26,14:00,2490,1,1,3,5,9,10,13,16,18,19,20
2016-05-26,15:00,2491,20,1,3,6,8,9,11,14,16,18,19
2016-05-26,16:00,2492,3,3,4,5,6,7,12,13,15,16,18
2016-05-26,17:00,2493,6,2,3,8,9,10,11,12,13,14,20
2016-05-26,18:00,2494,14,2,3,8,10,11,12,14,15,18,20
2016-05-26,19:00,2495,1,2,5,6,7,9,11,12,14,18,19
2016-05-26,20:00,2496,20,1,3,6,7,9,12,13,17,18,20
2016-05-26,21:00,2497,6,1,2,3,4,10,11,14,16,18,19
2016-05-26,22:00,2498,11,1,3,6,7,8,10,13,14,18,20
2016-05-26,23:00,2499,10,2,3,4,6,8,10,11,13,19,20
2016-05-27,07:00,2500,8,2,4,6,9,10,13,15,16,17,18
2016-05-27,08:00,2501,11,2,6,7,8,9,10,11,12,15,18
2016-05-27,09:00,2502,10,1,2,6,8,9,13,14,15,18,20
2016-05-27,10:00,2503,5,2,3,4,6,9,12,14,15,17,19
2016-05-27,11:00,2504,2,1,2,3,7,8,13,14,15,17,20
2016-05-27,12:00,2505,16,4,8,9,10,12,13,15,16,17,19
2016-05-27,13:00,2506,20,1,4,5,6,7,10,11,14,15,19
2016-05-27,14:00,2507,13,1,3,4,5,6,9,12,13,14,17
2016-05-27,15:00,2508,10,5,6,7,10,11,14,15,16,18,20
2016-05-27,16:00,2509,3,1,3,4,7,8,10,11,16,17,19
2016-05-27,17:00,2510,12,1,2,3,4,5,7,9,12,16,19
2016-05-27,18:00,2511,7,3,6,7,8,11,12,13,15,19,20
2016-05-27,19:00,2512,20,1,2,5,6,7,14,15,18,19,20
2016-05-27,20:00,2513,5,1,3,5,9,12,13,15,16,18,20
2016-05-27,21:00,2514,11,1,3,4,5,6,7,9,12,17,20
2016-05-27,22:00,2515,8,1,2,4,5,7,9,10,14,15,16
2016-05-27,23:00,2516,10,1,5,6,7,8,9,10,14,16,18
2016-05-28,07:00,2517,6,2,4,6,8,10,12,13,15,18,19
2016-05-28,08:00,2518,18,2,4,6,7,8,10,13,15,16,20
2016-05-28,09:00,2519,11,3,4,7,8,9,10,16,18,19,20
2016-05-28,10:00,2520,11,3,5,12,13,14,15,16,17,19,20
2016-05-28,11:00,2521,2,4,5,6,10,12,13,14,17,18,20
2016-05-28,12:00,2522,2,5,6,9,11,12,13,16,17,18,20
2016-05-28,13:00,2523,17,1,2,3,6,9,11,13,16,17,19
2016-05-28,14:00,2524,15,4,6,7,12,14,15,16,17,18,20
2016-05-28,15:00,2525,20,2,4,5,7,10,12,14,15,16,20
2016-05-28,16:00,2526,10,2,6,9,12,14,15,17,18,19,20
2016-05-28,17:00,2527,18,2,4,7,8,9,13,14,16,18,19
2016-05-28,18:00,2528,12,1,2,8,9,11,12,13,15,17,19
2016-05-28,19:00,2529,14,4,5,6,8,10,12,14,16,19,20
2016-05-28,20:00,2530,18,3,4,5,6,7,10,11,14,15,20
2016-05-28,21:00,2531,2,3,6,7,8,9,10,13,14,17,20
2016-05-28,22:00,2532,3,1,2,3,9,10,11,12,13,16,18
2016-05-28,23:00,2533,7,1,2,3,4,5,6,8,10,15,16
2016-05-29,07:00,2534,14,1,3,5,9,11,12,15,16,17,19
2016-05-29,08:00,2535,7,3,5,8,9,10,11,13,14,17,19
2016-05-29,09:00,2536,1,1,6,8,9,10,12,13,15,17,20
2016-05-29,10:00,2537,10,2,3,4,9,11,13,15,17,19,20
2016-05-29,11:00,2538,20,1,6,8,11,12,13,14,17,18,19
2016-05-29,12:00,2539,10,2,4,6,8,9,11,12,14,19,20
2016-05-29,13:00,2540,10,2,3,4,6,8,11,12,14,16,20
2016-05-29,14:00,2541,3,2,4,6,7,10,13,17,18,19,20
2016-05-29,15:00,2542,16,4,6,7,10,12,13,14,17,18,20
2016-05-29,16:00,2543,5,1,3,5,7,8,9,13,14,16,19
2016-05-29,17:00,2544,15,3,4,5,7,8,9,16,17,19,20
2016-05-29,18:00,2545,5,2,5,7,8,9,11,12,14,17,20
2016-05-29,19:00,2546,12,3,4,6,10,14,15,16,18,19,20
2016-05-29,20:00,2547,10,5,8,9,10,13,15,16,17,19,20
2016-05-29,21:00,2548,1,2,5,6,7,9,10,12,15,16,19
2016-05-29,22:00,2549,6,1,2,4,5,7,8,11,14,18,19
2016-05-29,23:00,2550,6,2,5,6,7,9,10,13,14,15,19
2016-05-30,07:00,2551,20,1,2,3,5,6,8,9,10,12,20
2016-05-30,08:00,2552,19,1,4,5,7,10,12,13,14,17,19
2016-05-30,09:00,2553,3,1,3,4,5,10,14,15,18,19,20
2016-05-30,10:00,2554,15,2,4,5,6,11,12,14,18,19,20
2016-05-30,11:00,2555,17,1,3,7,8,9,10,13,14,18,20
2016-05-30,12:00,2556,4,3,8,10,11,13,14,15,16,17,20
2016-05-30,13:00,2557,5,2,3,5,7,8,10,16,17,18,20
2016-05-30,14:00,2558,1,3,6,9,12,13,15,16,17,18,19
2016-05-30,15:00,2559,8,1,2,4,6,9,11,13,14,15,16
2016-05-30,16:00,2560,15,2,3,4,6,9,12,13,15,18,20
2016-05-30,17:00,2561,9,1,3,4,5,6,7,8,15,17,19
2016-05-30,18:00,2562,16,2,4,8,10,12,13,16,17,19,20
2016-05-30,19:00,2563,13,2,4,6,10,11,13,16,18,19,20
2016-05-30,20:00,2564,16,1,2,5,6,9,11,13,14,16,17
2016-05-30,21:00,2565,8,3,5,6,7,9,12,13,15,17,19
2016-05-30,22:00,2566,5,1,3,4,5,6,7,8,9,14,17
2016-05-30,23:00,2567,2,1,3,5,6,7,8,11,12,13,17
2016-05-31,07:00,2568,1,1,3,6,8,11,14,15,16,17,18
2016-05-31,08:00,2569,16,1,3,4,7,8,13,15,18,19,20
2016-05-31,09:00,2570,20,2,3,4,5,6,7,9,15,17,19
2016-05-31,10:00,2571,1,4,5,7,9,10,11,14,15,19,20
2016-05-31,11:00,2572,11,1,3,5,9,11,13,14,18,19,20
2016-05-31,12:00,2573,11,1,2,6,7,8,9,11,12,16,19
2016-05-31,13:00,2574,12,2,3,5,7,8,9,16,18,19,20
2016-05-31,14:00,2575,6,1,2,4,9,10,13,14,15,16,20
2016-05-31,15:00,2576,15,4,5,6,8,10,11,12,13,16,20
2016-05-31,16:00,2577,9,3,4,6,7,9,12,13,17,19,20
2016-05-31,17:00,2578,19,3,6,9,12,13,15,16,17,19,20
2016-05-31,18:00,2579,11,1,2,4,6,9,11,12,13,14,15
2016-05-31,19:00,2580,3,2,3,4,8,9,10,11,12,13,17
2016-05-31,20:00,2581,1,1,5,7,8,11,13,15,16,17,18
2016-05-31,21:00,2582,5,5,6,8,9,10,15,17,18,19,20
2016-05-31,22:00,2583,8,2,4,8,9,12,14,15,17,18,20
2016-05-31,23:00,2584,7,1,4,5,7,9,10,11,18,19,20
2016-06-01,07:00,2585,13,4,5,7,9,10,13,14,15,19,20
2016-06-01,08:00,2586,7,1,3,4,5,10,11,13,14,15,17
2016-06-01,09:00,2587,17,1,2,4,5,8,13,14,16,17,19
2016-06-01,10:00,2588,11,1,3,4,5,8,11,12,13,15,16
2016-06-01,11:00,2589,3,5,6,7,9,10,12,13,15,17,19
2016-06-01,12:00,2590,4,1,4,5,7,8,13,16,18,19,20
2016-06-01,13:00,2591,15,1,2,5,6,7,8,11,12,18,19
2016-06-01,14:00,2592,17,2,3,4,6,9,10,12,16,17,19
2016-06-01,15:00,2593,1,2,3,4,5,8,10,11,12,13,16
2016-06-01,16:00,2594,5,6,7,8,10,11,12,13,15,17,18
2016-06-01,17:00,2595,7,2,4,5,6,7,12,13,17,18,20
2016-06-01,18:00,2596,20,1,4,5,8,9,14,16,17,18,19
2016-06-01,19:00,2597,13,1,5,6,7,10,13,16,18,19,20
2016-06-01,20:00,2598,8,1,4,5,8,10,11,12,14,15,17
2016-06-01,21:00,2599,13,4,5,6,7,8,9,10,11,19,20
2016-06-01,22:00,2600,2,3,4,6,8,10,12,14,18,19,20
2016-06-01,23:00,2601,4,2,4,5,8,9,10,12,17,18,20
2016-06-02,07:00,2602,2,6,7,8,11,12,15,17,18,19,20
2016-06-02,08:00,2603,8,3,4,8,9,12,13,15,18,19,20
2016-06-02,09:00,2604,8,2,9,12,13,14,15,16,17,19,20
2016-06-02,10:00,2605,13,1,3,5,6,9,10,14,15,16,19
2016-06-02,11:00,2606,1,1,5,6,8,9,10,11,13,18,20
2016-06-02,12:00,2607,14,2,3,6,8,12,13,14,15,17,19
2016-06-02,13:00,2608,20,1,4,7,8,9,10,13,14,16,17
2016-06-02,14:00,2609,14,5,9,10,13,14,15,16,18,19,20
2016-06-02,15:00,2610,7,1,2,3,8,9,10,12,14,18,19
2016-06-02,16:00,2611,1,1,2,6,7,9,11,12,13,18,19
2016-06-02,17:00,2612,3,3,4,6,7,8,12,13,15,17,19
2016-06-02,18:00,2613,3,1,2,5,6,11,12,13,15,18,20
2016-06-02,19:00,2614,17,4,5,6,7,8,9,10,13,14,16
2016-06-02,20:00,2615,3,4,5,6,7,11,13,14,17,18,19
2016-06-02,21:00,2616,12,1,2,3,4,8,9,11,17,18,20
2016-06-02,22:00,2617,20,3,7,8,9,11,12,14,17,18,19
2016-06-02,23:00,2618,16,2,3,4,5,6,8,9,10,16,19
2016-06-03,07:00,2619,5,3,4,6,9,10,12,13,14,17,18
2016-06-03,08:00,2620,20,4,5,6,7,8,12,14,16,17,20
2016-06-03,09:00,2621,8,3,4,5,6,7,8,9,10,16,17
2016-06-03,10:00,2622,19,3,4,5,8,9,10,12,13,19,20
2016-06-03,11:00,2623,9,1,2,3,4,5,6,7,8,9,16
2016-06-03,12:00,2624,6,1,4,6,7,10,11,15,16,18,19
2016-06-03,13:00,2625,17,1,5,8,9,10,13,14,15,18,19
2016-06-03,14:00,2626,11,1,3,6,8,10,11,13,16,19,20
2016-06-03,15:00,2627,17,1,6,8,10,11,13,15,17,18,19
2016-06-03,16:00,2628,13,2,4,6,8,10,11,16,17,18,19
2016-06-03,17:00,2629,6,1,2,3,7,9,10,14,15,17,20
2016-06-03,18:00,2630,11,1,2,4,8,10,11,15,16,19,20
2016-06-03,19:00,2631,1,1,2,4,5,9,10,11,16,19,20
2016-06-03,20:00,2632,7,1,2,5,8,10,11,13,15,18,19
2016-06-03,21:00,2633,9,4,5,6,7,10,12,15,16,17,19
2016-06-03,22:00,2634,13,2,4,5,6,8,10,11,13,14,15
2016-06-03,23:00,2635,10,1,5,9,10,11,12,15,16,17,20
2016-06-04,07:00,2636,3,1,5,6,7,9,11,13,15,17,18
2016-06-04,08:00,2637,9,3,5,7,8,9,11,12,15,19,20
2016-06-04,09:00,2638,2,2,3,5,6,9,12,15,16,18,20
2016-06-04,10:00,2639,16,2,3,4,6,7,9,11,12,18,20
2016-06-04,11:00,2640,16,1,2,3,5,6,7,8,12,16,20
2016-06-04,12:00,2641,3,1,2,3,4,7,8,14,15,16,20
2016-06-04,13:00,2642,19,3,4,5,7,9,10,13,17,18,19
2016-06-04,14:00,2643,8,1,3,4,5,8,12,15,16,18,19
2016-06-04,15:00,2644,7,2,3,4,6,7,8,9,11,15,19
2016-06-04,16:00,2645,10,1,2,4,7,8,9,11,13,17,20
2016-06-04,17:00,2646,6,1,2,4,6,9,10,11,13,17,18
2016-06-04,18:00,2647,20,1,2,5,8,10,11,12,15,17,19
2016-06-04,19:00,2648,11,1,3,5,7,10,11,14,15,19,20
2016-06-04,20:00,2649,7,1,3,7,8,9,10,11,18,19,20
2016-06-04,21:00,2650,14,2,3,7,8,11,13,14,17,18,20
2016-06-04,22:00,2651,15,2,3,5,7,11,12,14,16,17,20
2016-06-04,23:00,2652,16,1,2,4,5,8,12,15,16,18,19
2016-06-05,07:00,2653,1,2,3,9,10,11,12,13,17,18,19
2016-06-05,08:00,2654,11,1,2,3,4,7,9,10,12,13,16
2016-06-05,09:00,2655,14,1,2,3,5,7,9,13,17,18,19
2016-06-05,10:00,2656,12,1,4,6,9,10,13,14,15,17,18
2016-06-05,11:00,2657,16,2,4,7,9,10,13,14,15,16,19
2016-06-05,12:00,2658,9,5,7,8,10,11,12,13,15,17,20
2016-06-05,13:00,2659,11,1,7,8,9,10,12,13,15,19,20
2016-06-05,14:00,2660,1,1,5,6,7,13,14,15,17,18,19
2016-06-05,15:00,2661,5,1,2,4,5,7,9,10,14,17,18
2016-06-05,16:00,2662,15,1,7,8,11,12,13,14,15,17,18
2016-06-05,17:00,2663,16,4,6,7,9,11,12,13,17,19,20
2016-06-05,18:00,2664,8,1,2,3,6,8,9,10,16,17,20
2016-06-05,19:00,2665,2,2,3,4,5,7,8,10,11,14,16
2016-06-05,20:00,2666,18,4,6,7,8,10,12,14,15,18,20
2016-06-05,21:00,2667,12,3,4,7,9,13,14,16,17,18,20
2016-06-05,22:00,2668,20,1,2,4,5,7,8,13,14,18,20
2016-06-05,23:00,2669,18,2,5,8,11,12,13,14,15,17,20
2016-06-06,07:00,2670,19,1,3,4,5,7,8,11,13,14,19
2016-06-06,08:00,2671,12,1,2,4,6,8,9,12,13,14,18
2016-06-06,09:00,2672,19,2,4,6,7,9,11,14,15,17,18
2016-06-06,10:00,2673,14,3,4,7,10,11,16,17,18,19,20
2016-06-06,11:00,2674,17,1,6,7,10,11,13,14,15,18,19
2016-06-06,12:00,2675,18,3,4,6,7,11,12,13,14,18,20
2016-06-06,13:00,2676,20,1,3,6,9,10,15,16,17,19,20
2016-06-06,14:00,2677,17,3,6,7,8,9,11,12,15,18,19
2016-06-06,15:00,2678,6,1,2,3,5,7,9,12,16,17,19
2016-06-06,16:00,2679,3,1,2,7,11,12,13,15,16,19,20
2016-06-06,17:00,2680,1,1,4,6,8,10,12,13,14,16,17
2016-06-06,18:00,2681,11,2,4,6,7,10,12,13,14,19,20
2016-06-06,19:00,2682,5,3,5,7,10,11,12,13,14,18,19
2016-06-06,20:00,2683,2,2,5,6,8,9,13,14,15,16,19
2016-06-06,21:00,2684,10,3,5,9,12,13,14,17,18,19,20
2016-06-06,22:00,2685,14,3,4,5,8,9,10,13,14,15,20
2016-06-06,23:00,2686,2,1,2,4,6,7,12,13,14,18,19
2016-06-07,07:00,2687,16,1,3,4,7,9,10,12,14,17,18
2016-06-07,08:00,2688,1,1,6,7,9,10,12,14,16,18,20
2016-06-07,09:00,2689,14,4,7,8,9,10,13,14,17,18,20
2016-06-07,10:00,2690,7,1,3,5,6,8,10,11,12,14,16
2016-06-07,11:00,2691,5,1,3,5,9,10,11,13,14,18,19
2016-06-07,12:00,2692,14,3,7,8,10,11,12,15,17,19,20
2016-06-07,13:00,2693,3,3,9,10,11,12,14,15,17,18,20
2016-06-07,14:00,2694,8,2,3,6,8,10,12,13,16,17,19
2016-06-07,15:00,2695,11,2,3,4,5,6,8,11,14,19,20
2016-06-07,16:00,2696,10,1,3,4,5,6,9,10,11,15,18
2016-06-07,17:00,2697,12,5,7,9,11,12,14,15,16,17,18
2016-06-07,18:00,2698,13,1,2,4,5,11,15,16,17,18,20
2016-06-07,19:00,2699,17,1,2,3,4,9,11,12,14,15,19
2016-06-07,20:00,2700,20,2,7,8,10,13,15,17,18,19,20
2016-06-07,21:00,2701,5,2,3,8,10,14,15,17,18,19,20
2016-06-07,22:00,2702,12,4,6,8,9,10,11,12,13,14,20
2016-06-07,23:00,2703,14,5,6,8,9,11,12,14,15,16,20
2016-06-08,07:00,2704,12,2,3,7,8,9,12,14,15,17,19
2016-06-08,08:00,2705,15,1,3,7,8,10,11,12,16,18,19
2016-06-08,09:00,2706,15,2,5,6,7,8,12,14,17,18,19
2016-06-08,10:00,2707,10,2,7,8,9,10,11,15,16,17,19
2016-06-08,11:00,2708,4,2,4,5,6,9,10,11,13,15,19
2016-06-08,12:00,2709,8,3,8,9,11,13,15,16,17,19,20
2016-06-08,13:00,2710,6,5,8,10,11,12,13,15,18,19,20
2016-06-08,14:00,2711,8,3,4,6,8,9,10,12,13,17,20
2016-06-08,15:00,2712,17,3,4,5,6,8,9,14,15,17,19
2016-06-08,16:00,2713,11,3,4,7,8,10,11,14,16,17,20
2016-06-08,17:00,2714,7,8,9,12,13,15,16,17,18,19,20
2016-06-08,18:00,2715,9,2,4,6,8,10,12,15,16,18,20
2016-06-08,19:00,2716,6,2,3,4,8,9,10,11,14,16,18
2016-06-08,20:00,2717,3,1,2,4,5,7,12,15,17,18,20
2016-06-08,21:00,2718,10,1,4,5,7,8,10,12,13,17,19
2016-06-08,22:00,2719,4,2,5,8,9,10,14,15,17,18,20
2016-06-08,23:00,2720,20,3,8,10,11,12,14,17,18,19,20
2016-06-09,07:00,2721,18,2,4,6,8,11,12,13,14,19,20
2016-06-09,08:00,2722,20,4,6,8,9,10,11,12,15,19,20
2016-06-09,09:00,2723,13,1,4,7,8,9,10,11,15,18,19
2016-06-09,10:00,2724,4,3,4,5,7,8,9,14,16,18,19
2016-06-09,11:00,2725,16,3,4,7,9,10,12,13,14,17,19
2016-06-09,12:00,2726,3,1,3,4,6,8,9,11,14,17,18
2016-06-09,13:00,2727,4,1,2,3,8,10,12,13,14,15,16
2016-06-09,14:00,2728,11,2,4,5,8,9,12,13,14,16,20
2016-06-09,15:00,2729,11,1,4,5,6,7,8,11,16,17,20
2016-06-09,16:00,2730,5,3,7,8,9,11,12,16,17,19,20
2016-06-09,17:00,2731,17,3,4,6,8,9,12,14,15,18,20
2016-06-09,18:00,2732,15,1,2,3,4,5,11,13,17,19,20
2016-06-09,19:00,2733,15,1,5,6,10,12,14,15,17,18,19
2016-06-09,20:00,2734,6,1,5,7,9,10,11,13,14,15,16
2016-06-09,21:00,2735,16,1,2,5,6,7,8,10,13,16,17
2016-06-09,22:00,2736,4,1,3,5,10,11,14,15,16,17,18
2016-06-09,23:00,2737,1,2,3,4,8,9,11,12,14,16,18
2016-06-10,07:00,2738,1,1,3,4,7,8,10,14,17,19,20
2016-06-10,08:00,2739,1,2,3,4,5,7,9,15,16,17,19
2016-06-10,09:00,2740,9,1,3,4,5,7,8,9,10,11,15
2016-06-10,10:00,2741,6,1,4,5,6,9,12,14,17,18,19
2016-06-10,11:00,2742,16,2,4,7,10,11,13,14,16,17,20
2016-06-10,12:00,2743,15,1,2,3,9,10,11,13,14,15,16
2016-06-10,13:00,2744,14,2,3,4,10,11,12,15,16,18,20
2016-06-10,14:00,2745,10,1,3,9,10,13,14,15,16,18,19
2016-06-10,15:00,2746,12,2,4,5,6,7,10,11,13,17,20
2016-06-10,16:00,2747,9,1,2,3,6,7,11,15,17,19,20
2016-06-10,17:00,2748,14,2,4,6,8,9,10,12,16,17,18
2016-06-10,18:00,2749,16,4,5,7,9,12,13,14,15,17,20
2016-06-10,19:00,2750,15,1,4,5,7,8,10,12,14,16,17
2016-06-10,20:00,2751,1,3,4,6,8,9,12,13,17,19,20
2016-06-10,21:00,2752,11,1,3,4,7,9,12,14,16,19,20
2016-06-10,22:00,2753,16,1,2,3,4,5,6,10,12,17,19
2016-06-10,23:00,2754,18,1,2,3,4,5,6,10,14,16,20
2016-06-11,07:00,2755,4,2,3,5,7,9,10,11,13,17,20
2016-06-11,08:00,2756,15,1,2,7,9,10,13,15,16,17,20
2016-06-11,09:00,2757,12,1,5,6,9,11,13,14,15,16,19
2016-06-11,10:00,2758,3,2,6,7,8,9,11,14,17,18,20
2016-06-11,11:00,2759,20,1,2,5,6,10,11,16,18,19,20
2016-06-11,12:00,2760,20,2,5,6,7,10,11,12,15,16,17
2016-06-11,13:00,2761,15,1,4,5,6,7,8,11,16,17,19
2016-06-11,14:00,2762,9,1,2,5,7,8,9,14,17,18,19
2016-06-11,15:00,2763,11,1,2,3,5,8,9,11,12,14,20
2016-06-11,16:00,2764,19,2,7,8,9,10,11,12,14,15,19
2016-06-11,17:00,2765,9,1,2,3,5,6,7,9,11,12,15
2016-06-11,18:00,2766,18,1,3,4,9,10,11,12,15,17,19
2016-06-11,19:00,2767,13,2,7,10,12,13,16,17,18,19,20
2016-06-11,20:00,2768,12,1,2,3,5,6,12,14,16,18,19
2016-06-11,21:00,2769,1,2,3,6,8,9,11,13,15,18,19
2016-06-11,22:00,2770,1,1,5,6,7,8,11,14,16,18,20
2016-06-11,23:00,2771,6,1,2,3,7,13,14,15,17,18,19
2016-06-12,07:00,2772,20,2,3,4,6,7,8,10,11,14,19
2016-06-12,08:00,2773,13,2,3,8,10,11,12,14,15,17,19
2016-06-12,09:00,2774,6,1,2,7,8,9,14,15,17,18,19
2016-06-12,10:00,2775,13,2,3,4,9,10,11,12,13,16,19
2016-06-12,11:00,2776,12,4,7,9,10,12,13,15,16,18,19
2016-06-12,12:00,2777,5,4,6,7,8,10,12,13,14,17,18
2016-06-12,13:00,2778,6,1,2,4,7,8,12,13,14,17,20
2016-06-12,14:00,2779,12,3,4,5,6,9,11,14,16,17,20
2016-06-12,15:00,2780,20,1,5,6,8,10,11,12,14,15,16
2016-06-12,16:00,2781,3,1,3,4,5,6,7,12,13,15,19
2016-06-12,17:00,2782,18,2,3,8,9,10,12,13,15,18,19
2016-06-12,18:00,2783,13,1,7,8,9,10,12,14,15,16,19
2016-06-12,19:00,2784,11,1,5,7,11,13,15,17,18,19,20
2016-06-12,20:00,2785,8,2,3,7,8,9,10,11,17,19,20
2016-06-12,21:00,2786,14,3,4,7,8,10,11,14,16,17,20
2016-06-12,22:00,2787,10,4,6,7,9,12,13,17,18,19,20
2016-06-12,23:00,2788,2,3,4,5,9,12,15,16,17,18,20
2016-06-13,07:00,2789,6,1,2,5,8,10,12,14,15,17,18
2016-06-13,08:00,2790,6,1,2,7,10,11,12,13,14,15,18
2016-06-13,09:00,2791,15,4,5,6,7,9,10,11,12,14,17
2016-06-13,10:00,2792,2,3,4,7,8,9,10,14,16,17,18
2016-06-13,11:00,2793,13,2,4,7,9,11,15,16,17,19,20
2016-06-13,12:00,2794,14,4,6,10,11,14,15,17,18,19,20
2016-06-13,13:00,2795,17,1,3,4,5,14,15,16,18,19,20
2016-06-13,14:00,2796,4,1,8,10,11,12,13,14,16,18,20
2016-06-13,15:00,2797,10,1,6,7,10,11,12,13,17,18,20
2016-06-13,16:00,2798,17,4,5,6,9,10,12,14,15,18,20
2016-06-13,17:00,2799,1,3,6,8,10,11,13,14,18,19,20
2016-06-13,18:00,2800,1,2,3,6,9,11,14,15,16,19,20
2016-06-13,19:00,2801,8,1,2,4,5,7,8,12,13,15,19
2016-06-13,20:00,2802,12,2,3,4,6,9,13,17,18,19,20
2016-06-13,21:00,2803,5,3,6,9,10,12,13,14,15,18,20
2016-06-13,22:00,2804,7,1,2,5,6,8,11,14,17,18,19
2016-06-13,23:00,2805,20,3,5,6,9,14,15,16,17,19,20
2016-06-14,07:00,2806,14,1,4,5,9,10,14,16,18,19,20
2016-06-14,08:00,2807,13,2,3,4,5,6,11,12,13,14,15
2016-06-14,09:00,2808,6,1,3,8,10,14,15,16,17,18,19
2016-06-14,10:00,2809,3,2,5,6,8,10,11,12,13,15,17
2016-06-14,11:00,2810,17,2,3,5,6,9,11,13,15,16,18
2016-06-14,12:00,2811,2,2,3,4,5,6,9,10,12,15,19
2016-06-14,13:00,2812,3,2,4,5,7,8,9,13,16,19,20
2016-06-14,14:00,2813,14,2,3,4,5,8,9,12,14,17,20
2016-06-14,15:00,2814,11,7,8,9,10,11,13,15,16,18,20
2016-06-14,16:00,2815,18,5,6,7,8,11,13,14,16,18,19
2016-06-14,17:00,2816,1,1,2,3,9,10,13,15,17,18,20
2016-06-14,18:00,2817,19,1,3,4,5,6,8,11,14,18,19
2016-06-14,19:00,2818,12,1,2,3,4,8,10,14,17,18,20
2016-06-14,20:00,2819,11,3,4,7,8,13,14,15,17,19,20
2016-06-14,21:00,2820,3,2,3,4,7,8,10,11,13,16,17
2016-06-14,22:00,2821,3,1,2,3,4,5,6,9,13,15,18
2016-06-14,23:00,2822,10,2,5,6,8,9,11,15,18,19,20
2016-06-15,07:00,2823,10,1,3,5,9,11,13,14,17,18,19
2016-06-15,08:00,2824,12,1,4,9,10,12,13,14,15,16,19
2016-06-15,09:00,2825,19,4,6,8,9,10,11,12,13,18,19
2016-06-15,10:00,2826,13,1,2,3,4,6,10,11,15,19,20
2016-06-15,11:00,2827,19,2,3,6,7,8,12,14,15,18,19
2016-06-15,12:00,2828,7,3,5,7,9,12,13,16,18,19,20
2016-06-15,13:00,2829,4,2,3,6,7,9,11,12,13,15,20
2016-06-15,14:00,2830,15,1,5,10,13,14,15,17,18,19,20
2016-06-15,15:00,2831,7,2,4,6,10,11,13,14,16,19,20
2016-06-15,16:00,2832,16,1,3,6,10,12,14,15,17,19,20
2016-06-15,17:00,2833,4,1,4,5,6,8,10,11,14,15,16
2016-06-15,18:00,2834,13,2,4,6,7,8,9,11,12,17,19
2016-06-15,19:00,2835,9,2,5,6,9,10,11,12,15,18,20
2016-06-15,20:00,2836,19,1,3,6,8,10,12,13,15,19,20
2016-06-15,21:00,2837,6,2,4,5,7,8,11,12,13,15,18
2016-06-15,22:00,2838,7,1,2,3,4,5,7,9,10,15,17
2016-06-15,23:00,2839,19,2,4,5,6,8,9,10,16,19,20
2016-06-16,07:00,2840,9,2,3,4,7,8,10,11,14,15,20
2016-06-16,08:00,2841,4,2,3,5,8,10,11,13,14,18,19
2016-06-16,09:00,2842,8,1,3,5,6,8,10,12,17,19,20
2016-06-16,10:00,2843,1,1,3,4,6,7,10,13,15,16,18
2016-06-16,11:00,2844,14,2,7,9,10,11,13,14,15,16,19
2016-06-16,12:00,2845,16,2,3,5,8,11,13,14,18,19,20
2016-06-16,13:00,2846,12,2,3,4,7,8,12,14,15,19,20
2016-06-16,14:00,2847,4,1,3,4,5,11,15,16,17,19,20
2016-06-16,15:00,2848,9,3,5,12,13,14,15,16,17,18,20
2016-06-16,16:00,2849,18,1,2,3,5,6,12,14,15,16,20
2016-06-16,17:00,2850,8,4,5,8,10,11,13,14,15,18,19
2016-06-16,18:00,2851,18,1,2,5,9,10,11,12,13,15,19
2016-06-16,19:00,2852,16,3,5,6,7,9,13,15,16,17,19
2016-06-16,20:00,2853,5,2,3,4,5,6,9,11,14,16,20
2016-06-16,21:00,2854,2,1,4,6,7,8,10,13,14,15,17
2016-06-16,22:00,2855,4,3,4,5,7,8,10,13,14,17,18
2016-06-16,23:00,2856,10,2,3,4,6,10,11,13,15,17,19
2016-06-17,07:00,2857,12,2,3,5,7,9,11,13,14,15,16
2016-06-17,08:00,2858,8,3,4,5,7,9,10,11,13,14,15
2016-06-17,09:00,2859,9,1,3,6,7,8,13,14,16,17,20
2016-06-17,10:00,2860,6,3,4,5,6,8,9,10,12,14,17
2016-06-17,11:00,2861,3,7,8,10,11,12,13,14,16,17,19
2016-06-17,12:00,2862,13,2,4,9,10,12,13,14,15,16,20
2016-06-17,13:00,2863,13,1,3,5,7,9,10,12,15,16,19
2016-06-17,14:00,2864,10,4,7,9,11,13,14,15,16,17,18
2016-06-17,15:00,2865,4,1,2,3,7,10,13,14,15,19,20
2016-06-17,16:00,2866,8,5,6,7,9,10,12,13,15,18,19
2016-06-17,17:00,2867,11,3,6,7,9,12,13,16,17,18,19
2016-06-17,18:00,2868,1,2,3,4,6,8,9,10,14,18,20
2016-06-17,19:00,2869,8,1,2,3,5,10,11,14,16,18,19
2016-06-17,20:00,2870,20,8,10,11,13,14,15,16,17,19,20
2016-06-17,21:00,2871,5,4,6,7,9,10,11,14,15,16,17
2016-06-17,22:00,2872,5,1,5,10,11,12,13,14,18,19,20
2016-06-17,23:00,2873,15,2,6,9,11,12,14,15,16,18,20
2016-06-18,07:00,2874,2,3,5,6,7,9,10,14,16,19,20
2016-06-18,08:00,2875,6,5,7,8,9,10,11,12,13,15,17
2016-06-18,09:00,2876,17,1,2,3,6,7,9,10,12,13,20
2016-06-18,10:00,2877,3,5,9,10,11,12,14,15,16,18,19
2016-06-18,11:00,2878,7,2,6,8,9,11,13,14,16,18,19
2016-06-18,12:00,2879,17,1,7,8,9,10,12,13,14,16,17
2016-06-18,13:00,2880,16,3,4,8,9,11,13,14,15,16,18
2016-06-18,14:00,2881,16,2,3,5,6,9,11,12,14,18,20
2016-06-18,15:00,2882,3,1,3,6,8,9,10,11,15,17,18
2016-06-18,16:00,2883,2,1,4,6,8,9,13,14,17,19,20
2016-06-18,17:00,2884,4,4,7,8,10,12,14,15,17,19,20
2016-06-18,18:00,2885,13,2,3,12,13,14,15,16,17,19,20
2016-06-18,19:00,2886,10,1,2,4,5,6,9,10,17,18,20
2016-06-18,20:00,2887,3,1,7,8,9,11,13,14,17,18,20
2016-06-18,21:00,2888,5,1,5,6,7,11,12,13,14,15,18
2016-06-18,22:00,2889,18,2,3,4,7,8,12,13,14,16,20
2016-06-18,23:00,2890,15,1,2,8,10,11,12,13,17,18,19
2016-06-19,07:00,2891,12,2,3,4,5,6,7,8,9,12,19
2016-06-19,08:00,2892,16,1,4,5,6,8,9,11,14,18,19
2016-06-19,09:00,2893,11,4,5,6,7,10,12,13,14,16,17
2016-06-19,10:00,2894,14,1,2,4,6,9,11,12,13,14,15
2016-06-19,11:00,2895,1,1,4,5,7,8,9,14,17,18,19
2016-06-19,12:00,2896,6,2,4,5,6,7,9,10,11,14,18
2016-06-19,13:00,2897,1,2,3,6,7,9,11,14,17,18,19
2016-06-19,14:00,2898,12,2,3,4,7,9,10,13,15,16,19
2016-06-19,15:00,2899,17,3,4,7,8,9,10,11,13,15,19
2016-06-19,16:00,2900,13,1,4,6,9,11,12,14,16,18,20
2016-06-19,17:00,2901,18,1,2,6,8,10,11,12,15,18,20
2016-06-19,18:00,2902,17,1,2,3,6,9,10,15,16,17,19
2016-06-19,19:00,2903,1,1,6,8,9,10,15,16,17,18,20
2016-06-19,20:00,2904,15,1,5,7,11,13,14,16,17,18,20
2016-06-19,21:00,2905,9,1,2,6,10,11,13,14,15,19,20
2016-06-19,22:00,2906,20,3,5,7,9,10,13,14,15,19,20
2016-06-19,23:00,2907,4,1,2,8,9,11,13,14,16,18,19
2016-06-20,07:00,2908,1,1,4,5,7,9,10,11,15,17,19
2016-06-20,08:00,2909,16,1,2,5,7,10,11,13,16,18,19
2016-06-20,09:00,2910,13,1,2,3,7,8,10,11,16,18,20
2016-06-20,10:00,2911,16,1,2,5,8,10,11,12,15,18,20
2016-06-20,11:00,2912,12,2,5,6,8,9,10,11,13,19,20
2016-06-20,12:00,2913,8,1,2,4,5,7,13,16,17,19,20
2016-06-20,13:00,2914,2,1,3,6,8,9,11,12,13,18,19
2016-06-20,14:00,2915,1,3,4,6,8,9,15,16,17,18,19
2016-06-20,15:00,2916,19,4,5,6,7,8,13,15,17,18,19
2016-06-20,16:00,2917,2,1,2,3,5,8,9,10,11,14,16
2016-06-20,17:00,2918,14,1,2,5,7,8,10,14,15,17,20
2016-06-20,18:00,2919,7,1,2,3,4,5,15,16,17,18,20
2016-06-20,19:00,2920,19,1,4,5,7,10,16,17,18,19,20
2016-06-20,20:00,2921,8,1,2,5,6,7,14,15,17,18,19
2016-06-20,21:00,2922,17,1,6,7,9,12,13,16,17,18,20
2016-06-20,22:00,2923,14,1,2,6,7,9,10,14,16,18,19
2016-06-20,23:00,2924,8,1,2,4,7,8,12,14,16,17,20
2016-06-21,07:00,2925,2,2,4,7,11,12,13,15,16,17,19
2016-06-21,08:00,2926,3,1,3,4,9,10,13,15,16,18,19
2016-06-21,09:00,2927,5,1,3,5,9,11,15,16,17,18,20
2016-06-21,10:00,2928,2,2,9,10,11,14,15,16,17,19,20
2016-06-21,11:00,2929,12,2,3,4,6,7,9,11,14,17,19
2016-06-21,12:00,2930,20,7,8,9,12,13,14,15,16,17,20
2016-06-21,13:00,2931,11,7,8,10,13,14,15,16,17,19,20
2016-06-21,14:00,2932,12,1,2,5,8,9,10,11,15,18,19
2016-06-21,15:00,2933,9,1,2,3,8,10,11,13,16,17,18
2016-06-21,16:00,2934,13,2,4,5,6,9,13,15,16,17,20
2016-06-21,17:00,2935,16,1,2,3,4,8,9,11,14,17,19
2016-06-21,18:00,2936,20,1,2,3,4,5,12,13,16,17,19
2016-06-21,19:00,2937,1,3,4,6,7,14,15,17,18,19,20
2016-06-21,20:00,2938,14,1,2,5,6,8,10,14,15,19,20
2016-06-21,21:00,2939,9,1,4,6,8,10,12,14,16,18,20
2016-06-21,22:00,2940,5,2,5,6,10,12,13,14,16,17,18
2016-06-21,23:00,2941,13,2,3,4,11,12,13,15,16,17,18
2016-06-22,07:00,2942,12,2,6,7,12,14,15,16,17,19,20
2016-06-22,08:00,2943,10,1,4,5,8,10,16,17,18,19,20
2016-06-22,09:00,2944,16,1,4,11,12,13,14,15,18,19,20
2016-06-22,10:00,2945,11,1,7,8,11,12,13,16,17,18,19
2016-06-22,11:00,2946,6,1,4,7,8,10,11,15,17,18,20
2016-06-22,12:00,2947,20,4,5,6,7,9,10,13,15,17,19
2016-06-22,13:00,2948,10,1,5,6,8,9,11,13,17,18,20
2016-06-22,14:00,2949,12,1,5,9,11,12,13,15,18,19,20
2016-06-22,15:00,2950,20,6,7,11,12,13,14,15,16,17,18
2016-06-22,16:00,2951,14,2,3,4,5,9,11,15,16,17,20
2016-06-22,17:00,2952,7,1,5,6,8,9,10,11,15,16,19
2016-06-22,18:00,2953,17,1,3,13,14,15,16,17,18,19,20
2016-06-22,19:00,2954,14,1,2,4,9,12,13,16,17,19,20
2016-06-22,20:00,2955,19,4,5,6,9,10,12,14,16,18,20
2016-06-22,21:00,2956,8,1,2,3,4,7,8,11,13,17,18
2016-06-22,22:00,2957,10,2,5,9,10,11,13,15,16,17,19
2016-06-22,23:00,2958,14,2,3,6,9,10,12,13,17,19,20
2016-06-23,07:00,2959,3,5,7,8,10,11,12,14,15,19,20
2016-06-23,08:00,2960,5,4,5,7,9,10,11,12,14,18,19
2016-06-23,09:00,2961,18,3,4,6,7,9,10,11,12,16,17
2016-06-23,10:00,2962,20,1,3,5,6,7,8,10,16,18,20
2016-06-23,11:00,2963,9,1,2,4,6,8,10,16,17,19,20
2016-06-23,12:00,2964,10,2,3,6,8,9,11,12,13,14,15
2016-06-23,13:00,2965,11,1,4,6,7,8,9,12,13,15,18
2016-06-23,14:00,2966,5,3,5,6,7,8,10,14,15,16,19
2016-06-23,15:00,2967,1,1,5,7,9,11,13,14,15,16,17
2016-06-23,16:00,2968,10,2,4,5,6,8,12,14,15,18,20
2016-06-23,17:00,2969,17,3,4,7,8,9,10,11,12,16,19
2016-06-23,18:00,2970,3,1,2,3,7,10,11,12,14,16,17
2016-06-23,19:00,2971,10,4,6,7,9,10,15,17,18,19,20
2016-06-23,20:00,2972,14,2,4,5,7,8,9,10,11,15,17
2016-06-23,21:00,2973,3,1,2,3,4,5,7,11,17,18,20
2016-06-23,22:00,2974,7,1,2,4,5,7,8,12,14,17,20
2016-06-23,23:00,2975,7,2,3,8,9,10,11,15,17,18,19
2016-06-24,07:00,2976,19,1,2,3,5,7,8,10,15,16,17
2016-06-24,08:00,2977,10,1,2,5,6,7,11,12,14,18,20
2016-06-24,09:00,2978,9,1,5,6,8,11,13,15,17,18,20
2016-06-24,10:00,2979,6,1,5,7,8,9,10,12,13,14,20
2016-06-24,11:00,2980,5,1,2,4,5,8,9,11,16,19,20
2016-06-24,12:00,2981,12,1,3,6,7,9,10,12,14,15,17
2016-06-24,13:00,2982,10,1,4,7,9,11,12,13,15,18,19
2016-06-24,14:00,2983,16,2,3,4,5,6,7,8,9,11,13
2016-06-24,15:00,2984,17,1,5,6,9,10,11,12,13,15,16
2016-06-24,16:00,2985,17,2,4,5,9,11,13,15,16,18,19
2016-06-24,17:00,2986,4,2,4,6,10,12,14,16,17,19,20
2016-06-24,18:00,2987,14,1,2,4,7,9,12,14,16,17,18
2016-06-24,19:00,2988,15,4,6,7,8,9,13,16,17,19,20
2016-06-24,20:00,2989,18,1,2,5,7,9,11,14,15,18,20
2016-06-24,21:00,2990,12,4,6,7,8,9,10,13,14,17,18
2016-06-24,22:00,2991,10,3,5,6,7,9,10,14,16,17,19
2016-06-24,23:00,2992,8,2,5,6,7,8,9,11,13,14,18
2016-06-25,07:00,2993,1,1,7,8,12,14,15,16,18,19,20
2016-06-25,08:00,2994,14,1,2,3,5,6,7,9,11,12,14
2016-06-25,09:00,2995,18,2,4,5,9,10,14,15,16,18,19
2016-06-25,10:00,2996,20,1,4,5,8,9,10,11,14,16,20
2016-06-25,11:00,2997,17,3,4,7,8,9,12,13,14,15,17
2016-06-25,12:00,2998,6,3,5,6,9,12,13,14,16,18,19
2016-06-25,13:00,2999,6,2,5,9,10,12,13,15,17,18,20
2016-06-25,14:00,3000,17,1,5,7,9,11,12,13,14,19,20
2016-06-25,15:00,3001,3,1,3,7,8,9,11,12,13,19,20
2016-06-25,16:00,3002,19,2,4,6,7,9,11,12,17,19,20
2016-06-25,17:00,3003,1,3,4,5,6,12,14,15,16,18,19
2016-06-25,18:00,3004,12,2,3,4,6,10,14,16,17,18,20
2016-06-25,19:00,3005,13,1,2,3,4,7,8,10,12,15,20
2016-06-25,20:00,3006,4,2,3,4,9,13,14,16,17,18,19
2016-06-25,21:00,3007,11,1,6,11,12,13,14,17,18,19,20
2016-06-25,22:00,3008,15,1,4,5,7,8,11,12,13,17,19
2016-06-25,23:00,3009,7,3,4,6,8,9,10,12,14,15,16
2016-06-26,07:00,3010,14,1,2,5,8,10,11,12,14,17,18
2016-06-26,08:00,3011,6,1,2,4,5,7,8,10,16,18,20
2016-06-26,09:00,3012,18,3,5,6,7,8,9,10,11,19,20
2016-06-26,10:00,3013,16,1,3,4,6,8,9,10,12,16,19
2016-06-26,11:00,3014,19,2,3,4,6,10,11,13,15,16,17
2016-06-26,12:00,3015,12,1,2,3,7,10,11,12,15,16,20
2016-06-26,13:00,3016,14,2,3,6,8,9,10,11,13,18,20
2016-06-26,14:00,3017,13,1,3,6,9,10,11,12,13,16,17
2016-06-26,15:00,3018,18,2,3,7,9,12,14,16,18,19,20
2016-06-26,16:00,3019,6,1,4,5,10,11,12,14,18,19,20
2016-06-26,17:00,3020,1,3,5,6,7,8,11,12,14,18,19
2016-06-26,18:00,3021,4,1,2,4,7,12,13,16,17,19,20
2016-06-26,19:00,3022,14,1,2,4,8,9,11,14,15,18,19
2016-06-26,20:00,3023,7,7,8,9,10,12,13,14,15,17,18
2016-06-26,21:00,3024,8,3,4,7,10,11,13,15,18,19,20
2016-06-26,22:00,3025,17,1,2,4,5,8,10,11,13,16,17
2016-06-26,23:00,3026,10,1,4,5,8,10,15,16,18,19,20
2016-06-27,07:00,3027,10,1,3,8,9,14,15,16,18,19,20
2016-06-27,08:00,3028,7,5,6,7,8,10,11,14,15,18,19
2016-06-27,09:00,3029,13,2,3,4,5,8,9,10,12,15,20
2016-06-27,10:00,3030,15,2,3,4,6,9,10,12,13,18,20
2016-06-27,11:00,3031,5,2,3,5,7,10,12,14,16,17,19
2016-06-27,12:00,3032,7,1,3,5,8,9,12,13,18,19,20
2016-06-27,13:00,3033,5,2,3,7,12,13,14,15,16,19,20
2016-06-27,14:00,3034,4,3,7,10,11,12,13,16,18,19,20
2016-06-27,15:00,3035,5,1,3,4,6,7,8,13,18,19,20
2016-06-27,16:00,3036,10,2,5,6,7,8,12,14,15,18,19
2016-06-27,17:00,3037,12,1,3,5,8,11,12,13,15,17,19
2016-06-27,18:00,3038,9,1,2,4,5,7,9,11,15,16,19
2016-06-27,19:00,3039,2,4,5,6,10,13,14,15,16,18,20
2016-06-27,20:00,3040,3,1,4,5,6,8,9,10,17,18,19
2016-06-27,21:00,3041,4,3,4,5,7,10,11,14,15,17,18
2016-06-27,22:00,3042,6,1,3,5,9,10,12,13,15,16,18
2016-06-27,23:00,3043,19,2,3,4,7,8,11,15,16,17,19
2016-06-28,07:00,3044,16,5,6,8,9,10,11,13,14,16,19
2016-06-28,08:00,3045,4,2,4,8,10,11,12,13,14,19,20
2016-06-28,09:00,3046,5,2,5,7,8,10,14,15,16,18,19
2016-06-28,10:00,3047,17,1,5,7,8,9,12,13,14,15,18
2016-06-28,11:00,3048,7,1,2,3,4,7,10,11,12,14,17
2016-06-28,12:00,3049,18,1,3,5,6,7,10,13,14,17,20
2016-06-28,13:00,3050,15,1,2,3,5,13,15,16,18,19,20
2016-06-28,14:00,3051,19,5,6,7,8,9,11,13,15,16,18
2016-06-28,15:00,3052,3,2,3,4,5,6,9,10,11,12,20
2016-06-28,16:00,3053,3,4,6,7,10,11,15,16,17,18,19
2016-06-28,17:00,3054,6,1,2,3,7,9,10,12,13,18,20
2016-06-28,18:00,3055,9,2,3,4,7,9,12,13,14,17,19
2016-06-28,19:00,3056,9,1,6,7,10,11,12,13,16,18,20
2016-06-28,20:00,3057,7,1,2,3,6,7,8,9,14,17,20
2016-06-28,21:00,3058,16,2,3,4,5,7,9,12,13,17,18
2016-06-28,22:00,3059,11,1,2,4,5,10,13,14,16,17,19
2016-06-28,23:00,3060,17,1,2,3,6,7,8,15,17,18,19
2016-06-29,07:00,3061,12,1,3,4,5,10,13,14,18,19,20
2016-06-29,08:00,3062,16,3,10,11,12,13,14,16,17,18,20
2016-06-29,09:00,3063,20,1,4,5,6,7,9,15,16,18,20
2016-06-29,10:00,3064,9,1,2,8,11,12,15,16,17,18,20
2016-06-29,11:00,3065,18,3,4,6,8,9,10,13,18,19,20
2016-06-29,12:00,3066,2,3,4,7,10,11,13,15,18,19,20
2016-06-29,13:00,3067,1,2,3,8,9,11,12,13,15,16,18
2016-06-29,14:00,3068,9,3,7,8,11,12,13,15,17,19,20
2016-06-29,15:00,3069,10,3,5,6,7,8,12,13,14,17,19
2016-06-29,16:00,3070,1,1,2,4,5,7,8,10,12,16,19
2016-06-29,17:00,3071,6,1,3,7,9,13,14,17,18,19,20
2016-06-29,18:00,3072,20,1,3,4,8,13,14,16,18,19,20
2016-06-29,19:00,3073,3,1,4,5,6,8,9,10,11,13,18
2016-06-29,20:00,3074,17,2,3,5,6,10,13,14,15,17,20
2016-06-29,21:00,3075,1,2,3,4,7,9,12,13,14,19,20
2016-06-29,22:00,3076,4,1,2,4,7,8,10,14,17,18,20
2016-06-29,23:00,3077,9,1,3,4,6,11,12,15,17,18,19
2016-06-30,07:00,3078,15,3,5,6,8,9,12,14,16,18,20
2016-06-30,08:00,3079,16,2,3,5,6,9,12,14,15,18,20
2016-06-30,09:00,3080,1,3,5,6,8,9,12,15,18,19,20
2016-06-30,10:00,3081,13,1,2,5,8,9,11,12,15,17,19
2016-06-30,11:00,3082,9,1,2,3,4,6,9,10,15,17,18
2016-06-30,12:00,3083,12,2,3,4,7,10,14,15,18,19,20
2016-06-30,13:00,3084,2,1,2,6,8,9,10,11,13,17,20
2016-06-30,14:00,3085,7,1,3,5,6,10,12,14,16,17,19
2016-06-30,15:00,3086,12,2,4,6,7,8,9,10,14,15,17
2016-06-30,16:00,3087,1,2,4,8,10,11,14,16,17,19,20
2016-06-30,17:00,3088,12,2,3,4,5,6,7,10,11,14,15
2016-06-30,18:00,3089,2,1,4,5,6,7,10,11,12,13,20
2016-06-30,19:00,3090,17,1,2,3,4,5,6,8,11,16,19
2016-06-30,20:00,3091,7,1,5,6,7,8,9,12,18,19,20
2016-06-30,21:00,3092,18,2,8,10,11,12,13,14,15,18,20
2016-06-30,22:00,3093,1,2,3,4,5,7,8,11,13,14,17
2016-06-30,23:00,3094,5,1,2,3,5,6,8,14,15,16,19
2016-07-01,07:00,3095,15,1,4,6,8,9,11,12,14,18,19
2016-07-01,08:00,3096,3,2,3,5,6,7,10,14,15,16,20
2016-07-01,09:00,3097,19,6,7,9,11,12,15,16,18,19,20
2016-07-01,10:00,3098,16,2,3,4,5,7,8,10,12,14,17
2016-07-01,11:00,3099,17,1,2,4,6,7,9,10,12,13,17
2016-07-01,12:00,3100,15,2,8,9,11,13,15,16,17,19,20
2016-07-01,13:00,3101,2,2,3,4,6,11,12,14,16,17,20
2016-07-01,14:00,3102,1,1,2,4,5,7,8,10,16,17,20
2016-07-01,15:00,3103,6,1,2,4,5,8,12,13,14,16,20
2016-07-01,16:00,3104,14,1,2,3,4,8,9,11,12,17,20
2016-07-01,17:00,3105,20,1,3,4,5,6,15,16,17,18,19
2016-07-01,18:00,3106,1,1,2,6,7,9,11,12,13,14,19
2016-07-01,19:00,3107,12,1,4,5,7,10,12,14,15,16,18
2016-07-01,20:00,3108,10,5,6,7,9,14,15,16,17,18,19
2016-07-01,21:00,3109,3,1,3,4,6,8,11,12,13,16,17
2016-07-01,22:00,3110,4,1,4,7,12,14,15,17,18,19,20
2016-07-01,23:00,3111,12,1,4,8,9,10,11,12,13,17,18
2016-07-02,07:00,3112,1,2,4,5,10,12,14,16,17,18,20
2016-07-02,08:00,3113,5,1,3,4,5,7,9,16,17,18,19
2016-07-02,09:00,3114,5,2,4,9,10,11,12,16,17,18,20
2016-07-02,10:00,3115,7,1,3,4,6,8,9,12,18,19,20
2016-07-02,11:00,3116,20,1,3,5,7,9,15,16,17,19,20
2016-07-02,12:00,3117,4,5,6,8,9,10,12,15,18,19,20
2016-07-02,13:00,3118,14,1,3,5,6,9,10,12,15,19,20
2016-07-02,14:00,3119,13,2,7,10,11,12,13,14,16,17,19
2016-07-02,15:00,3120,14,4,5,7,11,12,13,14,16,19,20
2016-07-02,16:00,3121,7,1,6,7,8,9,11,13,18,19,20
2016-07-02,17:00,3122,9,1,3,4,7,8,10,11,13,18,20
2016-07-02,18:00,3123,16,2,3,4,5,6,7,11,13,14,19
2016-07-02,19:00,3124,13,1,2,3,8,9,10,14,16,17,18
2016-07-02,20:00,3125,8,2,3,5,6,8,9,16,18,19,20
2016-07-02,21:00,3126,19,1,2,4,5,6,9,11,14,18,20
2016-07-02,22:00,3127,12,1,2,5,7,9,10,14,15,16,18
2016-07-02,23:00,3128,17,2,3,6,7,8,9,13,15,16,20
2016-07-03,07:00,3129,12,1,2,9,13,14,15,16,17,19,20
2016-07-03,08:00,3130,6,3,5,6,8,9,12,14,17,18,19
2016-07-03,09:00,3131,12,1,3,7,8,11,12,13,16,17,19
2016-07-03,10:00,3132,10,1,2,3,4,5,10,14,17,18,19
2016-07-03,11:00,3133,17,1,2,3,7,10,12,13,14,15,17
2016-07-03,12:00,3134,1,2,5,6,7,9,12,14,17,18,19
2016-07-03,13:00,3135,4,1,2,5,10,11,12,16,18,19,20
2016-07-03,14:00,3136,5,4,5,6,10,11,12,15,17,18,19
2016-07-03,15:00,3137,8,5,8,9,12,13,15,16,17,18,19
2016-07-03,16:00,3138,9,1,2,4,5,9,12,14,16,17,20
2016-07-03,17:00,3139,15,4,6,9,10,13,14,15,16,17,18
2016-07-03,18:00,3140,20,1,2,4,5,7,9,12,16,17,19
2016-07-03,19:00,3141,9,1,3,4,9,10,11,13,17,19,20
2016-07-03,20:00,3142,12,1,2,6,7,8,9,10,12,13,15
2016-07-03,21:00,3143,10,1,6,8,12,13,14,15,16,17,19
2016-07-03,22:00,3144,9,1,2,5,7,8,11,12,14,15,18
2016-07-03,23:00,3145,15,1,4,7,8,9,12,13,15,16,18
2016-07-04,07:00,3146,7,2,5,7,8,11,13,17,18,19,20
2016-07-04,08:00,3147,20,6,7,8,9,10,12,14,16,17,20
2016-07-04,09:00,3148,2,2,4,5,8,9,10,13,14,15,16
2016-07-04,10:00,3149,9,1,2,3,6,10,11,12,15,16,20
2016-07-04,11:00,3150,2,1,2,4,5,7,8,9,11,15,20
2016-07-04,12:00,3151,12,1,2,5,7,9,10,11,14,17,18
2016-07-04,13:00,3152,11,1,2,4,5,7,10,13,15,17,20
2016-07-04,14:00,3153,16,1,2,5,7,9,10,12,15,16,19
2016-07-04,15:00,3154,16,3,9,10,11,12,13,14,17,18,19
2016-07-04,16:00,3155,5,2,4,5,6,8,9,13,15,17,18
2016-07-04,17:00,3156,18,2,3,6,9,10,11,12,16,17,18
2016-07-04,18:00,3157,20,1,3,4,5,8,9,11,16,17,19
2016-07-04,19:00,3158,5,1,4,7,10,11,14,15,17,18,19
2016-07-04,20:00,3159,10,2,7,9,11,12,13,16,17,18,20
2016-07-04,21:00,3160,11,4,5,6,10,11,13,14,15,19,20
2016-07-04,22:00,3161,2,2,4,6,7,9,10,11,16,17,20
2016-07-04,23:00,3162,6,1,3,6,7,9,11,13,14,18,19
2016-07-05,07:00,3163,2,5,6,7,9,11,12,14,17,18,20
2016-07-05,08:00,3164,17,2,3,4,5,6,8,10,15,17,20
2016-07-05,09:00,3165,10,1,2,3,4,11,12,13,15,17,20
2016-07-05,10:00,3166,13,2,3,6,7,8,9,11,12,13,14
2016-07-05,11:00,3167,7,1,3,4,5,10,11,12,17,19,20
2016-07-05,12:00,3168,13,1,4,7,10,12,13,14,18,19,20
2016-07-05,13:00,3169,1,4,5,7,12,13,14,17,18,19,20
2016-07-05,14:00,3170,14,1,2,3,4,6,8,10,13,15,19
2016-07-05,15:00,3171,9,1,4,6,7,8,10,12,14,16,17
2016-07-05,16:00,3172,7,1,2,5,7,9,10,12,14,18,19
2016-07-05,17:00,3173,10,1,2,6,8,10,12,13,15,17,20
2016-07-05,18:00,3174,1,3,7,8,10,11,14,16,18,19,20
2016-07-05,19:00,3175,7,2,3,4,5,7,13,14,18,19,20
2016-07-05,20:00,3176,13,1,2,5,8,9,13,14,15,17,19
2016-07-05,21:00,3177,3,1,3,4,6,9,10,12,14,18,19
2016-07-05,22:00,3178,17,2,3,4,6,7,9,12,13,18,20
2016-07-05,23:00,3179,17,1,4,5,9,10,14,15,17,19,20
2016-07-06,07:00,3180,20,1,4,6,9,11,12,15,16,19,20
2016-07-06,08:00,3181,12,1,3,5,6,9,10,12,15,18,20
2016-07-06,09:00,3182,18,1,2,3,6,8,10,12,13,15,18
2016-07-06,10:00,3183,17,1,2,4,5,7,9,10,11,15,18
2016-07-06,11:00,3184,2,1,2,3,4,6,7,13,14,16,19
2016-07-06,12:00,3185,6,1,2,3,4,7,8,13,15,18,20
2016-07-06,13:00,3186,19,1,2,6,7,8,10,11,14,18,20
2016-07-06,14:00,3187,12,1,2,4,6,7,8,11,14,15,16
2016-07-06,15:00,3188,19,2,3,5,8,10,12,13,15,18,19
2016-07-06,16:00,3189,8,1,3,9,11,12,13,14,16,17,18
2016-07-06,17:00,3190,4,2,3,6,7,9,11,12,13,15,16
2016-07-06,18:00,3191,16,1,2,3,5,13,14,15,16,19,20
2016-07-06,19:00,3192,2,3,4,5,8,9,12,13,15,18,19
2016-07-06,20:00,3193,8,1,3,7,8,9,11,14,15,16,17
2016-07-06,21:00,3194,7,2,5,6,10,12,13,14,15,18,19
2016-07-06,22:00,3195,16,1,2,4,5,6,8,9,11,14,20
2016-07-06,23:00,3196,16,1,3,4,6,7,8,11,12,16,18
2016-07-07,07:00,3197,15,2,3,6,7,9,10,15,16,17,20
2016-07-07,08:00,3198,19,1,2,3,4,8,10,11,13,16,19
2016-07-07,09:00,3199,17,2,5,6,7,12,14,15,17,18,20
2016-07-07,10:00,3200,10,1,2,3,5,7,11,13,16,17,20
2016-07-07,11:00,3201,18,1,4,7,8,10,12,16,18,19,20
2016-07-07,12:00,3202,15,2,4,5,7,9,12,13,14,16,19
2016-07-07,13:00,3203,4,1,2,3,6,7,10,12,15,19,20
2016-07-07,14:00,3204,11,2,4,5,6,7,9,11,15,17,18
2016-07-07,15:00,3205,17,4,6,7,10,13,14,16,17,19,20
2016-07-07,16:00,3206,13,1,3,6,7,8,12,13,14,15,16
2016-07-07,17:00,3207,5,2,5,6,7,8,10,12,13,18,20
2016-07-07,18:00,3208,11,3,4,6,8,10,11,12,13,14,18
2016-07-07,19:00,3209,17,2,3,4,8,11,12,13,14,16,17
2016-07-07,20:00,3210,14,1,5,7,8,10,12,14,15,16,18
2016-07-07,21:00,3211,17,1,3,5,6,14,15,17,18,19,20
2016-07-07,22:00,3212,20,2,4,9,10,12,15,16,18,19,20
2016-07-07,23:00,3213,3,2,8,9,10,14,15,16,18,19,20
2016-07-08,07:00,3214,8,1,3,4,6,7,8,9,10,12,15
2016-07-08,08:00,3215,14,2,5,6,8,11,12,16,17,18,20
2016-07-08,09:00,3216,9,4,8,9,11,12,14,15,18,19,20
2016-07-08,10:00,3217,5,3,5,6,7,10,12,14,17,18,20
2016-07-08,11:00,3218,5,1,3,6,9,11,15,16,18,19,20
2016-07-08,12:00,3219,3,3,4,5,7,8,9,13,17,19,20
2016-07-08,13:00,3220,6,3,5,6,7,8,14,16,17,19,20
2016-07-08,14:00,3221,16,3,5,6,11,12,13,14,15,17,20
2016-07-08,15:00,3222,8,4,5,7,9,10,11,14,17,19,20
2016-07-08,16:00,3223,18,3,4,11,13,14,15,16,17,18,20
2016-07-08,17:00,3224,8,2,5,6,11,12,14,16,17,18,20
2016-07-08,18:00,3225,7,1,3,5,9,10,11,12,13,15,17
2016-07-08,19:00,3226,10,1,2,3,4,10,12,16,17,19,20
2016-07-08,20:00,3227,15,1,3,6,8,10,14,15,16,17,19
2016-07-08,21:00,3228,5,1,2,3,4,7,10,11,15,16,18
2016-07-08,22:00,3229,5,2,3,5,6,8,9,11,15,17,19
2016-07-08,23:00,3230,1,1,2,3,5,6,10,13,14,18,19
2016-07-09,07:00,3231,17,1,4,5,6,9,10,13,15,16,17
2016-07-09,08:00,3232,14,2,4,7,9,10,12,14,15,17,18
2016-07-09,09:00,3233,8,1,2,3,4,6,7,10,18,19,20
2016-07-09,10:00,3234,7,2,4,6,7,9,12,13,18,19,20
2016-07-09,11:00,3235,9,5,9,10,12,14,15,16,17,18,19
2016-07-09,12:00,3236,16,2,6,8,10,11,14,17,18,19,20
2016-07-09,13:00,3237,12,1,5,7,8,10,11,12,16,17,19
2016-07-09,14:00,3238,16,1,7,10,12,13,14,15,16,19,20
2016-07-09,15:00,3239,1,1,2,4,5,6,10,11,15,18,19
2016-07-09,16:00,3240,13,2,5,8,9,10,11,12,13,17,18
2016-07-09,17:00,3241,5,2,3,4,5,7,8,13,15,16,20
2016-07-09,18:00,3242,10,1,3,4,7,8,12,13,14,15,19
2016-07-09,19:00,3243,17,1,3,4,5,6,10,13,14,18,19
2016-07-09,20:00,3244,16,1,3,5,6,7,11,12,13,18,19
2016-07-09,21:00,3245,6,4,6,7,9,10,12,15,16,17,19
2016-07-09,22:00,3246,1,1,2,3,4,5,6,9,10,11,20
2016-07-09,23:00,3247,9,1,3,8,11,12,16,17,18,19,20
2016-07-10,07:00,3248,15,1,2,4,6,8,10,11,14,18,19
2016-07-10,08:00,3249,12,1,4,5,7,11,12,15,17,18,20
2016-07-10,09:00,3250,4,1,3,4,5,7,9,11,15,16,20
2016-07-10,10:00,3251,1,1,4,5,7,11,12,13,15,16,20
2016-07-10,11:00,3252,13,1,3,5,7,8,10,11,14,15,18
2016-07-10,12:00,3253,15,2,3,5,7,12,13,14,16,19,20
2016-07-10,13:00,3254,14,2,3,5,7,8,10,14,16,19,20
2016-07-10,14:00,3255,19,2,5,6,7,11,16,17,18,19,20
2016-07-10,15:00,3256,13,2,5,7,8,9,11,13,15,17,18
2016-07-10,16:00,3257,18,2,3,4,5,6,12,15,18,19,20
2016-07-10,17:00,3258,18,3,5,6,8,9,10,12,15,16,17
2016-07-10,18:00,3259,2,1,4,5,10,12,13,15,17,18,19
2016-07-10,19:00,3260,8,1,2,3,5,9,10,15,16,17,19
2016-07-10,20:00,3261,15,1,2,4,5,11,13,16,17,18,20
2016-07-10,21:00,3262,7,3,4,5,6,9,11,14,15,17,20
2016-07-10,22:00,3263,4,2,9,10,11,13,14,16,17,18,19
2016-07-10,23:00,3264,11,2,3,4,6,10,11,14,15,16,19
2016-07-11,07:00,3265,12,1,2,5,6,7,9,11,16,17,19
2016-07-11,08:00,3266,3,1,2,5,8,10,11,13,14,17,19
2016-07-11,09:00,3267,19,1,6,9,10,11,16,17,18,19,20
2016-07-11,10:00,3268,10,1,2,3,5,8,11,14,16,17,20
2016-07-11,11:00,3269,14,1,2,3,7,9,14,15,17,18,20
2016-07-11,12:00,3270,8,1,5,8,9,10,12,15,17,18,19
2016-07-11,13:00,3271,10,1,2,3,4,5,6,7,15,17,20
2016-07-11,14:00,3272,13,1,2,5,9,10,13,16,18,19,20
2016-07-11,15:00,3273,19,2,4,6,8,9,10,14,16,17,19
2016-07-11,16:00,3274,5,5,6,9,11,12,13,14,16,17,20
2016-07-11,17:00,3275,7,1,3,7,8,11,15,16,18,19,20
2016-07-11,18:00,3276,19,3,4,6,7,8,9,15,17,18,19
2016-07-11,19:00,3277,18,1,4,6,7,11,13,14,17,18,20
2016-07-11,20:00,3278,7,1,2,3,6,7,9,12,15,17,20
2016-07-11,21:00,3279,13,5,7,9,10,11,12,13,14,17,19
2016-07-11,22:00,3280,11,2,5,6,12,13,14,17,18,19,20
2016-07-11,23:00,3281,13,4,5,6,9,10,12,13,14,17,19
2016-07-12,07:00,3282,8,2,4,5,6,7,8,9,10,18,19
2016-07-12,08:00,3283,19,3,4,8,10,11,14,15,17,18,19
2016-07-12,09:00,3284,18,5,8,9,10,11,12,13,16,19,20
2016-07-12,10:00,3285,7,6,8,10,11,14,15,16,17,19,20
2016-07-12,11:00,3286,15,6,7,8,9,10,11,13,16,19,20
2016-07-12,12:00,3287,17,2,4,5,6,7,8,10,11,12,14
2016-07-12,13:00,3288,8,1,2,3,4,5,6,7,16,18,19
2016-07-12,14:00,3289,4,1,2,5,6,7,10,12,14,17,20
2016-07-12,15:00,3290,9,1,3,6,7,9,10,11,13,15,17
2016-07-12,16:00,3291,4,3,5,7,13,14,15,16,17,19,20
2016-07-12,17:00,3292,18,1,6,7,8,9,10,12,14,16,18
2016-07-12,18:00,3293,5,3,6,9,10,12,13,14,15,16,20
2016-07-12,19:00,3294,1,1,2,4,5,7,8,9,12,14,19
2016-07-12,20:00,3295,13,3,5,6,7,8,10,11,14,16,20
2016-07-12,21:00,3296,16,1,7,9,11,12,13,15,17,18,20
2016-07-12,22:00,3297,5,3,4,7,8,10,11,12,13,16,18
2016-07-12,23:00,3298,16,1,2,5,6,7,12,15,16,18,19
2016-07-13,07:00,3299,13,1,3,4,5,6,8,12,13,17,18
2016-07-13,08:00,3300,12,1,5,6,7,10,12,16,17,18,20
2016-07-13,09:00,3301,3,1,3,5,7,10,11,13,15,19,20
2016-07-13,10:00,3302,14,5,7,10,11,13,15,16,17,19,20
2016-07-13,11:00,3303,19,2,5,6,8,10,11,12,14,16,20
2016-07-13,12:00,3304,8,1,5,6,7,10,13,14,15,17,20
2016-07-13,13:00,3305,1,1,4,7,10,12,14,17,18,19,20
2016-07-13,14:00,3306,16,2,3,4,7,10,11,12,15,17,20
2016-07-13,15:00,3307,5,2,4,7,9,10,11,12,14,15,20
2016-07-13,16:00,3308,10,2,3,6,8,10,12,13,15,18,19
2016-07-13,17:00,3309,3,3,4,5,6,8,11,12,17,18,19
2016-07-13,18:00,3310,4,2,3,8,9,14,15,16,17,19,20
2016-07-13,19:00,3311,10,3,4,5,8,10,12,13,16,17,20
2016-07-13,20:00,3312,6,1,2,5,6,13,14,15,16,17,18
2016-07-13,21:00,3313,4,1,3,5,8,10,11,12,15,16,20
2016-07-13,22:00,3314,5,1,4,5,7,9,10,11,16,17,20
2016-07-13,23:00,3315,17,1,2,3,4,9,10,13,14,19,20
2016-07-14,07:00,3316,5,6,7,11,13,14,16,17,18,19,20
2016-07-14,08:00,3317,10,1,2,3,7,11,13,15,16,18,19
2016-07-14,09:00,3318,5,2,4,6,8,9,15,17,18,19,20
2016-07-14,10:00,3319,15,3,7,10,14,15,16,17,18,19,20
2016-07-14,11:00,3320,16,4,7,9,10,11,12,14,15,16,17
2016-07-14,12:00,3321,13,2,4,6,8,11,12,15,16,17,19
2016-07-14,13:00,3322,6,2,4,5,8,12,14,15,16,18,19
2016-07-14,14:00,3323,16,1,3,6,8,9,12,13,14,15,18
2016-07-14,15:00,3324,5,1,4,5,6,7,9,13,15,17,20
2016-07-14,16:00,3325,5,1,2,4,6,8,9,10,13,18,19
2016-07-14,17:00,3326,3,4,6,7,8,9,10,11,13,19,20
2016-07-14,18:00,3327,17,1,2,3,5,6,10,11,14,15,18
2016-07-14,19:00,3328,4,2,4,5,8,9,10,11,14,15,20
2016-07-14,20:00,3329,19,1,3,4,6,10,11,12,14,15,16
2016-07-14,21:00,3330,11,1,2,3,4,5,6,7,12,15,18
2016-07-14,22:00,3331,16,1,2,4,6,7,10,14,16,17,20
2016-07-14,23:00,3332,17,1,3,5,7,9,12,13,14,17,20
2016-07-15,07:00,3333,1,1,2,4,10,12,13,14,15,16,20
2016-07-15,08:00,3334,17,5,7,11,12,14,15,16,18,19,20
2016-07-15,09:00,3335,20,2,3,4,7,10,11,12,16,18,20
2016-07-15,10:00,3336,15,1,6,7,8,12,13,15,16,19,20
2016-07-15,11:00,3337,5,5,6,7,8,10,11,12,13,15,19
2016-07-15,12:00,3338,14,2,4,5,10,11,12,13,18,19,20
2016-07-15,13:00,3339,17,1,4,6,7,8,9,10,11,14,19
2016-07-15,14:00,3340,19,1,7,8,10,12,14,15,17,18,19
2016-07-15,15:00,3341,3,1,2,3,6,8,9,12,13,14,18
2016-07-15,16:00,3342,9,1,2,3,4,6,7,10,13,15,16
2016-07-15,17:00,3343,4,1,2,3,4,7,9,10,12,16,17
2016-07-15,18:00,3344,6,2,3,6,7,9,10,12,13,19,20
2016-07-15,19:00,3345,17,4,7,8,9,11,13,14,15,16,19
2016-07-15,20:00,3346,7,1,3,4,7,10,12,13,16,17,19
2016-07-15,21:00,3347,3,1,3,4,6,7,8,11,14,17,18
2016-07-15,22:00,3348,6,3,4,9,10,11,12,14,15,16,20
2016-07-15,23:00,3349,18,2,3,5,9,11,13,14,15,18,20
2016-07-16,07:00,3350,2,2,3,5,6,10,11,17,18,19,20
2016-07-16,08:00,3351,2,2,6,7,8,9,10,12,13,14,15
2016-07-16,09:00,3352,4,2,3,5,6,9,12,13,17,19,20
2016-07-16,10:00,3353,6,4,6,9,10,11,14,15,17,19,20
2016-07-16,11:00,3354,9,4,8,9,10,12,13,14,15,16,20
2016-07-16,12:00,3355,13,2,4,5,8,9,10,11,13,14,19
2016-07-16,13:00,3356,1,1,3,6,8,10,11,14,18,19,20
2016-07-16,14:00,3357,3,1,3,5,6,7,10,11,16,17,19
2016-07-16,15:00,3358,3,1,4,5,8,9,11,12,16,17,18
2016-07-16,16:00,3359,8,2,3,4,5,7,11,12,14,16,18
2016-07-16,17:00,3360,7,1,5,6,8,9,10,16,17,18,20
2016-07-16,18:00,3361,14,6,8,9,10,11,12,13,15,16,20
2016-07-16,19:00,3362,2,5,6,8,11,12,13,14,16,17,18
2016-07-16,20:00,3363,9,1,3,4,5,6,9,10,11,12,14
2016-07-16,21:00,3364,7,2,3,7,9,11,13,14,17,19,20
2016-07-16,22:00,3365,13,2,6,7,8,13,15,16,17,18,19
2016-07-16,23:00,3366,17,1,2,3,5,6,8,15,17,18,19
2016-07-17,07:00,3367,15,1,2,4,8,9,10,12,17,18,20
2016-07-17,08:00,3368,6,1,4,5,6,8,9,12,13,14,15
2016-07-17,09:00,3369,18,2,4,6,7,10,12,13,16,19,20
2016-07-17,10:00,3370,10,1,2,4,5,7,11,12,15,16,19
2016-07-17,11:00,3371,11,1,4,5,9,12,14,16,17,18,20
2016-07-17,12:00,3372,13,1,2,5,12,13,14,16,17,18,19
2016-07-17,13:00,3373,10,1,2,3,4,9,10,11,12,17,19
2016-07-17,14:00,3374,13,2,6,7,8,10,12,13,17,18,19
2016-07-17,15:00,3375,16,1,3,4,8,10,12,15,17,19,20
2016-07-17,16:00,3376,15,3,5,6,7,8,11,12,13,15,17
2016-07-17,17:00,3377,7,2,3,6,8,10,11,12,15,18,19
2016-07-17,18:00,3378,18,2,10,11,12,13,14,16,17,18,19
2016-07-17,19:00,3379,19,1,4,5,10,12,13,15,16,18,19
2016-07-17,20:00,3380,3,1,5,7,10,11,12,13,15,17,18
2016-07-17,21:00,3381,1,1,4,5,7,8,12,15,18,19,20
2016-07-17,22:00,3382,8,3,4,5,6,7,10,13,15,18,20
2016-07-17,23:00,3383,4,1,2,8,9,10,11,13,14,17,20
2016-07-18,07:00,3384,18,1,2,3,4,8,9,10,11,17,20
2016-07-18,08:00,3385,4,1,7,8,9,13,15,16,18,19,20
2016-07-18,09:00,3386,14,2,3,7,9,11,12,15,16,18,20
2016-07-18,10:00,3387,2,3,4,5,7,8,9,12,13,14,20
2016-07-18,11:00,3388,9,2,3,4,5,9,12,14,18,19,20
2016-07-18,12:00,3389,18,1,2,4,5,8,9,17,18,19,20
2016-07-18,13:00,3390,5,1,2,4,5,8,13,14,15,16,20
2016-07-18,14:00,3391,4,1,2,4,5,7,8,9,10,16,17
2016-07-18,15:00,3392,4,3,4,5,7,10,11,12,13,15,20
2016-07-18,16:00,3393,14,1,3,4,5,7,8,11,12,14,17
2016-07-18,17:00,3394,19,2,4,6,9,11,12,14,16,17,18
2016-07-18,18:00,3395,12,1,4,5,8,11,12,13,16,17,18
2016-07-18,19:00,3396,19,2,3,4,6,7,12,13,14,18,20
2016-07-18,20:00,3397,7,3,4,6,7,8,11,12,14,15,19
2016-07-18,21:00,3398,19,4,5,6,7,8,10,12,13,17,20
2016-07-18,22:00,3399,19,1,3,4,5,6,7,8,9,10,11
2016-07-18,23:00,3400,7,1,3,4,7,9,11,13,17,19,20
2016-07-19,07:00,3401,12,2,3,4,5,6,8,9,15,17,19
2016-07-19,08:00,3402,17,2,3,4,6,10,11,13,14,15,17
2016-07-19,09:00,3403,3,5,9,10,11,13,14,15,16,18,19
2016-07-19,10:00,3404,5,1,2,5,8,12,13,16,17,18,19
2016-07-19,11:00,3405,13,1,6,8,9,10,14,16,17,18,19
2016-07-19,12:00,3406,10,1,2,4,6,8,12,14,15,16,20
2016-07-19,13:00,3407,17,2,3,4,5,6,7,8,10,16,19
2016-07-19,14:00,3408,6,1,3,4,6,7,8,10,11,15,18
2016-07-19,15:00,3409,7,1,2,3,7,9,11,13,15,17,20
2016-07-19,16:00,3410,13,1,3,5,7,8,10,11,14,19,20
2016-07-19,17:00,3411,3,1,2,5,6,12,14,16,17,18,19
2016-07-19,18:00,3412,8,6,7,9,10,11,14,16,17,19,20
2016-07-19,19:00,3413,8,4,5,11,12,13,14,15,17,18,20
2016-07-19,20:00,3414,17,2,3,5,6,10,11,13,14,16,20
2016-07-19,21:00,3415,19,2,4,5,9,10,13,14,15,18,19
2016-07-19,22:00,3416,15,1,2,5,6,11,14,15,16,17,19
2016-07-19,23:00,3417,6,1,3,8,9,11,12,14,17,19,20
2016-07-20,07:00,3418,8,6,7,8,9,10,11,13,15,16,17
2016-07-20,08:00,3419,13,1,4,5,7,8,12,13,14,15,17
2016-07-20,09:00,3420,13,1,3,4,8,10,11,15,17,18,20
2016-07-20,10:00,3421,16,1,2,4,5,8,9,10,11,13,15
2016-07-20,11:00,3422,16,4,7,9,10,13,14,15,17,19,20
2016-07-20,12:00,3423,8,4,7,9,10,11,13,15,17,18,19
2016-07-20,13:00,3424,18,1,2,5,7,8,11,12,13,16,20
2016-07-20,14:00,3425,13,2,4,5,7,8,10,11,18,19,20
2016-07-20,15:00,3426,1,1,2,3,5,8,10,11,12,14,19
2016-07-20,16:00,3427,3,5,7,8,11,13,14,15,16,19,20
2016-07-20,17:00,3428,14,2,8,10,11,12,13,14,17,19,20
2016-07-20,18:00,3429,3,1,2,5,7,8,9,15,16,17,19
2016-07-20,19:00,3430,13,1,2,3,4,9,11,12,13,14,15
2016-07-20,20:00,3431,7,2,5,6,7,8,9,10,12,13,17
2016-07-20,21:00,3432,3,2,3,7,9,10,11,12,14,15,20
2016-07-20,22:00,3433,18,1,3,7,8,9,13,16,18,19,20
2016-07-20,23:00,3434,12,1,2,3,4,7,10,13,15,19,20
2016-07-21,07:00,3435,7,2,4,5,6,7,9,14,16,17,20
2016-07-21,08:00,3436,11,2,8,10,11,12,13,16,17,19,20
2016-07-21,09:00,3437,9,1,2,3,6,9,13,15,17,19,20
2016-07-21,10:00,3438,7,3,5,7,9,11,12,13,16,18,20
2016-07-21,11:00,3439,8,1,3,4,5,8,10,12,15,18,19
2016-07-21,12:00,3440,14,3,5,7,8,9,13,16,17,19,20
2016-07-21,13:00,3441,12,2,4,7,8,10,16,17,18,19,20
2016-07-21,14:00,3442,3,1,4,5,6,8,9,10,17,18,19
2016-07-21,15:00,3443,17,1,3,5,7,9,10,11,16,17,18
2016-07-21,16:00,3444,15,2,6,7,9,10,12,14,15,18,20
2016-07-21,17:00,3445,6,1,2,4,6,7,8,11,12,13,15
2016-07-21,18:00,3446,14,3,7,8,9,11,12,14,18,19,20
2016-07-21,19:00,3447,7,3,5,7,8,9,12,13,16,18,19
2016-07-21,20:00,3448,1,1,2,3,6,8,11,12,16,17,18
2016-07-21,21:00,3449,6,3,4,5,6,7,10,11,14,15,17
2016-07-21,22:00,3450,10,3,5,6,8,9,10,11,16,17,18
2016-07-21,23:00,3451,7,1,2,6,8,10,13,14,15,19,20
2016-07-22,07:00,3452,11,1,2,3,4,5,7,11,13,16,20
2016-07-22,08:00,3453,10,2,4,5,6,9,11,13,14,15,19
2016-07-22,09:00,3454,17,1,3,4,6,8,12,14,16,19,20
2016-07-22,10:00,3455,9,4,5,6,8,9,10,14,17,18,19
2016-07-22,11:00,3456,16,7,9,10,11,12,13,15,16,17,20
2016-07-22,12:00,3457,2,2,3,4,5,7,8,12,14,17,19
2016-07-22,13:00,3458,16,4,7,8,9,10,12,13,14,16,17
2016-07-22,14:00,3459,16,1,3,5,9,11,12,13,15,16,17
2016-07-22,15:00,3460,16,3,4,5,6,7,9,10,11,13,17
2016-07-22,16:00,3461,9,1,2,6,7,8,11,15,16,19,20
2016-07-22,17:00,3462,12,2,4,7,8,9,10,13,15,19,20
2016-07-22,18:00,3463,13,1,2,4,5,9,13,15,16,17,19
2016-07-22,19:00,3464,16,1,2,3,5,7,11,12,14,17,20
2016-07-22,20:00,3465,14,1,2,5,6,7,10,13,14,15,19
2016-07-22,21:00,3466,20,4,5,6,9,11,13,14,16,17,20
2016-07-22,22:00,3467,15,1,2,5,6,7,8,14,16,18,20
2016-07-22,23:00,3468,20,1,5,6,7,9,11,13,16,18,20
2016-07-23,07:00,3469,10,2,4,6,7,8,11,12,14,17,18
2016-07-23,08:00,3470,17,4,5,8,11,13,15,16,17,18,20
2016-07-23,09:00,3471,16,1,3,4,6,7,8,12,13,15,16
2016-07-23,10:00,3472,5,1,2,3,6,7,9,10,15,16,18
2016-07-23,11:00,3473,10,2,5,7,8,12,14,16,17,18,19
2016-07-23,12:00,3474,1,1,2,3,4,9,10,12,15,16,19
2016-07-23,13:00,3475,8,1,4,5,7,9,11,13,17,18,19
2016-07-23,14:00,3476,13,2,4,5,8,9,11,14,16,17,20
2016-07-23,15:00,3477,3,2,4,5,6,7,8,9,11,18,20
2016-07-23,16:00,3478,8,5,6,8,9,12,13,14,16,18,19
2016-07-23,17:00,3479,15,1,3,5,7,10,12,13,15,16,19
2016-07-23,18:00,3480,2,1,4,6,7,9,14,15,16,18,20
2016-07-23,19:00,3481,17,4,7,9,12,15,16,17,18,19,20
2016-07-23,20:00,3482,9,1,2,7,10,13,14,16,18,19,20
2016-07-23,21:00,3483,6,1,3,5,8,9,10,12,13,14,17
2016-07-23,22:00,3484,3,1,2,4,6,7,8,12,14,16,19
2016-07-23,23:00,3485,20,1,2,3,6,12,13,14,17,19,20
2016-07-24,07:00,3486,10,3,7,8,11,12,13,14,15,16,19
2016-07-24,08:00,3487,7,1,3,4,5,7,10,11,12,15,16
2016-07-24,09:00,3488,15,5,7,8,11,14,16,17,18,19,20
2016-07-24,10:00,3489,17,4,8,9,10,11,12,13,14,17,19
2016-07-24,11:00,3490,4,1,3,4,7,8,9,11,12,13,18
2016-07-24,12:00,3491,5,1,2,3,4,9,11,12,13,14,20
2016-07-24,13:00,3492,10,1,3,4,6,10,12,14,16,17,19
2016-07-24,14:00,3493,2,1,2,3,4,6,11,12,13,19,20
2016-07-24,15:00,3494,12,3,4,5,6,8,12,14,15,18,19
2016-07-24,16:00,3495,5,1,5,7,8,9,11,13,16,17,19
2016-07-24,17:00,3496,4,1,4,5,6,11,14,15,17,18,20
2016-07-24,18:00,3497,9,2,3,5,6,7,9,11,12,13,16
2016-07-24,19:00,3498,2,1,2,4,6,9,10,11,12,13,15
2016-07-24,20:00,3499,16,1,2,8,9,13,14,16,17,18,19
2016-07-24,21:00,3500,20,3,5,6,8,10,11,15,17,18,19
2016-07-24,22:00,3501,11,1,4,6,9,10,12,13,15,16,17
2016-07-24,23:00,3502,14,1,2,3,4,5,7,11,16,18,20
2016-07-25,07:00,3503,14,1,4,5,10,12,14,16,17,18,20
2016-07-25,08:00,3504,15,1,5,7,10,12,13,14,16,18,19
2016-07-25,09:00,3505,14,1,2,3,4,8,9,13,14,16,18
2016-07-25,10:00,3506,19,1,3,6,8,11,12,14,18,19,20
2016-07-25,11:00,3507,1,1,2,5,6,7,8,10,13,18,19
2016-07-25,12:00,3508,18,1,2,3,5,8,11,12,13,16,17
2016-07-25,13:00,3509,16,1,3,5,7,8,9,11,13,14,18
2016-07-25,14:00,3510,3,3,4,7,8,9,10,11,13,14,19
2016-07-25,15:00,3511,5,1,2,5,6,7,10,16,17,18,20
2016-07-25,16:00,3512,14,3,4,5,7,8,9,13,16,17,18
2016-07-25,17:00,3513,4,1,2,3,4,5,10,11,14,16,17
2016-07-25,18:00,3514,9,3,6,9,10,12,13,14,16,18,19
2016-07-25,19:00,3515,19,2,4,5,6,7,10,12,15,19,20
2016-07-25,20:00,3516,5,2,3,4,8,10,12,16,17,18,19
2016-07-25,21:00,3517,3,1,2,5,6,10,12,13,16,18,19
2016-07-25,22:00,3518,5,1,2,3,5,6,8,11,12,14,17
2016-07-25,23:00,3519,4,3,4,7,8,11,15,16,18,19,20
2016-07-26,07:00,3520,6,1,6,8,10,13,14,15,16,17,19
2016-07-26,08:00,3521,19,2,3,4,9,11,12,13,16,19,20
2016-07-26,09:00,3522,17,1,2,4,8,9,10,12,13,16,20
2016-07-26,10:00,3523,1,3,4,6,7,8,10,11,12,15,19
2016-07-26,11:00,3524,18,1,4,5,6,12,13,16,17,18,19
2016-07-26,12:00,3525,17,1,5,7,9,11,12,13,15,17,20
2016-07-26,13:00,3526,13,6,7,10,12,14,15,16,17,19,20
2016-07-26,14:00,3527,18,3,6,8,9,10,12,13,15,19,20
2016-07-26,15:00,3528,7,7,8,11,12,13,14,15,17,18,20
2016-07-26,16:00,3529,3,1,4,6,7,9,11,12,14,16,17
2016-07-26,17:00,3530,13,1,2,4,7,8,12,13,14,19,20
2016-07-26,18:00,3531,11,6,7,8,9,10,11,12,13,14,17
2016-07-26,19:00,3532,8,1,3,4,5,6,10,13,17,19,20
2016-07-26,20:00,3533,11,1,4,5,6,11,12,13,14,16,19
2016-07-26,21:00,3534,5,1,2,6,7,9,14,15,16,17,20
2016-07-26,22:00,3535,18,1,2,6,7,12,14,15,16,17,18
2016-07-26,23:00,3536,15,2,3,5,6,9,10,11,12,13,15
2016-07-27,07:00,3537,6,1,2,3,4,8,9,10,11,12,16
2016-07-27,08:00,3538,11,2,5,6,9,11,12,13,15,16,17
2016-07-27,09:00,3539,2,1,4,5,6,7,10,11,12,17,18
2016-07-27,10:00,3540,12,1,5,6,7,12,13,14,16,17,18
2016-07-27,11:00,3541,20,1,2,7,9,13,16,17,18,19,20
2016-07-27,12:00,3542,12,5,6,7,9,10,11,12,13,14,20
2016-07-27,13:00,3543,17,3,5,8,9,10,12,14,15,17,19
2016-07-27,14:00,3544,19,2,5,6,7,11,12,14,16,18,19
2016-07-27,15:00,3545,3,4,6,7,8,9,10,12,14,18,19
2016-07-27,16:00,3546,12,1,4,6,7,8,10,13,14,17,20
2016-07-27,17:00,3547,18,2,5,6,7,9,10,11,15,19,20
2016-07-27,18:00,3548,15,2,5,6,10,11,13,15,16,18,20
2016-07-27,19:00,3549,6,2,3,4,5,8,9,11,13,18,19
2016-07-27,20:00,3550,18,3,4,5,6,8,10,14,16,18,19
2016-07-27,21:00,3551,14,1,2,5,7,8,9,12,16,17,20
2016-07-27,22:00,3552,8,3,7,10,11,13,14,15,17,18,19
2016-07-27,23:00,3553,17,1,2,4,9,11,12,15,16,17,18
2016-07-28,07:00,3554,20,3,6,8,9,10,11,16,17,18,19
2016-07-28,08:00,3555,3,3,4,6,8,10,11,12,14,17,20
2016-07-28,09:00,3556,15,2,3,7,8,9,15,16,17,18,19
2016-07-28,10:00,3557,16,2,4,6,10,12,16,17,18,19,20
2016-07-28,11:00,3558,19,4,5,6,7,8,15,16,18,19,20
2016-07-28,12:00,3559,9,4,6,8,9,14,15,17,18,19,20
2016-07-28,13:00,3560,17,1,3,7,10,12,14,16,17,19,20
2016-07-28,14:00,3561,3,1,6,9,12,13,15,16,17,18,20
2016-07-28,15:00,3562,10,1,4,7,8,11,14,15,16,17,20
2016-07-28,16:00,3563,17,3,4,5,7,9,10,12,14,19,20
2016-07-28,17:00,3564,2,4,6,8,11,12,13,14,16,17,20
2016-07-28,18:00,3565,5,3,4,5,7,8,9,12,14,16,17
2016-07-28,19:00,3566,7,1,5,10,11,12,14,16,17,18,19
2016-07-28,20:00,3567,7,1,5,7,9,10,13,16,17,19,20
2016-07-28,21:00,3568,13,2,4,8,10,11,13,14,15,16,19
2016-07-28,22:00,3569,14,2,5,7,8,11,12,14,16,18,20
2016-07-28,23:00,3570,18,2,4,5,6,7,8,10,11,15,20
2016-07-29,07:00,3571,11,1,2,3,4,8,9,11,12,14,18
2016-07-29,08:00,3572,10,3,5,6,7,8,9,10,11,15,16
2016-07-29,09:00,3573,14,4,5,8,10,12,16,17,18,19,20
2016-07-29,10:00,3574,16,1,2,3,4,5,8,10,14,16,20
2016-07-29,11:00,3575,10,2,3,4,5,7,9,13,15,16,18
2016-07-29,12:00,3576,20,1,4,6,8,9,11,14,16,18,19
2016-07-29,13:00,3577,18,3,4,5,7,9,11,12,14,15,17
2016-07-29,14:00,3578,3,3,4,5,6,8,9,11,17,19,20
2016-07-29,15:00,3579,14,1,3,4,6,10,11,14,15,16,18
2016-07-29,16:00,3580,14,6,7,8,11,13,15,16,17,18,19
2016-07-29,17:00,3581,18,2,4,5,7,8,9,12,15,16,17
2016-07-29,18:00,3582,8,1,3,8,9,10,11,13,14,18,20
2016-07-29,19:00,3583,7,2,4,5,10,12,13,16,18,19,20
2016-07-29,20:00,3584,8,4,5,6,7,12,13,15,16,19,20
2016-07-29,21:00,3585,12,1,3,4,6,8,10,11,13,15,18
2016-07-29,22:00,3586,16,5,6,8,10,11,13,16,18,19,20
2016-07-29,23:00,3587,20,1,2,3,4,7,9,10,16,17,19
2016-07-30,07:00,3588,14,2,3,8,10,11,13,15,16,19,20
2016-07-30,08:00,3589,9,2,3,5,6,10,12,13,14,16,17
2016-07-30,09:00,3590,12,1,2,3,4,12,13,15,16,18,19
2016-07-30,10:00,3591,9,1,4,6,7,9,12,13,15,18,20
2016-07-30,11:00,3592,6,2,3,4,7,13,15,16,18,19,20
2016-07-30,12:00,3593,15,1,7,8,11,15,16,17,18,19,20
2016-07-30,13:00,3594,14,2,6,7,8,9,10,11,13,17,20
2016-07-30,14:00,3595,7,1,3,7,9,12,13,15,18,19,20
2016-07-30,15:00,3596,9,3,4,5,6,7,10,13,14,15,17
2016-07-30,16:00,3597,16,2,3,4,6,9,10,11,12,15,17
2016-07-30,17:00,3598,11,1,3,4,6,9,13,15,16,18,19
2016-07-30,18:00,3599,18,2,3,7,9,10,11,13,14,17,18
2016-07-30,19:00,3600,19,1,4,5,6,8,10,11,17,18,19
2016-07-30,20:00,3601,20,4,5,7,8,10,12,16,17,19,20
2016-07-30,21:00,3602,2,5,7,10,13,14,15,17,18,19,20
2016-07-30,22:00,3603,19,1,3,6,10,12,13,14,15,17,18
2016-07-30,23:00,3604,4,2,3,5,6,8,9,11,15,16,20
2016-07-31,07:00,3605,11,1,5,7,8,9,11,12,16,18,19
2016-07-31,08:00,3606,4,3,4,5,8,10,11,13,14,17,19
2016-07-31,09:00,3607,13,3,6,7,9,11,13,15,17,18,19
2016-07-31,10:00,3608,9,3,4,5,12,13,14,15,16,17,18
2016-07-31,11:00,3609,16,1,2,3,4,7,8,16,17,18,20
2016-07-31,12:00,3610,8,2,3,5,9,10,11,13,14,16,18
2016-07-31,13:00,3611,15,4,5,6,7,8,9,14,18,19,20
2016-07-31,14:00,3612,2,2,3,7,9,10,13,14,16,18,20
2016-07-31,15:00,3613,19,2,3,4,6,7,8,13,15,18,20
2016-07-31,16:00,3614,19,1,3,5,7,10,12,13,16,18,19
2016-07-31,17:00,3615,9,2,7,8,10,12,13,14,15,17,18
2016-07-31,18:00,3616,13,2,5,6,7,8,14,15,16,19,20
2016-07-31,19:00,3617,17,4,8,9,10,13,14,15,16,18,20
2016-07-31,20:00,3618,20,3,4,5,6,8,9,11,12,14,19
2016-07-31,21:00,3619,12,3,4,6,7,8,11,13,14,16,20
2016-07-31,22:00,3620,16,1,2,3,5,7,9,13,14,15,20
2016-07-31,23:00,3621,18,2,4,6,8,9,10,13,15,16,19
2016-08-01,07:00,3622,10,1,3,6,7,8,13,15,17,18,19
2016-08-01,08:00,3623,5,1,6,7,8,9,10,11,12,13,19
2016-08-01,09:00,3624,5,1,3,4,6,7,9,10,11,13,18
2016-08-01,10:00,3625,7,1,2,3,4,8,9,13,17,18,19
2016-08-01,11:00,3626,9,1,3,6,11,13,14,15,16,18,20
2016-08-01,12:00,3627,15,1,3,4,7,8,10,12,13,16,20
2016-08-01,13:00,3628,12,1,2,3,4,5,8,10,16,17,20
2016-08-01,14:00,3629,12,1,5,6,7,8,11,12,16,18,20
2016-08-01,15:00,3630,7,1,2,6,7,9,11,14,18,19,20
2016-08-01,16:00,3631,11,2,3,4,9,11,12,13,14,16,19
2016-08-01,17:00,3632,18,5,6,10,12,13,14,15,16,19,20
2016-08-01,18:00,3633,10,4,5,6,7,8,10,13,17,18,20
2016-08-01,19:00,3634,8,3,4,5,7,12,13,14,16,19,20
2016-08-01,20:00,3635,10,3,5,7,8,9,11,15,16,19,20
2016-08-01,21:00,3636,4,2,4,8,10,13,14,17,18,19,20
2016-08-01,22:00,3637,4,3,5,7,11,12,13,15,18,19,20
2016-08-01,23:00,3638,19,3,4,6,9,12,14,16,18,19,20
2016-08-02,07:00,3639,6,2,5,8,9,11,14,16,17,18,20
2016-08-02,08:00,3640,8,2,3,4,6,9,11,16,17,19,20
2016-08-02,09:00,3641,11,2,8,9,10,11,13,15,16,17,19
2016-08-02,10:00,3642,19,3,4,6,9,10,12,14,15,17,18
2016-08-02,11:00,3643,7,5,6,7,8,9,10,15,17,18,20
2016-08-02,12:00,3644,17,5,6,7,9,10,13,15,17,19,20
2016-08-02,13:00,3645,18,1,2,4,5,7,9,10,12,14,19
2016-08-02,14:00,3646,8,1,2,4,7,10,11,12,15,16,20
2016-08-02,15:00,3647,7,3,5,7,8,10,11,12,13,15,18
2016-08-02,16:00,3648,9,4,5,7,8,9,10,11,13,14,20
2016-08-02,17:00,3649,3,5,6,8,9,10,11,16,17,19,20
2016-08-02,18:00,3650,13,1,2,4,5,6,9,10,14,15,20
2016-08-02,19:00,3651,13,1,4,5,8,9,12,14,15,19,20
2016-08-02,20:00,3652,16,3,4,6,7,8,15,16,17,18,19
2016-08-02,21:00,3653,19,2,8,9,10,12,13,15,16,17,19
2016-08-02,22:00,3654,8,2,3,4,5,10,11,12,16,18,19
2016-08-02,23:00,3655,19,8,9,10,12,13,15,16,17,19,20
2016-08-03,07:00,3656,11,1,2,3,7,9,10,11,14,15,18
2016-08-03,08:00,3657,15,1,4,5,6,8,9,10,13,16,19
2016-08-03,09:00,3658,20,2,3,5,7,8,10,11,13,15,17
2016-08-03,10:00,3659,18,1,2,6,7,11,13,14,15,18,19
2016-08-03,11:00,3660,9,4,5,7,9,10,12,15,17,18,19
2016-08-03,12:00,3661,13,1,3,4,6,11,14,15,16,18,19
2016-08-03,13:00,3662,17,3,4,5,6,7,8,10,14,17,20
2016-08-03,14:00,3663,14,2,3,4,6,8,10,11,16,17,18
2016-08-03,15:00,3664,10,2,7,8,9,13,14,15,16,17,19
2016-08-03,16:00,3665,14,1,2,3,5,8,11,15,16,18,19
2016-08-03,17:00,3666,2,2,3,4,5,6,9,10,11,13,19
2016-08-03,18:00,3667,11,1,2,3,6,13,14,15,18,19,20
2016-08-03,19:00,3668,11,1,2,8,10,11,12,14,16,17,19
2016-08-03,20:00,3669,17,3,5,9,10,13,14,15,17,18,19
2016-08-03,21:00,3670,13,4,5,7,8,9,10,13,15,18,19
2016-08-03,22:00,3671,18,5,6,8,9,10,11,13,17,18,20
2016-08-03,23:00,3672,19,3,6,9,12,14,15,16,17,19,20
2016-08-04,07:00,3673,19,1,2,7,9,14,15,17,18,19,20
2016-08-04,08:00,3674,18,1,2,3,7,10,13,14,17,18,20
2016-08-04,09:00,3675,5,1,2,7,8,10,11,14,17,19,20
2016-08-04,10:00,3676,7,3,4,5,8,10,11,14,16,18,19
2016-08-04,11:00,3677,7,1,3,5,6,8,11,16,17,18,19
2016-08-04,12:00,3678,1,2,4,5,6,10,11,12,14,15,20
2016-08-04,13:00,3679,5,1,2,4,6,7,9,12,15,18,20
2016-08-04,14:00,3680,9,2,5,6,7,9,11,12,14,16,20
2016-08-04,15:00,3681,20,1,9,10,11,12,13,14,15,18,20
2016-08-04,16:00,3682,2,1,3,4,10,11,15,16,17,19,20
2016-08-04,17:00,3683,5,2,7,8,9,11,13,15,17,18,19
2016-08-04,18:00,3684,13,2,4,5,6,9,10,11,12,15,19
2016-08-04,19:00,3685,12,1,2,5,9,10,11,13,14,15,16
2016-08-04,20:00,3686,20,2,3,5,6,9,10,14,15,17,18
2016-08-04,21:00,3687,18,4,6,7,8,9,11,14,15,16,17
2016-08-04,22:00,3688,16,4,7,8,11,12,14,16,18,19,20
2016-08-04,23:00,3689,2,1,2,4,6,9,12,13,14,16,19
2016-08-05,07:00,3690,8,1,2,3,5,6,9,11,12,13,16
2016-08-05,08:00,3691,4,1,2,5,7,11,12,13,14,15,16
2016-08-05,09:00,3692,17,1,2,3,7,8,14,15,17,19,20
2016-08-05,10:00,3693,10,2,5,10,11,13,15,16,17,18,19
2016-08-05,11:00,3694,13,3,7,8,9,12,14,15,17,18,19
2016-08-05,12:00,3695,4,1,4,5,6,9,10,13,14,16,19
2016-08-05,13:00,3696,17,1,5,6,9,10,11,15,16,18,20
2016-08-05,14:00,3697,15,1,3,5,6,7,8,12,17,18,19
2016-08-05,15:00,3698,15,3,7,8,9,10,11,12,14,15,16
2016-08-05,16:00,3699,18,1,2,3,4,9,10,11,14,15,17
2016-08-05,17:00,3700,17,1,2,4,5,6,9,10,14,17,19
2016-08-05,18:00,3701,15,1,2,3,6,11,12,15,16,19,20
2016-08-05,19:00,3702,9,2,4,5,7,8,11,12,13,15,16
2016-08-05,20:00,3703,6,1,2,3,4,7,9,10,12,18,19
2016-08-05,21:00,3704,14,1,6,8,9,10,11,13,14,15,20
2016-08-05,22:00,3705,7,1,2,7,8,9,10,12,13,15,20
2016-08-05,23:00,3706,6,2,3,6,7,10,11,12,13,14,15
2016-08-06,07:00,3707,20,1,4,7,9,11,13,14,16,17,20
2016-08-06,08:00,3708,8,7,10,13,14,15,16,17,18,19,20
2016-08-06,09:00,3709,12,1,2,3,4,7,8,11,13,19,20
2016-08-06,10:00,3710,10,1,3,8,9,11,13,14,15,17,18
2016-08-06,11:00,3711,16,2,4,5,6,7,8,13,15,17,20
2016-08-06,12:00,3712,9,1,3,4,5,7,9,13,18,19,20
2016-08-06,13:00,3713,17,1,2,3,5,9,10,12,13,15,16
2016-08-06,14:00,3714,11,3,4,5,9,10,11,15,16,17,20
2016-08-06,15:00,3715,20,1,2,4,5,6,7,9,14,19,20
2016-08-06,16:00,3716,19,3,4,6,8,9,10,11,14,15,19
2016-08-06,17:00,3717,10,1,7,9,10,11,12,13,14,18,20
2016-08-06,18:00,3718,4,1,3,4,5,6,11,13,14,19,20
2016-08-06,19:00,3719,11,1,2,6,8,11,13,14,16,18,20
2016-08-06,20:00,3720,5,1,2,6,7,9,10,11,12,17,18
2016-08-06,21:00,3721,8,2,3,4,7,8,9,14,16,18,19
2016-08-06,22:00,3722,20,1,3,5,13,14,15,16,17,18,19
2016-08-06,23:00,3723,19,2,3,6,7,10,12,14,16,17,19
2016-08-07,07:00,3724,17,1,3,7,8,12,13,15,17,18,20
2016-08-07,08:00,3725,7,1,2,4,9,10,13,15,16,18,20
2016-08-07,09:00,3726,9,1,5,6,11,13,15,17,18,19,20
2016-08-07,10:00,3727,3,4,5,6,7,12,13,15,16,18,20
2016-08-07,11:00,3728,1,2,5,6,7,9,10,11,14,17,19
2016-08-07,12:00,3729,16,2,5,7,9,10,12,13,14,19,20
2016-08-07,13:00,3730,11,2,4,5,6,9,10,11,16,18,20
2016-08-07,14:00,3731,4,1,4,10,11,12,14,15,16,18,20
2016-08-07,15:00,3732,17,2,6,8,9,10,11,12,15,18,19
2016-08-07,16:00,3733,19,2,5,7,10,13,14,15,16,18,20
2016-08-07,17:00,3734,4,1,2,3,4,9,12,13,14,18,19
2016-08-07,18:00,3735,8,2,5,6,7,9,12,15,17,18,19
2016-08-07,19:00,3736,3,1,5,7,9,10,11,12,13,15,20
2016-08-07,20:00,3737,5,2,4,5,8,9,12,13,15,16,18
2016-08-07,21:00,3738,17,1,2,3,5,6,7,10,16,18,19
2016-08-07,22:00,3739,2,2,3,8,9,10,13,14,15,18,20
2016-08-07,23:00,3740,4,1,2,3,6,7,8,9,10,15,16
2016-08-08,07:00,3741,9,2,3,4,6,8,9,16,17,19,20
2016-08-08,08:00,3742,11,3,6,8,10,11,14,16,17,19,20
2016-08-08,09:00,3743,6,1,4,5,7,10,11,12,13,18,19
2016-08-08,10:00,3744,4,1,2,5,6,8,11,14,16,18,19
2016-08-08,11:00,3745,1,1,2,5,8,11,12,13,16,17,19
2016-08-08,12:00,3746,10,1,2,3,5,8,12,13,14,15,18
2016-08-08,13:00,3747,19,4,5,8,10,11,14,15,17,19,20
2016-08-08,14:00,3748,10,1,2,4,5,9,11,14,15,17,19
2016-08-08,15:00,3749,17,4,5,10,11,12,15,16,17,18,20
2016-08-08,16:00,3750,11,1,2,3,5,7,11,13,16,17,20
2016-08-08,17:00,3751,5,2,5,7,8,12,13,14,15,18,19
2016-08-08,18:00,3752,9,1,3,6,7,9,10,11,14,18,20
2016-08-08,19:00,3753,18,2,5,6,7,8,9,12,14,18,20
2016-08-08,20:00,3754,11,1,3,6,7,8,10,15,16,17,20
2016-08-08,21:00,3755,20,2,3,6,9,10,11,14,15,19,20
2016-08-08,22:00,3756,12,1,2,3,6,7,11,14,16,19,20
2016-08-08,23:00,3757,11,6,7,9,11,12,14,15,16,17,20
2016-08-09,07:00,3758,12,1,3,6,9,12,13,16,18,19,20
2016-08-09,08:00,3759,14,4,5,7,8,10,11,12,16,18,19
2016-08-09,09:00,3760,15,1,8,10,11,13,14,15,16,17,19
2016-08-09,10:00,3761,4,1,3,4,8,9,10,13,15,18,19
2016-08-09,11:00,3762,11,1,2,4,7,8,9,10,12,13,15
2016-08-09,12:00,3763,20,2,3,4,12,13,14,17,18,19,20
2016-08-09,13:00,3764,19,2,3,4,7,8,9,12,13,16,20
2016-08-09,14:00,3765,5,1,2,3,4,6,10,12,13,15,16
2016-08-09,15:00,3766,19,3,6,8,10,11,14,16,18,19,20
2016-08-09,16:00,3767,12,2,6,7,11,13,16,17,18,19,20
2016-08-09,17:00,3768,5,1,2,3,9,10,11,14,16,17,18
2016-08-09,18:00,3769,4,1,3,5,8,9,11,12,14,15,17
2016-08-09,19:00,3770,6,1,2,4,5,6,10,11,12,15,17
2016-08-09,20:00,3771,8,4,7,8,9,11,13,14,15,17,19
2016-08-09,21:00,3772,2,1,2,3,6,8,9,12,13,14,17
2016-08-09,22:00,3773,16,1,2,4,5,6,7,8,12,17,20
2016-08-09,23:00,3774,18,1,2,5,8,11,12,13,14,16,20
2016-08-10,07:00,3775,12,2,3,5,7,9,11,12,15,16,17
2016-08-10,08:00,3776,19,1,2,7,9,10,11,13,15,16,19
2016-08-10,09:00,3777,7,2,3,6,7,9,10,13,15,19,20
2016-08-10,10:00,3778,11,5,6,7,8,9,10,17,18,19,20
2016-08-10,11:00,3779,16,5,8,10,12,13,14,17,18,19,20
2016-08-10,12:00,3780,13,1,3,8,10,14,15,16,17,18,20
2016-08-10,13:00,3781,9,2,3,5,9,10,12,14,15,16,17
2016-08-10,14:00,3782,10,2,5,8,10,12,14,15,17,19,20
2016-08-10,15:00,3783,13,2,3,4,5,6,8,12,15,16,17
2016-08-10,16:00,3784,2,2,9,10,11,14,15,17,18,19,20
2016-08-10,17:00,3785,8,1,2,5,6,7,9,13,17,18,19
2016-08-10,18:00,3786,2,5,6,8,9,10,15,17,18,19,20
2016-08-10,19:00,3787,5,1,5,6,8,9,12,13,16,18,19
2016-08-10,20:00,3788,14,1,2,4,5,6,7,8,16,17,20
2016-08-10,21:00,3789,8,1,3,6,7,8,9,13,15,19,20
2016-08-10,22:00,3790,4,1,4,5,9,10,12,13,16,18,20
2016-08-10,23:00,3791,11,1,3,6,8,12,13,15,16,17,20
2016-08-11,07:00,3792,10,1,2,4,5,9,11,13,15,17,18
2016-08-11,08:00,3793,11,1,2,3,7,9,10,11,12,15,19
2016-08-11,09:00,3794,6,2,3,4,6,9,11,12,13,15,18
2016-08-11,10:00,3795,19,1,2,3,8,9,10,12,13,17,20
2016-08-11,11:00,3796,16,1,2,8,9,10,11,13,17,18,19
2016-08-11,12:00,3797,8,3,5,7,8,10,14,17,18,19,20
2016-08-11,13:00,3798,6,3,5,8,9,10,12,16,17,19,20
2016-08-11,14:00,3799,17,5,7,11,13,14,16,17,18,19,20
2016-08-11,15:00,3800,14,2,4,9,10,11,13,16,17,19,20
2016-08-11,16:00,3801,19,1,3,5,6,7,8,9,10,11,12
2016-08-11,17:00,3802,8,1,3,4,7,8,11,13,15,19,20
2016-08-11,18:00,3803,17,2,3,8,9,10,11,12,14,16,18
2016-08-11,19:00,3804,7,1,3,6,9,11,14,15,16,17,19
2016-08-11,20:00,3805,5,1,2,3,4,7,8,10,11,17,20
2016-08-11,21:00,3806,19,3,5,6,9,10,13,15,18,19,20
2016-08-11,22:00,3807,1,4,5,6,8,9,10,12,13,18,20
2016-08-11,23:00,3808,17,1,2,3,4,6,11,12,13,16,17
2016-08-12,07:00,3809,12,1,2,5,6,8,11,12,14,16,18
2016-08-12,08:00,3810,5,1,2,4,5,11,12,15,17,18,19
2016-08-12,09:00,3811,12,1,4,6,8,9,10,13,14,18,20
2016-08-12,10:00,3812,15,1,4,6,7,9,10,13,15,17,19
2016-08-12,11:00,3813,18,1,4,7,8,10,11,12,17,19,20
2016-08-12,12:00,3814,16,2,7,8,10,15,16,17,18,19,20
2016-08-12,13:00,3815,16,4,8,9,10,13,15,16,17,19,20
2016-08-12,14:00,3816,12,2,4,5,7,8,14,15,16,17,19
2016-08-12,15:00,3817,14,1,3,6,8,9,11,13,17,18,20
2016-08-12,16:00,3818,6,2,3,6,7,8,13,14,16,17,20
2016-08-12,17:00,3819,17,4,6,7,9,10,11,13,14,15,19
2016-08-12,18:00,3820,14,2,4,5,6,10,13,14,17,19,20
2016-08-12,19:00,3821,20,2,5,6,7,8,10,12,13,15,17
2016-08-12,20:00,3822,11,1,5,6,7,10,16,17,18,19,20
2016-08-12,21:00,3823,10,1,7,8,10,11,12,16,17,19,20
2016-08-12,22:00,3824,12,1,2,3,5,6,10,12,14,16,20
2016-08-12,23:00,3825,9,1,3,4,8,10,14,15,17,19,20
2016-08-13,07:00,3826,8,1,2,3,6,9,10,11,12,13,15
2016-08-13,08:00,3827,14,1,4,7,8,10,11,12,14,18,20
2016-08-13,09:00,3828,1,5,8,9,10,12,13,14,17,18,19
2016-08-13,10:00,3829,3,3,5,8,10,11,12,14,16,18,20
2016-08-13,11:00,3830,20,2,4,5,6,12,14,15,17,19,20
2016-08-13,12:00,3831,13,2,3,6,9,10,12,15,17,18,19
2016-08-13,13:00,3832,5,1,3,4,5,6,8,10,12,17,20
2016-08-13,14:00,3833,20,3,5,9,11,12,14,15,16,17,18
2016-08-13,15:00,3834,16,6,7,9,10,11,13,14,16,18,20
2016-08-13,16:00,3835,7,2,3,4,5,7,8,15,16,19,20
2016-08-13,17:00,3836,4,1,3,6,7,8,10,11,16,18,19
2016-08-13,18:00,3837,17,1,4,6,8,10,11,12,14,18,19
2016-08-13,19:00,3838,7,3,5,6,8,10,14,15,16,18,19
2016-08-13,20:00,3839,14,1,3,4,6,7,12,13,15,18,19
2016-08-13,21:00,3840,12,6,8,9,10,12,13,14,15,16,17
2016-08-13,22:00,3841,9,1,2,3,4,6,7,8,10,15,18
2016-08-13,23:00,3842,8,1,2,4,6,8,10,12,14,16,18
2016-08-14,07:00,3843,19,2,3,5,6,8,10,14,15,17,19
2016-08-14,08:00,3844,20,4,5,6,10,11,14,16,18,19,20
2016-08-14,09:00,3845,19,3,5,7,8,9,12,13,17,19,20
2016-08-14,10:00,3846,15,3,4,9,11,12,14,15,17,18,19
2016-08-14,11:00,3847,9,2,4,8,9,10,13,14,15,16,19
2016-08-14,12:00,3848,18,1,3,4,5,7,8,11,12,13,14
2016-08-14,13:00,3849,11,3,6,8,9,12,14,15,16,18,19
2016-08-14,14:00,3850,6,1,2,3,7,9,10,11,12,13,18
2016-08-14,15:00,3851,20,5,6,7,12,13,14,15,16,17,18
2016-08-14,16:00,3852,9,1,2,7,8,10,12,14,16,19,20
2016-08-14,17:00,3853,3,1,2,3,4,5,10,12,15,16,19
2016-08-14,18:00,3854,16,1,2,4,5,6,9,11,12,14,15
2016-08-14,19:00,3855,12,2,3,5,7,9,13,15,16,17,19
2016-08-14,20:00,3856,9,2,3,4,5,7,8,15,17,19,20
2016-08-14,21:00,3857,1,1,3,4,6,9,12,13,17,18,19
2016-08-14,22:00,3858,10,4,6,7,8,9,10,11,15,17,18
2016-08-14,23:00,3859,2,1,4,6,9,11,12,13,16,19,20
2016-08-15,07:00,3860,20,7,8,9,11,14,15,16,18,19,20
2016-08-15,08:00,3861,2,2,3,5,9,10,12,15,16,17,18
2016-08-15,09:00,3862,10,2,5,8,10,11,14,17,18,19,20
2016-08-15,10:00,3863,13,1,2,5,12,13,14,15,16,17,18
2016-08-15,11:00,3864,16,1,3,6,9,10,15,17,18,19,20
2016-08-15,12:00,3865,5,1,3,5,6,7,8,9,10,11,16
2016-08-15,13:00,3866,6,1,2,3,5,7,9,12,13,14,18
2016-08-15,14:00,3867,3,1,6,7,8,11,12,15,17,18,20
2016-08-15,15:00,3868,20,3,5,7,10,11,15,17,18,19,20
2016-08-15,16:00,3869,15,3,5,6,7,8,11,14,17,18,20
2016-08-15,17:00,3870,5,1,3,4,7,13,16,17,18,19,20
2016-08-15,18:00,3871,19,4,5,6,7,10,11,14,17,18,20
2016-08-15,19:00,3872,10,1,5,7,8,12,13,16,17,18,20
2016-08-15,20:00,3873,12,2,3,5,7,9,11,12,14,17,19
2016-08-15,21:00,3874,4,1,3,5,6,9,10,12,15,16,20
2016-08-15,22:00,3875,2,1,2,6,7,8,10,11,14,15,19
2016-08-15,23:00,3876,17,1,2,4,5,6,11,13,15,18,19
2016-08-16,07:00,3877,4,1,2,6,9,10,12,13,16,17,19
2016-08-16,08:00,3878,17,3,4,5,6,9,11,12,13,15,20
2016-08-16,09:00,3879,8,1,3,4,6,7,9,10,11,13,20
2016-08-16,10:00,3880,8,7,10,11,12,15,16,17,18,19,20
2016-08-16,11:00,3881,17,5,6,7,13,14,15,16,17,19,20
2016-08-16,12:00,3882,16,1,3,4,9,10,14,15,16,18,20
2016-08-16,13:00,3883,7,2,5,6,7,8,9,10,16,17,19
2016-08-16,14:00,3884,17,2,3,4,8,12,13,14,16,17,20
2016-08-16,15:00,3885,16,2,3,4,5,6,9,10,12,14,15
2016-08-16,16:00,3886,10,2,3,4,6,8,9,12,13,15,20
2016-08-16,17:00,3887,20,1,5,7,8,13,14,15,16,18,20
2016-08-16,18:00,3888,14,1,3,5,6,7,8,10,13,14,17
2016-08-16,19:00,3889,16,1,2,3,7,8,10,12,14,16,17
2016-08-16,20:00,3890,9,1,3,5,8,11,12,15,16,17,20
2016-08-16,21:00,3891,16,2,3,5,6,7,9,12,18,19,20
2016-08-16,22:00,3892,20,5,6,7,9,13,15,16,17,19,20
2016-08-16,23:00,3893,16,1,3,8,12,13,14,15,16,19,20
2016-08-17,07:00,3894,5,2,4,8,9,12,13,14,15,19,20
2016-08-17,08:00,3895,16,1,3,4,6,12,13,14,15,18,19
2016-08-17,09:00,3896,3,2,4,5,6,8,9,10,12,15,18
2016-08-17,10:00,3897,11,4,6,7,8,10,11,12,13,15,16
2016-08-17,11:00,3898,20,1,2,3,8,9,11,13,14,17,19
2016-08-17,12:00,3899,19,1,3,4,8,11,12,13,16,18,20
2016-08-17,13:00,3900,3,1,2,6,7,10,11,12,13,14,19
2016-08-17,14:00,3901,12,1,2,6,7,11,12,13,14,16,20
2016-08-17,15:00,3902,7,1,2,3,4,5,6,8,12,15,16
2016-08-17,16:00,3903,10,4,5,6,9,10,11,12,16,17,19
2016-08-17,17:00,3904,10,2,3,4,5,11,12,14,17,18,20
2016-08-17,18:00,3905,4,1,3,5,6,7,9,13,17,19,20
2016-08-17,19:00,3906,6,2,4,5,6,7,8,11,12,13,19
2016-08-17,20:00,3907,19,3,4,7,10,11,13,16,18,19,20
2016-08-17,21:00,3908,11,2,3,4,6,7,8,9,13,16,17
2016-08-17,22:00,3909,18,1,2,3,8,10,12,15,17,18,20
2016-08-17,23:00,3910,19,2,6,10,13,14,15,17,18,19,20
2016-08-18,07:00,3911,6,3,4,5,8,10,11,12,13,15,17
2016-08-18,08:00,3912,7,1,2,6,8,11,12,14,17,18,19
2016-08-18,09:00,3913,6,1,4,9,10,11,12,13,14,17,18
2016-08-18,10:00,3914,4,3,4,6,7,12,14,15,17,19,20
2016-08-18,11:00,3915,11,1,2,4,5,7,10,11,12,13,16
2016-08-18,12:00,3916,13,2,3,4,7,11,12,14,15,16,18
2016-08-18,13:00,3917,10,4,5,6,8,9,12,14,16,18,20
2016-08-18,14:00,3918,8,2,5,10,11,14,15,16,17,19,20
2016-08-18,15:00,3919,20,1,4,5,6,11,12,13,14,16,18
2016-08-18,16:00,3920,18,1,3,4,5,10,11,16,18,19,20
2016-08-18,17:00,3921,13,1,3,4,6,8,9,15,16,18,19
2016-08-18,18:00,3922,11,1,2,6,9,11,12,16,18,19,20
2016-08-18,19:00,3923,18,3,4,5,9,12,13,17,18,19,20
2016-08-18,20:00,3924,18,1,2,6,7,8,14,15,16,17,18
2016-08-18,21:00,3925,8,3,4,9,11,14,16,17,18,19,20
2016-08-18,22:00,3926,3,1,2,5,8,10,13,16,17,19,20
2016-08-18,23:00,3927,4,1,4,5,10,12,16,17,18,19,20
2016-08-19,07:00,3928,7,1,2,4,7,8,10,13,15,19,20
2016-08-19,08:00,3929,13,3,7,8,9,10,14,15,17,19,20
2016-08-19,09:00,3930,2,2,3,6,8,11,13,14,16,17,20
2016-08-19,10:00,3931,20,1,4,11,13,14,15,16,17,18,20
2016-08-19,11:00,3932,11,2,6,7,8,9,10,11,12,13,15
2016-08-19,12:00,3933,5,2,3,4,5,9,11,12,15,17,20
2016-08-19,13:00,3934,2,6,7,8,9,11,13,15,16,19,20
2016-08-19,14:00,3935,10,2,3,4,5,6,9,14,15,16,19
2016-08-19,15:00,3936,15,3,6,8,9,11,12,13,14,18,19
2016-08-19,16:00,3937,15,1,4,5,6,7,8,10,14,18,19
2016-08-19,17:00,3938,7,3,4,6,7,8,11,12,13,14,15
2016-08-19,18:00,3939,19,1,2,3,4,11,12,13,16,17,18
2016-08-19,19:00,3940,7,3,4,6,10,11,12,13,14,15,17
2016-08-19,20:00,3941,7,2,3,4,5,6,7,8,12,13,18
2016-08-19,21:00,3942,11,1,2,4,6,7,8,9,11,16,17
2016-08-19,22:00,3943,20,1,2,3,5,7,11,12,16,17,20
2016-08-19,23:00,3944,1,1,3,4,8,9,10,12,17,18,19
2016-08-20,07:00,3945,6,3,5,6,9,12,15,17,18,19,20
2016-08-20,08:00,3946,17,3,4,5,6,7,9,11,12,15,16
2016-08-20,09:00,3947,4,1,5,6,9,10,11,12,13,19,20
2016-08-20,10:00,3948,12,2,4,6,7,8,13,15,16,17,20
2016-08-20,11:00,3949,20,3,4,5,7,8,9,10,15,19,20
2016-08-20,12:00,3950,19,3,4,7,8,9,10,12,14,15,19
2016-08-20,13:00,3951,8,2,3,4,9,10,12,13,14,18,20
2016-08-20,14:00,3952,15,2,3,4,6,7,8,9,14,19,20
2016-08-20,15:00,3953,9,1,2,4,7,8,10,15,17,18,19
2016-08-20,16:00,3954,8,4,5,6,9,11,14,16,17,18,20
2016-08-20,17:00,3955,18,1,2,6,8,9,10,14,15,17,19
2016-08-20,18:00,3956,15,1,3,4,8,12,14,15,16,19,20
2016-08-20,19:00,3957,8,2,4,5,6,9,13,14,17,18,19
2016-08-20,20:00,3958,18,2,3,8,9,11,13,14,17,18,19
2016-08-20,21:00,3959,3,1,2,5,8,10,11,12,13,15,19
2016-08-20,22:00,3960,10,2,3,4,6,7,9,12,14,15,19
2016-08-20,23:00,3961,3,1,2,3,7,8,9,15,17,18,19
2016-08-21,07:00,3962,3,2,4,6,7,10,12,16,17,18,19
2016-08-21,08:00,3963,15,1,2,4,9,10,11,14,15,19,20
2016-08-21,09:00,3964,16,1,2,3,4,5,6,8,9,10,11
2016-08-21,10:00,3965,5,1,2,8,10,11,12,13,14,15,20
2016-08-21,11:00,3966,18,1,2,5,7,9,10,11,13,16,20
2016-08-21,12:00,3967,11,1,2,9,12,13,14,15,17,18,20
2016-08-21,13:00,3968,14,3,5,6,8,10,12,13,15,18,20
2016-08-21,14:00,3969,3,1,3,6,8,13,14,15,16,17,18
2016-08-21,15:00,3970,20,1,3,6,9,12,13,14,17,18,20
2016-08-21,16:00,3971,18,1,5,7,10,11,13,15,16,18,20
2016-08-21,17:00,3972,16,6,7,8,11,12,15,16,18,19,20
2016-08-21,18:00,3973,13,5,7,8,10,11,12,13,18,19,20
2016-08-21,19:00,3974,12,4,5,6,7,8,12,13,15,16,18
2016-08-21,20:00,3975,13,2,3,4,7,9,10,11,12,14,20
2016-08-21,21:00,3976,17,1,4,5,6,7,8,9,10,13,20
2016-08-21,22:00,3977,16,1,3,5,10,11,14,16,17,18,20
2016-08-21,23:00,3978,12,1,6,8,11,12,13,14,16,17,18
2016-08-22,07:00,3979,17,2,3,4,6,7,12,13,14,15,19
2016-08-22,08:00,3980,17,1,2,3,5,8,15,16,17,19,20
2016-08-22,09:00,3981,8,1,2,3,5,6,7,8,11,12,18
2016-08-22,10:00,3982,8,1,4,6,7,12,13,15,16,18,19
2016-08-22,11:00,3983,5,3,4,5,6,7,9,11,13,17,20
2016-08-22,12:00,3984,11,5,6,7,9,11,12,13,16,19,20
2016-08-22,13:00,3985,6,1,2,4,5,8,10,12,15,16,19
2016-08-22,14:00,3986,11,1,4,6,8,11,14,16,17,19,20
2016-08-22,15:00,3987,4,2,3,5,9,10,11,13,14,16,17
2016-08-22,16:00,3988,9,1,3,4,5,6,8,10,13,17,20
2016-08-22,17:00,3989,9,1,3,4,6,9,10,13,14,15,16
2016-08-22,18:00,3990,18,1,5,6,9,13,14,15,16,17,18
2016-08-22,19:00,3991,1,3,7,8,10,11,13,14,15,17,18
2016-08-22,20:00,3992,6,2,3,4,6,11,13,15,16,18,20
2016-08-22,21:00,3993,3,6,7,8,11,12,13,14,16,17,19
2016-08-22,22:00,3994,4,3,4,6,8,10,12,14,15,17,19
2016-08-22,23:00,3995,1,1,3,5,8,9,11,13,14,15,16
2016-08-23,07:00,3996,9,1,3,6,9,10,12,13,14,18,19
2016-08-23,08:00,3997,4,5,6,9,10,12,14,15,16,17,18
2016-08-23,09:00,3998,13,1,3,5,6,10,11,13,14,15,20
2016-08-23,10:00,3999,10,2,3,6,7,10,12,14,18,19,20
2016-08-23,11:00,4000,17,1,3,8,10,12,13,14,15,16,17
2016-08-23,12:00,4001,20,1,4,7,9,12,14,15,17,18,19
2016-08-23,13:00,4002,10,1,6,7,9,10,12,17,18,19,20
2016-08-23,14:00,4003,19,1,3,4,5,8,9,10,11,14,16
2016-08-23,15:00,4004,16,3,4,7,8,10,12,13,18,19,20
2016-08-23,16:00,4005,6,1,5,6,9,11,12,13,14,18,20
2016-08-23,17:00,4006,16,1,3,4,6,7,9,11,16,17,20
2016-08-23,18:00,4007,11,1,2,3,7,11,12,13,14,15,16
2016-08-23,19:00,4008,5,2,3,5,7,8,9,10,12,13,20
2016-08-23,20:00,4009,19,2,4,6,7,8,9,10,15,16,19
2016-08-23,21:00,4010,3,7,8,9,10,11,12,13,14,15,18
2016-08-23,22:00,4011,19,2,4,7,11,14,15,16,17,18,20
2016-08-23,23:00,4012,19,2,4,6,7,8,11,12,15,17,18
2016-08-24,07:00,4013,10,1,2,3,6,10,13,14,16,18,20
2016-08-24,08:00,4014,7,3,5,6,7,8,9,13,15,17,20
2016-08-24,09:00,4015,19,1,2,3,4,5,10,12,15,17,18
2016-08-24,10:00,4016,2,1,2,3,5,12,13,15,16,18,19
2016-08-24,11:00,4017,4,2,3,9,11,12,13,15,16,19,20
2016-08-24,12:00,4018,17,1,2,5,6,7,9,12,13,17,20
2016-08-24,13:00,4019,15,2,3,6,10,11,12,14,15,16,18
2016-08-24,14:00,4020,13,2,5,6,8,9,11,13,14,15,17
2016-08-24,15:00,4021,10,1,4,6,7,8,10,13,16,19,20
2016-08-24,16:00,4022,12,1,3,5,7,8,9,10,13,16,20
2016-08-24,17:00,4023,3,1,6,7,8,10,14,15,17,19,20
2016-08-24,18:00,4024,19,1,2,4,5,6,7,9,12,13,16
2016-08-24,19:00,4025,20,2,3,7,9,11,12,13,14,16,18
2016-08-24,20:00,4026,20,1,2,3,7,8,10,11,12,18,19
2016-08-24,21:00,4027,14,2,3,4,6,7,8,10,13,15,19
2016-08-24,22:00,4028,18,2,3,7,11,12,13,16,17,18,19
2016-08-24,23:00,4029,13,1,2,6,9,10,11,12,15,16,20
2016-08-25,07:00,4030,4,2,3,4,6,11,12,15,16,17,20
2016-08-25,08:00,4031,7,1,5,6,7,8,9,10,13,14,17
2016-08-25,09:00,4032,19,1,3,4,6,8,12,14,18,19,20
2016-08-25,10:00,4033,12,3,5,6,8,11,13,15,16,17,18
2016-08-25,11:00,4034,2,2,3,4,6,7,11,12,13,18,19
2016-08-25,12:00,4035,15,1,3,4,5,6,7,14,17,18,19
2016-08-25,13:00,4036,8,1,2,4,7,8,11,12,14,17,18
2016-08-25,14:00,4037,5,2,5,9,11,12,13,15,17,18,20
2016-08-25,15:00,4038,14,1,4,6,7,9,10,12,15,18,20
2016-08-25,16:00,4039,1,2,3,7,12,13,14,15,17,18,20
2016-08-25,17:00,4040,15,3,4,5,7,8,9,14,15,18,20
2016-08-25,18:00,4041,19,3,5,6,7,11,12,13,14,15,19
2016-08-25,19:00,4042,13,1,2,4,6,7,9,10,11,12,19
2016-08-25,20:00,4043,8,1,2,3,4,7,9,10,12,13,18
2016-08-25,21:00,4044,17,1,5,6,8,10,11,12,17,18,20
2016-08-25,22:00,4045,3,3,4,5,6,7,9,10,12,15,17
2016-08-25,23:00,4046,18,1,2,6,9,11,13,14,16,17,19
2016-08-26,07:00,4047,6,1,2,5,6,8,10,12,14,19,20
2016-08-26,08:00,4048,13,1,3,5,6,7,8,10,14,18,19
2016-08-26,09:00,4049,19,1,2,7,8,9,10,11,12,16,18
2016-08-26,10:00,4050,8,1,6,7,9,10,15,16,17,19,20
2016-08-26,11:00,4051,6,1,2,4,5,6,8,9,14,16,18
2016-08-26,12:00,4052,15,1,2,4,5,9,12,13,16,17,19
2016-08-26,13:00,4053,18,2,3,4,6,7,10,15,16,17,20
2016-08-26,14:00,4054,2,1,3,6,7,9,11,14,16,17,18
2016-08-26,15:00,4055,14,1,3,5,8,12,13,14,17,18,20
2016-08-26,16:00,4056,4,1,2,5,7,8,9,13,14,18,20
2016-08-26,17:00,4057,18,1,2,4,5,8,9,10,14,17,19
2016-08-26,18:00,4058,4,3,6,7,9,10,12,14,15,16,20
2016-08-26,19:00,4059,16,1,2,3,5,7,11,13,15,16,20
2016-08-26,20:00,4060,10,2,4,5,9,10,13,15,16,19,20
2016-08-26,21:00,4061,8,1,2,8,9,12,14,15,16,18,20
2016-08-26,22:00,4062,15,3,4,6,8,9,10,15,16,17,20
2016-08-26,23:00,4063,14,1,2,3,4,6,7,8,10,12,17
2016-08-27,07:00,4064,7,1,2,6,7,10,11,13,18,19,20
2016-08-27,08:00,4065,2,1,3,4,5,6,10,12,15,16,17
2016-08-27,09:00,4066,5,1,3,4,5,6,7,9,14,17,18
2016-08-27,10:00,4067,20,1,3,7,9,10,13,14,16,17,18
2016-08-27,11:00,4068,3,2,3,4,5,7,8,9,10,13,14
2016-08-27,12:00,4069,9,1,3,4,6,7,10,12,13,17,19
2016-08-27,13:00,4070,4,1,4,5,8,9,10,13,17,18,20
2016-08-27,14:00,4071,15,4,5,6,7,8,9,12,13,15,19
2016-08-27,15:00,4072,20,5,6,8,9,10,12,13,14,16,18
2016-08-27,16:00,4073,15,1,2,7,8,11,12,14,16,17,19
2016-08-27,17:00,4074,12,1,3,4,6,7,9,12,14,17,18
2016-08-27,18:00,4075,10,2,4,5,8,10,12,14,16,18,19
2016-08-27,19:00,4076,2,1,2,3,4,14,15,16,17,18,20
2016-08-27,20:00,4077,9,1,2,8,9,10,11,12,13,19,20
2016-08-27,21:00,4078,10,1,2,8,9,10,12,13,14,16,20
2016-08-27,22:00,4079,14,3,4,6,7,9,11,12,13,14,17
2016-08-27,23:00,4080,20,1,4,5,8,9,12,13,15,18,20
2016-08-28,07:00,4081,4,4,5,8,9,11,12,13,15,16,19
2016-08-28,08:00,4082,3,1,2,5,8,9,11,12,16,19,20
2016-08-28,09:00,4083,7,1,2,3,8,11,13,15,16,19,20
2016-08-28,10:00,4084,10,2,5,7,9,10,11,12,14,19,20
2016-08-28,11:00,4085,8,2,3,4,5,7,9,13,14,16,17
2016-08-28,12:00,4086,4,1,4,6,8,11,13,14,15,19,20
2016-08-28,13:00,4087,5,3,4,5,7,10,12,14,15,19,20
2016-08-28,14:00,4088,6,1,2,3,4,6,8,12,13,14,20
2016-08-28,15:00,4089,3,3,4,7,11,13,14,16,18,19,20
2016-08-28,16:00,4090,16,3,5,6,7,9,12,13,15,19,20
2016-08-28,17:00,4091,3,2,3,5,7,10,12,13,16,17,18
2016-08-28,18:00,4092,12,1,2,6,7,8,9,11,13,14,20
2016-08-28,19:00,4093,5,2,4,5,7,10,11,12,13,15,16
2016-08-28,20:00,4094,8,1,7,8,10,11,12,13,14,17,20
2016-08-28,21:00,4095,4,3,4,8,9,11,13,14,15,16,20
2016-08-28,22:00,4096,12,6,7,8,11,13,15,16,17,18,19
2016-08-28,23:00,4097,3,4,5,6,9,10,12,13,16,18,19
2016-08-29,07:00,4098,4,1,2,5,7,8,11,12,14,15,17
2016-08-29,08:00,4099,4,3,4,5,6,11,12,14,15,17,19
2016-08-29,09:00,4100,18,3,4,8,10,11,13,17,18,19,20
2016-08-29,10:00,4101,4,1,3,4,8,9,13,14,18,19,20
2016-08-29,11:00,4102,2,1,3,4,5,9,10,11,12,18,19
2016-08-29,12:00,4103,15,3,4,5,6,7,8,12,14,17,19
2016-08-29,13:00,4104,13,5,7,8,9,10,11,13,15,18,20
2016-08-29,14:00,4105,4,2,4,6,9,11,12,13,18,19,20
2016-08-29,15:00,4106,18,1,2,4,5,6,12,13,14,16,17
2016-08-29,16:00,4107,5,5,7,10,11,13,15,16,17,18,19
2016-08-29,17:00,4108,3,1,2,4,7,9,11,13,16,17,19
2016-08-29,18:00,4109,11,2,5,6,9,10,11,12,16,17,20
2016-08-29,19:00,4110,4,4,6,7,8,10,11,12,15,16,17
2016-08-29,20:00,4111,11,1,2,3,6,8,10,16,17,18,20
2016-08-29,21:00,4112,4,1,2,4,6,7,9,10,14,17,19
2016-08-29,22:00,4113,15,1,2,3,4,6,9,10,12,13,20
2016-08-29,23:00,4114,16,1,2,3,7,12,13,15,17,18,19
2016-08-30,07:00,4115,18,1,2,5,8,11,14,15,16,18,20
2016-08-30,08:00,4116,11,2,4,5,7,8,10,13,16,17,19
2016-08-30,09:00,4117,17,1,6,8,10,11,12,13,16,17,19
2016-08-30,10:00,4118,9,2,3,5,7,8,12,13,15,16,19
2016-08-30,11:00,4119,5,2,3,5,7,8,9,12,14,16,19
2016-08-30,12:00,4120,9,2,3,6,7,12,14,15,16,17,20
2016-08-30,13:00,4121,8,2,4,9,11,14,15,16,17,18,19
2016-08-30,14:00,4122,20,1,2,8,9,12,15,16,18,19,20
2016-08-30,15:00,4123,13,1,2,4,6,10,11,12,14,15,20
2016-08-30,16:00,4124,7,3,4,5,7,8,13,15,16,17,19
2016-08-30,17:00,4125,16,3,4,5,6,8,9,10,13,15,17
2016-08-30,18:00,4126,8,1,2,4,6,8,10,12,14,17,19
2016-08-30,19:00,4127,6,2,3,5,7,9,10,12,13,17,20
2016-08-30,20:00,4128,7,1,2,3,4,7,8,15,16,18,19
2016-08-30,21:00,4129,18,3,4,7,9,10,11,15,16,17,20
2016-08-30,22:00,4130,20,1,2,3,6,9,10,11,12,15,20
2016-08-30,23:00,4131,9,3,4,6,7,8,11,14,15,16,18
2016-08-31,07:00,4132,19,4,5,6,7,10,12,13,14,16,18
2016-08-31,08:00,4133,4,1,2,4,8,10,11,14,17,19,20
2016-08-31,09:00,4134,7,1,2,3,6,7,8,11,13,15,19
2016-08-31,10:00,4135,17,1,2,4,6,8,9,13,15,18,19
2016-08-31,11:00,4136,20,2,4,6,8,9,10,11,13,18,19
2016-08-31,12:00,4137,16,2,3,4,6,7,8,11,13,15,20
2016-08-31,13:00,4138,4,1,3,5,7,8,9,14,15,16,20
2016-08-31,14:00,4139,11,4,5,6,7,8,14,15,16,19,20
2016-08-31,15:00,4140,20,3,5,6,8,9,13,14,16,18,20
2016-08-31,16:00,4141,8,1,2,3,6,7,10,11,12,16,18
2016-08-31,17:00,4142,8,1,8,10,11,12,13,16,17,18,19
2016-08-31,18:00,4143,17,2,4,5,6,10,15,16,17,18,20
2016-08-31,19:00,4144,14,1,2,4,5,7,10,11,13,14,17
2016-08-31,20:00,4145,7,4,5,6,8,11,12,13,16,17,19
2016-08-31,21:00,4146,5,1,2,5,7,10,12,13,14,18,19
2016-08-31,22:00,4147,10,2,4,7,8,9,12,13,14,15,20
2016-08-31,23:00,4148,4,2,4,6,7,8,12,13,17,19,20
2016-09-01,07:00,4149,16,1,2,7,9,10,14,16,17,18,19
2016-09-01,08:00,4150,2,1,3,4,6,7,12,13,17,19,20
2016-09-01,09:00,4151,17,2,3,4,6,7,8,9,14,19,20
2016-09-01,10:00,4152,6,3,4,8,9,10,11,12,15,18,20
2016-09-01,11:00,4153,4,2,4,5,6,11,12,13,14,15,18
2016-09-01,12:00,4154,6,2,3,5,6,9,12,16,18,19,20
2016-09-01,13:00,4155,18,1,6,7,11,12,13,14,17,18,19
2016-09-01,14:00,4156,14,1,2,4,7,9,14,17,18,19,20
2016-09-01,15:00,4157,19,2,4,5,6,9,11,13,16,18,20
2016-09-01,16:00,4158,19,1,5,6,7,11,12,13,14,15,18
2016-09-01,17:00,4159,13,4,5,6,8,10,11,12,14,16,17
2016-09-01,18:00,4160,17,2,3,5,6,10,11,16,17,18,19
2016-09-01,19:00,4161,2,2,3,5,7,8,9,10,13,16,20
2016-09-01,20:00,4162,9,3,4,5,9,12,14,15,16,19,20
2016-09-01,21:00,4163,2,2,4,6,8,9,10,15,18,19,20
2016-09-01,22:00,4164,19,2,3,4,5,9,13,16,18,19,20
2016-09-01,23:00,4165,14,1,3,5,6,7,12,13,16,17,18
2016-09-02,07:00,4166,7,1,2,4,6,7,13,14,15,16,18
2016-09-02,08:00,4167,3,1,2,3,4,6,8,9,10,13,15
2016-09-02,09:00,4168,4,2,3,4,5,6,11,13,14,16,18
2016-09-02,10:00,4169,12,2,6,7,9,11,12,13,16,17,19
2016-09-02,11:00,4170,13,2,9,10,12,15,16,17,18,19,20
2016-09-02,12:00,4171,16,2,4,5,7,8,11,13,15,16,17
2016-09-02,13:00,4172,17,3,4,5,7,9,12,13,17,18,20
2016-09-02,14:00,4173,13,1,2,4,7,8,11,14,15,17,19
2016-09-02,15:00,4174,8,1,4,7,8,9,10,11,18,19,20
2016-09-02,16:00,4175,14,2,3,4,5,7,8,10,14,15,16
2016-09-02,17:00,4176,16,1,3,5,6,8,11,12,14,15,16
2016-09-02,18:00,4177,7,1,2,5,11,12,13,14,17,19,20
2016-09-02,19:00,4178,10,1,2,4,7,8,9,13,14,16,17
2016-09-02,20:00,4179,2,3,5,7,8,10,11,13,15,16,17
2016-09-02,21:00,4180,14,2,4,6,8,9,10,15,16,19,20
2016-09-02,22:00,4181,19,1,4,5,8,10,15,16,17,18,19
2016-09-02,23:00,4182,2,1,3,5,11,12,13,14,17,18,19
2016-09-03,07:00,4183,20,3,5,7,9,12,13,16,17,18,19
2016-09-03,08:00,4184,5,1,2,8,11,12,13,14,18,19,20
2016-09-03,09:00,4185,5,1,2,4,6,7,10,11,17,18,19
2016-09-03,10:00,4186,10,2,3,4,5,10,11,13,14,16,20
2016-09-03,11:00,4187,19,1,5,6,7,8,11,15,16,18,20
2016-09-03,12:00,4188,19,1,3,4,7,8,9,12,14,18,19
2016-09-03,13:00,4189,13,1,5,6,8,10,11,14,15,16,19
2016-09-03,14:00,4190,9,1,7,8,9,12,13,14,15,17,18
2016-09-03,15:00,4191,5,1,4,5,8,9,11,12,13,14,16
2016-09-03,16:00,4192,4,1,3,4,5,11,14,17,18,19,20
2016-09-03,17:00,4193,6,3,4,7,8,9,13,14,15,16,20
2016-09-03,18:00,4194,19,4,6,7,8,15,16,17,18,19,20
2016-09-03,19:00,4195,16,1,3,5,6,9,10,11,12,16,18
2016-09-03,20:00,4196,17,5,6,7,10,11,12,14,15,18,20
2016-09-03,21:00,4197,7,3,4,5,6,7,10,11,15,17,20
2016-09-03,22:00,4198,17,1,2,4,5,7,9,12,13,14,20
2016-09-03,23:00,4199,7,2,4,6,10,11,12,15,16,18,19
2016-09-04,07:00,4200,8,1,5,7,8,10,11,12,17,19,20
2016-09-04,08:00,4201,14,1,2,6,7,8,14,15,16,17,19
2016-09-04,09:00,4202,15,1,2,4,6,7,11,13,14,15,18
2016-09-04,10:00,4203,17,3,5,6,7,8,10,12,15,19,20
2016-09-04,11:00,4204,1,2,3,4,5,8,10,11,12,16,20
2016-09-04,12:00,4205,20,2,3,5,11,12,13,14,15,17,19
2016-09-04,13:00,4206,16,3,7,8,9,10,13,14,15,17,20
2016-09-04,14:00,4207,10,1,6,7,8,14,15,16,18,19,20
2016-09-04,15:00,4208,14,3,4,7,10,11,14,15,17,18,19
2016-09-04,16:00,4209,7,3,4,5,6,12,13,15,17,18,20
2016-09-04,17:00,4210,11,2,5,7,10,11,13,16,18,19,20
2016-09-04,18:00,4211,20,1,2,4,5,6,7,10,12,13,20
2016-09-04,19:00,4212,2,2,4,5,7,9,10,11,14,17,18
2016-09-04,20:00,4213,9,3,4,7,10,14,15,16,17,19,20
2016-09-04,21:00,4214,15,2,5,7,8,10,13,14,18,19,20
2016-09-04,22:00,4215,16,1,2,3,4,7,8,12,17,18,19
2016-09-04,23:00,4216,6,4,5,6,7,8,9,11,13,17,18
2016-09-05,07:00,4217,17,1,2,3,8,10,11,12,15,16,20
2016-09-05,08:00,4218,15,1,2,5,7,9,11,12,17,18,19
2016-09-05,09:00,4219,18,3,4,7,9,10,11,13,14,16,17
2016-09-05,10:00,4220,2,1,2,3,8,10,11,15,17,18,20
2016-09-05,11:00,4221,14,3,8,9,10,11,12,14,17,18,20
2016-09-05,12:00,4222,10,1,2,3,6,7,10,11,15,17,20
2016-09-05,13:00,4223,19,2,3,5,6,9,13,15,17,19,20
2016-09-05,14:00,4224,8,1,4,6,7,8,10,12,15,18,20
2016-09-05,15:00,4225,1,2,5,7,9,10,11,13,14,15,20
2016-09-05,16:00,4226,17,2,3,4,5,6,13,16,17,18,20
2016-09-05,17:00,4227,3,1,4,5,6,7,9,10,11,12,19
2016-09-05,18:00,4228,7,1,2,5,6,7,8,11,13,18,19
2016-09-05,19:00,4229,7,2,6,8,9,11,12,13,14,15,18
2016-09-05,20:00,4230,18,2,3,4,5,6,7,9,12,19,20
2016-09-05,21:00,4231,4,1,4,5,8,10,11,12,16,18,19
2016-09-05,22:00,4232,11,4,6,7,8,9,12,13,14,18,19
2016-09-05,23:00,4233,12,6,7,10,11,13,14,15,16,19,20
2016-09-06,07:00,4234,20,1,4,5,8,10,13,16,17,18,19
2016-09-06,08:00,4235,10,2,3,4,5,6,8,10,15,17,19
2016-09-06,09:00,4236,10,1,2,3,5,7,8,14,17,18,19
2016-09-06,10:00,4237,10,2,4,8,10,14,15,16,18,19,20
2016-09-06,11:00,4238,2,3,5,6,8,11,12,13,14,17,19
2016-09-06,12:00,4239,3,1,3,5,6,7,10,12,15,16,20
2016-09-06,13:00,4240,16,4,5,8,10,11,12,16,17,18,20
2016-09-06,14:00,4241,15,3,4,7,9,11,14,16,17,19,20
2016-09-06,15:00,4242,10,1,3,4,5,6,8,12,16,18,20
2016-09-06,16:00,4243,20,2,4,6,8,9,12,15,16,18,20
2016-09-06,17:00,4244,15,2,4,5,10,11,12,14,17,18,19
2016-09-06,18:00,4245,13,2,4,5,7,10,13,15,16,17,19
2016-09-06,19:00,4246,8,2,5,6,8,11,12,14,15,16,20
2016-09-06,20:00,4247,15,1,4,5,7,10,11,13,15,19,20
2016-09-06,21:00,4248,4,1,3,5,6,12,14,15,18,19,20
2016-09-06,22:00,4249,20,1,4,8,9,12,13,15,16,17,19
2016-09-06,23:00,4250,7,1,6,7,8,10,11,16,17,18,19
2016-09-07,07:00,4251,2,1,8,10,12,14,16,17,18,19,20
2016-09-07,08:00,4252,20,1,6,9,10,13,15,16,17,18,20
2016-09-07,09:00,4253,2,1,2,3,8,9,10,13,14,17,18
2016-09-07,10:00,4254,6,6,7,8,9,10,12,13,18,19,20
2016-09-07,11:00,4255,2,1,2,3,4,9,12,13,15,17,18
2016-09-07,12:00,4256,3,2,3,6,7,10,12,13,18,19,20
2016-09-07,13:00,4257,10,1,2,5,8,10,11,12,13,17,19
2016-09-07,14:00,4258,1,2,4,5,6,10,12,15,17,19,20
2016-09-07,15:00,4259,12,2,3,7,8,9,10,11,12,16,20
2016-09-07,16:00,4260,10,1,2,4,5,8,9,10,11,12,20
2016-09-07,17:00,4261,6,1,2,8,10,11,13,15,16,19,20
2016-09-07,18:00,4262,18,2,3,6,9,12,13,15,16,17,19
2016-09-07,19:00,4263,13,2,3,4,6,7,8,10,16,18,19
2016-09-07,20:00,4264,15,1,3,9,10,12,14,15,17,18,19
2016-09-07,21:00,4265,7,2,5,6,7,8,13,14,15,17,18
2016-09-07,22:00,4266,15,1,4,6,7,13,14,16,17,19,20
2016-09-07,23:00,4267,17,1,2,8,9,10,12,13,14,17,20
2016-09-08,07:00,4268,6,1,4,6,7,9,11,12,15,16,20
2016-09-08,08:00,4269,3,1,2,5,6,7,9,15,17,18,19
2016-09-08,09:00,4270,16,2,3,4,7,9,11,13,14,15,16
2016-09-08,10:00,4271,18,1,3,4,8,10,12,13,17,18,19
2016-09-08,11:00,4272,19,1,2,3,6,9,12,14,16,17,20
2016-09-08,12:00,4273,19,1,2,3,6,8,11,12,15,18,20
2016-09-08,13:00,4274,18,2,7,8,9,10,12,14,16,17,20
2016-09-08,14:00,4275,12,1,2,5,8,9,11,13,16,17,19
2016-09-08,15:00,4276,6,1,5,6,7,10,12,13,14,19,20
2016-09-08,16:00,4277,9,1,2,3,4,7,9,10,12,14,19
2016-09-08,17:00,4278,4,5,7,8,9,11,12,14,15,16,20
2016-09-08,18:00,4279,11,1,2,4,5,8,11,12,15,19,20
2016-09-08,19:00,4280,14,1,4,5,6,8,13,16,17,19,20
2016-09-08,20:00,4281,17,1,2,7,8,10,14,16,17,18,20
2016-09-08,21:00,4282,16,4,6,9,10,15,16,17,18,19,20
2016-09-08,22:00,4283,17,2,6,8,9,10,12,13,14,15,17
2016-09-08,23:00,4284,8,1,2,6,7,8,9,13,15,17,19
2016-09-09,07:00,4285,3,3,5,6,7,8,11,12,14,15,16
2016-09-09,08:00,4286,2,1,3,6,12,13,15,17,18,19,20
2016-09-09,09:00,4287,11,3,4,5,6,10,12,14,16,17,19
2016-09-09,10:00,4288,3,2,5,6,7,8,10,11,13,14,16
2016-09-09,11:00,4289,16,2,3,4,7,8,10,14,17,19,20
2016-09-09,12:00,4290,12,1,3,4,6,7,9,12,13,14,15
2016-09-09,13:00,4291,5,2,7,8,9,10,11,13,16,18,19
2016-09-09,14:00,4292,18,1,2,3,4,12,13,14,16,18,19
2016-09-09,15:00,4293,18,3,7,9,10,11,14,15,16,18,19
2016-09-09,16:00,4294,18,1,3,7,8,11,13,15,16,18,20
2016-09-09,17:00,4295,6,1,2,4,11,12,14,15,16,17,19
2016-09-09,18:00,4296,17,1,2,3,6,9,10,13,15,16,19
2016-09-09,19:00,4297,19,2,3,4,8,11,12,13,15,17,19
2016-09-09,20:00,4298,8,1,3,6,7,8,9,10,11,13,15
2016-09-09,21:00,4299,5,1,2,3,4,5,6,12,13,15,20
2016-09-09,22:00,4300,6,4,6,8,9,11,13,14,18,19,20
2016-09-09,23:00,4301,11,1,8,9,10,12,14,16,17,18,19
2016-09-10,07:00,4302,12,1,3,6,7,8,11,15,16,18,20
2016-09-10,08:00,4303,13,1,2,4,5,9,10,13,15,17,19
2016-09-10,09:00,4304,15,2,3,4,5,8,11,12,15,17,19
2016-09-10,10:00,4305,14,1,3,4,5,10,12,14,15,16,17
2016-09-10,11:00,4306,18,1,2,5,6,9,11,14,16,17,20
2016-09-10,12:00,4307,8,2,4,6,9,10,11,16,17,19,20
2016-09-10,13:00,4308,15,1,3,7,8,9,10,11,15,17,18
2016-09-10,14:00,4309,17,1,4,5,7,8,9,11,15,16,17
2016-09-10,15:00,4310,10,1,4,5,6,11,12,16,18,19,20
2016-09-10,16:00,4311,15,1,2,3,6,9,10,15,17,19,20
2016-09-10,17:00,4312,11,1,2,3,7,10,12,13,17,19,20
2016-09-10,18:00,4313,14,5,7,8,9,11,13,14,15,16,17
2016-09-10,19:00,4314,9,1,2,3,5,6,12,16,17,18,19
2016-09-10,20:00,4315,20,3,4,7,9,13,14,15,16,17,19
2016-09-10,21:00,4316,2,1,2,4,10,11,12,17,18,19,20
2016-09-10,22:00,4317,12,1,3,5,6,9,12,16,17,19,20
2016-09-10,23:00,4318,6,6,7,8,9,13,14,16,17,19,20
2016-09-11,07:00,4319,5,2,5,7,9,10,15,16,17,18,20
2016-09-11,08:00,4320,20,1,6,7,9,10,13,14,15,16,19
2016-09-11,09:00,4321,19,3,4,6,7,8,11,12,13,16,20
2016-09-11,10:00,4322,16,3,7,8,10,12,13,15,16,19,20
2016-09-11,11:00,4323,18,2,4,6,7,8,13,15,18,19,20
2016-09-11,12:00,4324,18,4,6,10,12,13,14,15,16,17,19
2016-09-11,13:00,4325,14,1,2,4,5,11,15,16,17,18,20
2016-09-11,14:00,4326,3,2,4,7,8,10,11,12,13,16,18
2016-09-11,15:00,4327,20,1,2,4,5,8,10,11,12,13,19
2016-09-11,16:00,4328,10,3,5,7,8,9,11,14,15,16,17
2016-09-11,17:00,4329,16,3,4,6,7,9,11,13,14,15,17
2016-09-11,18:00,4330,6,2,4,5,6,9,11,12,13,14,17
2016-09-11,19:00,4331,5,1,2,3,5,6,10,11,17,19,20
2016-09-11,20:00,4332,16,2,3,5,6,9,10,12,13,16,18
2016-09-11,21:00,4333,14,1,3,5,7,8,10,13,16,17,20
2016-09-11,22:00,4334,19,2,3,4,6,7,9,10,12,16,18
2016-09-11,23:00,4335,5,2,3,5,6,8,9,11,12,19,20
2016-09-12,07:00,4336,4,2,5,6,7,9,11,12,14,16,17
2016-09-12,08:00,4337,15,1,3,5,6,7,8,13,16,17,18
2016-09-12,09:00,4338,11,1,2,5,6,9,10,11,15,16,18
2016-09-12,10:00,4339,1,3,4,6,7,9,12,13,15,18,19
2016-09-12,11:00,4340,1,1,2,5,6,7,10,12,14,15,16
2016-09-12,12:00,4341,12,3,5,7,8,9,10,13,15,19,20
2016-09-12,13:00,4342,12,2,5,6,8,9,12,15,16,17,20
2016-09-12,14:00,4343,12,1,3,7,8,10,11,12,14,15,20
2016-09-12,15:00,4344,2,1,4,6,7,8,9,10,11,12,13
2016-09-12,16:00,4345,3,3,4,6,7,9,10,11,17,18,20
2016-09-12,17:00,4346,15,1,2,3,4,5,12,14,15,16,17
2016-09-12,18:00,4347,19,1,4,7,8,11,12,14,15,16,19
2016-09-12,19:00,4348,12,3,5,7,8,11,12,13,14,15,18
2016-09-12,20:00,4349,8,1,4,6,8,10,12,14,15,16,20
2016-09-12,21:00,4350,17,1,4,5,6,7,10,11,12,13,19
2016-09-12,22:00,4351,6,1,2,5,6,7,11,13,14,16,18
2016-09-12,23:00,4352,9,1,3,5,7,8,14,15,17,19,20
2016-09-13,07:00,4353,17,1,3,4,5,10,12,13,16,18,19
2016-09-13,08:00,4354,15,4,5,7,9,10,12,14,16,18,20
2016-09-13,09:00,4355,14,3,4,5,6,7,8,10,11,13,16
2016-09-13,10:00,4356,6,4,7,9,11,12,13,15,17,19,20
2016-09-13,11:00,4357,18,1,3,4,5,9,12,13,15,19,20
2016-09-13,12:00,4358,10,2,3,4,5,7,8,10,13,14,19
2016-09-13,13:00,4359,11,1,2,3,7,8,10,12,15,16,19
2016-09-13,14:00,4360,5,1,5,6,7,9,10,11,13,14,16
2016-09-13,15:00,4361,5,2,3,4,6,10,12,13,15,18,20
2016-09-13,16:00,4362,18,2,11,12,13,15,16,17,18,19,20
2016-09-13,17:00,4363,5,1,4,5,6,8,10,11,13,17,20
2016-09-13,18:00,4364,12,2,3,4,6,8,11,12,13,18,20
2016-09-13,19:00,4365,6,1,2,4,5,9,10,12,17,18,20
2016-09-13,20:00,4366,13,1,3,7,9,11,12,13,17,18,20
2016-09-13,21:00,4367,19,5,7,9,10,11,12,14,15,19,20
2016-09-13,22:00,4368,11,4,5,6,9,10,11,12,15,17,20
2016-09-13,23:00,4369,17,7,9,12,13,14,15,16,17,18,20
2016-09-14,07:00,4370,1,4,5,8,10,11,13,15,16,17,19
2016-09-14,08:00,4371,12,1,6,9,10,11,12,14,17,18,20
2016-09-14,09:00,4372,19,4,7,8,9,10,11,13,14,15,19
2016-09-14,10:00,4373,4,2,3,4,7,8,9,11,12,15,16
2016-09-14,11:00,4374,8,2,3,6,7,10,12,13,16,17,19
2016-09-14,12:00,4375,12,2,3,6,7,10,13,14,15,17,20
2016-09-14,13:00,4376,10,1,2,3,9,10,13,16,18,19,20
2016-09-14,14:00,4377,12,1,2,3,7,8,9,12,16,18,20
2016-09-14,15:00,4378,3,2,3,4,6,9,12,13,15,17,20
2016-09-14,16:00,4379,7,2,5,6,7,9,10,11,15,19,20
2016-09-14,17:00,4380,9,3,6,7,11,12,13,15,16,18,20
2016-09-14,18:00,4381,19,2,5,7,11,13,16,17,18,19,20
2016-09-14,19:00,4382,17,1,2,3,9,15,16,17,18,19,20
2016-09-14,20:00,4383,1,1,5,6,7,8,9,10,15,16,20
2016-09-14,21:00,4384,10,1,2,4,6,7,12,15,16,19,20
2016-09-14,22:00,4385,7,6,7,9,10,15,16,17,18,19,20
2016-09-14,23:00,4386,9,3,5,6,7,8,13,14,15,17,18
2016-09-15,07:00,4387,6,3,5,6,8,10,14,16,17,19,20
2016-09-15,08:00,4388,7,1,2,6,7,8,13,14,18,19,20
2016-09-15,09:00,4389,13,3,4,6,8,9,10,14,15,18,19
2016-09-15,10:00,4390,2,2,3,4,5,7,13,15,16,17,18
2016-09-15,11:00,4391,5,1,5,8,9,10,11,12,13,14,18
2016-09-15,12:00,4392,11,3,5,6,7,10,11,16,17,18,20
2016-09-15,13:00,4393,4,1,2,6,7,8,9,11,16,18,20
2016-09-15,14:00,4394,1,1,7,8,13,14,15,16,17,18,20
2016-09-15,15:00,4395,8,5,7,8,10,12,14,16,17,19,20
2016-09-15,16:00,4396,3,2,3,7,8,10,11,12,13,16,19
2016-09-15,17:00,4397,7,1,3,4,5,6,10,15,17,18,20
2016-09-15,18:00,4398,2,1,4,8,9,11,14,15,16,19,20
2016-09-15,19:00,4399,10,3,6,7,8,9,10,12,13,16,20
2016-09-15,20:00,4400,18,1,2,3,5,6,8,9,13,14,20
2016-09-15,21:00,4401,19,1,2,3,4,6,9,11,14,15,16
2016-09-15,22:00,4402,13,6,7,9,10,11,13,14,15,17,19
2016-09-15,23:00,4403,17,1,3,4,6,7,11,14,15,18,20
2016-09-16,07:00,4404,1,2,4,6,7,8,9,13,14,15,20
2016-09-16,08:00,4405,4,1,2,6,7,12,14,15,16,18,20
2016-09-16,09:00,4406,2,1,2,4,8,10,12,15,16,18,20
2016-09-16,10:00,4407,16,2,3,4,6,8,10,11,16,18,20
2016-09-16,11:00,4408,18,1,2,3,7,9,10,15,16,18,19
2016-09-16,12:00,4409,11,2,3,6,10,11,12,13,14,15,18
2016-09-16,13:00,4410,16,1,3,7,8,11,12,14,17,19,20
2016-09-16,14:00,4411,16,1,4,5,6,7,9,10,12,17,19
2016-09-16,15:00,4412,10,3,4,5,6,10,11,16,18,19,20
2016-09-16,16:00,4413,2,1,3,8,9,10,11,13,15,16,17
2016-09-16,17:00,4414,7,2,5,6,7,8,10,12,13,15,18
2016-09-16,18:00,4415,19,3,6,7,8,11,12,14,16,18,19
2016-09-16,19:00,4416,10,1,2,5,6,10,11,12,15,16,19
2016-09-16,20:00,4417,6,1,3,4,5,6,10,13,16,17,20
2016-09-16,21:00,4418,6,1,2,4,5,11,12,14,18,19,20
2016-09-16,22:00,4419,10,2,6,7,9,10,11,13,14,16,17
2016-09-16,23:00,4420,20,1,3,6,7,8,10,13,16,18,20
2016-09-17,07:00,4421,6,1,6,7,9,10,12,15,16,17,19
2016-09-17,08:00,4422,10,2,3,6,7,10,11,12,15,16,20
2016-09-17,09:00,4423,16,2,3,5,8,10,11,13,14,18,20
2016-09-17,10:00,4424,10,1,2,5,8,9,11,12,13,15,16
2016-09-17,11:00,4425,17,3,4,5,6,10,13,14,15,17,18
2016-09-17,12:00,4426,15,2,4,6,7,8,9,12,14,16,18
2016-09-17,13:00,4427,10,3,4,5,7,9,13,14,16,17,20
2016-09-17,14:00,4428,19,1,2,4,7,13,15,16,17,18,20
2016-09-17,15:00,4429,17,4,6,8,9,10,11,12,15,16,17
2016-09-17,16:00,4430,1,1,2,4,5,6,7,10,15,17,20
2016-09-17,17:00,4431,8,1,6,8,9,10,14,15,17,19,20
2016-09-17,18:00,4432,16,2,4,5,6,7,11,12,13,16,17
2016-09-17,19:00,4433,2,1,2,4,5,9,11,13,16,18,20
2016-09-17,20:00,4434,15,2,3,4,5,6,10,16,17,19,20
2016-09-17,21:00,4435,19,4,5,6,7,8,10,13,16,17,19
2016-09-17,22:00,4436,2,2,4,7,8,10,11,14,15,19,20
2016-09-17,23:00,4437,20,1,2,4,6,7,8,9,13,14,18
2016-09-18,07:00,4438,6,4,6,9,10,11,13,16,17,18,19
2016-09-18,08:00,4439,10,1,2,5,8,12,13,15,16,17,18
2016-09-18,09:00,4440,11,2,4,7,8,10,11,16,17,18,19
2016-09-18,10:00,4441,17,3,4,5,8,10,13,14,16,17,18
2016-09-18,11:00,4442,8,2,5,6,9,10,11,13,14,18,19
2016-09-18,12:00,4443,16,1,5,6,9,10,11,14,16,18,20
2016-09-18,13:00,4444,9,3,4,8,10,11,14,15,16,18,20
2016-09-18,14:00,4445,10,1,2,3,4,5,6,7,12,14,17
2016-09-18,15:00,4446,9,1,3,4,5,7,8,9,14,16,18
2016-09-18,16:00,4447,3,4,5,11,13,14,15,16,17,18,20
2016-09-18,17:00,4448,14,1,2,4,8,9,10,12,17,18,19
2016-09-18,18:00,4449,5,3,4,6,7,9,10,15,16,17,20
2016-09-18,19:00,4450,1,2,3,5,8,10,12,13,16,19,20
2016-09-18,20:00,4451,13,2,3,6,7,8,12,15,16,17,19
2016-09-18,21:00,4452,7,2,3,5,6,7,8,13,14,16,20
2016-09-18,22:00,4453,8,1,5,6,7,10,11,13,14,16,20
2016-09-18,23:00,4454,17,3,4,6,7,8,9,10,11,16,17
2016-09-19,07:00,4455,10,4,6,7,11,13,14,17,18,19,20
2016-09-19,08:00,4456,6,1,3,4,6,7,9,12,17,18,20
2016-09-19,09:00,4457,11,2,5,6,8,9,10,11,13,14,18
2016-09-19,10:00,4458,9,4,5,6,7,10,12,13,16,18,19
2016-09-19,11:00,4459,13,1,4,5,7,8,10,12,16,17,18
2016-09-19,12:00,4460,12,1,4,5,7,8,11,12,14,17,20
2016-09-19,13:00,4461,6,2,5,7,8,10,11,12,13,15,20
2016-09-19,14:00,4462,16,2,6,9,11,12,14,15,16,17,18
2016-09-19,15:00,4463,14,4,6,7,8,9,13,14,16,17,19
2016-09-19,16:00,4464,7,3,5,6,7,9,10,11,15,17,19
2016-09-19,17:00,4465,6,2,3,7,8,13,14,15,16,18,19
2016-09-19,18:00,4466,9,1,2,3,4,9,12,16,17,18,20
2016-09-19,19:00,4467,2,1,4,8,9,10,13,14,16,18,20
2016-09-19,20:00,4468,4,1,3,8,9,12,13,15,18,19,20
2016-09-19,21:00,4469,16,2,4,5,7,9,11,12,15,19,20
2016-09-19,22:00,4470,17,2,3,4,5,9,10,11,16,19,20
2016-09-19,23:00,4471,10,6,7,10,12,15,16,17,18,19,20
2016-09-20,07:00,4472,7,1,4,9,10,13,15,16,18,19,20
2016-09-20,08:00,4473,4,1,3,4,9,10,11,14,15,17,20
2016-09-20,09:00,4474,2,1,3,4,6,7,8,10,13,15,20
2016-09-20,10:00,4475,3,1,4,5,9,12,13,14,15,19,20
2016-09-20,11:00,4476,5,2,3,4,5,7,8,12,13,17,19
2016-09-20,12:00,4477,15,3,4,5,7,8,12,13,14,17,19
2016-09-20,13:00,4478,13,1,2,4,10,12,13,15,17,18,20
2016-09-20,14:00,4479,4,1,2,3,5,6,8,11,12,13,16
2016-09-20,15:00,4480,19,2,3,4,9,12,13,15,16,19,20
2016-09-20,16:00,4481,17,2,3,4,8,9,11,13,14,18,19
2016-09-20,17:00,4482,19,2,3,4,6,7,9,15,16,17,18
2016-09-20,18:00,4483,12,1,2,4,5,6,15,16,17,18,19
2016-09-20,19:00,4484,19,3,5,6,8,10,11,15,17,18,20
2016-09-20,20:00,4485,18,1,3,4,5,9,10,12,13,16,17
2016-09-20,21:00,4486,3,1,2,5,6,9,10,11,15,17,20
2016-09-20,22:00,4487,9,1,3,4,5,7,8,11,13,17,19
2016-09-20,23:00,4488,16,1,4,8,9,10,12,14,16,18,19
2016-09-21,07:00,4489,1,4,5,6,7,11,12,15,16,18,20
2016-09-21,08:00,4490,8,1,3,5,6,7,9,10,15,19,20
2016-09-21,09:00,4491,5,1,6,8,10,12,13,14,16,17,20
2016-09-21,10:00,4492,19,2,3,5,11,13,14,16,18,19,20
2016-09-21,11:00,4493,12,3,4,7,8,11,12,16,18,19,20
2016-09-21,12:00,4494,12,1,4,6,9,11,13,14,17,19,20
2016-09-21,13:00,4495,15,2,3,5,6,8,10,11,14,15,20
2016-09-21,14:00,4496,9,1,3,7,11,12,16,17,18,19,20
2016-09-21,15:00,4497,16,3,4,7,8,9,11,13,14,16,20
2016-09-21,16:00,4498,2,2,3,4,9,12,13,14,15,16,19
2016-09-21,17:00,4499,18,2,4,5,6,8,10,12,13,19,20
2016-09-21,18:00,4500,1,1,2,5,6,7,8,11,12,13,19
2016-09-21,19:00,4501,12,1,3,4,7,9,10,11,12,13,19
2016-09-21,20:00,4502,8,2,3,4,6,7,11,12,17,18,19
2016-09-21,21:00,4503,9,1,2,3,6,7,11,14,15,16,19
2016-09-21,22:00,4504,17,2,4,6,8,12,14,15,16,17,19
2016-09-21,23:00,4505,19,3,5,6,7,8,9,11,12,13,16
2016-09-22,07:00,4506,14,1,3,5,7,9,11,12,13,15,18
2016-09-22,08:00,4507,9,4,6,7,8,9,12,15,16,18,20
2016-09-22,09:00,4508,8,4,6,7,8,9,12,13,14,15,20
2016-09-22,10:00,4509,12,2,4,5,6,13,14,16,17,19,20
2016-09-22,11:00,4510,8,1,3,4,6,7,10,14,15,19,20
2016-09-22,12:00,4511,2,1,2,4,8,9,12,15,16,17,20
2016-09-22,13:00,4512,14,3,4,6,7,8,10,12,13,16,17
2016-09-22,14:00,4513,14,1,4,5,8,9,11,14,16,17,18
2016-09-22,15:00,4514,20,3,7,8,9,10,11,12,13,15,19
2016-09-22,16:00,4515,13,2,3,4,5,6,11,13,16,17,19
2016-09-22,17:00,4516,3,1,2,4,6,10,12,13,14,15,16
2016-09-22,18:00,4517,13,1,2,5,6,13,14,16,17,18,19
2016-09-22,19:00,4518,18,4,6,7,9,12,14,15,17,18,19
2016-09-22,20:00,4519,14,1,2,3,4,5,7,12,14,16,18
2016-09-22,21:00,4520,16,1,5,6,8,11,16,17,18,19,20
2016-09-22,22:00,4521,7,2,3,4,5,8,9,15,17,18,20
2016-09-22,23:00,4522,6,2,3,4,9,10,11,14,16,17,20
2016-09-23,07:00,4523,11,2,5,6,8,11,12,13,15,17,20
2016-09-23,08:00,4524,18,1,3,6,7,10,11,13,15,16,19
2016-09-23,09:00,4525,7,1,3,4,5,6,9,13,15,17,18
2016-09-23,10:00,4526,9,1,3,7,9,12,13,15,17,18,20
2016-09-23,11:00,4527,1,1,2,4,5,7,12,13,14,15,20
2016-09-23,12:00,4528,9,1,2,3,7,8,9,14,17,19,20
2016-09-23,13:00,4529,16,2,3,8,9,11,12,14,16,17,20
2016-09-23,14:00,4530,3,1,2,4,5,8,12,15,16,19,20
2016-09-23,15:00,4531,6,4,5,6,7,10,11,13,14,15,20
2016-09-23,16:00,4532,17,1,3,5,8,9,12,13,15,17,19
2016-09-23,17:00,4533,8,1,4,6,9,10,15,17,18,19,20
2016-09-23,18:00,4534,3,1,4,5,9,10,11,13,14,17,18
2016-09-23,19:00,4535,10,3,6,7,8,9,11,14,17,18,19
2016-09-23,20:00,4536,3,2,4,5,6,8,10,11,13,18,19
2016-09-23,21:00,4537,8,1,2,7,10,11,12,14,15,16,17
2016-09-23,22:00,4538,3,2,4,6,9,10,12,13,14,16,20
2016-09-23,23:00,4539,13,3,4,5,6,7,12,13,17,19,20
2016-09-24,07:00,4540,3,1,2,4,7,8,10,12,14,18,20
2016-09-24,08:00,4541,2,1,2,4,5,6,7,8,9,10,11
2016-09-24,09:00,4542,19,1,6,8,11,12,14,15,17,18,19
2016-09-24,10:00,4543,6,1,3,4,7,10,11,13,16,18,20
2016-09-24,11:00,4544,4,3,4,6,8,9,10,11,13,16,19
2016-09-24,12:00,4545,12,1,2,7,8,10,11,12,14,18,20
2016-09-24,13:00,4546,14,1,3,7,9,10,13,14,18,19,20
2016-09-24,14:00,4547,3,5,8,9,10,12,13,15,17,19,20
2016-09-24,15:00,4548,6,1,3,4,5,7,9,12,14,15,18
2016-09-24,16:00,4549,18,1,2,3,4,5,7,8,11,12,13
2016-09-24,17:00,4550,12,1,3,5,7,9,12,14,15,16,18
2016-09-24,18:00,4551,9,2,4,7,11,12,13,14,15,18,20
2016-09-24,19:00,4552,4,3,6,7,8,9,10,11,13,15,16
2016-09-24,20:00,4553,10,2,3,4,6,7,8,14,15,17,19
2016-09-24,21:00,4554,18,1,2,5,7,12,15,16,18,19,20
2016-09-24,22:00,4555,20,2,5,6,8,11,15,16,17,18,19
2016-09-24,23:00,4556,8,1,4,6,7,9,10,13,16,17,18
2016-09-25,07:00,4557,6,2,4,5,6,8,10,11,12,13,14
2016-09-25,08:00,4558,5,4,5,7,8,9,14,15,16,17,20
2016-09-25,09:00,4559,13,1,4,6,8,9,10,12,15,19,20
2016-09-25,10:00,4560,6,3,5,6,10,13,14,16,17,18,20
2016-09-25,11:00,4561,18,3,5,9,10,11,12,14,15,17,20
2016-09-25,12:00,4562,5,3,4,6,7,9,12,13,15,16,20
2016-09-25,13:00,4563,6,3,7,9,11,13,15,16,17,18,19
2016-09-25,14:00,4564,18,1,3,6,8,10,11,12,14,18,19
2016-09-25,15:00,4565,11,3,5,7,10,11,14,15,16,17,19
2016-09-25,16:00,4566,13,2,4,7,8,10,12,13,15,16,20
2016-09-25,17:00,4567,20,3,4,7,8,9,10,12,14,19,20
2016-09-25,18:00,4568,1,3,4,5,6,7,9,10,13,15,18
2016-09-25,19:00,4569,8,1,3,9,10,11,12,13,14,18,20
2016-09-25,20:00,4570,5,1,3,8,11,12,13,15,16,17,20
2016-09-25,21:00,4571,10,2,7,8,10,13,14,16,17,19,20
2016-09-25,22:00,4572,9,2,3,5,6,7,9,10,14,18,20
2016-09-25,23:00,4573,19,5,7,8,10,12,14,15,17,19,20
2016-09-26,07:00,4574,11,1,3,4,6,7,11,16,18,19,20
2016-09-26,08:00,4575,20,1,3,6,7,9,11,13,16,17,20
2016-09-26,09:00,4576,5,1,2,5,6,8,10,11,12,15,19
2016-09-26,10:00,4577,9,2,5,8,10,11,12,15,16,18,19
2016-09-26,11:00,4578,15,3,4,5,6,9,12,13,14,18,20
2016-09-26,12:00,4579,18,1,2,3,7,8,9,15,16,18,20
2016-09-26,13:00,4580,17,1,2,3,5,7,10,11,13,16,18
2016-09-26,14:00,4581,20,3,6,7,10,11,12,14,16,18,19
2016-09-26,15:00,4582,7,1,3,5,6,9,10,13,14,15,16
2016-09-26,16:00,4583,3,1,3,4,5,6,8,13,15,16,18
2016-09-26,17:00,4584,10,1,2,3,8,13,14,15,18,19,20
2016-09-26,18:00,4585,15,1,2,3,6,7,8,11,13,14,20
2016-09-26,19:00,4586,10,1,3,4,6,7,8,12,13,16,20
2016-09-26,20:00,4587,2,1,3,4,5,6,9,10,13,15,16
2016-09-26,21:00,4588,18,2,3,4,6,12,14,15,16,17,20
2016-09-26,22:00,4589,12,3,8,11,12,13,15,17,18,19,20
2016-09-26,23:00,4590,2,2,7,8,10,11,12,13,15,16,17
2016-09-27,07:00,4591,19,3,4,6,7,8,11,14,15,16,20
2016-09-27,08:00,4592,19,1,5,8,10,11,13,16,17,18,20
2016-09-27,09:00,4593,5,1,3,4,5,9,10,12,15,19,20
2016-09-27,10:00,4594,2,1,2,3,5,7,8,11,14,16,20
2016-09-27,11:00,4595,2,6,8,9,14,15,16,17,18,19,20
2016-09-27,12:00,4596,14,1,6,10,11,14,15,17,18,19,20
2016-09-27,13:00,4597,15,3,4,5,7,8,9,14,16,17,18
2016-09-27,14:00,4598,2,3,4,5,7,12,14,16,18,19,20
2016-09-27,15:00,4599,14,3,8,9,12,13,15,16,17,19,20
2016-09-27,16:00,4600,7,3,5,7,10,12,13,14,16,17,18
2016-09-27,17:00,4601,1,6,8,10,12,13,14,15,18,19,20
2016-09-27,18:00,4602,12,3,4,7,8,9,10,14,15,17,19
2016-09-27,19:00,4603,4,1,3,4,5,6,10,14,17,18,19
2016-09-27,20:00,4604,1,4,6,9,10,11,12,13,14,16,17
2016-09-27,21:00,4605,8,1,2,6,7,8,10,14,15,17,18
2016-09-27,22:00,4606,8,3,5,7,8,11,12,13,14,18,19
2016-09-27,23:00,4607,1,2,4,8,9,10,11,12,15,17,20
2016-09-28,07:00,4608,5,1,4,7,8,10,12,13,16,18,19
2016-09-28,08:00,4609,20,1,4,5,7,10,11,15,16,17,20
2016-09-28,09:00,4610,20,2,3,4,8,11,13,14,16,19,20
2016-09-28,10:00,4611,8,1,3,4,8,13,14,15,16,18,19
2016-09-28,11:00,4612,4,1,2,6,7,8,11,12,14,17,18
2016-09-28,12:00,4613,8,1,3,7,8,9,10,12,14,18,20
2016-09-28,13:00,4614,16,1,3,5,7,11,12,13,16,17,20
2016-09-28,14:00,4615,8,2,3,5,6,9,10,12,13,17,19
2016-09-28,15:00,4616,10,2,4,5,6,7,8,9,12,14,18
2016-09-28,16:00,4617,19,2,3,4,6,7,10,13,18,19,20
2016-09-28,17:00,4618,19,1,2,5,6,9,10,15,16,17,20
2016-09-28,18:00,4619,20,4,5,6,11,12,14,16,17,18,19
2016-09-28,19:00,4620,5,1,2,3,9,10,11,12,14,16,18
2016-09-28,20:00,4621,20,1,2,3,5,7,9,10,14,16,19
2016-09-28,21:00,4622,14,2,3,4,8,10,11,15,17,18,19
2016-09-28,22:00,4623,16,4,6,7,10,12,13,14,15,19,20
2016-09-28,23:00,4624,13,6,8,9,10,12,13,14,15,19,20
2016-09-29,07:00,4625,14,4,6,7,8,9,12,13,14,15,18
2016-09-29,08:00,4626,15,6,8,10,11,12,14,15,16,19,20
2016-09-29,09:00,4627,2,2,4,6,8,9,10,14,15,18,19
2016-09-29,10:00,4628,4,1,4,7,10,11,12,13,15,18,19
2016-09-29,11:00,4629,4,1,3,5,8,10,11,12,13,15,16
2016-09-29,12:00,4630,8,1,5,7,10,12,13,15,16,17,18
2016-09-29,13:00,4631,15,1,2,3,6,10,11,15,16,17,20
2016-09-29,14:00,4632,20,2,5,7,8,9,10,11,13,16,19
2016-09-29,15:00,4633,6,1,2,4,5,7,9,10,12,14,20
2016-09-29,16:00,4634,9,1,2,4,5,6,8,12,15,18,20
2016-09-29,17:00,4635,14,1,4,6,7,8,9,10,16,17,19
2016-09-29,18:00,4636,7,2,3,5,6,9,10,12,13,16,19
2016-09-29,19:00,4637,17,1,2,4,5,8,11,12,17,19,20
2016-09-29,20:00,4638,2,2,4,5,7,10,11,12,13,14,20
2016-09-29,21:00,4639,11,1,7,8,13,14,15,17,18,19,20
2016-09-29,22:00,4640,19,2,5,6,7,9,10,11,15,17,19
2016-09-29,23:00,4641,9,2,3,4,7,9,10,11,14,15,16
2016-09-30,07:00,4642,16,2,3,8,10,12,13,15,18,19,20
2016-09-30,08:00,4643,3,1,2,4,7,8,10,14,17,19,20
2016-09-30,09:00,4644,12,1,4,5,6,7,8,13,15,16,18
2016-09-30,10:00,4645,5,2,3,5,7,9,14,15,18,19,20
2016-09-30,11:00,4646,19,2,4,6,7,9,13,15,18,19,20
2016-09-30,12:00,4647,7,3,4,6,7,9,12,13,14,16,17
2016-09-30,13:00,4648,10,1,3,5,7,8,10,11,15,16,19
2016-09-30,14:00,4649,11,1,2,3,4,6,8,9,13,16,19
2016-09-30,15:00,4650,20,1,2,3,6,8,9,15,16,19,20
2016-09-30,16:00,4651,20,2,3,4,9,12,13,14,16,19,20
2016-09-30,17:00,4652,14,2,5,8,9,10,11,12,13,16,19
2016-09-30,18:00,4653,12,1,2,3,10,12,14,15,17,18,19
2016-09-30,19:00,4654,17,1,4,5,6,10,12,14,15,17,19
2016-09-30,20:00,4655,5,1,2,5,6,10,11,15,16,19,20
2016-09-30,21:00,4656,6,3,4,5,9,10,11,12,14,17,19
2016-09-30,22:00,4657,4,2,3,4,6,8,10,16,17,18,19
2016-09-30,23:00,4658,1,4,5,6,7,8,9,11,13,14,19
2016-10-01,07:00,4659,18,2,4,5,8,9,11,15,17,19,20
2016-10-01,08:00,4660,8,1,2,3,5,8,12,13,17,19,20
2016-10-01,09:00,4661,19,1,2,3,4,5,11,13,17,19,20
2016-10-01,10:00,4662,13,2,4,5,9,11,12,15,17,19,20
2016-10-01,11:00,4663,5,4,5,6,7,8,9,11,13,19,20
2016-10-01,12:00,4664,15,1,2,3,6,8,9,10,16,19,20
2016-10-01,13:00,4665,6,1,6,7,9,12,13,14,16,17,19
2016-10-01,14:00,4666,16,2,3,6,8,9,10,11,15,16,17
2016-10-01,15:00,4667,6,1,8,9,10,11,12,13,14,18,20
2016-10-01,16:00,4668,3,6,7,10,11,12,13,14,15,16,17
2016-10-01,17:00,4669,14,1,3,4,5,9,10,14,15,19,20
2016-10-01,18:00,4670,3,1,2,3,4,6,7,10,13,14,16
2016-10-01,19:00,4671,9,2,3,4,5,6,7,8,9,15,20
2016-10-01,20:00,4672,15,1,2,3,5,6,8,9,13,14,15
2016-10-01,21:00,4673,9,5,7,8,9,10,12,13,14,18,19
2016-10-01,22:00,4674,14,2,3,6,7,9,11,13,14,16,19
2016-10-01,23:00,4675,3,2,5,6,7,9,14,15,16,18,20
2016-10-02,07:00,4676,15,2,3,5,8,9,10,11,13,16,17
2016-10-02,08:00,4677,10,1,3,8,10,12,13,16,17,18,19
2016-10-02,09:00,4678,3,1,3,7,8,10,11,12,15,16,18
2016-10-02,10:00,4679,9,1,2,5,6,7,11,14,16,19,20
2016-10-02,11:00,4680,5,1,3,5,7,9,10,14,16,17,19
2016-10-02,12:00,4681,5,2,5,6,7,9,10,12,14,17,19
2016-10-02,13:00,4682,13,2,3,4,7,9,11,12,13,14,15
2016-10-02,14:00,4683,14,2,3,4,5,11,12,14,15,16,17
2016-10-02,15:00,4684,13,1,3,4,5,9,12,13,14,16,20
2016-10-02,16:00,4685,18,2,3,8,9,11,13,16,17,18,19
2016-10-02,17:00,4686,6,3,4,6,8,10,11,12,14,15,19
2016-10-02,18:00,4687,6,2,3,5,8,9,10,11,13,18,20
2016-10-02,19:00,4688,1,2,3,4,9,10,11,12,16,17,20
2016-10-02,20:00,4689,9,2,4,7,10,11,12,14,17,18,19
2016-10-02,21:00,4690,10,2,3,4,7,9,10,11,12,15,20
2016-10-02,22:00,4691,12,1,2,8,9,11,13,14,18,19,20
2016-10-02,23:00,4692,13,5,6,9,10,11,13,14,15,17,19
2016-10-03,07:00,4693,19,3,4,5,6,7,10,11,17,19,20
2016-10-03,08:00,4694,13,1,3,4,5,6,7,14,15,16,19
2016-10-03,09:00,4695,1,1,4,7,8,9,10,11,12,14,19
2016-10-03,10:00,4696,5,1,2,3,4,6,9,10,12,15,18
2016-10-03,11:00,4697,20,1,2,6,7,8,10,15,18,19,20
2016-10-03,12:00,4698,12,2,3,6,7,10,11,13,14,18,20
2016-10-03,13:00,4699,16,2,4,6,7,11,12,13,14,17,18
2016-10-03,14:00,4700,8,2,6,7,9,10,12,14,15,19,20
2016-10-03,15:00,4701,8,3,4,6,7,9,11,12,16,18,20
2016-10-03,16:00,4702,8,3,4,6,8,10,12,13,15,17,18
2016-10-03,17:00,4703,2,3,4,8,9,10,12,14,16,17,18
2016-10-03,18:00,4704,17,2,7,9,11,12,13,16,17,18,19
2016-10-03,19:00,4705,10,1,5,7,8,9,10,11,14,15,19
2016-10-03,20:00,4706,12,1,6,7,9,10,12,13,15,17,19
2016-10-03,21:00,4707,11,1,2,4,5,7,9,11,12,13,19
2016-10-03,22:00,4708,13,2,3,10,11,13,14,15,17,18,19
2016-10-03,23:00,4709,13,2,4,6,7,9,10,13,14,18,19
2016-10-04,07:00,4710,14,2,6,8,9,11,13,14,15,18,20
2016-10-04,08:00,4711,20,5,6,8,9,10,11,13,14,15,20
2016-10-04,09:00,4712,20,4,5,7,9,12,14,15,16,17,20
2016-10-04,10:00,4713,6,2,3,5,6,8,10,12,14,17,20
2016-10-04,11:00,4714,9,2,3,6,11,12,13,14,15,17,20
2016-10-04,12:00,4715,1,2,5,7,8,9,10,14,16,19,20
2016-10-04,13:00,4716,13,1,2,4,5,6,9,11,14,19,20
2016-10-04,14:00,4717,11,1,2,3,6,9,12,13,16,18,19
2016-10-04,15:00,4718,19,1,4,5,6,8,10,12,14,17,18
2016-10-04,16:00,4719,2,1,5,7,8,9,13,14,17,18,19
2016-10-04,17:00,4720,12,1,6,8,10,12,16,17,18,19,20
2016-10-04,18:00,4721,4,1,5,6,7,9,11,12,13,17,19
2016-10-04,19:00,4722,2,1,2,6,7,10,11,15,16,19,20
2016-10-04,20:00,4723,15,4,5,6,7,11,12,15,16,17,20
2016-10-04,21:00,4724,19,1,2,3,5,7,8,14,16,17,20
2016-10-04,22:00,4725,19,3,4,5,6,7,10,11,14,17,20
2016-10-04,23:00,4726,17,1,4,5,7,9,10,11,12,16,20
2016-10-05,07:00,4727,5,1,2,4,7,14,15,16,18,19,20
2016-10-05,08:00,4728,16,1,4,5,7,8,13,15,16,18,19
2016-10-05,09:00,4729,18,1,4,6,10,11,13,14,15,18,20
2016-10-05,10:00,4730,20,1,2,3,5,9,11,12,16,17,18
2016-10-05,11:00,4731,10,3,4,6,8,11,15,16,17,18,20
2016-10-05,12:00,4732,13,1,3,4,5,9,12,13,14,15,16
2016-10-05,13:00,4733,2,2,3,6,7,10,11,13,14,15,20
2016-10-05,14:00,4734,10,1,2,5,7,8,10,15,16,17,18
2016-10-05,15:00,4735,3,1,4,5,6,9,12,14,15,17,19
2016-10-05,16:00,4736,18,3,6,7,8,10,12,13,17,18,19
2016-10-05,17:00,4737,1,3,4,6,7,8,9,10,11,17,20
2016-10-05,18:00,4738,1,5,7,8,9,11,14,15,16,17,20
2016-10-05,19:00,4739,4,1,2,4,5,7,8,9,10,16,19
2016-10-05,20:00,4740,3,2,4,5,6,9,12,13,14,16,18
2016-10-05,21:00,4741,16,4,6,8,9,10,11,12,15,16,19
2016-10-05,22:00,4742,17,1,3,5,8,9,10,11,14,16,17
2016-10-05,23:00,4743,2,1,2,5,6,8,10,12,13,16,19
2016-10-06,07:00,4744,20,1,3,7,8,9,12,15,16,18,20
2016-10-06,08:00,4745,15,1,2,3,5,6,7,10,16,19,20
2016-10-06,09:00,4746,6,2,4,8,10,11,12,13,17,18,20
2016-10-06,10:00,4747,13,4,5,6,8,9,11,13,18,19,20
2016-10-06,11:00,4748,16,5,7,8,10,11,15,17,18,19,20
2016-10-06,12:00,4749,17,5,7,8,10,11,13,14,15,16,18
2016-10-06,13:00,4750,17,4,6,7,8,9,12,15,16,18,20
2016-10-06,14:00,4751,12,2,5,7,8,9,10,11,12,13,16
2016-10-06,15:00,4752,6,2,4,5,6,8,11,13,16,17,20
2016-10-06,16:00,4753,17,1,2,5,6,8,10,12,13,15,20
2016-10-06,17:00,4754,8,1,3,6,10,14,16,17,18,19,20
2016-10-06,18:00,4755,6,2,3,5,6,10,13,14,17,18,20
2016-10-06,19:00,4756,16,1,6,8,9,12,13,15,17,18,20
2016-10-06,20:00,4757,12,5,6,7,10,11,12,15,16,19,20
2016-10-06,21:00,4758,18,3,4,5,6,7,10,11,15,18,19
2016-10-06,22:00,4759,3,2,5,9,11,12,14,15,16,17,20
2016-10-06,23:00,4760,14,1,2,7,8,9,11,12,14,19,20
2016-10-07,07:00,4761,8,1,2,3,6,11,12,13,15,18,20
2016-10-07,08:00,4762,11,1,2,6,8,11,13,16,17,19,20
2016-10-07,09:00,4763,4,2,4,5,7,8,11,12,15,18,19
2016-10-07,10:00,4764,13,1,3,8,9,12,13,16,17,18,20
2016-10-07,11:00,4765,9,2,4,6,7,8,10,11,12,15,20
2016-10-07,12:00,4766,3,3,4,7,10,11,15,16,17,19,20
2016-10-07,13:00,4767,7,3,7,9,10,11,12,14,16,18,19
2016-10-07,14:00,4768,2,4,6,8,9,10,11,12,15,18,20
2016-10-07,15:00,4769,1,3,4,7,8,10,11,12,13,14,17
2016-10-07,16:00,4770,11,3,4,7,8,9,12,14,16,19,20
2016-10-07,17:00,4771,20,1,4,5,6,7,8,10,11,17,19
2016-10-07,18:00,4772,10,3,4,6,9,12,14,15,16,18,19
2016-10-07,19:00,4773,9,2,3,7,8,9,11,12,13,18,19
2016-10-07,20:00,4774,13,2,8,11,12,13,14,16,17,18,20
2016-10-07,21:00,4775,3,1,4,6,8,10,12,13,14,17,20
2016-10-07,22:00,4776,20,4,5,6,8,9,11,16,18,19,20
2016-10-07,23:00,4777,7,1,7,9,11,13,14,16,17,18,20
2016-10-08,07:00,4778,1,1,3,5,7,9,11,12,15,16,18
2016-10-08,08:00,4779,1,2,3,4,5,7,10,12,15,18,19
2016-10-08,09:00,4780,15,1,2,3,4,5,6,8,10,11,17
2016-10-08,10:00,4781,2,1,3,4,6,8,9,11,13,14,17
2016-10-08,11:00,4782,12,4,5,7,8,10,12,16,18,19,20
2016-10-08,12:00,4783,14,1,2,3,4,5,6,9,13,15,18
2016-10-08,13:00,4784,4,1,2,3,8,9,11,12,15,16,19
2016-10-08,14:00,4785,10,5,6,8,9,11,12,14,15,17,18
2016-10-08,15:00,4786,6,1,2,4,5,7,9,10,13,15,17
2016-10-08,16:00,4787,11,1,2,3,4,7,12,17,18,19,20
2016-10-08,17:00,4788,9,1,3,4,6,8,10,12,13,17,18
2016-10-08,18:00,4789,3,2,3,8,10,11,13,14,17,18,19
2016-10-08,19:00,4790,8,3,4,5,7,12,13,14,16,17,19
2016-10-08,20:00,4791,7,1,2,4,5,7,8,11,12,16,20
2016-10-08,21:00,4792,17,1,2,5,6,7,10,11,13,15,19
2016-10-08,22:00,4793,14,1,2,3,4,7,9,10,13,15,20
2016-10-08,23:00,4794,3,1,2,4,5,6,8,11,15,18,19
2016-10-09,07:00,4795,20,2,3,5,6,7,9,12,13,16,17
2016-10-09,08:00,4796,17,1,2,3,7,8,9,12,17,18,19
2016-10-09,09:00,4797,6,1,3,4,5,8,11,12,14,18,19
2016-10-09,10:00,4798,19,1,3,5,6,7,9,10,15,17,20
2016-10-09,11:00,4799,8,2,6,10,13,14,15,16,17,19,20
2016-10-09,12:00,4800,9,1,4,6,7,8,9,11,12,18,19
2016-10-09,13:00,4801,9,1,3,4,6,7,9,12,15,17,19
2016-10-09,14:00,4802,20,1,5,7,10,13,14,15,16,18,19
2016-10-09,15:00,4803,1,3,5,10,11,13,14,16,17,18,20
2016-10-09,16:00,4804,5,1,4,6,7,9,10,11,12,14,18
2016-10-09,17:00,4805,14,4,5,6,7,8,9,12,17,18,19
2016-10-09,18:00,4806,4,2,7,8,9,10,13,15,17,19,20
2016-10-09,19:00,4807,1,1,2,4,6,10,12,14,16,17,18
2016-10-09,20:00,4808,16,1,2,4,5,7,13,14,18,19,20
2016-10-09,21:00,4809,11,2,5,7,8,10,11,16,17,18,19
2016-10-09,22:00,4810,2,1,3,4,6,7,8,14,15,18,19
2016-10-09,23:00,4811,2,1,3,4,6,10,11,12,13,15,16
2016-10-10,07:00,4812,15,1,7,9,11,12,13,16,18,19,20
2016-10-10,08:00,4813,7,1,2,4,7,8,9,16,17,19,20
2016-10-10,09:00,4814,20,1,3,7,9,10,11,13,14,16,19
2016-10-10,10:00,4815,2,2,5,6,9,10,13,14,16,17,19
2016-10-10,11:00,4816,9,1,3,4,5,6,7,11,14,16,17
2016-10-10,12:00,4817,18,1,4,5,6,7,9,11,12,16,19
2016-10-10,13:00,4818,18,4,5,8,12,13,15,16,17,19,20
2016-10-10,14:00,4819,6,3,4,5,9,10,11,12,13,17,18
2016-10-10,15:00,4820,7,1,2,3,4,11,12,13,14,15,16
2016-10-10,16:00,4821,8,1,2,3,4,5,7,9,13,15,19
2016-10-10,17:00,4822,2,1,2,3,7,8,10,14,15,16,17
2016-10-10,18:00,4823,1,1,4,5,6,9,10,11,15,18,19
2016-10-10,19:00,4824,20,1,2,5,7,8,11,16,17,18,20
2016-10-10,20:00,4825,12,1,2,3,6,8,13,14,15,16,18
2016-10-10,21:00,4826,17,2,7,8,9,11,12,16,17,19,20
2016-10-10,22:00,4827,3,1,2,3,4,7,10,11,14,16,20
2016-10-10,23:00,4828,3,1,3,4,6,7,8,13,14,16,17
2016-10-11,07:00,4829,11,3,4,6,7,10,11,14,16,18,19
2016-10-11,08:00,4830,18,1,3,7,8,9,10,11,16,17,18
2016-10-11,09:00,4831,5,2,5,6,7,9,11,12,13,14,18
2016-10-11,10:00,4832,6,3,4,5,7,8,13,14,16,19,20
2016-10-11,11:00,4833,4,4,5,6,8,9,11,12,13,15,20
2016-10-11,12:00,4834,9,1,2,5,7,11,13,15,17,18,19
2016-10-11,13:00,4835,8,3,7,8,9,11,13,14,16,17,20
2016-10-11,14:00,4836,20,1,2,4,6,7,8,11,14,17,18
2016-10-11,15:00,4837,1,4,5,6,8,9,12,13,16,17,20
2016-10-11,16:00,4838,3,1,3,4,6,7,12,13,16,18,20
2016-10-11,17:00,4839,14,3,5,9,10,13,14,15,17,19,20
2016-10-11,18:00,4840,11,3,4,5,6,8,9,12,14,15,17
2016-10-11,19:00,4841,20,2,3,5,7,10,12,13,15,16,19
2016-10-11,20:00,4842,13,1,4,6,7,8,9,13,15,18,20
2016-10-11,21:00,4843,1,1,4,10,12,13,15,16,17,18,20
2016-10-11,22:00,4844,17,1,3,4,8,9,10,11,13,17,19
2016-10-11,23:00,4845,2,1,5,6,10,11,12,13,14,16,19
2016-10-12,07:00,4846,10,1,5,7,8,9,11,12,16,18,19
2016-10-12,08:00,4847,9,3,4,6,7,9,12,13,15,17,18
2016-10-12,09:00,4848,18,1,2,4,5,6,12,16,17,18,20
2016-10-12,10:00,4849,20,1,4,5,7,10,11,15,16,17,19
2016-10-12,11:00,4850,12,1,3,5,7,11,12,15,16,18,19
2016-10-12,12:00,4851,13,1,3,4,7,8,10,11,12,13,20
2016-10-12,13:00,4852,17,5,7,11,12,13,14,16,17,18,19
2016-10-12,14:00,4853,4,1,4,6,8,11,13,14,15,16,17
2016-10-12,15:00,4854,19,2,4,5,6,9,10,11,12,14,15
2016-10-12,16:00,4855,13,1,6,7,9,10,12,13,14,15,16
2016-10-12,17:00,4856,12,1,2,3,5,8,9,12,17,19,20
2016-10-12,18:00,4857,4,1,2,5,6,9,13,14,16,19,20
2016-10-12,19:00,4858,16,1,4,6,7,9,12,15,17,19,20
2016-10-12,20:00,4859,4,2,4,10,11,12,14,15,16,17,19
2016-10-12,21:00,4860,2,1,2,5,7,10,11,12,13,14,16
2016-10-12,22:00,4861,14,1,3,4,5,6,7,8,12,15,18
2016-10-12,23:00,4862,11,1,2,5,6,9,12,13,15,17,19
2016-10-13,07:00,4863,11,1,2,3,4,6,8,12,17,18,19
2016-10-13,08:00,4864,5,2,3,4,5,7,8,9,10,16,20
2016-10-13,09:00,4865,15,4,5,6,7,11,12,13,16,17,18
2016-10-13,10:00,4866,12,1,3,4,5,13,15,16,18,19,20
2016-10-13,11:00,4867,15,1,4,7,10,12,13,14,15,16,19
2016-10-13,12:00,4868,1,7,11,12,13,14,15,17,18,19,20
2016-10-13,13:00,4869,10,5,6,7,10,11,12,13,14,17,18
2016-10-13,14:00,4870,18,2,3,4,5,6,7,10,11,17,19
2016-10-13,15:00,4871,15,3,4,5,7,9,10,11,13,17,19
2016-10-13,16:00,4872,13,1,7,8,9,10,12,13,14,18,20
2016-10-13,17:00,4873,13,3,4,7,10,11,12,13,15,16,20
2016-10-13,18:00,4874,1,2,3,5,6,8,9,12,13,14,17
2016-10-13,19:00,4875,4,2,5,6,8,12,13,14,16,19,20
2016-10-13,20:00,4876,5,1,3,6,8,9,10,11,13,15,17
2016-10-13,21:00,4877,4,2,7,8,9,11,12,14,16,17,19
2016-10-13,22:00,4878,18,3,8,9,10,13,14,15,16,19,20
2016-10-13,23:00,4879,3,3,6,7,11,12,14,15,17,18,20
2016-10-14,07:00,4880,17,1,4,7,8,10,12,15,16,17,20
2016-10-14,08:00,4881,2,2,8,9,11,14,15,16,17,18,19
2016-10-14,09:00,4882,18,1,2,3,4,8,9,10,11,16,19
2016-10-14,10:00,4883,4,1,2,4,5,6,8,10,11,13,14
2016-10-14,11:00,4884,20,1,4,5,6,9,10,11,12,13,17
2016-10-14,12:00,4885,13,2,3,4,8,9,10,11,12,17,20
2016-10-14,13:00,4886,12,1,3,4,5,6,7,11,14,15,16
2016-10-14,14:00,4887,8,1,4,5,9,10,13,15,16,18,19
2016-10-14,15:00,4888,12,1,3,4,7,9,12,14,17,18,19
2016-10-14,16:00,4889,14,4,7,8,10,11,13,15,16,18,19
2016-10-14,17:00,4890,17,1,2,3,9,12,13,16,17,18,19
2016-10-14,18:00,4891,11,1,3,4,5,6,8,13,15,16,20
2016-10-14,19:00,4892,20,1,3,5,9,10,12,14,15,16,18
2016-10-14,20:00,4893,11,2,4,5,8,10,12,14,15,16,18
2016-10-14,21:00,4894,14,2,3,4,8,11,12,13,14,17,19
2016-10-14,22:00,4895,18,1,2,4,6,9,12,14,15,17,18
2016-10-14,23:00,4896,14,2,3,4,5,11,13,15,16,18,19
2016-10-15,07:00,4897,20,2,3,4,5,6,11,14,16,18,20
2016-10-15,08:00,4898,15,5,7,9,11,12,13,16,17,18,20
2016-10-15,09:00,4899,15,1,4,5,6,7,10,13,15,16,18
2016-10-15,10:00,4900,2,1,3,7,9,11,13,14,16,17,20
2016-10-15,11:00,4901,10,3,4,5,11,13,14,15,16,18,20
2016-10-15,12:00,4902,20,1,2,3,6,10,11,12,13,16,20
2016-10-15,13:00,4903,6,1,4,6,10,12,13,14,15,18,20
2016-10-15,14:00,4904,7,2,6,9,10,12,13,14,18,19,20
2016-10-15,15:00,4905,14,1,3,4,6,8,10,14,16,17,18
2016-10-15,16:00,4906,10,1,8,10,11,13,14,15,17,18,19
2016-10-15,17:00,4907,9,1,3,4,5,7,8,9,11,15,19
2016-10-15,18:00,4908,1,3,7,8,11,12,14,15,16,18,19
2016-10-15,19:00,4909,3,1,3,6,9,10,11,12,13,15,19
2016-10-15,20:00,4910,17,3,4,6,9,11,12,13,14,16,20
2016-10-15,21:00,4911,10,1,6,8,9,10,11,12,14,16,19
2016-10-15,22:00,4912,10,2,6,7,11,12,13,15,16,19,20
2016-10-15,23:00,4913,20,2,4,5,6,7,10,11,12,13,15
2016-10-16,07:00,4914,9,2,4,5,7,8,12,13,17,19,20
2016-10-16,08:00,4915,12,3,5,8,9,13,14,15,16,17,19
2016-10-16,09:00,4916,20,1,3,4,5,7,8,10,12,17,18
2016-10-16,10:00,4917,20,2,3,4,5,6,10,11,16,18,19
2016-10-16,11:00,4918,20,1,2,3,4,5,7,10,16,17,20
2016-10-16,12:00,4919,17,3,4,8,10,11,12,14,15,16,20
2016-10-16,13:00,4920,5,1,3,4,7,8,9,10,11,14,15
2016-10-16,14:00,4921,7,4,6,7,10,11,12,13,16,19,20
2016-10-16,15:00,4922,15,3,4,6,7,8,12,16,17,18,19
2016-10-16,16:00,4923,17,1,3,5,6,8,10,13,14,16,17
2016-10-16,17:00,4924,16,1,5,7,8,11,13,14,15,17,20
2016-10-16,18:00,4925,19,1,4,5,6,11,12,13,15,18,20
2016-10-16,19:00,4926,4,2,3,4,6,8,11,14,16,18,20
2016-10-16,20:00,4927,1,7,9,10,12,13,14,15,17,19,20
2016-10-16,21:00,4928,8,3,4,7,8,9,11,14,15,17,20
2016-10-16,22:00,4929,5,1,2,6,8,10,12,14,15,18,19
2016-10-16,23:00,4930,8,5,7,8,10,13,14,16,18,19,20
2016-10-17,07:00,4931,18,1,2,3,6,7,8,11,12,14,18
2016-10-17,08:00,4932,14,1,2,3,4,7,8,9,13,16,19
2016-10-17,09:00,4933,16,1,2,4,5,8,10,11,12,14,16
2016-10-17,10:00,4934,5,1,4,5,6,7,8,10,11,12,18
2016-10-17,11:00,4935,1,1,2,4,5,6,7,10,12,14,20
2016-10-17,12:00,4936,15,2,3,4,5,9,12,13,14,15,19
2016-10-17,13:00,4937,5,1,5,6,8,10,11,15,18,19,20
2016-10-17,14:00,4938,16,1,7,8,9,11,12,14,16,18,20
2016-10-17,15:00,4939,17,1,3,6,7,8,10,12,14,17,19
2016-10-17,16:00,4940,4,1,9,10,11,12,13,17,18,19,20
2016-10-17,17:00,4941,20,1,2,3,4,7,12,13,14,15,18
2016-10-17,18:00,4942,10,2,3,5,6,8,10,11,14,15,19
2016-10-17,19:00,4943,15,1,3,5,8,9,10,12,16,17,19
2016-10-17,20:00,4944,16,3,4,6,8,9,11,15,17,18,20
2016-10-17,21:00,4945,1,1,2,3,6,8,12,13,14,18,19
2016-10-17,22:00,4946,7,2,3,4,5,7,9,13,16,17,18
2016-10-17,23:00,4947,20,2,3,5,8,11,12,16,17,18,20
2016-10-18,07:00,4948,16,1,2,3,4,9,11,13,14,16,18
2016-10-18,08:00,4949,4,1,2,5,6,7,8,10,14,17,20
2016-10-18,09:00,4950,10,1,5,6,7,8,10,12,15,16,19
2016-10-18,10:00,4951,17,1,3,5,6,9,10,13,16,19,20
2016-10-18,11:00,4952,1,4,5,6,8,9,12,14,18,19,20
2016-10-18,12:00,4953,19,3,6,8,9,11,12,15,16,17,18
2016-10-18,13:00,4954,16,2,3,5,8,10,12,13,14,16,19
2016-10-18,14:00,4955,10,3,5,6,7,8,9,11,15,19,20
2016-10-18,15:00,4956,6,3,4,5,7,12,13,16,17,18,19
2016-10-18,16:00,4957,7,1,2,3,6,9,10,11,14,17,19
2016-10-18,17:00,4958,13,1,2,8,9,10,12,15,16,17,20
2016-10-18,18:00,4959,5,1,4,6,10,11,12,13,16,19,20
2016-10-18,19:00,4960,5,1,3,5,8,10,14,15,16,18,19
2016-10-18,20:00,4961,17,1,2,6,8,9,11,13,18,19,20
2016-10-18,21:00,4962,2,1,3,7,8,9,10,13,14,18,20
2016-10-18,22:00,4963,16,3,4,5,6,12,15,17,18,19,20
2016-10-18,23:00,4964,10,1,2,4,5,6,8,15,17,18,19
2016-10-19,07:00,4965,3,2,3,5,7,8,9,11,12,16,19
2016-10-19,08:00,4966,11,3,4,8,9,10,11,12,15,16,18
2016-10-19,09:00,4967,2,1,4,5,8,10,11,12,17,18,20
2016-10-19,10:00,4968,17,1,5,9,11,12,13,15,16,18,20
2016-10-19,11:00,4969,17,2,6,9,11,12,13,15,18,19,20
2016-10-19,12:00,4970,9,3,6,9,10,12,15,16,18,19,20
2016-10-19,13:00,4971,3,1,3,7,8,9,10,14,16,17,18
2016-10-19,14:00,4972,15,1,3,6,7,9,10,11,14,15,19
2016-10-19,15:00,4973,16,1,3,4,5,6,7,10,15,17,20
2016-10-19,16:00,4974,2,1,3,4,5,7,8,9,12,17,20
2016-10-19,17:00,4975,17,3,4,6,7,8,9,10,15,16,19
2016-10-19,18:00,4976,2,4,7,9,11,13,14,15,16,17,19
2016-10-19,19:00,4977,19,2,4,5,7,10,11,12,13,16,19
2016-10-19,20:00,4978,14,1,3,4,6,7,10,11,15,16,18
2016-10-19,21:00,4979,10,4,5,6,9,12,13,14,15,19,20
2016-10-19,22:00,4980,19,1,2,3,5,8,11,12,15,19,20
2016-10-19,23:00,4981,15,1,2,4,6,9,10,12,15,17,20
2016-10-20,07:00,4982,9,1,4,6,7,8,9,11,14,18,20
2016-10-20,08:00,4983,7,1,2,5,6,9,11,15,17,18,20
2016-10-20,09:00,4984,8,1,2,3,5,8,12,14,17,18,19
2016-10-20,10:00,4985,14,3,4,7,8,11,13,15,16,17,18
2016-10-20,11:00,4986,12,3,5,7,9,10,12,16,17,18,20
2016-10-20,12:00,4987,4,1,3,4,5,6,12,15,17,18,20
2016-10-20,13:00,4988,9,1,2,3,4,8,9,11,16,19,20
2016-10-20,14:00,4989,11,1,2,4,6,8,9,13,15,16,18
2016-10-20,15:00,4990,3,5,6,10,11,13,14,15,16,18,19
2016-10-20,16:00,4991,15,2,4,5,6,8,10,11,15,19,20
2016-10-20,17:00,4992,7,2,7,9,10,12,14,15,18,19,20
2016-10-20,18:00,4993,15,3,5,7,9,10,11,12,13,14,17
2016-10-20,19:00,4994,1,2,5,6,8,9,13,14,16,19,20
2016-10-20,20:00,4995,3,2,3,5,8,11,12,15,16,17,19
2016-10-20,21:00,4996,18,2,5,6,7,9,10,12,13,15,19
2016-10-20,22:00,4997,19,1,5,9,10,12,14,16,17,18,19
2016-10-20,23:00,4998,19,2,8,10,11,12,13,15,16,17,20
2016-10-21,07:00,4999,7,5,7,8,10,12,14,15,16,17,18
2016-10-21,08:00,5000,12,1,3,7,10,11,12,13,15,18,20
2016-10-21,09:00,5001,13,3,4,5,9,10,15,16,17,19,20
2016-10-21,10:00,5002,6,2,4,5,7,10,12,13,16,17,19
2016-10-21,11:00,5003,8,2,4,10,11,12,14,17,18,19,20
2016-10-21,12:00,5004,10,2,4,8,9,10,13,14,17,18,19
2016-10-21,13:00,5005,6,1,3,4,5,6,10,11,12,14,20
2016-10-21,14:00,5006,6,1,4,6,7,9,10,13,14,18,20
2016-10-21,15:00,5007,18,3,4,8,10,11,13,15,16,17,20
2016-10-21,16:00,5008,19,1,2,5,6,11,12,13,16,17,20
2016-10-21,17:00,5009,15,1,5,6,9,10,11,13,16,18,19
2016-10-21,18:00,5010,16,2,3,4,9,12,13,14,15,16,19
2016-10-21,19:00,5011,8,3,4,5,6,9,11,13,14,17,18
2016-10-21,20:00,5012,17,5,8,9,10,11,12,14,15,19,20
2016-10-21,21:00,5013,16,2,7,9,10,11,12,13,15,18,19
2016-10-21,22:00,5014,16,1,2,5,6,8,9,10,14,17,19
2016-10-21,23:00,5015,17,1,2,3,6,7,10,11,12,16,18
2016-10-22,07:00,5016,9,3,4,5,8,10,11,12,15,16,18
2016-10-22,08:00,5017,3,1,2,6,10,12,13,14,18,19,20
2016-10-22,09:00,5018,12,2,4,6,7,8,9,11,15,17,18
2016-10-22,10:00,5019,15,1,4,6,7,8,14,15,16,17,19
2016-10-22,11:00,5020,3,2,3,4,5,7,11,12,14,15,19
2016-10-22,12:00,5021,3,3,4,6,9,10,12,14,16,17,18
2016-10-22,13:00,5022,10,1,4,5,6,7,10,12,13,16,20
2016-10-22,14:00,5023,11,1,2,3,7,10,11,12,14,18,19
2016-10-22,15:00,5024,19,4,5,7,8,9,11,15,16,18,19
2016-10-22,16:00,5025,8,1,4,5,6,9,10,14,15,19,20
2016-10-22,17:00,5026,17,4,6,7,8,9,12,14,16,17,18
2016-10-22,18:00,5027,17,1,2,4,5,7,9,12,13,14,19
2016-10-22,19:00,5028,1,1,3,4,6,7,9,12,13,19,20
2016-10-22,20:00,5029,17,1,4,5,6,7,12,14,15,16,20
2016-10-22,21:00,5030,19,2,4,5,7,13,14,16,17,18,20
2016-10-22,22:00,5031,3,3,6,7,11,12,14,15,16,18,19
2016-10-22,23:00,5032,5,1,4,5,9,11,12,13,15,18,19
2016-10-23,07:00,5033,19,1,2,4,7,8,10,12,13,17,18
2016-10-23,08:00,5034,3,1,3,4,7,10,12,14,16,17,19
2016-10-23,09:00,5035,4,1,4,6,7,9,10,12,13,14,18
2016-10-23,10:00,5036,4,3,4,6,8,10,13,14,15,16,20
2016-10-23,11:00,5037,18,4,7,8,9,10,12,13,14,15,19
2016-10-23,12:00,5038,9,1,4,10,11,12,13,15,16,19,20
2016-10-23,13:00,5039,8,1,2,7,8,11,12,15,16,18,19
2016-10-23,14:00,5040,1,1,2,3,4,8,10,12,13,17,20
2016-10-23,15:00,5041,18,1,2,3,4,6,7,11,15,16,17
2016-10-23,16:00,5042,6,1,2,4,8,9,10,11,14,16,17
2016-10-23,17:00,5043,5,7,9,10,13,14,15,16,17,18,19
2016-10-23,18:00,5044,17,2,3,5,8,14,15,16,17,18,20
2016-10-23,19:00,5045,18,4,6,7,8,11,12,13,14,18,20
2016-10-23,20:00,5046,14,1,6,7,9,10,14,15,18,19,20
2016-10-23,21:00,5047,1,1,2,11,12,13,14,15,16,17,19
2016-10-23,22:00,5048,13,3,4,5,6,9,13,14,15,16,19
2016-10-23,23:00,5049,6,1,4,5,7,8,11,12,13,16,19
2016-10-24,07:00,5050,20,3,4,6,7,8,11,12,13,14,15
2016-10-24,08:00,5051,16,2,7,9,10,11,14,16,17,19,20
2016-10-24,09:00,5052,11,1,2,4,6,9,11,16,17,18,19
2016-10-24,10:00,5053,2,1,2,3,4,9,12,13,16,18,20
2016-10-24,11:00,5054,15,3,4,8,9,11,13,14,16,17,18
2016-10-24,12:00,5055,14,2,3,6,10,12,13,14,17,18,19
2016-10-24,13:00,5056,8,1,2,4,5,6,9,10,11,12,15
2016-10-24,14:00,5057,12,1,2,3,4,7,8,11,13,16,17
2016-10-24,15:00,5058,10,3,8,9,10,11,13,14,17,18,19
2016-10-24,16:00,5059,14,1,4,6,7,8,9,11,13,19,20
2016-10-24,17:00,5060,8,3,4,5,12,14,15,16,18,19,20
2016-10-24,18:00,5061,3,1,2,3,5,9,10,11,15,16,17
2016-10-24,19:00,5062,17,1,2,8,9,10,11,12,14,18,19
2016-10-24,20:00,5063,18,2,4,5,6,8,14,16,17,18,19
2016-10-24,21:00,5064,13,3,4,6,7,11,13,15,16,17,19
2016-10-24,22:00,5065,4,2,4,5,10,12,13,14,16,18,19
2016-10-24,23:00,5066,16,1,2,6,8,9,10,11,13,15,16
2016-10-25,07:00,5067,2,1,2,5,7,11,12,15,17,19,20
2016-10-25,08:00,5068,11,3,6,7,9,12,14,16,17,18,20
2016-10-25,09:00,5069,17,1,7,8,9,11,12,13,15,17,20
2016-10-25,10:00,5070,15,2,3,4,5,7,9,13,14,16,17
2016-10-25,11:00,5071,3,1,2,3,4,6,13,14,16,18,20
2016-10-25,12:00,5072,18,2,3,6,9,10,11,14,16,17,20
2016-10-25,13:00,5073,19,1,2,3,5,6,7,10,15,17,20
2016-10-25,14:00,5074,14,1,3,5,6,8,9,11,16,17,20
2016-10-25,15:00,5075,11,1,2,3,5,7,9,13,15,16,20
2016-10-25,16:00,5076,19,3,8,9,11,14,16,17,18,19,20
2016-10-25,17:00,5077,14,1,3,4,10,12,13,14,16,18,19
2016-10-25,18:00,5078,3,1,5,6,8,9,11,12,15,19,20
2016-10-25,19:00,5079,19,1,2,6,9,13,14,15,17,19,20
2016-10-25,20:00,5080,3,2,3,4,5,6,8,11,12,16,17
2016-10-25,21:00,5081,5,1,2,4,7,11,12,13,14,15,16
2016-10-25,22:00,5082,6,5,6,7,8,10,12,14,16,18,19
2016-10-25,23:00,5083,17,1,4,7,9,10,14,15,16,18,19
2016-10-26,07:00,5084,7,2,3,6,7,8,9,10,12,16,19
2016-10-26,08:00,5085,20,1,2,4,5,7,9,10,11,15,17
2016-10-26,09:00,5086,20,1,3,4,5,7,10,14,15,16,19
2016-10-26,10:00,5087,20,1,2,5,7,11,13,17,18,19,20
2016-10-26,11:00,5088,14,2,3,4,5,7,9,13,18,19,20
2016-10-26,12:00,5089,12,4,6,10,11,12,13,15,17,18,19
2016-10-26,13:00,5090,8,2,3,7,9,10,12,13,14,17,18
2016-10-26,14:00,5091,7,1,3,4,6,8,12,13,15,16,18
2016-10-26,15:00,5092,15,1,4,7,9,12,14,16,17,18,20
2016-10-26,16:00,5093,16,3,5,6,7,8,11,14,15,16,19
2016-10-26,17:00,5094,19,1,3,6,7,8,12,15,16,17,18
2016-10-26,18:00,5095,1,2,6,10,11,12,14,15,16,18,19
2016-10-26,19:00,5096,16,1,5,7,9,10,11,13,15,18,20
2016-10-26,20:00,5097,16,4,6,8,9,12,15,16,17,19,20
2016-10-26,21:00,5098,17,1,3,4,5,6,7,8,10,19,20
2016-10-26,22:00,5099,9,2,5,7,10,11,14,15,16,17,18
2016-10-26,23:00,5100,2,2,3,4,5,7,9,10,11,15,18
2016-10-27,07:00,5101,16,3,8,9,11,12,14,15,16,17,19
2016-10-27,08:00,5102,7,1,8,9,10,12,13,14,15,18,20
2016-10-27,09:00,5103,16,1,2,4,7,8,11,15,16,19,20
2016-10-27,10:00,5104,18,2,6,8,11,12,13,14,17,19,20
2016-10-27,11:00,5105,17,3,6,8,9,11,12,14,17,18,20
2016-10-27,12:00,5106,18,1,3,4,6,11,12,15,16,18,19
2016-10-27,13:00,5107,20,4,5,6,7,9,12,14,17,19,20
2016-10-27,14:00,5108,1,4,6,7,9,10,13,16,17,18,20
2016-10-27,15:00,5109,19,3,4,9,10,11,13,14,15,16,17
2016-10-27,16:00,5110,20,2,4,6,10,12,13,15,16,17,20
2016-10-27,17:00,5111,10,1,2,3,5,6,11,12,15,17,18
2016-10-27,18:00,5112,14,2,3,8,9,12,13,14,15,16,17
2016-10-27,19:00,5113,6,2,4,5,6,8,12,13,16,17,19
2016-10-27,20:00,5114,17,2,3,5,7,8,9,12,17,18,20
2016-10-27,21:00,5115,2,1,3,4,6,7,10,11,14,15,19
2016-10-27,22:00,5116,6,1,3,4,5,7,8,9,12,15,17
2016-10-27,23:00,5117,16,1,5,6,7,8,10,13,15,17,20
2016-10-28,07:00,5118,20,1,3,9,10,13,14,16,17,18,20
2016-10-28,08:00,5119,8,1,2,3,7,11,12,15,16,17,20
2016-10-28,09:00,5120,2,3,6,7,9,10,11,13,15,16,18
2016-10-28,10:00,5121,17,3,4,5,7,8,10,14,16,17,18
2016-10-28,11:00,5122,19,4,6,8,9,13,15,16,17,19,20
2016-10-28,12:00,5123,2,1,2,6,8,9,11,13,14,17,20
2016-10-28,13:00,5124,3,1,3,4,6,9,10,11,12,19,20
2016-10-28,14:00,5125,1,2,5,8,10,11,12,16,17,19,20
2016-10-28,15:00,5126,11,2,4,5,6,7,13,15,16,18,19
2016-10-28,16:00,5127,4,2,4,6,8,9,10,11,12,16,19
2016-10-28,17:00,5128,5,3,7,9,10,11,12,15,17,19,20
2016-10-28,18:00,5129,19,2,3,4,6,7,8,9,10,16,17
2016-10-28,19:00,5130,8,3,4,6,7,10,11,12,16,17,19
2016-10-28,20:00,5131,19,1,2,3,6,7,10,16,17,18,19
2016-10-28,21:00,5132,9,1,2,4,5,7,8,9,10,13,18
2016-10-28,22:00,5133,12,3,4,5,7,8,11,12,14,18,20
2016-10-28,23:00,5134,13,4,5,8,11,13,16,17,18,19,20
2016-10-29,07:00,5135,16,1,2,3,4,7,8,10,11,18,20
2016-10-29,08:00,5136,14,5,6,7,9,10,14,15,17,19,20
2016-10-29,09:00,5137,1,5,6,8,9,10,12,14,16,19,20
2016-10-29,10:00,5138,5,1,4,5,7,8,9,11,13,18,20
2016-10-29,11:00,5139,15,2,6,8,12,13,15,16,17,18,19
2016-10-29,12:00,5140,15,2,3,5,7,9,10,11,12,17,18
2016-10-29,13:00,5141,16,1,3,4,8,9,13,14,16,17,19
2016-10-29,14:00,5142,10,1,2,4,5,7,8,10,16,18,19
2016-10-29,15:00,5143,12,2,3,4,5,7,10,12,13,17,18
2016-10-29,16:00,5144,20,2,5,6,7,11,13,16,17,19,20
2016-10-29,17:00,5145,3,2,4,5,6,8,9,13,15,17,19
2016-10-29,18:00,5146,7,2,3,5,7,9,10,11,12,18,20
2016-10-29,19:00,5147,4,1,2,4,5,9,11,12,15,17,20
2016-10-29,20:00,5148,11,1,4,5,6,7,8,12,14,15,20
2016-10-29,21:00,5149,13,1,2,7,9,12,16,17,18,19,20
2016-10-29,22:00,5150,14,2,5,6,7,9,11,13,16,19,20
2016-10-29,23:00,5151,12,2,3,4,6,8,9,11,12,16,17
2016-10-30,07:00,5152,16,1,2,5,6,10,11,12,16,18,19
2016-10-30,08:00,5153,18,1,3,4,6,8,10,13,17,19,20
2016-10-30,09:00,5154,9,1,3,8,9,12,13,16,17,19,20
2016-10-30,10:00,5155,1,1,2,3,5,6,9,14,15,18,19
2016-10-30,11:00,5156,16,1,2,3,5,6,9,15,17,18,19
2016-10-30,12:00,5157,8,2,3,8,9,12,13,15,16,19,20
2016-10-30,13:00,5158,18,2,4,6,7,8,9,10,11,17,20
2016-10-30,14:00,5159,1,1,2,3,5,9,11,13,18,19,20
2016-10-30,15:00,5160,12,3,5,8,9,11,12,17,18,19,20
2016-10-30,16:00,5161,5,1,2,4,6,7,9,13,14,15,20
2016-10-30,17:00,5162,11,1,4,8,9,10,13,15,16,17,20
2016-10-30,18:00,5163,3,1,2,3,5,9,10,12,13,19,20
2016-10-30,19:00,5164,19,1,2,3,7,11,12,13,15,16,18
2016-10-30,20:00,5165,7,2,3,6,7,9,11,13,14,15,18
2016-10-30,21:00,5166,6,1,2,4,7,8,9,14,17,18,20
2016-10-30,22:00,5167,14,2,3,4,7,9,11,13,15,16,19
2016-10-30,23:00,5168,6,3,5,7,8,10,14,15,18,19,20
2016-10-31,07:00,5169,4,2,4,5,6,9,10,12,15,17,20
2016-10-31,08:00,5170,19,2,4,6,7,8,13,14,15,17,18
2016-10-31,09:00,5171,4,2,3,5,6,7,11,15,16,17,19
2016-10-31,10:00,5172,13,2,3,7,10,11,13,14,15,16,20
2016-10-31,11:00,5173,11,1,3,5,7,8,10,12,14,18,20
2016-10-31,12:00,5174,19,1,3,5,10,12,13,15,16,18,20
2016-10-31,13:00,5175,2,1,3,4,5,8,9,12,13,17,20
2016-10-31,14:00,5176,20,1,5,7,8,10,13,15,16,18,19
2016-10-31,15:00,5177,13,1,2,3,4,7,9,10,11,17,19
2016-10-31,16:00,5178,13,2,7,8,9,10,11,12,13,16,17
2016-10-31,17:00,5179,13,2,3,6,7,8,10,13,14,15,17
2016-10-31,18:00,5180,14,4,6,7,8,11,12,14,17,18,19
2016-10-31,19:00,5181,5,2,3,5,6,9,11,13,15,18,20
2016-10-31,20:00,5182,2,1,4,6,9,10,12,13,15,16,18
2016-10-31,21:00,5183,5,1,4,7,8,9,12,14,16,19,20
2016-10-31,22:00,5184,5,1,5,9,11,12,13,14,17,18,20
2016-10-31,23:00,5185,2,1,2,3,4,12,13,14,15,17,20
2016-11-01,07:00,5186,13,2,6,7,8,13,14,15,18,19,20
2016-11-01,08:00,5187,1,1,3,4,5,7,8,11,13,18,19
2016-11-01,09:00,5188,20,1,2,4,8,9,10,11,16,18,20
2016-11-01,10:00,5189,20,3,5,10,11,13,14,15,17,18,20
2016-11-01,11:00,5190,10,3,5,7,8,10,11,15,17,18,19
2016-11-01,12:00,5191,6,1,2,3,8,10,12,13,15,17,18
2016-11-01,13:00,5192,2,2,3,4,5,7,8,14,15,19,20
2016-11-01,14:00,5193,20,1,2,6,9,10,11,12,17,19,20
2016-11-01,15:00,5194,5,1,6,7,10,12,14,15,16,18,19
2016-11-01,16:00,5195,14,1,4,5,8,10,11,12,14,15,16
2016-11-01,17:00,5196,20,1,3,7,10,12,13,14,17,18,20
2016-11-01,18:00,5197,10,1,3,4,9,11,12,13,15,16,17
2016-11-01,19:00,5198,8,2,4,6,8,9,14,15,17,18,20
2016-11-01,20:00,5199,9,1,4,5,7,8,9,10,15,16,19
2016-11-01,21:00,5200,10,1,2,3,8,10,12,13,14,18,20
2016-11-01,22:00,5201,6,2,5,7,8,12,14,15,17,18,19
2016-11-01,23:00,5202,17,1,2,5,7,9,13,14,15,18,20
2016-11-02,07:00,5203,2,1,4,6,9,10,12,14,15,17,18
2016-11-02,08:00,5204,2,2,3,4,5,9,10,14,15,18,20
2016-11-02,09:00,5205,10,5,7,8,9,11,12,13,14,17,20
2016-11-02,10:00,5206,8,2,4,5,6,9,11,13,15,18,20
2016-11-02,11:00,5207,11,1,4,5,7,8,10,12,13,17,20
2016-11-02,12:00,5208,4,1,4,5,6,8,9,10,15,17,20
2016-11-02,13:00,5209,14,3,4,5,9,11,13,14,15,19,20
2016-11-02,14:00,5210,12,3,6,7,9,10,13,14,15,16,19
2016-11-02,15:00,5211,13,1,2,3,5,7,8,9,13,14,18
2016-11-02,16:00,5212,19,1,4,5,6,12,13,15,16,17,20
2016-11-02,17:00,5213,6,2,3,4,5,9,10,12,14,18,19
2016-11-02,18:00,5214,3,2,4,5,6,8,11,15,16,17,19
2016-11-02,19:00,5215,13,3,6,9,10,11,13,14,17,19,20
2016-11-02,20:00,5216,17,3,6,8,11,12,13,14,15,19,20
2016-11-02,21:00,5217,2,1,4,6,7,9,11,13,16,18,19
2016-11-02,22:00,5218,19,1,5,7,8,9,10,11,17,18,19
2016-11-02,23:00,5219,17,1,6,8,9,10,11,12,13,14,17
2016-11-03,07:00,5220,9,3,6,7,9,10,11,13,16,18,20
2016-11-03,08:00,5221,4,2,3,4,6,10,11,13,14,17,18
2016-11-03,09:00,5222,8,3,4,7,8,9,13,15,16,17,18
2016-11-03,10:00,5223,7,1,6,7,8,9,10,14,15,19,20
2016-11-03,11:00,5224,10,1,4,6,7,10,11,14,15,17,18
2016-11-03,12:00,5225,13,3,4,5,9,10,11,14,16,18,19
2016-11-03,13:00,5226,8,1,4,5,6,7,9,11,13,16,19
2016-11-03,14:00,5227,18,2,3,5,6,7,11,12,15,16,18
2016-11-03,15:00,5228,9,1,3,4,6,7,8,9,10,12,17
2016-11-03,16:00,5229,8,4,6,7,8,10,13,14,15,19,20
2016-11-03,17:00,5230,20,1,2,3,5,8,11,17,18,19,20
2016-11-03,18:00,5231,17,2,4,6,8,10,16,17,18,19,20
2016-11-03,19:00,5232,5,1,2,3,5,9,12,13,14,19,20
2016-11-03,20:00,5233,20,1,2,3,5,6,7,9,13,14,20
2016-11-03,21:00,5234,16,1,3,9,11,12,13,14,15,16,19
2016-11-03,22:00,5235,7,3,5,6,7,8,10,12,14,17,19
2016-11-03,23:00,5236,6,1,4,7,8,11,12,13,17,18,20
2016-11-04,07:00,5237,7,1,5,7,10,11,13,14,15,16,18
2016-11-04,08:00,5238,15,1,2,3,4,5,7,8,11,16,17
2016-11-04,09:00,5239,9,3,4,5,7,9,12,13,14,17,19
2016-11-04,10:00,5240,4,2,3,4,5,9,10,13,16,17,18
2016-11-04,11:00,5241,15,2,4,5,8,10,14,15,18,19,20
2016-11-04,12:00,5242,19,1,2,4,5,7,9,11,13,14,15
2016-11-04,13:00,5243,18,1,2,4,7,8,10,14,16,18,19
2016-11-04,14:00,5244,17,3,4,5,6,11,12,13,16,17,19
2016-11-04,15:00,5245,1,2,3,4,6,11,12,14,15,17,20
2016-11-04,16:00,5246,18,1,3,6,7,11,12,13,14,15,18
2016-11-04,17:00,5247,19,1,4,5,8,11,13,14,16,17,20
2016-11-04,18:00,5248,16,2,4,7,9,12,13,14,15,18,19
2016-11-04,19:00,5249,18,2,5,7,9,10,11,12,15,16,20
2016-11-04,20:00,5250,11,1,10,11,12,14,15,16,17,18,20
2016-11-04,21:00,5251,7,2,5,7,8,12,13,14,16,19,20
2016-11-04,22:00,5252,17,4,5,7,8,9,10,16,18,19,20
2016-11-04,23:00,5253,14,2,9,10,11,13,14,15,16,19,20
2016-11-05,07:00,5254,7,2,4,5,7,9,12,14,16,19,20
2016-11-05,08:00,5255,4,3,4,6,8,13,14,15,16,19,20
2016-11-05,09:00,5256,6,1,4,5,7,8,11,12,14,17,19
2016-11-05,10:00,5257,9,2,3,4,8,9,11,12,13,17,18
2016-11-05,11:00,5258,12,1,5,6,8,10,13,14,15,19,20
2016-11-05,12:00,5259,4,1,2,3,4,6,7,12,16,18,20
2016-11-05,13:00,5260,18,2,3,6,11,12,13,14,15,17,19
2016-11-05,14:00,5261,7,2,3,6,10,11,12,14,16,17,20
2016-11-05,15:00,5262,4,2,3,4,5,7,11,12,16,17,20
2016-11-05,16:00,5263,4,1,3,5,6,7,12,14,15,16,19
2016-11-05,17:00,5264,8,1,2,3,5,7,11,14,17,19,20
2016-11-05,18:00,5265,9,1,3,7,9,10,15,16,17,18,20
2016-11-05,19:00,5266,4,1,5,7,8,9,12,17,18,19,20
2016-11-05,20:00,5267,11,2,3,5,7,8,10,13,17,19,20
2016-11-05,21:00,5268,3,1,2,5,7,11,12,13,14,18,20
2016-11-05,22:00,5269,9,2,3,5,6,8,10,14,16,17,19
2016-11-05,23:00,5270,8,2,3,4,5,7,11,16,17,18,19
2016-11-06,07:00,5271,19,2,6,7,10,12,16,17,18,19,20
2016-11-06,08:00,5272,11,1,2,7,10,12,13,15,17,18,19
2016-11-06,09:00,5273,13,3,5,6,7,9,10,11,12,13,20
2016-11-06,10:00,5274,14,1,3,6,7,12,13,15,16,17,18
2016-11-06,11:00,5275,13,3,4,6,8,9,10,11,16,17,19
2016-11-06,12:00,5276,10,1,3,4,7,10,12,13,15,16,17
2016-11-06,13:00,5277,11,1,3,6,7,9,13,16,18,19,20
2016-11-06,14:00,5278,9,4,5,6,7,8,9,11,13,16,17
2016-11-06,15:00,5279,9,2,4,6,7,10,14,15,17,18,19
2016-11-06,16:00,5280,12,2,6,7,8,10,13,14,15,18,19
2016-11-06,17:00,5281,8,1,5,7,10,11,12,13,15,16,19
2016-11-06,18:00,5282,2,2,4,5,6,7,10,11,12,14,16
2016-11-06,19:00,5283,9,1,3,4,5,7,8,9,13,18,19
2016-11-06,20:00,5284,12,4,6,10,11,13,14,15,16,17,20
2016-11-06,21:00,5285,12,1,6,7,8,9,10,15,16,18,19
2016-11-06,22:00,5286,10,2,3,6,7,10,13,14,16,19,20
2016-11-06,23:00,5287,2,3,4,9,10,12,14,17,18,19,20
2016-11-07,07:00,5288,13,2,4,7,8,9,10,11,14,17,20
2016-11-07,08:00,5289,13,5,6,9,10,11,12,13,14,19,20
2016-11-07,09:00,5290,5,1,2,5,7,9,10,11,13,15,19
2016-11-07,10:00,5291,1,1,2,3,5,6,11,12,15,16,17
2016-11-07,11:00,5292,12,1,4,5,8,10,11,12,17,18,20
2016-11-07,12:00,5293,4,1,5,7,8,10,12,15,16,17,20
2016-11-07,13:00,5294,8,1,4,6,7,8,9,12,13,16,19
2016-11-07,14:00,5295,8,1,2,3,8,10,12,14,15,17,19
2016-11-07,15:00,5296,5,1,5,9,10,11,13,17,18,19,20
2016-11-07,16:00,5297,16,7,8,9,11,12,14,15,18,19,20
2016-11-07,17:00,5298,2,1,4,10,11,13,16,17,18,19,20
2016-11-07,18:00,5299,7,3,4,5,7,9,10,11,13,19,20
2016-11-07,19:00,5300,19,2,3,5,7,9,10,11,12,15,16
2016-11-07,20:00,5301,15,1,2,6,7,9,10,11,16,18,20
2016-11-07,21:00,5302,16,1,2,3,6,7,9,11,12,13,19
2016-11-07,22:00,5303,8,4,7,9,10,11,12,14,17,19,20
2016-11-07,23:00,5304,18,2,5,6,9,11,15,16,17,19,20
2016-11-08,07:00,5305,19,2,5,8,9,11,13,14,17,18,19
2016-11-08,08:00,5306,15,1,3,7,8,9,10,11,12,16,19
2016-11-08,09:00,5307,18,1,2,6,9,13,16,17,18,19,20
2016-11-08,10:00,5308,14,1,2,4,5,7,9,10,13,17,20
2016-11-08,11:00,5309,17,5,6,7,8,10,13,14,15,17,20
2016-11-08,12:00,5310,17,2,3,7,8,10,12,17,18,19,20
2016-11-08,13:00,5311,2,5,6,7,9,10,11,13,15,17,18
2016-11-08,14:00,5312,5,2,3,5,7,8,11,12,17,18,20
2016-11-08,15:00,5313,3,1,3,6,7,8,11,12,16,17,18
2016-11-08,16:00,5314,6,4,5,8,9,10,14,15,16,18,19
2016-11-08,17:00,5315,12,1,3,5,6,9,13,15,17,18,19
2016-11-08,18:00,5316,8,2,4,6,8,9,11,15,17,19,20
2016-11-08,19:00,5317,13,2,3,5,7,9,11,12,13,14,17
2016-11-08,20:00,5318,20,1,2,3,4,6,7,9,12,16,17
2016-11-08,21:00,5319,1,1,4,7,9,10,11,12,13,16,17
2016-11-08,22:00,5320,18,1,4,5,7,8,11,12,15,16,17
2016-11-08,23:00,5321,16,2,4,7,10,12,14,15,17,18,19
2016-11-09,07:00,5322,6,1,3,9,11,12,14,15,18,19,20
2016-11-09,08:00,5323,6,1,2,3,4,6,10,11,13,19,20
2016-11-09,09:00,5324,12,2,4,6,7,8,9,11,12,14,18
2016-11-09,10:00,5325,16,1,2,3,4,6,9,15,16,17,18
2016-11-09,11:00,5326,7,1,4,6,8,9,11,12,13,14,18
2016-11-09,12:00,5327,5,2,3,4,5,6,7,8,13,14,16
2016-11-09,13:00,5328,4,1,2,4,7,8,12,14,15,16,17
2016-11-09,14:00,5329,13,1,2,3,4,10,11,12,15,16,18
2016-11-09,15:00,5330,5,5,6,7,8,9,13,14,16,18,19
2016-11-09,16:00,5331,12,1,5,6,11,14,15,16,18,19,20
2016-11-09,17:00,5332,10,3,4,5,6,8,10,11,13,14,17
2016-11-09,18:00,5333,20,2,5,6,7,9,10,12,14,15,19
2016-11-09,19:00,5334,10,1,3,6,7,9,10,11,14,15,16
2016-11-09,20:00,5335,1,1,2,3,4,6,9,15,16,17,20
2016-11-09,21:00,5336,8,1,7,9,11,12,13,14,15,18,19
2016-11-09,22:00,5337,6,1,3,5,6,7,8,9,10,18,19
2016-11-09,23:00,5338,15,2,4,6,7,9,10,13,17,18,20
2016-11-10,07:00,5339,13,2,4,5,6,7,11,15,16,17,20
2016-11-10,08:00,5340,2,1,6,10,11,12,13,15,18,19,20
2016-11-10,09:00,5341,14,2,5,8,9,11,12,13,15,17,18
2016-11-10,10:00,5342,6,2,3,4,9,10,15,17,18,19,20
2016-11-10,11:00,5343,11,1,2,5,6,10,12,13,17,19,20
2016-11-10,12:00,5344,13,2,3,4,6,11,12,13,15,16,18
2016-11-10,13:00,5345,5,2,3,4,6,7,8,10,13,16,18
2016-11-10,14:00,5346,9,1,3,4,5,6,7,14,16,18,19
2016-11-10,15:00,5347,16,2,4,6,11,13,14,15,16,18,20
2016-11-10,16:00,5348,19,9,10,12,13,14,15,16,17,19,20
2016-11-10,17:00,5349,9,3,5,7,8,12,13,14,18,19,20
2016-11-10,18:00,5350,12,2,5,6,9,11,12,13,14,16,20
2016-11-10,19:00,5351,1,1,3,4,5,6,7,9,10,13,15
2016-11-10,20:00,5352,5,1,5,6,7,10,12,15,17,19,20
2016-11-10,21:00,5353,12,1,2,3,4,5,11,12,14,15,18
2016-11-10,22:00,5354,2,1,4,5,6,8,11,13,15,19,20
2016-11-10,23:00,5355,12,1,2,4,5,6,7,9,10,12,13
2016-11-11,07:00,5356,15,2,3,6,7,8,10,11,15,17,18
2016-11-11,08:00,5357,1,1,6,9,10,12,13,17,18,19,20
2016-11-11,09:00,5358,1,1,2,6,7,9,11,14,15,16,18
2016-11-11,10:00,5359,16,3,4,5,8,9,11,12,13,14,19
2016-11-11,11:00,5360,6,1,2,4,5,7,12,13,14,16,17
2016-11-11,12:00,5361,17,2,3,4,5,6,8,11,12,19,20
2016-11-11,13:00,5362,2,1,4,5,7,8,9,13,15,19,20
2016-11-11,14:00,5363,9,2,3,6,10,12,13,14,17,18,19
2016-11-11,15:00,5364,16,1,4,5,7,10,12,13,16,18,19
2016-11-11,16:00,5365,7,2,4,5,6,10,12,13,15,17,19
2016-11-11,17:00,5366,2,1,4,5,9,12,14,15,16,19,20
2016-11-11,18:00,5367,3,1,2,3,4,5,9,17,18,19,20
2016-11-11,19:00,5368,12,1,3,5,6,9,11,14,15,16,18
2016-11-11,20:00,5369,18,1,2,3,5,6,9,14,16,18,20
2016-11-11,21:00,5370,9,6,7,8,11,12,15,16,17,18,19
2016-11-11,22:00,5371,8,1,6,8,9,10,11,12,13,16,19
2016-11-11,23:00,5372,11,3,5,6,8,9,11,14,16,19,20
2016-11-12,07:00,5373,19,2,3,5,7,8,10,11,13,14,15
2016-11-12,08:00,5374,17,1,3,4,6,9,12,13,14,15,19
2016-11-12,09:00,5375,6,2,4,6,7,10,13,14,16,18,19
2016-11-12,10:00,5376,7,4,6,7,8,9,11,12,13,15,20
2016-11-12,11:00,5377,8,1,3,4,7,9,12,15,16,18,20
2016-11-12,12:00,5378,18,4,5,8,9,10,12,14,15,16,18
2016-11-12,13:00,5379,17,1,3,8,11,13,14,15,17,18,20
2016-11-12,14:00,5380,1,3,5,6,7,9,10,13,14,16,17
2016-11-12,15:00,5381,10,3,4,5,8,12,14,15,16,18,20
2016-11-12,16:00,5382,18,1,2,5,6,7,9,13,17,18,19
2016-11-12,17:00,5383,16,1,3,4,5,6,9,13,14,15,19
2016-11-12,18:00,5384,11,1,2,3,4,8,11,15,16,18,20
2016-11-12,19:00,5385,1,1,2,3,4,5,8,12,15,16,18
2016-11-12,20:00,5386,17,3,6,7,8,9,10,11,12,14,20
2016-11-12,21:00,5387,1,1,2,4,8,9,12,14,15,17,18
2016-11-12,22:00,5388,9,1,2,4,5,6,13,14,16,17,20
2016-11-12,23:00,5389,4,1,3,7,10,12,14,15,18,19,20
2016-11-13,07:00,5390,15,1,2,4,5,7,11,12,13,14,15
2016-11-13,08:00,5391,12,3,5,6,7,8,10,12,14,17,20
2016-11-13,09:00,5392,4,1,2,5,8,9,10,12,17,18,19
2016-11-13,10:00,5393,18,1,3,5,6,7,10,11,12,13,19
2016-11-13,11:00,5394,2,1,2,3,6,7,8,10,13,17,20
2016-11-13,12:00,5395,1,1,2,4,7,10,11,12,13,16,20
2016-11-13,13:00,5396,7,2,3,4,6,7,10,11,14,15,18
2016-11-13,14:00,5397,3,1,2,3,7,8,15,16,17,18,19
2016-11-13,15:00,5398,15,1,3,4,5,8,10,14,15,17,19
2016-11-13,16:00,5399,17,2,3,4,6,7,9,11,13,14,15
2016-11-13,17:00,5400,10,3,6,7,13,14,15,16,17,18,20
2016-11-13,18:00,5401,16,1,3,5,8,10,15,16,17,19,20
2016-11-13,19:00,5402,4,1,2,5,6,9,10,11,12,15,19
2016-11-13,20:00,5403,1,2,3,4,5,6,7,10,15,17,19
2016-11-13,21:00,5404,3,1,4,5,8,11,12,13,15,19,20
2016-11-13,22:00,5405,15,1,4,5,7,10,11,12,15,16,19
2016-11-13,23:00,5406,1,3,4,8,10,15,16,17,18,19,20
2016-11-14,07:00,5407,1,2,3,4,6,8,9,10,12,15,20
2016-11-14,08:00,5408,11,1,4,5,6,8,9,14,15,16,20
2016-11-14,09:00,5409,5,3,5,7,9,10,11,14,17,19,20
2016-11-14,10:00,5410,19,2,3,5,7,9,10,13,15,17,18
2016-11-14,11:00,5411,15,1,3,5,7,12,14,15,17,18,20
2016-11-14,12:00,5412,12,1,2,5,8,12,13,15,16,17,20
2016-11-14,13:00,5413,6,3,5,7,9,11,14,15,17,18,20
2016-11-14,14:00,5414,8,1,2,6,8,9,13,14,16,18,20
2016-11-14,15:00,5415,8,2,4,9,11,13,14,16,17,18,20
2016-11-14,16:00,5416,20,1,2,3,4,7,10,11,14,15,17
2016-11-14,17:00,5417,3,1,2,3,5,7,9,14,15,17,20
2016-11-14,18:00,5418,16,3,5,6,8,9,10,12,15,17,20
2016-11-14,19:00,5419,16,2,4,5,6,11,13,15,17,18,19
2016-11-14,20:00,5420,19,2,6,7,8,9,10,11,17,19,20
2016-11-14,21:00,5421,1,1,4,6,7,11,14,15,16,17,19
2016-11-14,22:00,5422,16,2,3,5,6,9,11,13,16,17,18
2016-11-14,23:00,5423,13,1,3,6,7,9,10,13,14,15,17
2016-11-15,07:00,5424,19,2,5,6,10,12,13,14,17,18,20
2016-11-15,08:00,5425,11,1,2,6,7,11,16,17,18,19,20
2016-11-15,09:00,5426,8,1,3,4,5,7,9,11,12,13,18
2016-11-15,10:00,5427,19,2,3,4,6,8,9,10,13,18,20
2016-11-15,11:00,5428,7,1,2,3,4,6,8,12,16,17,18
2016-11-15,12:00,5429,5,1,2,3,4,9,10,12,13,15,17
2016-11-15,13:00,5430,1,1,4,6,7,9,12,13,14,16,19
2016-11-15,14:00,5431,17,2,3,9,11,13,14,15,17,19,20
2016-11-15,15:00,5432,20,2,3,5,7,8,9,11,17,18,19
2016-11-15,16:00,5433,8,2,6,7,8,9,12,14,18,19,20
2016-11-15,17:00,5434,6,2,3,7,8,9,10,12,16,17,18
2016-11-15,18:00,5435,10,2,3,5,6,10,11,16,18,19,20
2016-11-15,19:00,5436,3,2,3,5,6,11,12,13,16,17,20
2016-11-15,20:00,5437,1,2,3,4,5,6,11,16,17,18,19
2016-11-15,21:00,5438,19,4,5,6,7,8,11,13,14,16,17
2016-11-15,22:00,5439,18,1,2,7,8,9,11,13,15,16,20
2016-11-15,23:00,5440,6,3,5,6,8,10,13,14,16,17,19
2016-11-16,07:00,5441,1,1,3,5,6,10,11,15,18,19,20
2016-11-16,08:00,5442,9,4,5,6,8,14,15,16,17,19,20
2016-11-16,09:00,5443,9,1,2,3,7,8,9,11,14,15,16
2016-11-16,10:00,5444,1,2,3,5,7,8,10,12,16,18,20
2016-11-16,11:00,5445,13,3,8,9,10,11,12,13,15,16,20
2016-11-16,12:00,5446,13,3,4,5,6,8,9,10,11,13,18
2016-11-16,13:00,5447,17,3,4,6,9,10,11,13,15,16,17
2016-11-16,14:00,5448,20,2,3,5,6,7,9,10,12,18,20
2016-11-16,15:00,5449,17,1,5,6,7,8,10,14,17,18,19
2016-11-16,16:00,5450,7,1,3,7,11,12,14,16,17,18,20
2016-11-16,17:00,5451,16,2,3,4,6,7,14,15,18,19,20
2016-11-16,18:00,5452,15,1,3,5,9,12,15,16,18,19,20
2016-11-16,19:00,5453,9,3,5,8,9,10,11,13,15,17,19
2016-11-16,20:00,5454,7,1,2,7,8,9,10,11,14,16,17
2016-11-16,21:00,5455,9,1,2,3,7,8,11,12,13,14,19
2016-11-16,22:00,5456,12,1,4,5,6,9,11,13,15,17,18
2016-11-16,23:00,5457,19,3,4,7,9,11,13,14,15,19,20
2016-11-17,07:00,5458,1,3,5,6,7,10,11,16,18,19,20
2016-11-17,08:00,5459,2,2,3,4,7,8,11,12,14,15,18
2016-11-17,09:00,5460,20,4,6,8,10,13,14,15,16,17,20
2016-11-17,10:00,5461,10,2,6,7,8,9,10,16,17,19,20
2016-11-17,11:00,5462,4,2,3,4,6,8,10,13,15,19,20
2016-11-17,12:00,5463,12,2,6,7,9,10,11,15,16,18,20
2016-11-17,13:00,5464,2,2,3,4,6,8,12,15,17,18,20
2016-11-17,14:00,5465,7,1,2,3,8,10,12,13,14,16,17
2016-11-17,15:00,5466,13,1,2,3,6,10,14,16,17,18,19
2016-11-17,16:00,5467,9,1,2,3,4,5,7,15,17,19,20
2016-11-17,17:00,5468,7,1,2,3,5,7,8,17,18,19,20
2016-11-17,18:00,5469,17,1,3,4,7,9,12,13,14,19,20
2016-11-17,19:00,5470,18,1,3,4,5,6,7,8,11,12,17
2016-11-17,20:00,5471,6,1,3,5,6,12,13,14,16,17,20
2016-11-17,21:00,5472,6,1,3,4,5,7,8,12,16,18,20
2016-11-17,22:00,5473,20,2,3,7,8,11,12,13,14,16,17
2016-11-17,23:00,5474,8,4,5,7,10,11,12,13,14,15,17
2016-11-18,07:00,5475,13,1,2,3,4,6,8,9,13,16,19
2016-11-18,08:00,5476,19,6,8,9,11,12,13,14,16,19,20
2016-11-18,09:00,5477,9,2,3,4,6,8,12,14,15,18,20
2016-11-18,10:00,5478,7,2,6,7,8,12,14,15,16,17,18
2016-11-18,11:00,5479,18,1,3,5,7,8,9,10,14,15,17
2016-11-18,12:00,5480,20,4,6,7,9,11,12,14,18,19,20
2016-11-18,13:00,5481,2,4,5,6,7,11,12,14,16,18,19
2016-11-18,14:00,5482,6,1,3,4,7,9,12,13,14,19,20
2016-11-18,15:00,5483,13,3,4,7,10,11,13,14,16,17,20
2016-11-18,16:00,5484,10,1,5,6,7,8,10,11,13,15,18
2016-11-18,17:00,5485,2,1,2,4,5,9,13,14,15,16,19
2016-11-18,18:00,5486,1,1,4,8,10,13,14,15,16,17,18
2016-11-18,19:00,5487,18,4,5,10,12,13,14,16,17,19,20
2016-11-18,20:00,5488,6,4,5,8,11,13,14,15,16,17,20
2016-11-18,21:00,5489,13,6,7,8,9,10,11,13,14,15,16
2016-11-18,22:00,5490,7,1,2,3,5,7,8,9,14,17,19
2016-11-18,23:00,5491,2,1,2,3,7,8,9,10,14,19,20
2016-11-19,07:00,5492,5,3,4,8,9,10,11,14,15,17,19
2016-11-19,08:00,5493,2,1,3,5,14,15,16,17,18,19,20
2016-11-19,09:00,5494,7,1,4,5,8,9,12,13,16,18,19
2016-11-19,10:00,5495,15,4,6,8,10,11,12,14,17,18,19
2016-11-19,11:00,5496,20,1,3,8,9,11,14,15,17,18,20
2016-11-19,12:00,5497,7,1,3,6,11,12,13,14,15,16,20
2016-11-19,13:00,5498,15,4,6,8,10,11,12,13,16,17,20
2016-11-19,14:00,5499,5,1,5,6,7,8,10,14,15,16,17
2016-11-19,15:00,5500,13,4,5,6,7,8,10,13,14,15,17
2016-11-19,16:00,5501,6,1,2,5,8,9,11,13,16,17,18
2016-11-19,17:00,5502,8,1,2,3,5,7,8,10,12,15,18
2016-11-19,18:00,5503,11,3,4,7,8,9,10,13,14,16,18
2016-11-19,19:00,5504,5,6,8,10,11,13,15,17,18,19,20
2016-11-19,20:00,5505,6,1,2,3,5,7,8,9,10,11,19
2016-11-19,21:00,5506,2,1,4,6,7,8,11,13,14,15,20
2016-11-19,22:00,5507,17,2,3,4,5,6,7,11,12,13,16
2016-11-19,23:00,5508,20,1,3,6,8,9,10,11,17,19,20
2016-11-20,07:00,5509,1,3,7,10,11,12,13,14,15,16,20
2016-11-20,08:00,5510,1,2,3,7,8,9,10,11,14,16,19
2016-11-20,09:00,5511,2,1,2,3,6,7,9,13,14,18,19
2016-11-20,10:00,5512,11,4,5,6,7,8,11,14,15,16,18
2016-11-20,11:00,5513,5,2,3,5,6,8,9,10,11,16,17
2016-11-20,12:00,5514,14,1,2,9,12,13,14,15,16,17,18
2016-11-20,13:00,5515,17,1,3,4,5,6,10,13,14,17,19
2016-11-20,14:00,5516,17,2,3,4,5,9,11,13,15,17,20
2016-11-20,15:00,5517,1,2,4,6,7,8,11,12,16,17,20
2016-11-20,16:00,5518,12,1,2,3,6,12,14,15,16,17,18
2016-11-20,17:00,5519,10,4,5,6,11,14,15,16,18,19,20
2016-11-20,18:00,5520,16,3,4,7,9,10,13,14,17,18,19
2016-11-20,19:00,5521,7,1,2,5,6,7,9,10,12,18,20
2016-11-20,20:00,5522,9,2,4,8,11,12,15,16,17,18,19
2016-11-20,21:00,5523,18,1,4,6,8,9,11,12,14,18,20
2016-11-20,22:00,5524,4,2,3,4,5,6,7,9,10,12,13
2016-11-20,23:00,5525,16,3,4,5,7,8,10,16,17,18,20
2016-11-21,07:00,5526,18,2,3,6,10,13,14,15,16,18,19
2016-11-21,08:00,5527,6,3,4,7,8,10,11,12,17,19,20
2016-11-21,09:00,5528,8,1,4,6,8,11,13,16,18,19,20
2016-11-21,10:00,5529,8,1,5,8,11,13,14,15,16,18,20
2016-11-21,11:00,5530,5,2,3,4,5,8,11,13,15,17,18
2016-11-21,12:00,5531,17,3,4,6,7,10,12,14,15,16,17
2016-11-21,13:00,5532,17,1,2,3,6,7,8,12,14,16,17
2016-11-21,14:00,5533,3,2,5,7,9,13,14,15,17,18,20
2016-11-21,15:00,5534,18,6,8,11,13,14,15,16,17,18,20
2016-11-21,16:00,5535,17,2,4,6,8,10,11,13,16,17,18
2016-11-21,17:00,5536,2,3,4,5,6,11,12,14,15,18,19
2016-11-21,18:00,5537,3,3,5,7,10,11,16,17,18,19,20
2016-11-21,19:00,5538,4,2,7,8,10,11,13,15,16,18,20
2016-11-21,20:00,5539,1,2,3,4,7,9,10,11,13,16,18
2016-11-21,21:00,5540,14,1,2,5,6,7,8,13,16,17,20
2016-11-21,22:00,5541,9,2,5,6,7,8,9,11,14,15,16
2016-11-21,23:00,5542,17,4,7,8,9,10,12,14,15,16,19
2016-11-22,07:00,5543,15,1,3,5,6,8,9,10,14,19,20
2016-11-22,08:00,5544,20,2,3,6,7,9,10,11,16,17,19
2016-11-22,09:00,5545,8,1,4,5,6,8,9,12,14,15,17
2016-11-22,10:00,5546,13,1,3,6,7,8,12,13,18,19,20
2016-11-22,11:00,5547,5,1,2,3,5,6,9,12,15,17,20
2016-11-22,12:00,5548,5,1,2,3,4,7,8,9,10,13,17
2016-11-22,13:00,5549,11,1,2,3,5,7,8,10,15,16,19
2016-11-22,14:00,5550,8,2,3,5,6,8,9,10,13,18,20
2016-11-22,15:00,5551,5,1,2,5,7,8,9,10,12,16,19
2016-11-22,16:00,5552,20,3,5,6,7,8,9,11,13,15,19
2016-11-22,17:00,5553,9,3,4,5,7,8,11,14,17,18,20
2016-11-22,18:00,5554,3,1,3,8,11,12,13,15,17,19,20
2016-11-22,19:00,5555,6,3,4,5,6,8,9,12,17,19,20
2016-11-22,20:00,5556,8,3,4,5,7,8,12,13,14,19,20
2016-11-22,21:00,5557,18,2,3,4,7,8,9,10,11,14,18
2016-11-22,22:00,5558,2,3,5,6,9,11,12,14,15,18,19
2016-11-22,23:00,5559,17,1,3,4,8,9,12,13,14,15,20
2016-11-23,07:00,5560,14,1,2,5,6,8,9,10,15,18,20
2016-11-23,08:00,5561,17,2,3,4,5,6,9,13,16,17,20
2016-11-23,09:00,5562,2,2,3,7,8,14,15,16,17,18,19
2016-11-23,10:00,5563,5,3,4,6,10,14,15,16,17,18,20
2016-11-23,11:00,5564,11,3,4,5,6,7,9,12,14,16,18
2016-11-23,12:00,5565,15,2,5,7,8,12,14,15,16,18,20
2016-11-23,13:00,5566,6,1,4,5,7,9,10,11,16,19,20
2016-11-23,14:00,5567,3,1,6,8,9,10,11,12,13,18,20
2016-11-23,15:00,5568,15,1,2,3,6,13,14,16,17,18,20
2016-11-23,16:00,5569,20,1,2,4,7,9,10,15,16,19,20
2016-11-23,17:00,5570,20,1,2,8,10,11,13,16,17,19,20
2016-11-23,18:00,5571,17,6,7,8,10,11,14,16,18,19,20
2016-11-23,19:00,5572,2,1,4,8,9,10,14,16,17,18,20
2016-11-23,20:00,5573,15,2,3,5,6,7,9,12,13,14,15
2016-11-23,21:00,5574,8,1,2,3,7,11,12,14,15,17,19
2016-11-23,22:00,5575,5,1,2,4,5,6,9,11,18,19,20
2016-11-23,23:00,5576,6,4,6,7,8,12,13,15,17,18,20
2016-11-24,07:00,5577,12,1,2,4,5,9,12,14,16,18,20
2016-11-24,08:00,5578,8,2,4,5,8,9,10,11,12,18,19
2016-11-24,09:00,5579,15,1,4,6,7,8,10,13,16,19,20
2016-11-24,10:00,5580,17,1,2,3,4,6,7,11,12,18,19
2016-11-24,11:00,5581,17,1,2,4,5,8,10,11,12,14,18
2016-11-24,12:00,5582,19,1,2,11,12,13,15,16,17,18,19
2016-11-24,13:00,5583,19,6,7,8,9,10,12,15,16,17,19
2016-11-24,14:00,5584,11,1,2,4,5,6,7,9,14,16,20
2016-11-24,15:00,5585,11,1,2,3,4,7,8,9,12,16,17
2016-11-24,16:00,5586,13,1,2,4,6,7,9,10,11,16,17
2016-11-24,17:00,5587,7,2,5,9,10,11,13,14,17,19,20
2016-11-24,18:00,5588,3,2,4,7,9,10,14,16,17,18,20
2016-11-24,19:00,5589,1,1,2,7,8,9,10,11,13,17,20
2016-11-24,20:00,5590,19,4,6,7,8,9,11,12,13,14,20
2016-11-24,21:00,5591,19,2,3,5,7,12,15,16,18,19,20
2016-11-24,22:00,5592,12,1,2,3,7,8,11,14,16,17,18
2016-11-24,23:00,5593,1,2,4,5,7,9,10,13,16,19,20
2016-11-25,07:00,5594,16,1,2,7,8,9,10,12,15,16,20
2016-11-25,08:00,5595,9,6,7,8,9,11,13,14,16,17,18
2016-11-25,09:00,5596,9,1,2,5,6,9,10,14,15,16,17
2016-11-25,10:00,5597,6,1,3,4,7,8,9,10,15,16,20
2016-11-25,11:00,5598,2,2,3,5,6,9,11,12,16,17,20
2016-11-25,12:00,5599,10,3,4,5,7,8,10,11,14,17,19
2016-11-25,13:00,5600,2,4,6,7,9,10,11,13,17,19,20
2016-11-25,14:00,5601,8,1,3,4,5,8,12,13,14,17,20
2016-11-25,15:00,5602,18,1,3,5,7,9,11,12,13,15,18
2016-11-25,16:00,5603,2,2,7,8,10,12,14,17,18,19,20
2016-11-25,17:00,5604,13,2,6,7,10,11,12,13,18,19,20
2016-11-25,18:00,5605,6,2,5,6,9,10,11,16,18,19,20
2016-11-25,19:00,5606,3,1,4,6,7,8,9,10,13,15,18
2016-11-25,20:00,5607,15,2,3,4,6,12,13,15,16,18,20
2016-11-25,21:00,5608,10,1,4,9,10,11,12,15,17,19,20
2016-11-25,22:00,5609,2,1,2,3,6,8,9,10,13,18,19
2016-11-25,23:00,5610,5,3,4,6,7,11,12,13,15,18,20
2016-11-26,07:00,5611,9,4,5,8,10,12,13,15,17,18,20
2016-11-26,08:00,5612,15,2,5,6,9,10,12,15,16,19,20
2016-11-26,09:00,5613,6,1,4,5,10,11,12,13,14,15,19
2016-11-26,10:00,5614,2,3,4,5,7,9,14,15,17,19,20
2016-11-26,11:00,5615,19,2,3,4,7,10,14,17,18,19,20
2016-11-26,12:00,5616,11,4,6,8,9,12,13,15,16,17,18
2016-11-26,13:00,5617,3,1,5,7,10,11,13,14,16,19,20
2016-11-26,14:00,5618,20,1,3,4,5,7,8,10,12,16,17
2016-11-26,15:00,5619,5,2,3,6,8,10,11,12,15,17,18
2016-11-26,16:00,5620,12,1,2,4,6,7,10,14,15,16,20
2016-11-26,17:00,5621,16,1,2,5,7,10,12,14,15,16,18
2016-11-26,18:00,5622,17,2,8,10,12,14,15,16,17,18,20
2016-11-26,19:00,5623,7,2,3,6,7,9,10,15,17,19,20
2016-11-26,20:00,5624,10,3,4,6,7,8,9,12,14,18,19
2016-11-26,21:00,5625,14,3,4,5,7,9,10,12,14,16,20
2016-11-26,22:00,5626,19,4,5,7,9,10,12,13,16,18,19
2016-11-26,23:00,5627,7,2,4,6,7,11,12,13,15,18,20
2016-11-27,07:00,5628,20,3,6,9,11,12,13,15,17,19,20
2016-11-27,08:00,5629,11,1,3,4,7,10,11,12,14,17,19
2016-11-27,09:00,5630,11,1,4,6,10,11,14,15,16,19,20
2016-11-27,10:00,5631,18,1,3,5,6,9,12,14,16,19,20
2016-11-27,11:00,5632,14,2,3,5,6,8,10,11,12,18,20
2016-11-27,12:00,5633,12,4,6,9,10,11,13,14,17,18,20
2016-11-27,13:00,5634,2,1,2,4,6,12,14,15,17,18,19
2016-11-27,14:00,5635,1,2,3,5,7,11,12,15,17,18,19
2016-11-27,15:00,5636,4,1,2,3,6,7,9,11,12,14,18
2016-11-27,16:00,5637,10,1,4,5,10,12,13,14,15,17,20
2016-11-27,17:00,5638,2,1,2,6,7,8,9,11,14,19,20
2016-11-27,18:00,5639,7,1,4,8,10,11,12,13,15,19,20
2016-11-27,19:00,5640,13,2,4,5,6,9,11,12,13,19,20
2016-11-27,20:00,5641,19,4,7,10,12,13,14,15,17,19,20
2016-11-27,21:00,5642,12,7,8,9,11,12,14,15,16,17,20
2016-11-27,22:00,5643,15,1,6,8,9,10,11,15,16,17,18
2016-11-27,23:00,5644,12,3,5,6,8,10,11,12,15,16,18
2016-11-28,07:00,5645,4,3,4,5,7,9,14,15,16,17,18
2016-11-28,08:00,5646,4,1,3,4,7,11,13,14,15,18,20
2016-11-28,09:00,5647,16,1,2,4,7,9,10,12,17,18,20
2016-11-28,10:00,5648,5,2,5,6,8,9,10,11,13,14,19
2016-11-28,11:00,5649,8,1,2,4,5,7,9,11,12,13,19
2016-11-28,12:00,5650,12,2,4,6,9,12,13,14,15,16,20
2016-11-28,13:00,5651,19,5,6,7,8,9,11,12,14,16,18
2016-11-28,14:00,5652,15,1,2,3,5,6,8,14,16,17,19
2016-11-28,15:00,5653,13,1,7,12,13,15,16,17,18,19,20
2016-11-28,16:00,5654,3,3,6,7,10,12,13,14,17,18,20
2016-11-28,17:00,5655,17,1,3,4,6,9,11,12,13,18,19
2016-11-28,18:00,5656,14,1,2,4,6,12,14,16,17,18,19
2016-11-28,19:00,5657,15,1,3,7,8,9,12,13,14,16,18
2016-11-28,20:00,5658,17,3,4,5,6,8,9,10,11,12,17
2016-11-28,21:00,5659,1,3,6,8,13,14,15,16,17,19,20
2016-11-28,22:00,5660,4,1,3,5,8,10,11,12,14,19,20
2016-11-28,23:00,5661,18,4,5,6,7,11,12,13,14,15,19
2016-11-29,07:00,5662,20,1,2,6,7,8,9,14,17,19,20
2016-11-29,08:00,5663,20,2,4,7,8,11,14,15,16,17,20
2016-11-29,09:00,5664,4,1,2,4,5,7,8,9,14,17,20
2016-11-29,10:00,5665,11,1,3,4,7,10,13,14,15,18,20
2016-11-29,11:00,5666,17,5,6,8,9,10,11,13,14,15,17
2016-11-29,12:00,5667,3,1,2,4,5,7,10,11,12,14,18
2016-11-29,13:00,5668,15,1,3,4,5,6,10,11,15,16,19
2016-11-29,14:00,5669,7,1,4,5,7,9,10,12,14,15,20
2016-11-29,15:00,5670,4,2,8,9,10,12,15,17,18,19,20
2016-11-29,16:00,5671,20,2,3,4,5,8,12,13,15,17,20
2016-11-29,17:00,5672,6,1,4,5,7,8,9,10,12,13,14
2016-11-29,18:00,5673,7,1,3,4,6,7,8,9,12,14,15
2016-11-29,19:00,5674,6,4,5,7,9,10,12,13,14,15,20
2016-11-29,20:00,5675,19,2,4,6,7,9,11,12,13,14,16
2016-11-29,21:00,5676,8,4,6,7,9,11,12,13,16,18,20
2016-11-29,22:00,5677,13,4,8,10,11,12,13,14,15,16,17
2016-11-29,23:00,5678,19,1,4,5,6,7,12,14,17,18,20
2016-11-30,07:00,5679,20,1,3,7,8,10,14,16,17,18,19
2016-11-30,08:00,5680,13,1,3,5,6,9,10,11,15,18,20
2016-11-30,09:00,5681,4,1,2,9,10,11,12,13,16,18,20
2016-11-30,10:00,5682,4,1,4,5,6,8,10,11,18,19,20
2016-11-30,11:00,5683,4,1,2,8,9,10,11,12,13,18,19
2016-11-30,12:00,5684,11,3,4,7,8,10,11,12,15,17,20
2016-11-30,13:00,5685,13,1,2,4,5,6,8,9,12,15,20
2016-11-30,14:00,5686,14,2,6,7,8,9,10,14,15,16,20
2016-11-30,15:00,5687,8,2,5,6,7,9,10,13,14,15,16
2016-11-30,16:00,5688,5,1,4,5,9,10,12,15,17,18,20
2016-11-30,17:00,5689,18,1,2,3,6,8,9,10,12,14,19
2016-11-30,18:00,5690,4,3,4,5,8,10,16,17,18,19,20
2016-11-30,19:00,5691,19,1,3,4,5,6,10,12,15,16,18
2016-11-30,20:00,5692,16,1,2,4,7,8,11,14,16,17,20
2016-11-30,21:00,5693,10,1,3,6,7,9,10,14,17,18,19
2016-11-30,22:00,5694,6,2,5,7,8,9,15,16,17,18,19
2016-11-30,23:00,5695,12,5,8,9,11,13,15,16,18,19,20
2016-12-01,07:00,5696,11,2,3,5,6,7,8,10,11,12,15
2016-12-01,08:00,5697,5,1,2,4,7,8,9,10,14,19,20
2016-12-01,09:00,5698,9,1,4,5,6,7,8,13,17,18,19
2016-12-01,10:00,5699,5,1,6,7,8,9,10,12,13,16,19
2016-12-01,11:00,5700,16,1,3,5,7,8,13,17,18,19,20
2016-12-01,12:00,5701,15,1,2,3,4,8,9,10,14,17,18
2016-12-01,13:00,5702,2,1,3,5,6,8,10,12,13,15,17
2016-12-01,14:00,5703,19,1,4,5,6,7,8,11,14,15,16
2016-12-01,15:00,5704,19,1,3,4,8,9,10,14,15,17,20
2016-12-01,16:00,5705,11,1,5,7,10,12,13,16,17,18,19
2016-12-01,17:00,5706,13,1,4,7,9,13,14,15,16,18,19
2016-12-01,18:00,5707,3,1,2,5,7,8,10,15,16,19,20
2016-12-01,19:00,5708,5,1,3,6,10,11,13,14,16,19,20
2016-12-01,20:00,5709,12,3,4,5,6,7,8,12,13,18,20
2016-12-01,21:00,5710,5,2,4,7,9,10,12,14,16,19,20
2016-12-01,22:00,5711,8,1,2,5,6,8,13,15,17,18,19
2016-12-01,23:00,5712,13,2,4,5,7,8,10,13,17,18,20
2016-12-02,07:00,5713,16,7,8,9,10,11,12,16,17,18,20
2016-12-02,08:00,5714,4,1,3,5,6,7,9,13,17,18,19
2016-12-02,09:00,5715,2,3,8,10,11,12,13,14,16,17,19
2016-12-02,10:00,5716,13,4,5,7,10,11,14,17,18,19,20
2016-12-02,11:00,5717,5,1,7,10,11,13,14,17,18,19,20
2016-12-02,12:00,5718,8,2,3,5,7,10,11,13,14,16,17
2016-12-02,13:00,5719,17,2,5,7,9,10,12,13,15,18,20
2016-12-02,14:00,5720,19,4,5,6,8,9,13,16,17,18,20
2016-12-02,15:00,5721,8,1,2,6,7,9,10,16,17,18,20
2016-12-02,16:00,5722,18,2,4,5,6,8,11,12,13,16,17
2016-12-02,17:00,5723,17,1,2,3,6,7,9,11,12,17,20
2016-12-02,18:00,5724,16,2,6,7,10,12,13,14,17,19,20
2016-12-02,19:00,5725,10,2,4,5,7,9,10,14,15,18,19
2016-12-02,20:00,5726,7,2,4,5,8,11,12,13,16,17,20
2016-12-02,21:00,5727,2,2,3,5,7,8,10,12,14,15,19
2016-12-02,22:00,5728,3,4,6,7,8,10,12,13,14,15,16
2016-12-02,23:00,5729,3,1,2,3,4,7,11,12,13,15,17
2016-12-03,07:00,5730,7,1,3,6,7,8,9,11,13,15,18
2016-12-03,08:00,5731,5,1,2,3,6,10,11,12,17,18,19
2016-12-03,09:00,5732,20,1,4,5,6,8,10,12,13,14,20
2016-12-03,10:00,5733,3,1,5,6,7,8,10,11,12,16,20
2016-12-03,11:00,5734,14,1,2,8,10,11,13,16,18,19,20
2016-12-03,12:00,5735,3,1,2,3,7,9,10,13,14,17,19
2016-12-03,13:00,5736,3,2,3,5,7,9,10,11,14,15,18
2016-12-03,14:00,5737,2,3,6,7,8,10,13,14,18,19,20
2016-12-03,15:00,5738,7,4,7,8,9,11,12,13,15,16,18
2016-12-03,16:00,5739,3,3,4,6,7,9,11,13,16,18,20
2016-12-03,17:00,5740,10,5,7,8,9,10,13,14,16,17,20
2016-12-03,18:00,5741,14,3,6,7,8,12,13,14,15,17,18
2016-12-03,19:00,5742,20,3,4,8,10,11,12,16,17,18,19
2016-12-03,20:00,5743,11,2,9,10,12,14,15,16,18,19,20
2016-12-03,21:00,5744,7,1,3,5,7,10,12,15,16,18,20
2016-12-03,22:00,5745,11,1,2,5,12,13,14,16,18,19,20
2016-12-03,23:00,5746,13,2,3,6,7,13,16,17,18,19,20
2016-12-04,07:00,5747,17,1,2,4,8,9,11,13,14,15,20
2016-12-04,08:00,5748,19,2,3,4,6,9,10,11,12,17,18
2016-12-04,09:00,5749,1,3,4,5,7,8,9,11,12,13,14
2016-12-04,10:00,5750,14,1,2,8,9,10,11,13,14,17,19
2016-12-04,11:00,5751,19,2,5,6,9,11,12,14,16,18,20
2016-12-04,12:00,5752,10,3,4,5,6,9,10,11,16,17,20
2016-12-04,13:00,5753,10,2,3,4,5,6,12,13,17,18,19
2016-12-04,14:00,5754,18,2,3,5,7,9,13,14,15,16,18
2016-12-04,15:00,5755,4,1,4,8,9,10,11,12,15,16,18
2016-12-04,16:00,5756,14,2,3,4,6,11,14,15,18,19,20
2016-12-04,17:00,5757,20,3,4,5,6,8,9,11,15,17,19
2016-12-04,18:00,5758,6,2,5,6,8,10,11,14,16,18,20
2016-12-04,19:00,5759,10,2,3,6,9,10,14,15,18,19,20
2016-12-04,20:00,5760,4,3,6,7,10,12,13,14,16,19,20
2016-12-04,21:00,5761,20,2,4,7,8,9,12,13,15,17,19
2016-12-04,22:00,5762,20,2,3,4,5,9,12,13,14,18,20
2016-12-04,23:00,5763,6,1,4,5,6,7,13,14,16,17,18
2016-12-05,07:00,5764,15,1,3,5,6,8,9,12,14,15,17
2016-12-05,08:00,5765,4,1,2,3,5,6,7,9,10,12,16
2016-12-05,09:00,5766,5,1,4,5,9,13,14,15,16,18,19
2016-12-05,10:00,5767,20,4,7,9,11,12,14,15,16,17,20
2016-12-05,11:00,5768,6,1,2,5,6,7,10,12,13,17,20
2016-12-05,12:00,5769,8,1,2,3,6,10,11,12,14,19,20
2016-12-05,13:00,5770,9,1,4,6,7,10,12,13,15,19,20
2016-12-05,14:00,5771,2,3,5,9,10,12,15,16,18,19,20
2016-12-05,15:00,5772,14,1,2,3,4,5,7,8,11,13,17
2016-12-05,16:00,5773,19,1,4,5,10,11,14,16,17,18,19
2016-12-05,17:00,5774,4,2,3,4,5,6,7,14,16,17,20
2016-12-05,18:00,5775,13,2,3,5,9,10,14,15,16,19,20
2016-12-05,19:00,5776,1,1,4,5,8,9,11,12,15,17,18
2016-12-05,20:00,5777,2,1,3,6,7,9,13,14,16,18,20
2016-12-05,21:00,5778,5,1,2,3,5,7,10,16,17,18,19
2016-12-05,22:00,5779,8,1,3,6,7,8,9,10,14,15,16
2016-12-05,23:00,5780,11,1,3,7,8,12,14,15,17,18,20
2016-12-06,07:00,5781,5,1,2,5,6,11,12,13,17,19,20
2016-12-06,08:00,5782,6,1,2,3,4,5,8,10,13,14,20
2016-12-06,09:00,5783,4,1,2,3,5,11,12,14,15,18,20
2016-12-06,10:00,5784,11,3,4,5,6,7,8,9,10,12,18
2016-12-06,11:00,5785,10,1,2,3,4,6,11,13,17,19,20
2016-12-06,12:00,5786,14,1,3,4,5,9,10,11,12,13,18
2016-12-06,13:00,5787,1,3,4,7,8,9,11,14,15,18,20
2016-12-06,14:00,5788,13,1,3,5,6,7,10,11,13,16,17
2016-12-06,15:00,5789,15,2,3,5,7,10,11,12,17,19,20
2016-12-06,16:00,5790,16,4,6,8,10,11,12,14,15,17,18
2016-12-06,17:00,5791,7,3,4,8,9,12,13,14,16,19,20
2016-12-06,18:00,5792,13,1,2,5,6,7,9,13,14,15,20
2016-12-06,19:00,5793,19,1,6,7,8,9,11,14,15,16,19
2016-12-06,20:00,5794,8,1,3,4,5,7,8,12,16,17,20
2016-12-06,21:00,5795,18,1,4,5,6,7,16,17,18,19,20
2016-12-06,22:00,5796,18,3,4,7,8,14,16,17,18,19,20
2016-12-06,23:00,5797,5,1,2,3,7,9,10,12,13,14,16
2016-12-07,07:00,5798,10,1,2,3,4,5,6,10,11,19,20
2016-12-07,08:00,5799,1,1,4,5,6,7,9,10,12,15,16
2016-12-07,09:00,5800,19,1,3,4,6,9,11,14,16,19,20
2016-12-07,10:00,5801,4,1,3,4,12,13,14,15,18,19,20
2016-12-07,11:00,5802,9,1,2,3,4,9,10,11,14,16,18
2016-12-07,12:00,5803,16,1,2,4,5,9,11,12,13,15,20
2016-12-07,13:00,5804,2,2,5,10,11,12,14,16,18,19,20
2016-12-07,14:00,5805,17,3,4,5,9,10,11,12,13,14,16
2016-12-07,15:00,5806,17,1,2,3,5,7,12,13,14,17,20
2016-12-07,16:00,5807,1,2,3,5,8,10,12,14,15,19,20
2016-12-07,17:00,5808,14,1,3,6,8,10,11,13,15,18,20
2016-12-07,18:00,5809,12,2,3,7,9,11,14,16,17,19,20
2016-12-07,19:00,5810,19,2,3,4,5,6,7,8,13,17,20
2016-12-07,20:00,5811,6,3,5,6,8,9,12,14,15,17,18
2016-12-07,21:00,5812,13,1,4,8,11,12,13,14,16,17,18
2016-12-07,22:00,5813,17,1,2,3,5,6,10,16,18,19,20
2016-12-07,23:00,5814,9,1,2,3,4,8,9,15,16,17,19
2016-12-08,07:00,5815,19,1,4,7,8,9,12,14,16,18,20
2016-12-08,08:00,5816,17,2,4,5,6,8,9,11,15,17,19
2016-12-08,09:00,5817,16,3,5,7,10,11,12,14,15,16,19
2016-12-08,10:00,5818,7,2,3,4,5,8,12,13,15,16,18
2016-12-08,11:00,5819,5,3,7,10,13,14,15,16,17,18,20
2016-12-08,12:00,5820,5,3,4,5,7,12,14,16,17,19,20
2016-12-08,13:00,5821,12,1,4,5,6,9,10,11,13,17,19
2016-12-08,14:00,5822,20,1,4,5,6,7,8,12,16,18,19
2016-12-08,15:00,5823,18,3,5,8,10,11,13,15,16,17,18
2016-12-08,16:00,5824,7,1,2,3,4,6,7,10,13,15,18
2016-12-08,17:00,5825,4,3,4,6,8,10,12,13,16,18,19
2016-12-08,18:00,5826,10,1,2,7,8,9,10,11,13,14,16
2016-12-08,19:00,5827,9,1,3,4,6,8,10,11,13,17,18
2016-12-08,20:00,5828,9,1,4,6,8,9,10,12,13,17,18
2016-12-08,21:00,5829,2,4,6,7,10,12,15,16,17,19,20
2016-12-08,22:00,5830,15,4,5,6,7,8,13,14,15,18,20
2016-12-08,23:00,5831,18,1,3,7,9,12,14,16,18,19,20
2016-12-09,07:00,5832,2,1,2,3,4,5,10,15,17,18,20
2016-12-09,08:00,5833,2,2,6,7,8,12,13,14,16,19,20
2016-12-09,09:00,5834,8,2,3,4,7,9,10,12,17,18,20
2016-12-09,10:00,5835,2,2,7,8,12,13,14,17,18,19,20
2016-12-09,11:00,5836,20,2,5,7,10,12,13,14,16,19,20
2016-12-09,12:00,5837,6,1,2,3,5,6,9,12,13,14,15
2016-12-09,13:00,5838,5,1,2,5,8,11,13,17,18,19,20
2016-12-09,14:00,5839,9,1,4,6,10,11,14,15,18,19,20
2016-12-09,15:00,5840,18,1,4,6,8,9,10,13,14,16,19
2016-12-09,16:00,5841,13,2,5,6,7,9,10,13,15,16,17
2016-12-09,17:00,5842,9,1,5,7,8,9,10,14,15,16,17
2016-12-09,18:00,5843,1,1,3,4,8,9,11,12,14,16,20
2016-12-09,19:00,5844,2,2,4,5,6,7,8,14,16,19,20
2016-12-09,20:00,5845,12,2,3,5,6,9,10,11,12,16,20
2016-12-09,21:00,5846,6,4,5,6,10,11,14,17,18,19,20
2016-12-09,22:00,5847,20,1,2,3,4,5,11,12,16,17,18
2016-12-09,23:00,5848,17,2,5,6,7,9,12,17,18,19,20
2016-12-10,07:00,5849,6,1,2,5,6,10,12,13,15,16,20
2016-12-10,08:00,5850,11,3,4,6,7,9,10,11,14,19,20
2016-12-10,09:00,5851,15,1,2,3,4,5,6,14,15,16,18
2016-12-10,10:00,5852,10,3,5,6,7,10,11,12,14,17,19
2016-12-10,11:00,5853,12,1,5,7,8,9,10,12,13,15,18
2016-12-10,12:00,5854,4,1,6,8,9,11,12,14,15,18,19
2016-12-10,13:00,5855,10,2,3,4,5,6,8,13,15,16,19
2016-12-10,14:00,5856,2,3,4,5,6,7,8,9,11,12,17
2016-12-10,15:00,5857,8,1,2,5,6,14,16,17,18,19,20
2016-12-10,16:00,5858,9,1,3,5,8,10,12,14,16,17,19
2016-12-10,17:00,5859,6,1,4,5,7,8,11,16,17,19,20
2016-12-10,18:00,5860,14,1,4,5,6,9,10,12,16,17,20
2016-12-10,19:00,5861,3,3,4,6,8,9,10,11,15,16,17
2016-12-10,20:00,5862,9,1,4,5,9,10,12,15,16,19,20
2016-12-10,21:00,5863,19,1,3,5,7,10,13,16,18,19,20
2016-12-10,22:00,5864,8,2,3,5,11,12,13,16,18,19,20
2016-12-10,23:00,5865,1,3,4,8,9,11,14,15,17,18,19
2016-12-11,07:00,5866,6,2,3,7,8,11,13,14,16,17,20
2016-12-11,08:00,5867,4,1,3,7,12,13,14,15,17,18,19
2016-12-11,09:00,5868,13,1,4,6,10,11,14,16,17,19,20
2016-12-11,10:00,5869,12,5,6,7,10,11,12,13,14,15,16
2016-12-11,11:00,5870,7,2,7,8,9,10,11,14,15,16,20
2016-12-11,12:00,5871,13,2,3,4,5,8,10,11,15,16,17
2016-12-11,13:00,5872,2,2,4,5,8,10,12,13,14,16,17
2016-12-11,14:00,5873,8,1,3,4,5,9,12,14,15,16,20
2016-12-11,15:00,5874,7,2,4,6,7,8,9,12,13,18,20
2016-12-11,16:00,5875,7,1,3,4,5,9,14,16,17,18,19
2016-12-11,17:00,5876,14,3,4,5,7,11,12,14,17,18,19
2016-12-11,18:00,5877,10,4,5,9,11,12,13,14,17,19,20
2016-12-11,19:00,5878,3,1,4,6,8,10,11,16,17,19,20
2016-12-11,20:00,5879,11,2,3,5,8,9,11,13,14,16,17
2016-12-11,21:00,5880,16,4,6,10,11,13,15,16,17,18,20
2016-12-11,22:00,5881,13,3,4,5,8,11,13,15,16,18,20
2016-12-11,23:00,5882,2,1,2,5,6,7,10,13,14,15,19
2016-12-12,07:00,5883,11,3,4,5,9,11,12,13,14,18,19
2016-12-12,08:00,5884,18,3,6,7,8,9,10,17,18,19,20
2016-12-12,09:00,5885,17,1,3,4,6,8,11,12,15,16,18
2016-12-12,10:00,5886,15,1,2,7,9,10,11,14,15,17,19
2016-12-12,11:00,5887,9,1,2,3,6,7,9,10,13,19,20
2016-12-12,12:00,5888,13,2,3,5,6,7,8,9,10,18,19
2016-12-12,13:00,5889,8,1,3,5,6,7,9,12,13,19,20
2016-12-12,14:00,5890,15,1,2,5,6,10,11,16,17,19,20
2016-12-12,15:00,5891,1,4,6,8,9,10,15,16,17,18,19
2016-12-12,16:00,5892,20,2,5,7,8,9,11,13,14,15,20
2016-12-12,17:00,5893,16,2,3,6,7,8,11,14,16,19,20
2016-12-12,18:00,5894,13,1,2,3,5,11,12,13,14,16,19
2016-12-12,19:00,5895,1,1,2,5,7,9,10,13,14,15,18
2016-12-12,20:00,5896,15,1,3,5,8,9,11,12,16,17,18
2016-12-12,21:00,5897,8,2,5,6,11,12,15,16,17,18,20
2016-12-12,22:00,5898,15,2,3,4,6,10,13,16,17,18,19
2016-12-12,23:00,5899,8,2,3,4,6,8,13,15,16,19,20
2016-12-13,07:00,5900,1,1,2,3,4,6,9,13,17,18,20
2016-12-13,08:00,5901,19,1,2,4,6,8,9,14,16,17,18
2016-12-13,09:00,5902,2,1,2,5,7,11,13,14,16,17,20
2016-12-13,10:00,5903,11,1,2,3,7,8,11,13,14,19,20
2016-12-13,11:00,5904,16,2,3,4,9,11,12,13,14,17,19
2016-12-13,12:00,5905,1,3,5,6,7,8,11,12,14,16,17
2016-12-13,13:00,5906,13,1,3,4,5,8,9,15,16,18,19
2016-12-13,14:00,5907,12,1,3,5,6,8,11,14,15,19,20
2016-12-13,15:00,5908,13,2,3,9,10,12,13,14,15,16,19
2016-12-13,16:00,5909,10,2,4,6,8,11,12,13,14,16,18
2016-12-13,17:00,5910,2,2,3,4,6,7,9,11,12,13,19
2016-12-13,18:00,5911,9,1,3,4,6,7,8,10,12,16,18
2016-12-13,19:00,5912,13,1,2,5,7,9,10,12,13,14,15
2016-12-13,20:00,5913,4,2,3,5,6,10,14,15,17,19,20
2016-12-13,21:00,5914,4,4,5,7,9,12,14,15,16,17,19
2016-12-13,22:00,5915,3,1,2,3,5,7,9,10,16,18,20
2016-12-13,23:00,5916,10,1,2,4,12,13,15,16,18,19,20
2016-12-14,07:00,5917,17,1,6,7,9,10,11,12,14,16,17
2016-12-14,08:00,5918,2,1,2,3,4,6,11,13,14,18,20
2016-12-14,09:00,5919,9,3,5,6,10,11,14,15,16,17,18
2016-12-14,10:00,5920,13,2,5,6,9,10,11,12,14,19,20
2016-12-14,11:00,5921,2,1,2,3,5,8,9,10,14,19,20
2016-12-14,12:00,5922,13,5,10,11,12,14,15,16,17,19,20
2016-12-14,13:00,5923,18,1,2,3,4,7,8,11,13,17,19
2016-12-14,14:00,5924,7,1,2,4,11,12,14,16,17,18,20
2016-12-14,15:00,5925,17,2,3,6,9,10,16,17,18,19,20
2016-12-14,16:00,5926,17,1,2,5,10,11,12,13,14,16,17
2016-12-14,17:00,5927,14,1,2,3,4,8,13,14,17,18,19
2016-12-14,18:00,5928,12,2,3,4,6,7,8,9,11,15,16
2016-12-14,19:00,5929,6,1,2,4,6,7,11,12,13,14,20
2016-12-14,20:00,5930,20,1,7,8,11,12,13,15,16,17,18
2016-12-14,21:00,5931,20,4,5,6,8,10,11,13,14,16,17
2016-12-14,22:00,5932,12,2,3,4,5,6,11,12,13,14,15
2016-12-14,23:00,5933,14,5,6,7,8,10,11,12,13,14,18
2016-12-15,07:00,5934,15,1,3,5,6,7,8,14,16,17,20
2016-12-15,08:00,5935,9,1,3,9,10,11,12,15,18,19,20
2016-12-15,09:00,5936,18,1,2,3,4,8,9,15,17,18,20
2016-12-15,10:00,5937,14,1,3,4,8,9,10,12,15,17,20
2016-12-15,11:00,5938,13,3,4,5,7,8,10,11,13,19,20
2016-12-15,12:00,5939,15,1,3,4,5,8,10,11,17,18,19
2016-12-15,13:00,5940,18,1,2,3,7,9,12,13,14,17,18
2016-12-15,14:00,5941,5,2,3,5,6,8,10,11,13,15,20
2016-12-15,15:00,5942,11,1,2,4,5,6,9,10,14,17,18
2016-12-15,16:00,5943,18,1,5,6,7,10,13,14,15,18,19
2016-12-15,17:00,5944,5,1,2,3,5,6,8,9,11,15,18
2016-12-15,18:00,5945,10,1,3,5,9,10,11,12,13,18,19
2016-12-15,19:00,5946,2,1,5,6,8,9,12,13,14,17,18
2016-12-15,20:00,5947,11,3,10,12,13,14,15,16,18,19,20
2016-12-15,21:00,5948,18,1,2,3,5,8,9,10,15,16,17
2016-12-15,22:00,5949,18,6,7,9,10,13,14,15,17,18,19
2016-12-15,23:00,5950,20,1,4,6,7,8,9,10,14,15,18
2016-12-16,07:00,5951,19,3,6,10,12,14,15,17,18,19,20
2016-12-16,08:00,5952,17,3,4,6,7,8,9,12,14,17,20
2016-12-16,09:00,5953,20,1,3,5,8,9,10,11,14,15,19
2016-12-16,10:00,5954,11,2,3,6,7,10,11,13,17,19,20
2016-12-16,11:00,5955,17,1,5,6,10,12,14,16,18,19,20
2016-12-16,12:00,5956,12,1,2,5,6,7,8,11,13,14,19
2016-12-16,13:00,5957,18,1,3,9,11,12,14,15,17,18,19
2016-12-16,14:00,5958,19,2,3,4,5,7,9,10,11,19,20
2016-12-16,15:00,5959,6,1,2,8,9,10,12,15,16,17,18
2016-12-16,16:00,5960,8,1,3,4,7,8,12,13,14,16,17
2016-12-16,17:00,5961,8,1,4,6,8,11,13,14,16,19,20
2016-12-16,18:00,5962,5,1,3,5,6,9,11,12,16,17,19
2016-12-16,19:00,5963,19,1,3,4,7,8,10,11,14,17,18
2016-12-16,20:00,5964,14,1,3,7,8,13,16,17,18,19,20
2016-12-16,21:00,5965,19,1,4,5,6,7,8,9,16,17,18
2016-12-16,22:00,5966,20,3,5,7,8,9,11,13,15,16,17
2016-12-16,23:00,5967,5,2,5,6,7,8,10,16,17,18,19
2016-12-17,07:00,5968,10,1,2,4,6,10,11,12,15,17,18
2016-12-17,08:00,5969,16,1,2,4,5,6,8,12,13,17,19
2016-12-17,09:00,5970,11,2,5,6,8,9,12,13,16,18,20
2016-12-17,10:00,5971,4,2,4,7,9,11,12,13,14,16,20
2016-12-17,11:00,5972,3,2,4,5,7,10,13,14,17,18,20
2016-12-17,12:00,5973,12,2,3,4,5,8,13,14,16,19,20
2016-12-17,13:00,5974,9,1,3,10,13,14,15,16,17,19,20
2016-12-17,14:00,5975,3,3,6,7,8,9,10,11,13,16,20
2016-12-17,15:00,5976,6,1,2,4,5,6,8,10,12,16,20
2016-12-17,16:00,5977,12,1,2,4,6,8,11,14,16,18,20
2016-12-17,17:00,5978,13,2,5,10,12,14,15,16,17,18,19
2016-12-17,18:00,5979,20,1,3,5,6,12,13,14,17,18,20
2016-12-17,19:00,5980,1,1,6,7,8,10,12,14,17,19,20
2016-12-17,20:00,5981,8,6,7,8,11,13,14,15,16,17,18
2016-12-17,21:00,5982,16,2,3,6,9,10,11,12,15,16,19
2016-12-17,22:00,5983,5,1,2,4,7,8,11,13,15,19,20
2016-12-17,23:00,5984,17,1,2,9,10,11,12,14,15,18,19
2016-12-18,07:00,5985,16,1,5,8,9,10,13,14,18,19,20
2016-12-18,08:00,5986,17,1,3,4,9,10,11,13,14,18,20
2016-12-18,09:00,5987,16,1,3,4,5,7,10,14,15,19,20
2016-12-18,10:00,5988,13,1,6,8,9,11,12,13,15,16,19
2016-12-18,11:00,5989,11,4,5,6,10,14,15,16,18,19,20
2016-12-18,12:00,5990,18,1,4,6,8,11,13,14,15,16,17
2016-12-18,13:00,5991,3,1,3,4,6,9,10,14,16,18,20
2016-12-18,14:00,5992,5,1,4,7,10,12,14,16,17,18,20
2016-12-18,15:00,5993,3,2,3,4,6,9,10,12,17,18,20
2016-12-18,16:00,5994,3,1,4,6,7,11,13,14,15,18,19
2016-12-18,17:00,5995,2,1,3,4,7,11,13,14,17,18,20
2016-12-18,18:00,5996,15,1,2,3,6,9,10,13,16,17,19
2016-12-18,19:00,5997,9,1,5,6,9,11,13,14,16,19,20
2016-12-18,20:00,5998,19,1,2,7,8,9,10,12,13,14,18
2016-12-18,21:00,5999,6,1,2,4,5,8,9,11,13,16,18
2016-12-18,22:00,6000,4,2,3,4,6,7,8,9,11,13,15
2016-12-18,23:00,6001,3,1,3,6,7,8,11,13,14,17,20
2016-12-19,07:00,6002,6,3,4,8,10,11,12,14,16,18,20
2016-12-19,08:00,6003,7,2,3,6,9,10,11,14,15,17,20
2016-12-19,09:00,6004,11,1,2,4,6,9,10,13,14,15,16
2016-12-19,10:00,6005,9,2,5,6,9,10,12,16,17,18,20
2016-12-19,11:00,6006,16,1,3,6,9,12,13,14,15,17,19
2016-12-19,12:00,6007,3,3,4,5,9,10,12,15,17,19,20
2016-12-19,13:00,6008,6,1,2,3,6,8,11,13,17,18,20
2016-12-19,14:00,6009,16,2,7,9,10,11,13,14,17,18,19
2016-12-19,15:00,6010,12,1,4,6,9,11,12,13,14,18,19
2016-12-19,16:00,6011,20,1,2,5,6,8,9,11,15,17,19
2016-12-19,17:00,6012,18,1,4,7,8,12,13,16,17,18,19
2016-12-19,18:00,6013,5,1,5,6,8,9,15,16,17,19,20
2016-12-19,19:00,6014,15,1,2,4,8,9,11,16,17,18,20
2016-12-19,20:00,6015,12,2,7,8,11,12,13,14,16,18,20
2016-12-19,21:00,6016,4,1,2,6,7,10,11,14,16,17,19
2016-12-19,22:00,6017,20,2,4,7,8,10,12,14,16,18,20
2016-12-19,23:00,6018,20,1,3,4,8,10,12,14,16,17,19
2016-12-20,07:00,6019,19,1,3,4,6,7,11,13,14,17,20
2016-12-20,08:00,6020,16,5,7,9,11,14,15,17,18,19,20
2016-12-20,09:00,6021,18,1,3,5,6,12,13,14,15,18,19
2016-12-20,10:00,6022,11,1,4,6,7,8,11,12,14,18,20
2016-12-20,11:00,6023,7,3,5,9,10,12,14,15,17,18,19
2016-12-20,12:00,6024,7,1,2,3,4,5,8,9,12,17,20
2016-12-20,13:00,6025,3,1,2,3,6,8,10,12,13,14,15
2016-12-20,14:00,6026,3,1,4,5,7,8,15,16,17,19,20
2016-12-20,15:00,6027,8,2,4,5,6,8,10,11,12,13,19
2016-12-20,16:00,6028,19,1,3,5,6,9,12,14,15,17,18
2016-12-20,17:00,6029,6,3,4,6,7,11,12,14,16,18,19
2016-12-20,18:00,6030,18,2,4,5,6,7,8,10,12,14,20
2016-12-20,19:00,6031,19,1,2,3,5,6,8,11,12,15,17
2016-12-20,20:00,6032,20,1,2,3,6,8,9,11,12,13,14
2016-12-20,21:00,6033,18,3,4,5,7,8,10,11,12,14,18
2016-12-20,22:00,6034,16,1,2,6,7,9,11,12,15,17,18
2016-12-20,23:00,6035,18,3,4,5,6,9,13,14,15,16,19
2016-12-21,07:00,6036,18,3,5,7,8,9,10,12,17,19,20
2016-12-21,08:00,6037,8,2,6,7,8,13,14,16,17,18,19
2016-12-21,09:00,6038,14,1,2,7,9,10,13,17,18,19,20
2016-12-21,10:00,6039,7,1,3,4,5,7,9,14,17,19,20
2016-12-21,11:00,6040,19,2,4,6,9,10,11,12,14,16,18
2016-12-21,12:00,6041,18,1,3,4,6,7,9,11,12,14,17
2016-12-21,13:00,6042,9,1,2,3,6,7,10,11,16,19,20
2016-12-21,14:00,6043,15,2,3,7,10,11,12,13,14,17,20
2016-12-21,15:00,6044,1,2,3,5,6,7,9,12,13,17,20
2016-12-21,16:00,6045,13,3,5,6,7,9,10,11,15,16,17
2016-12-21,17:00,6046,19,1,6,7,8,14,16,17,18,19,20
2016-12-21,18:00,6047,19,2,3,4,5,6,7,11,13,17,19
2016-12-21,19:00,6048,7,2,5,8,9,10,11,12,14,18,20
2016-12-21,20:00,6049,3,1,2,5,6,8,9,11,12,13,17
2016-12-21,21:00,6050,3,1,3,4,5,7,10,11,14,15,20
2016-12-21,22:00,6051,11,1,3,6,9,10,12,16,17,19,20
2016-12-21,23:00,6052,17,2,3,4,6,12,13,14,15,17,20
2016-12-22,07:00,6053,3,1,2,8,10,11,12,13,17,18,20
2016-12-22,08:00,6054,7,2,3,5,10,12,13,14,15,17,18
2016-12-22,09:00,6055,2,4,5,7,8,10,11,14,18,19,20
2016-12-22,10:00,6056,17,5,6,8,9,10,12,13,18,19,20
2016-12-22,11:00,6057,14,1,4,5,9,10,13,14,18,19,20
2016-12-22,12:00,6058,4,4,6,9,10,11,12,14,15,18,20
2016-12-22,13:00,6059,14,3,6,9,10,12,14,15,16,17,18
2016-12-22,14:00,6060,16,3,4,5,6,7,8,11,13,16,20
2016-12-22,15:00,6061,16,1,2,3,6,7,11,12,15,18,20
2016-12-22,16:00,6062,1,1,2,3,4,7,10,13,14,15,16
2016-12-22,17:00,6063,4,1,4,5,7,9,10,14,15,19,20
2016-12-22,18:00,6064,14,2,4,5,8,9,11,12,14,15,19
2016-12-22,19:00,6065,6,6,9,10,12,13,15,16,18,19,20
2016-12-22,20:00,6066,6,1,3,4,5,7,9,11,15,18,20
2016-12-22,21:00,6067,2,2,5,6,10,11,13,14,15,17,18
2016-12-22,22:00,6068,9,2,9,10,11,12,13,15,16,19,20
2016-12-22,23:00,6069,20,2,3,5,7,9,11,16,18,19,20
2016-12-23,07:00,6070,8,3,4,5,7,9,14,15,16,18,20
2016-12-23,08:00,6071,15,1,2,5,7,9,10,16,17,19,20
2016-12-23,09:00,6072,20,1,4,5,6,7,8,12,14,15,20
2016-12-23,10:00,6073,11,3,4,7,10,11,13,14,15,18,20
2016-12-23,11:00,6074,5,2,3,5,9,11,12,13,15,18,20
2016-12-23,12:00,6075,1,1,2,3,6,10,12,13,16,19,20
2016-12-23,13:00,6076,10,1,2,3,6,9,14,15,18,19,20
2016-12-23,14:00,6077,18,1,2,4,6,8,9,10,11,12,18
2016-12-23,15:00,6078,8,1,4,5,7,9,10,13,14,17,18
2016-12-23,16:00,6079,4,2,3,6,10,11,12,16,17,18,19
2016-12-23,17:00,6080,9,5,8,11,12,13,15,16,17,18,19
2016-12-23,18:00,6081,1,1,6,10,11,14,15,16,17,19,20
2016-12-23,19:00,6082,11,1,2,4,13,15,16,17,18,19,20
2016-12-23,20:00,6083,17,2,3,4,5,6,12,14,15,17,19
2016-12-23,21:00,6084,8,2,8,9,10,11,12,13,16,18,20
2016-12-23,22:00,6085,14,1,4,7,8,11,13,16,18,19,20
2016-12-23,23:00,6086,10,2,3,4,5,6,8,11,15,17,20
2016-12-24,07:00,6087,19,1,2,3,10,11,12,13,16,17,20
2016-12-24,08:00,6088,17,1,2,3,4,8,9,10,16,17,20
2016-12-24,09:00,6089,10,4,5,6,8,12,13,14,15,17,20
2016-12-24,10:00,6090,17,1,3,8,9,10,11,13,16,17,18
2016-12-24,11:00,6091,10,1,2,4,9,10,12,13,14,16,20
2016-12-24,12:00,6092,18,1,2,6,10,11,16,17,18,19,20
2016-12-24,13:00,6093,10,3,6,7,11,13,15,17,18,19,20
2016-12-24,14:00,6094,3,2,5,9,10,12,14,15,17,18,20
2016-12-24,15:00,6095,12,1,4,6,8,9,11,13,14,17,20
2016-12-24,16:00,6096,10,1,2,4,8,11,13,14,15,17,19
2016-12-24,17:00,6097,14,5,6,7,8,12,14,16,17,19,20
2016-12-24,18:00,6098,5,4,5,6,7,8,9,12,14,16,19
2016-12-24,19:00,6099,13,2,5,8,11,13,14,15,18,19,20
2016-12-24,20:00,6100,20,1,2,3,7,11,12,14,15,19,20
2016-12-24,21:00,6101,11,3,4,5,7,10,14,15,16,17,18
2016-12-24,22:00,6102,7,2,3,4,5,6,12,13,14,16,20
2016-12-24,23:00,6103,3,1,6,10,12,13,15,16,18,19,20
2016-12-25,07:00,6104,4,2,5,6,7,8,9,10,11,14,19
2016-12-25,08:00,6105,7,3,4,8,11,12,15,17,18,19,20
2016-12-25,09:00,6106,17,1,2,3,4,5,6,14,15,16,20
2016-12-25,10:00,6107,1,4,5,8,9,10,13,16,17,18,19
2016-12-25,11:00,6108,4,1,5,6,7,9,12,16,17,18,20
2016-12-25,12:00,6109,8,6,10,11,12,13,14,15,17,19,20
2016-12-25,13:00,6110,11,4,6,8,9,10,13,14,16,17,19
2016-12-25,14:00,6111,6,2,3,4,5,6,7,8,9,13,15
2016-12-25,15:00,6112,13,1,2,7,8,13,16,17,18,19,20
2016-12-25,16:00,6113,8,2,4,5,6,8,11,15,16,18,19
2016-12-25,17:00,6114,13,3,6,7,9,11,12,13,16,18,19
2016-12-25,18:00,6115,16,2,5,6,8,11,12,13,14,15,19
2016-12-25,19:00,6116,5,3,4,6,8,12,13,17,18,19,20
2016-12-25,20:00,6117,17,2,3,5,7,8,12,13,14,16,19
2016-12-25,21:00,6118,8,1,2,6,8,10,11,13,14,19,20
2016-12-25,22:00,6119,4,2,7,8,9,12,14,15,16,17,19
2016-12-25,23:00,6120,13,2,3,6,7,10,12,14,17,18,19
2016-12-26,07:00,6121,11,2,4,5,7,10,11,12,13,16,17
2016-12-26,08:00,6122,2,3,5,6,7,9,10,14,15,16,18
2016-12-26,09:00,6123,18,2,6,7,9,11,12,13,14,16,20
2016-12-26,10:00,6124,16,5,8,10,13,14,15,16,18,19,20
2016-12-26,11:00,6125,6,1,2,3,6,9,14,15,17,18,19
2016-12-26,12:00,6126,15,1,3,6,11,13,14,16,17,18,20
2016-12-26,13:00,6127,11,1,2,4,8,9,10,11,13,15,20
2016-12-26,14:00,6128,19,1,3,4,5,6,8,9,13,15,17
2016-12-26,15:00,6129,6,1,3,5,7,8,10,13,14,18,19
2016-12-26,16:00,6130,9,1,4,7,9,10,11,13,16,19,20
2016-12-26,17:00,6131,17,1,8,9,12,13,15,16,17,18,19
2016-12-26,18:00,6132,9,3,5,8,9,11,12,13,15,18,20
2016-12-26,19:00,6133,17,1,4,6,7,9,14,15,18,19,20
2016-12-26,20:00,6134,10,1,2,3,4,10,11,16,17,18,19
2016-12-26,21:00,6135,9,3,6,9,10,11,12,15,17,18,19
2016-12-26,22:00,6136,19,2,6,7,8,9,10,13,14,17,20
2016-12-26,23:00,6137,2,3,5,6,8,9,12,15,16,19,20
2016-12-27,07:00,6138,10,1,6,9,11,13,14,15,16,17,19
2016-12-27,08:00,6139,16,2,3,4,5,6,8,11,13,16,19
2016-12-27,09:00,6140,8,2,3,4,6,7,9,13,14,17,18
2016-12-27,10:00,6141,2,4,6,7,9,10,11,15,17,19,20
2016-12-27,11:00,6142,6,1,4,6,8,10,11,12,15,16,18
2016-12-27,12:00,6143,13,2,3,4,6,7,8,11,13,19,20
2016-12-27,13:00,6144,16,1,3,4,5,7,8,10,12,17,20
2016-12-27,14:00,6145,9,2,3,5,8,9,11,17,18,19,20
2016-12-27,15:00,6146,10,1,3,5,6,7,8,16,17,18,19
2016-12-27,16:00,6147,15,5,6,8,9,11,13,16,17,18,19
2016-12-27,17:00,6148,17,4,7,9,11,13,14,16,17,19,20
2016-12-27,18:00,6149,7,1,3,4,7,8,9,11,12,16,19
2016-12-27,19:00,6150,14,1,2,4,9,12,13,16,17,19,20
2016-12-27,20:00,6151,20,1,2,5,6,8,10,12,16,17,19
2016-12-27,21:00,6152,11,3,4,5,9,10,11,14,16,17,19
2016-12-27,22:00,6153,3,1,3,6,7,9,13,14,16,18,19
2016-12-27,23:00,6154,5,4,5,6,7,9,10,13,16,18,19
2016-12-28,07:00,6155,19,2,4,5,6,7,10,12,15,19,20
2016-12-28,08:00,6156,6,3,6,7,10,11,12,13,14,17,18
2016-12-28,09:00,6157,20,1,2,4,5,7,8,10,13,16,17
2016-12-28,10:00,6158,10,1,2,3,4,6,8,9,10,14,18
2016-12-28,11:00,6159,14,1,2,3,5,8,9,11,12,13,19
2016-12-28,12:00,6160,12,5,6,8,9,10,11,13,14,16,18
2016-12-28,13:00,6161,3,1,4,5,6,7,11,12,16,18,20
2016-12-28,14:00,6162,15,1,2,4,5,9,12,13,15,16,18
2016-12-28,15:00,6163,15,2,4,6,7,8,9,10,11,13,18
2016-12-28,16:00,6164,18,1,3,8,12,13,14,15,16,17,18
2016-12-28,17:00,6165,2,3,4,7,8,9,13,15,17,18,19
2016-12-28,18:00,6166,12,2,3,5,6,7,10,11,12,13,14
2016-12-28,19:00,6167,20,3,4,6,11,13,14,16,17,18,19
2016-12-28,20:00,6168,12,3,5,6,7,10,11,12,15,16,19
2016-12-28,21:00,6169,9,5,6,7,9,12,15,16,17,19,20
2016-12-28,22:00,6170,10,2,4,7,8,9,10,13,18,19,20
2016-12-28,23:00,6171,16,1,3,4,7,8,10,13,14,17,19
2016-12-29,07:00,6172,5,1,3,4,5,8,11,12,14,15,19
2016-12-29,08:00,6173,11,3,4,5,6,7,8,10,14,16,19
2016-12-29,09:00,6174,11,3,6,9,11,13,14,16,17,19,20
2016-12-29,10:00,6175,10,2,3,4,5,8,11,13,15,19,20
2016-12-29,11:00,6176,8,2,6,7,8,9,10,11,14,19,20
2016-12-29,12:00,6177,16,1,2,3,4,7,10,12,13,17,20
2016-12-29,13:00,6178,18,2,5,6,7,9,10,13,16,17,18
2016-12-29,14:00,6179,14,1,3,5,6,10,12,15,17,18,19
2016-12-29,15:00,6180,9,1,2,3,9,11,12,16,17,18,19
2016-12-29,16:00,6181,3,3,4,5,6,10,11,12,13,14,17
2016-12-29,17:00,6182,17,2,3,4,9,10,12,13,16,18,19
2016-12-29,18:00,6183,1,4,6,7,8,11,14,15,17,18,19
2016-12-29,19:00,6184,1,1,3,4,6,7,9,13,14,17,20
2016-12-29,20:00,6185,9,6,7,9,11,13,14,15,16,19,20
2016-12-29,21:00,6186,16,1,3,4,5,10,11,13,14,18,20
2016-12-29,22:00,6187,11,1,3,4,7,8,11,13,14,17,20
2016-12-29,23:00,6188,5,1,4,5,8,9,10,14,16,18,19
2016-12-30,07:00,6189,5,3,5,6,11,12,14,15,17,18,20
2016-12-30,08:00,6190,9,2,4,6,7,9,12,13,18,19,20
2016-12-30,09:00,6191,18,2,4,7,8,10,11,12,14,15,18
2016-12-30,10:00,6192,9,3,4,6,7,8,9,10,12,17,19
2016-12-30,11:00,6193,4,2,4,5,6,7,8,11,16,17,19
2016-12-30,12:00,6194,11,1,2,4,5,8,12,14,15,17,18
2016-12-30,13:00,6195,7,3,4,7,8,10,12,14,15,17,19
2016-12-30,14:00,6196,17,5,7,8,10,11,12,13,14,15,16
2016-12-30,15:00,6197,11,2,3,7,8,9,13,15,17,18,19
2016-12-30,16:00,6198,6,2,5,6,9,12,13,14,15,16,19
2016-12-30,17:00,6199,18,2,4,6,8,9,10,13,18,19,20
2016-12-30,18:00,6200,12,4,7,8,9,12,13,14,15,19,20
2016-12-30,19:00,6201,10,3,6,9,10,12,14,16,18,19,20
2016-12-30,20:00,6202,20,1,2,3,7,12,13,14,15,18,19
2016-12-30,21:00,6203,9,3,6,7,10,11,12,13,15,16,18
2016-12-30,22:00,6204,4,1,2,4,10,11,12,17,18,19,20
2016-12-30,23:00,6205,20,1,4,7,9,10,11,13,14,16,19
2016-12-31,07:00,6206,3,1,5,6,7,9,10,11,12,14,16
2016-12-31,08:00,6207,7,1,2,5,6,7,10,12,13,16,17
2016-12-31,09:00,6208,13,1,5,8,12,13,14,16,17,19,20
2016-12-31,10:00,6209,13,1,4,5,7,8,9,12,14,15,17
2016-12-31,11:00,6210,19,1,2,6,7,9,12,13,14,18,20
2016-12-31,12:00,6211,4,3,4,7,8,9,10,13,14,15,19
2016-12-31,13:00,6212,13,2,3,4,6,8,9,12,14,17,18
2016-12-31,14:00,6213,17,1,2,11,12,13,14,16,17,18,20
2016-12-31,15:00,6214,6,1,4,5,7,10,11,16,17,18,19
2016-12-31,16:00,6215,4,1,2,8,9,11,12,14,15,17,20
2016-12-31,17:00,6216,15,1,4,7,9,10,11,12,13,15,20
2016-12-31,18:00,6217,18,1,2,4,5,7,9,11,13,15,18
2016-12-31,19:00,6218,1,1,6,8,9,10,13,14,15,16,17
2016-12-31,20:00,6219,15,1,4,5,6,7,8,10,11,15,17
2016-12-31,21:00,6220,14,1,2,3,4,8,9,10,15,19,20
2016-12-31,22:00,6221,6,3,4,5,6,10,13,14,16,17,18
2016-12-31,23:00,6222,17,3,4,5,6,9,11,12,14,17,19
