date,time,contest,numerone,n1,n2,n3,n4,n5,n6,n7,n8,n9,n10
2013-01-21,12:00,1,10,3,4,5,8,9,13,15,16,17,20
2013-01-21,13:00,2,18,1,2,3,4,5,6,7,8,16,20
2013-01-21,14:00,3,19,3,5,7,12,13,14,15,16,18,20
2013-01-21,15:00,4,7,3,4,5,7,10,11,13,14,15,19
2013-01-21,16:00,5,2,1,6,8,9,12,15,16,17,19,20
2013-01-21,17:00,6,20,2,3,5,8,9,13,15,16,17,18
2013-01-21,18:00,7,19,3,5,6,9,10,11,15,16,18,20
2013-01-21,19:00,8,2,1,2,3,10,12,15,17,18,19,20
2013-01-21,20:00,9,17,3,5,6,7,10,11,16,17,18,19
2013-01-21,21:00,10,1,2,3,6,8,9,12,13,15,16,18
2013-01-21,22:00,11,10,4,5,6,7,8,9,10,11,15,18
2013-01-21,23:00,12,16,1,2,3,9,12,14,16,17,18,19
2013-01-22,07:00,13,18,3,5,7,8,10,11,13,18,19,20
2013-01-22,08:00,14,9,3,4,6,7,9,12,15,16,19,20
2013-01-22,09:00,15,19,1,4,6,10,13,14,15,17,18,20
2013-01-22,10:00,16,12,1,2,3,7,10,12,14,15,17,20
2013-01-22,11:00,17,10,2,3,6,9,10,11,12,16,18,20
2013-01-22,12:00,18,18,1,2,3,5,8,10,11,15,17,19
2013-01-22,13:00,19,8,4,5,7,8,9,10,12,15,17,19
2013-01-22,14:00,20,7,1,2,5,6,8,11,12,14,16,20
2013-01-22,15:00,21,2,2,3,7,9,10,11,12,14,16,17
2013-01-22,16:00,22,5,1,2,3,7,11,12,15,17,18,19
2013-01-22,17:00,23,11,2,7,8,11,13,14,16,18,19,20
2013-01-22,18:00,24,9,3,4,7,8,9,10,11,15,17,19
2013-01-22,19:00,25,1,1,2,6,7,8,9,13,14,17,18
2013-01-22,20:00,26,11,1,2,4,6,9,10,12,13,17,18
2013-01-22,21:00,27,3,4,5,6,7,9,15,16,17,18,19
2013-01-22,22:00,28,13,1,2,6,9,10,12,13,14,15,19
2013-01-22,23:00,29,20,1,2,4,8,11,13,14,15,16,18
2013-01-23,07:00,30,11,2,4,7,10,12,13,16,17,18,19
2013-01-23,08:00,31,6,1,5,8,9,10,13,15,17,19,20
2013-01-23,09:00,32,7,1,2,5,7,8,9,11,14,15,20
2013-01-23,10:00,33,2,1,2,3,4,8,9,10,13,15,18
2013-01-23,11:00,34,10,1,2,7,9,10,11,13,15,16,18
2013-01-23,12:00,35,2,3,4,6,7,10,11,13,14,17,19
2013-01-23,13:00,36,17,4,5,7,11,12,13,15,17,19,20
2013-01-23,14:00,37,7,1,2,4,9,11,12,14,15,16,18
2013-01-23,15:00,38,3,2,3,5,6,8,11,12,15,18,19
2013-01-23,16:00,39,5,2,3,4,6,9,11,13,14,18,19
2013-01-23,17:00,40,18,3,5,7,8,9,12,14,16,18,19
2013-01-23,18:00,41,5,3,4,10,11,13,14,16,17,18,19
2013-01-23,19:00,42,8,1,2,4,6,7,8,13,15,18,20
2013-01-23,20:00,43,13,2,3,4,5,6,8,10,11,13,17
2013-01-23,21:00,44,6,1,6,7,8,9,11,14,15,16,18
2013-01-23,22:00,45,20,2,3,5,7,10,11,12,14,16,20
2013-01-23,23:00,46,12,2,3,4,5,6,7,9,13,15,20
2013-01-24,07:00,47,8,1,2,6,7,9,11,12,16,18,19
2013-01-24,08:00,48,15,1,4,5,7,8,10,11,15,17,18
2013-01-24,09:00,49,14,1,5,6,11,12,14,15,17,18,20
2013-01-24,10:00,50,1,2,4,5,6,8,15,17,18,19,20
2013-01-24,11:00,51,2,2,4,5,7,8,10,11,12,17,18
2013-01-24,12:00,52,6,1,8,9,12,13,15,16,18,19,20
2013-01-24,13:00,53,9,1,2,4,5,7,13,14,17,18,19
2013-01-24,14:00,54,18,2,3,8,10,12,13,14,15,17,20
2013-01-24,15:00,55,18,2,4,6,10,11,12,13,17,18,20
2013-01-24,16:00,56,6,3,5,6,7,8,10,11,13,14,20
2013-01-24,17:00,57,6,3,8,10,11,12,13,14,16,17,19
2013-01-24,18:00,58,10,1,2,5,9,10,11,13,16,19,20
2013-01-24,19:00,59,7,1,7,10,12,13,16,17,18,19,20
2013-01-24,20:00,60,9,1,2,3,4,5,7,14,15,17,20
2013-01-24,21:00,61,13,2,3,4,8,10,13,14,17,18,19
2013-01-24,22:00,62,17,1,2,3,5,6,7,8,11,12,19
2013-01-24,23:00,63,2,2,4,5,7,8,11,15,16,17,19
2013-01-25,07:00,64,1,1,2,3,6,8,9,13,15,16,20
2013-01-25,08:00,65,8,2,4,5,9,10,11,14,16,19,20
2013-01-25,09:00,66,1,1,4,5,6,8,9,10,15,19,20
2013-01-25,10:00,67,4,2,3,6,7,8,13,15,18,19,20
2013-01-25,11:00,68,10,1,3,6,7,10,12,13,14,16,17
2013-01-25,12:00,69,19,1,2,3,11,12,14,16,17,18,20
2013-01-25,13:00,70,1,1,2,6,8,9,13,15,16,17,18
2013-01-25,14:00,71,17,4,6,9,10,12,13,14,17,18,20
2013-01-25,15:00,72,6,1,2,7,8,11,12,15,17,18,20
2013-01-25,16:00,73,12,2,4,7,9,10,12,13,14,16,19
2013-01-25,17:00,74,6,1,2,3,5,8,10,11,15,16,18
2013-01-25,18:00,75,13,2,5,9,11,13,16,17,18,19,20
2013-01-25,19:00,76,12,1,3,5,6,8,15,16,17,18,19
2013-01-25,20:00,77,18,1,2,3,4,5,7,9,10,18,19
2013-01-25,21:00,78,1,1,3,4,5,7,15,16,17,19,20
2013-01-25,22:00,79,7,1,2,5,7,11,12,13,15,16,18
2013-01-25,23:00,80,4,1,2,6,7,8,10,14,16,17,20
2013-01-26,07:00,81,11,1,2,4,6,8,9,12,14,17,19
2013-01-26,08:00,82,14,1,2,5,7,9,15,16,17,18,19
2013-01-26,09:00,83,1,4,7,8,9,10,14,17,18,19,20
2013-01-26,10:00,84,19,2,6,8,10,12,13,14,16,17,19
2013-01-26,11:00,85,7,3,4,5,6,8,10,11,13,16,20
2013-01-26,12:00,86,12,1,4,6,7,9,13,15,16,17,18
2013-01-26,13:00,87,11,4,5,6,8,9,11,12,14,15,20
2013-01-26,14:00,88,18,1,5,8,9,10,11,15,17,18,20
2013-01-26,15:00,89,10,1,5,7,8,9,10,12,14,19,20
2013-01-26,16:00,90,13,1,8,9,10,11,15,16,17,19,20
2013-01-26,17:00,91,10,1,2,4,5,9,13,15,16,17,18
2013-01-26,18:00,92,19,1,2,3,5,9,10,11,14,16,18
2013-01-26,19:00,93,5,1,2,3,4,5,8,10,15,17,20
2013-01-26,20:00,94,19,1,5,7,10,12,14,15,16,17,19
2013-01-26,21:00,95,1,1,2,3,5,6,7,8,9,11,15
2013-01-26,22:00,96,5,3,6,7,9,10,13,14,16,17,20
2013-01-26,23:00,97,15,1,4,6,7,9,10,12,13,16,19
2013-01-27,07:00,98,19,1,4,6,8,9,10,13,16,17,19
2013-01-27,08:00,99,2,1,3,4,6,8,10,11,15,16,20
2013-01-27,09:00,100,12,2,4,5,6,7,8,11,14,18,19
2013-01-27,10:00,101,10,2,3,7,8,10,13,15,17,18,19
2013-01-27,11:00,102,5,2,3,5,6,7,8,11,12,14,17
2013-01-27,12:00,103,3,1,4,6,8,10,11,12,14,16,19
2013-01-27,13:00,104,7,2,3,6,9,10,11,13,14,16,19
2013-01-27,14:00,105,7,1,6,7,9,10,11,12,14,15,17
2013-01-27,15:00,106,19,6,7,8,9,10,11,13,14,16,18
2013-01-27,16:00,107,18,1,4,6,8,9,11,12,16,19,20
2013-01-27,17:00,108,20,1,7,10,11,12,15,16,18,19,20
2013-01-27,18:00,109,18,2,7,9,10,11,12,14,15,17,18
2013-01-27,19:00,110,1,1,4,5,6,8,9,10,11,15,18
2013-01-27,20:00,111,14,3,4,5,8,9,14,16,18,19,20
2013-01-27,21:00,112,20,5,7,9,12,14,15,16,17,19,20
2013-01-27,22:00,113,19,3,4,6,8,9,10,14,15,17,18
2013-01-27,23:00,114,6,1,2,4,5,7,10,11,15,17,20
2013-01-28,07:00,115,7,2,5,7,8,9,11,12,16,19,20
2013-01-28,08:00,116,16,2,3,5,7,9,11,13,16,17,20
2013-01-28,09:00,117,3,1,3,5,6,9,10,16,17,18,19
2013-01-28,10:00,118,17,4,5,7,9,11,14,15,16,18,19
2013-01-28,11:00,119,13,2,5,8,10,11,12,14,17,18,20
2013-01-28,12:00,120,1,1,5,7,9,10,12,13,16,17,19
2013-01-28,13:00,121,12,1,3,7,8,9,10,11,16,19,20
2013-01-28,14:00,122,10,1,3,5,6,7,11,12,14,15,16
2013-01-28,15:00,123,18,1,2,3,4,6,11,13,15,19,20
2013-01-28,16:00,124,20,1,2,3,7,8,9,10,12,14,15
2013-01-28,17:00,125,2,1,3,5,6,7,14,15,17,18,19
2013-01-28,18:00,126,18,1,2,4,5,7,8,11,14,15,19
2013-01-28,19:00,127,9,3,4,5,9,10,11,14,15,17,18
2013-01-28,20:00,128,9,1,3,8,10,11,12,13,16,17,20
2013-01-28,21:00,129,5,1,2,3,4,5,7,11,13,18,20
2013-01-28,22:00,130,19,1,2,5,7,8,11,12,13,16,20
2013-01-28,23:00,131,14,1,3,5,7,9,10,11,13,14,18
2013-01-29,07:00,132,2,1,2,3,5,6,7,9,10,12,18
2013-01-29,08:00,133,14,1,4,6,7,10,11,16,17,18,19
2013-01-29,09:00,134,10,1,3,4,5,8,9,13,15,17,20
2013-01-29,10:00,135,11,2,4,6,8,12,13,15,16,18,20
2013-01-29,11:00,136,18,2,3,5,9,10,11,12,13,14,17
2013-01-29,12:00,137,12,1,4,5,8,10,12,14,17,18,20
2013-01-29,13:00,138,18,2,3,5,6,8,10,13,14,15,18
2013-01-29,14:00,139,18,1,6,7,8,11,12,13,16,17,18
2013-01-29,15:00,140,14,1,2,3,4,6,7,8,14,15,19
2013-01-29,16:00,141,12,1,3,4,5,7,12,13,16,18,20
2013-01-29,17:00,142,16,1,2,5,8,11,13,14,15,16,19
2013-01-29,18:00,143,5,1,4,7,11,12,13,16,17,18,20
2013-01-29,19:00,144,8,1,2,3,4,6,12,14,16,18,19
2013-01-29,20:00,145,4,2,3,6,7,9,14,15,17,18,20
2013-01-29,21:00,146,14,2,5,6,10,11,12,14,16,18,20
2013-01-29,22:00,147,19,1,3,4,6,7,10,11,16,18,20
2013-01-29,23:00,148,3,4,6,7,8,10,11,14,16,18,19
2013-01-30,07:00,149,12,1,2,7,8,10,11,12,13,16,20
2013-01-30,08:00,150,10,3,4,5,7,9,10,13,15,16,18
2013-01-30,09:00,151,4,4,6,7,11,12,13,16,17,19,20
2013-01-30,10:00,152,6,1,2,3,7,10,12,13,17,18,20
2013-01-30,11:00,153,13,3,5,8,9,10,11,13,16,17,18
2013-01-30,12:00,154,13,1,2,4,7,8,12,13,14,19,20
2013-01-30,13:00,155,15,2,3,4,7,8,10,12,15,16,18
2013-01-30,14:00,156,14,1,2,3,4,8,9,11,16,18,19
2013-01-30,15:00,157,7,2,3,5,6,8,11,14,16,17,19
2013-01-30,16:00,158,8,5,8,11,13,15,16,17,18,19,20
2013-01-30,17:00,159,1,1,3,4,5,11,12,13,16,17,19
2013-01-30,18:00,160,20,1,2,3,8,10,11,13,14,19,20
2013-01-30,19:00,161,19,1,2,5,7,9,10,13,14,15,20
2013-01-30,20:00,162,1,1,2,6,8,12,13,15,16,19,20
2013-01-30,21:00,163,18,3,5,6,10,11,12,13,15,17,19
2013-01-30,22:00,164,12,2,6,7,8,9,11,15,16,17,18
2013-01-30,23:00,165,10,1,2,8,12,13,14,16,18,19,20
2013-01-31,07:00,166,4,3,4,5,6,8,10,16,18,19,20
2013-01-31,08:00,167,6,2,3,4,5,6,7,8,11,19,20
2013-01-31,09:00,168,6,1,2,3,4,5,6,14,15,17,18
2013-01-31,10:00,169,17,5,6,7,8,10,14,16,18,19,20
2013-01-31,11:00,170,20,1,2,6,10,12,13,16,17,18,19
2013-01-31,12:00,171,3,3,5,8,13,14,15,16,18,19,20
2013-01-31,13:00,172,12,6,8,9,10,11,12,13,17,18,20
2013-01-31,14:00,173,17,1,3,4,5,9,13,14,15,16,17
2013-01-31,15:00,174,18,1,2,4,7,8,9,10,11,15,16
2013-01-31,16:00,175,2,2,4,5,6,11,13,15,16,17,20
2013-01-31,17:00,176,11,1,5,7,8,9,10,11,14,18,19
2013-01-31,18:00,177,18,1,2,3,5,6,8,12,13,18,19
2013-01-31,19:00,178,16,1,2,5,6,8,14,16,18,19,20
2013-01-31,20:00,179,4,1,2,4,11,12,13,15,16,17,18
2013-01-31,21:00,180,19,2,3,6,7,9,11,12,14,15,19
2013-01-31,22:00,181,3,3,4,5,8,9,10,11,12,13,15
2013-01-31,23:00,182,16,1,4,5,6,9,11,13,17,18,19
2013-02-01,07:00,183,12,1,2,4,5,8,9,12,16,18,19
2013-02-01,08:00,184,20,2,3,5,7,10,12,14,15,17,20
2013-02-01,09:00,185,11,4,5,6,7,10,15,16,17,18,19
2013-02-01,10:00,186,20,2,3,4,5,8,11,12,14,15,18
2013-02-01,11:00,187,1,3,6,8,10,11,12,13,15,16,20
2013-02-01,12:00,188,5,1,5,7,10,12,13,15,16,17,20
2013-02-01,13:00,189,8,1,3,4,5,6,7,8,9,10,18
2013-02-01,14:00,190,8,2,3,4,5,6,8,9,10,11,20
2013-02-01,15:00,191,7,1,2,5,6,8,10,11,14,16,20
2013-02-01,16:00,192,4,3,6,11,12,14,15,16,17,18,20
2013-02-01,17:00,193,13,1,3,4,5,7,11,12,15,16,20
2013-02-01,18:00,194,11,8,9,10,11,14,15,16,17,18,20
2013-02-01,19:00,195,10,2,4,6,8,10,12,14,18,19,20
2013-02-01,20:00,196,14,1,4,5,7,8,12,13,18,19,20
2013-02-01,21:00,197,19,3,4,5,7,9,11,12,14,18,19
2013-02-01,22:00,198,13,4,5,6,8,9,10,11,12,15,17
2013-02-01,23:00,199,7,1,3,4,8,12,13,14,16,18,19
2013-02-02,07:00,200,11,3,5,11,12,13,14,16,17,18,20
2013-02-02,08:00,201,13,1,7,8,10,11,12,14,15,16,17
2013-02-02,09:00,202,10,1,3,4,6,13,14,15,18,19,20
2013-02-02,10:00,203,2,1,5,6,8,11,12,13,14,15,20
2013-02-02,11:00,204,17,1,2,6,8,10,12,15,16,18,20
2013-02-02,12:00,205,3,1,2,3,6,7,11,12,13,14,18
2013-02-02,13:00,206,4,7,9,10,11,13,14,15,16,19,20
2013-02-02,14:00,207,11,2,3,6,8,9,11,14,16,18,20
2013-02-02,15:00,208,3,1,2,6,7,8,9,13,15,17,20
2013-02-02,16:00,209,12,1,3,7,8,9,12,15,17,18,19
2013-02-02,17:00,210,6,1,5,6,8,9,10,12,13,17,19
2013-02-02,18:00,211,7,2,4,5,6,7,9,11,15,16,19
2013-02-02,19:00,212,20,1,2,3,4,6,14,17,18,19,20
2013-02-02,20:00,213,13,2,4,5,7,9,11,16,17,19,20
2013-02-02,21:00,214,6,2,3,5,7,8,10,12,15,19,20
2013-02-02,22:00,215,13,2,4,5,6,12,13,14,15,18,20
2013-02-02,23:00,216,3,5,7,8,10,13,14,15,18,19,20
2013-02-03,07:00,217,16,2,3,4,5,6,7,8,13,16,17
2013-02-03,08:00,218,19,2,4,5,9,11,12,16,17,18,20
2013-02-03,09:00,219,5,3,4,6,8,11,14,16,18,19,20
2013-02-03,10:00,220,1,2,3,4,9,10,12,13,15,18,19
2013-02-03,11:00,221,3,1,3,4,6,7,12,13,15,16,18
2013-02-03,12:00,222,15,1,2,3,7,8,9,10,12,18,20
2013-02-03,13:00,223,12,3,6,7,9,10,12,13,15,16,19
2013-02-03,14:00,224,2,2,6,7,10,11,13,14,18,19,20
2013-02-03,15:00,225,16,1,2,4,6,7,13,15,16,18,19
2013-02-03,16:00,226,8,2,7,8,9,10,12,16,18,19,20
2013-02-03,17:00,227,16,2,6,7,8,9,10,11,17,19,20
2013-02-03,18:00,228,9,2,4,5,6,7,10,11,12,13,15
2013-02-03,19:00,229,17,2,3,5,9,10,12,14,15,17,18
2013-02-03,20:00,230,18,5,7,9,10,12,13,14,17,19,20
2013-02-03,21:00,231,18,1,4,6,7,9,13,15,16,17,20
2013-02-03,22:00,232,3,2,4,5,6,7,9,10,14,16,17
2013-02-03,23:00,233,2,1,3,6,7,9,10,12,14,18,20
2013-02-04,07:00,234,11,1,3,5,8,11,12,15,16,17,20
2013-02-04,08:00,235,11,6,8,10,12,13,15,16,17,19,20
2013-02-04,09:00,236,7,1,3,5,8,12,13,14,16,17,20
2013-02-04,10:00,237,17,1,3,4,6,7,8,9,10,11,14
2013-02-04,11:00,238,5,2,3,4,5,7,9,10,13,14,16
2013-02-04,12:00,239,5,2,3,4,5,6,7,8,12,13,20
2013-02-04,13:00,240,9,1,2,4,5,6,7,12,14,15,20
2013-02-04,14:00,241,14,1,2,4,9,10,12,13,15,16,20
2013-02-04,15:00,242,15,6,8,10,11,12,13,15,17,19,20
2013-02-04,16:00,243,3,2,3,5,6,9,14,15,16,17,20
2013-02-04,17:00,244,1,2,5,7,8,9,11,14,16,19,20
2013-02-04,18:00,245,16,2,6,8,10,12,13,15,16,17,18
2013-02-04,19:00,246,8,1,6,10,11,12,14,15,17,19,20
2013-02-04,20:00,247,13,1,3,4,6,8,10,14,16,18,20
2013-02-04,21:00,248,11,3,5,6,7,8,9,10,11,14,17
2013-02-04,22:00,249,1,3,4,5,6,12,13,16,17,18,20
2013-02-04,23:00,250,17,1,3,5,8,9,14,15,17,18,20
2013-02-05,07:00,251,10,1,2,4,5,6,12,13,15,16,17
2013-02-05,08:00,252,18,1,2,4,5,8,9,11,12,16,19
2013-02-05,09:00,253,11,1,4,7,13,14,15,16,17,19,20
2013-02-05,10:00,254,20,1,3,5,7,8,12,13,15,17,20
2013-02-05,11:00,255,13,2,4,6,8,9,11,12,14,17,20
2013-02-05,12:00,256,16,1,3,8,9,11,12,14,17,19,20
2013-02-05,13:00,257,2,1,4,6,9,10,13,14,16,17,18
2013-02-05,14:00,258,18,1,3,4,7,8,11,14,15,19,20
2013-02-05,15:00,259,14,1,2,3,4,9,11,12,13,14,18
2013-02-05,16:00,260,16,3,5,6,7,8,10,15,17,19,20
2013-02-05,17:00,261,19,4,6,9,10,11,12,13,17,18,19
2013-02-05,18:00,262,5,1,2,3,6,12,13,14,16,17,20
2013-02-05,19:00,263,17,1,5,6,9,10,11,13,16,17,19
2013-02-05,20:00,264,3,1,2,3,5,7,9,11,13,17,18
2013-02-05,21:00,265,6,1,2,3,7,8,9,11,13,14,15
2013-02-05,22:00,266,2,1,2,5,8,9,13,14,16,18,20
2013-02-05,23:00,267,7,1,2,5,8,12,13,14,15,18,20
2013-02-06,07:00,268,13,1,2,7,8,9,13,16,17,18,20
2013-02-06,08:00,269,8,1,4,6,8,9,10,12,14,15,19
2013-02-06,09:00,270,13,1,2,3,4,7,8,10,12,18,20
2013-02-06,10:00,271,9,1,2,4,5,8,9,10,12,14,17
2013-02-06,11:00,272,15,1,3,4,5,6,12,13,14,15,20
2013-02-06,12:00,273,9,3,4,8,9,11,13,16,17,19,20
2013-02-06,13:00,274,18,1,3,4,5,7,8,9,16,18,20
2013-02-06,14:00,275,15,5,7,9,12,13,16,17,18,19,20
2013-02-06,15:00,276,19,1,2,5,6,9,10,11,14,18,19
2013-02-06,16:00,277,4,1,3,4,5,8,9,12,15,19,20
2013-02-06,17:00,278,15,1,4,5,7,8,10,14,15,16,20
2013-02-06,18:00,279,18,1,5,7,8,12,13,16,17,18,19
2013-02-06,19:00,280,15,1,2,4,5,6,8,13,15,16,17
2013-02-06,20:00,281,8,2,4,6,7,10,11,13,14,16,18
2013-02-06,21:00,282,12,3,4,6,7,9,10,13,16,19,20
2013-02-06,22:00,283,6,1,2,3,4,5,6,15,17,18,19
2013-02-06,23:00,284,14,1,2,6,10,12,13,14,15,19,20
2013-02-07,07:00,285,4,1,7,8,12,14,16,17,18,19,20
2013-02-07,08:00,286,12,2,3,4,5,6,7,9,14,15,19
2013-02-07,09:00,287,16,1,2,3,5,6,7,10,15,16,17
2013-02-07,10:00,288,17,3,5,6,7,8,10,11,12,13,18
2013-02-07,11:00,289,15,2,5,6,8,9,11,13,14,15,18
2013-02-07,12:00,290,16,1,3,4,6,13,14,15,17,19,20
2013-02-07,13:00,291,4,4,5,6,10,12,13,14,16,18,20
2013-02-07,14:00,292,13,2,3,4,6,8,9,11,12,13,16
2013-02-07,15:00,293,12,1,3,4,5,6,10,11,15,18,19
2013-02-07,16:00,294,10,1,2,3,6,7,8,9,14,15,16
2013-02-07,17:00,295,18,2,3,5,6,11,14,15,16,19,20
2013-02-07,18:00,296,3,5,6,7,8,11,15,16,17,19,20
2013-02-07,19:00,297,2,1,3,6,7,9,10,16,18,19,20
2013-02-07,20:00,298,10,3,5,6,8,11,14,16,17,19,20
2013-02-07,21:00,299,13,3,4,5,8,9,12,13,15,16,18
2013-02-07,22:00,300,18,3,4,5,8,10,12,13,16,17,20
2013-02-07,23:00,301,2,1,3,5,9,11,13,15,16,19,20
2013-02-08,07:00,302,4,4,5,6,7,8,13,15,17,18,19
2013-02-08,08:00,303,5,2,3,7,9,11,12,13,17,19,20
2013-02-08,09:00,304,2,1,7,8,9,11,12,13,14,17,18
2013-02-08,10:00,305,7,7,9,10,12,13,14,15,16,17,20
2013-02-08,11:00,306,6,1,2,6,8,9,12,14,15,18,20
2013-02-08,12:00,307,10,3,5,6,7,8,9,13,14,18,19
2013-02-08,13:00,308,18,1,3,5,8,10,11,16,18,19,20
2013-02-08,14:00,309,19,1,4,7,8,9,11,16,18,19,20
2013-02-08,15:00,310,10,1,2,3,4,6,8,14,16,18,20
2013-02-08,16:00,311,10,1,2,4,6,10,12,14,17,18,20
2013-02-08,17:00,312,6,2,3,4,6,9,10,15,17,19,20
2013-02-08,18:00,313,14,2,3,4,5,7,10,12,15,17,19
2013-02-08,19:00,314,16,1,3,4,5,7,9,10,12,13,20
2013-02-08,20:00,315,17,1,5,7,8,10,12,15,16,18,20
2013-02-08,21:00,316,6,3,4,5,7,8,9,10,14,16,18
2013-02-08,22:00,317,3,1,3,4,7,11,12,13,14,18,19
2013-02-08,23:00,318,4,1,2,3,6,8,9,12,14,17,19
2013-02-09,07:00,319,2,1,2,5,8,9,12,14,15,17,18
2013-02-09,08:00,320,3,2,4,8,9,12,14,15,17,19,20
2013-02-09,09:00,321,16,1,7,8,11,12,15,16,17,18,19
2013-02-09,10:00,322,20,1,3,4,6,9,12,16,17,19,20
2013-02-09,11:00,323,19,1,4,9,11,14,16,17,18,19,20
2013-02-09,12:00,324,20,1,3,4,5,9,10,11,13,15,17
2013-02-09,13:00,325,20,2,3,4,5,6,9,10,12,14,20
2013-02-09,14:00,326,5,2,4,6,12,13,14,15,17,18,20
2013-02-09,15:00,327,20,1,2,6,8,10,12,15,17,18,19
2013-02-09,16:00,328,14,1,2,5,7,11,12,13,17,18,19
2013-02-09,17:00,329,4,1,3,5,10,11,12,15,16,19,20
2013-02-09,18:00,330,12,1,2,3,4,6,11,13,15,18,19
2013-02-09,19:00,331,16,2,3,4,5,6,8,12,13,14,17
2013-02-09,20:00,332,9,7,8,9,10,11,14,16,17,18,20
2013-02-09,21:00,333,19,1,3,7,8,9,12,13,15,19,20
2013-02-09,22:00,334,11,2,4,5,6,8,9,10,12,14,17
2013-02-09,23:00,335,19,1,3,4,5,6,9,12,13,14,15
2013-02-10,07:00,336,2,2,3,5,6,10,11,13,14,17,19
2013-02-10,08:00,337,5,2,6,10,11,12,13,14,16,18,19
2013-02-10,09:00,338,2,1,2,3,6,7,10,13,16,17,20
2013-02-10,10:00,339,7,3,4,7,8,10,11,12,17,18,19
2013-02-10,11:00,340,5,1,2,3,6,7,9,10,14,17,20
2013-02-10,12:00,341,7,1,4,5,6,10,11,15,18,19,20
2013-02-10,13:00,342,4,1,2,3,4,6,8,11,12,13,17
2013-02-10,14:00,343,11,1,3,7,8,10,15,16,17,18,20
2013-02-10,15:00,344,1,2,3,4,5,6,11,13,14,15,18
2013-02-10,16:00,345,9,1,2,3,5,6,7,10,13,14,18
2013-02-10,17:00,346,11,1,2,3,9,12,13,14,15,19,20
2013-02-10,18:00,347,16,2,4,6,7,10,11,12,13,15,16
2013-02-10,19:00,348,14,1,5,7,8,9,10,11,13,15,18
2013-02-10,20:00,349,13,2,6,7,8,9,11,12,17,18,19
2013-02-10,21:00,350,18,1,2,5,6,7,9,12,15,16,17
2013-02-10,22:00,351,3,5,9,10,11,12,13,14,16,19,20
2013-02-10,23:00,352,9,4,8,9,11,12,13,15,16,18,20
2013-02-11,07:00,353,8,1,4,6,8,11,12,13,16,18,19
2013-02-11,08:00,354,7,1,3,5,8,9,14,16,17,18,20
2013-02-11,09:00,355,13,2,4,5,7,9,11,12,15,18,20
2013-02-11,10:00,356,14,1,2,7,8,9,14,17,18,19,20
2013-02-11,11:00,357,9,2,3,5,6,9,10,12,14,17,18
2013-02-11,12:00,358,17,2,3,5,6,10,13,14,15,16,18
2013-02-11,13:00,359,14,6,7,10,11,12,13,15,16,17,20
2013-02-11,14:00,360,7,4,5,7,8,10,12,13,14,16,20
2013-02-11,15:00,361,5,1,2,3,5,8,10,12,13,17,20
2013-02-11,16:00,362,11,2,3,4,5,7,9,10,13,16,20
2013-02-11,17:00,363,11,1,2,5,8,11,14,16,17,18,20
2013-02-11,18:00,364,9,2,5,7,11,12,13,14,16,17,18
2013-02-11,19:00,365,1,1,4,7,8,9,12,14,16,17,20
2013-02-11,20:00,366,4,2,6,7,9,12,13,14,16,17,19
2013-02-11,21:00,367,3,1,4,7,10,11,12,14,18,19,20
2013-02-11,22:00,368,4,1,7,8,9,10,11,14,16,17,18
2013-02-11,23:00,369,13,3,6,10,11,12,13,15,16,17,20
2013-02-12,07:00,370,5,2,4,6,8,11,12,14,16,19,20
2013-02-12,08:00,371,14,1,3,5,8,9,11,12,14,16,19
2013-02-12,09:00,372,15,4,8,9,10,11,12,14,15,16,18
2013-02-12,10:00,373,17,3,4,5,7,11,13,16,18,19,20
2013-02-12,11:00,374,6,2,3,5,9,11,12,13,14,16,20
2013-02-12,12:00,375,11,1,3,5,7,8,9,10,12,18,19
2013-02-12,13:00,376,8,3,4,5,6,11,13,15,16,17,20
2013-02-12,14:00,377,1,1,3,5,8,11,12,13,14,18,19
2013-02-12,15:00,378,8,1,2,5,7,9,11,12,13,16,20
2013-02-12,16:00,379,5,1,2,6,7,11,12,13,14,15,17
2013-02-12,17:00,380,7,1,3,4,7,8,11,13,15,18,20
2013-02-12,18:00,381,5,1,2,3,6,7,9,11,12,13,18
2013-02-12,19:00,382,9,1,3,4,7,9,10,12,18,19,20
2013-02-12,20:00,383,4,2,3,4,5,6,8,9,15,17,18
2013-02-12,21:00,384,3,1,4,8,9,10,11,13,14,15,16
2013-02-12,22:00,385,8,5,7,8,10,11,15,16,17,19,20
2013-02-12,23:00,386,2,1,2,3,4,6,9,10,17,18,20
2013-02-13,07:00,387,20,1,2,3,7,8,9,10,14,16,19
2013-02-13,08:00,388,4,2,4,6,10,14,15,16,18,19,20
2013-02-13,09:00,389,6,2,4,6,7,11,12,14,17,18,20
2013-02-13,10:00,390,15,3,8,9,10,12,14,16,18,19,20
2013-02-13,11:00,391,3,1,2,6,7,8,11,12,14,15,16
2013-02-13,12:00,392,20,2,4,5,6,7,9,10,12,16,18
2013-02-13,13:00,393,7,2,4,7,9,12,15,16,17,18,19
2013-02-13,14:00,394,4,3,6,7,8,10,12,15,16,18,19
2013-02-13,15:00,395,9,4,5,8,9,10,11,13,17,18,20
2013-02-13,16:00,396,17,1,3,7,9,12,14,17,18,19,20
2013-02-13,17:00,397,10,1,2,6,8,9,11,14,16,17,20
2013-02-13,18:00,398,20,1,2,4,5,6,10,14,16,19,20
2013-02-13,19:00,399,6,2,3,4,5,6,9,11,12,18,19
2013-02-13,20:00,400,17,1,6,7,9,11,12,14,15,17,19
2013-02-13,21:00,401,9,2,3,5,6,7,10,12,13,14,20
2013-02-13,22:00,402,11,1,3,4,7,8,14,16,18,19,20
2013-02-13,23:00,403,12,2,4,8,10,11,12,14,16,17,18
2013-02-14,07:00,404,13,1,2,5,6,7,9,14,16,17,18
2013-02-14,08:00,405,7,2,4,7,8,13,15,16,17,18,20
2013-02-14,09:00,406,4,2,3,5,6,7,10,11,12,16,17
2013-02-14,10:00,407,11,1,3,6,8,9,11,13,16,18,19
2013-02-14,11:00,408,7,2,7,8,10,11,12,15,17,18,20
2013-02-14,12:00,409,14,2,4,5,7,8,9,13,16,17,18
2013-02-14,13:00,410,1,1,3,7,9,10,11,15,17,18,19
2013-02-14,14:00,411,13,4,6,8,9,10,11,12,14,15,17
2013-02-14,15:00,412,19,1,2,3,5,6,7,8,11,15,20
2013-02-14,16:00,413,14,5,7,8,12,13,14,16,17,18,20
2013-02-14,17:00,414,19,2,3,4,7,9,12,15,17,18,19
2013-02-14,18:00,415,14,4,6,7,8,9,13,14,17,18,19
2013-02-14,19:00,416,16,2,4,5,6,7,8,10,12,14,20
2013-02-14,20:00,417,15,2,5,7,8,12,14,15,18,19,20
2013-02-14,21:00,418,12,1,2,5,9,10,11,14,16,17,19
2013-02-14,22:00,419,13,3,5,8,9,12,15,16,18,19,20
2013-02-14,23:00,420,5,2,6,7,9,10,13,14,15,16,20
2013-02-15,07:00,421,10,1,7,8,12,13,15,16,17,18,20
2013-02-15,08:00,422,20,1,2,4,5,7,10,14,15,16,17
2013-02-15,09:00,423,13,2,3,4,5,7,10,11,14,16,19
2013-02-15,10:00,424,9,1,2,5,6,9,12,13,14,19,20
2013-02-15,11:00,425,8,1,2,3,4,5,6,10,13,18,19
2013-02-15,12:00,426,9,1,4,5,6,8,11,12,14,16,18
2013-02-15,13:00,427,11,2,3,6,8,11,12,13,14,18,19
2013-02-15,14:00,428,7,2,4,5,6,9,10,12,14,15,18
2013-02-15,15:00,429,12,3,4,5,6,7,8,13,14,15,17
2013-02-15,16:00,430,4,1,5,6,7,8,11,12,13,17,18
2013-02-15,17:00,431,9,3,5,6,7,8,11,13,14,15,18
2013-02-15,18:00,432,15,2,3,6,8,11,12,15,16,18,19
2013-02-15,19:00,433,13,2,3,5,6,11,13,14,15,17,19
2013-02-15,20:00,434,10,3,4,7,8,9,10,15,16,19,20
2013-02-15,21:00,435,2,3,6,8,10,11,12,14,15,17,19
2013-02-15,22:00,436,3,1,2,3,4,6,8,10,12,14,15
2013-02-15,23:00,437,3,4,5,6,8,10,11,13,15,16,18
2013-02-16,07:00,438,5,2,6,8,13,14,15,16,17,19,20
2013-02-16,08:00,439,13,2,3,4,6,9,10,14,15,19,20
2013-02-16,09:00,440,16,3,4,8,10,12,13,14,15,17,18
2013-02-16,10:00,441,13,1,2,5,8,9,10,13,14,15,20
2013-02-16,11:00,442,1,1,2,4,8,9,11,15,16,18,20
2013-02-16,12:00,443,6,5,8,9,10,12,14,15,16,18,19
2013-02-16,13:00,444,1,1,2,3,5,7,8,9,11,16,18
2013-02-16,14:00,445,6,1,2,4,5,6,7,14,15,16,20
2013-02-16,15:00,446,8,1,7,8,9,10,11,13,14,17,20
2013-02-16,16:00,447,13,3,4,7,8,9,10,12,15,19,20
2013-02-16,17:00,448,3,4,6,7,11,13,14,15,18,19,20
2013-02-16,18:00,449,12,1,5,7,10,11,12,13,14,17,18
2013-02-16,19:00,450,5,2,5,6,7,8,9,10,17,18,20
2013-02-16,20:00,451,17,3,5,6,8,11,12,14,16,18,19
2013-02-16,21:00,452,15,1,2,3,7,12,13,14,16,17,19
2013-02-16,22:00,453,18,2,4,6,8,9,11,12,15,16,20
2013-02-16,23:00,454,2,1,6,9,10,11,13,17,18,19,20
2013-02-17,07:00,455,17,1,6,7,10,11,12,15,16,19,20
2013-02-17,08:00,456,18,1,2,6,8,9,10,14,16,17,20
2013-02-17,09:00,457,4,1,2,3,5,7,8,11,14,15,19
2013-02-17,10:00,458,1,4,5,6,8,10,12,13,14,17,19
2013-02-17,11:00,459,16,4,5,6,8,10,12,13,17,18,20
2013-02-17,12:00,460,1,2,4,5,6,9,10,13,17,18,20
2013-02-17,13:00,461,17,2,4,5,8,9,12,14,15,17,19
2013-02-17,14:00,462,7,1,3,5,6,7,8,9,10,18,19
2013-02-17,15:00,463,16,1,3,5,6,8,9,11,13,17,18
2013-02-17,16:00,464,15,2,3,4,5,7,10,13,14,15,16
2013-02-17,17:00,465,2,7,8,9,11,12,14,15,17,18,19
2013-02-17,18:00,466,7,2,3,5,7,8,10,14,15,16,18
2013-02-17,19:00,467,17,3,5,6,8,9,10,13,14,15,17
2013-02-17,20:00,468,2,1,2,3,4,8,9,11,12,13,15
2013-02-17,21:00,469,10,2,6,7,9,10,12,16,17,18,19
2013-02-17,22:00,470,4,2,4,5,6,10,11,13,17,18,20
2013-02-17,23:00,471,14,1,2,3,4,5,6,7,8,9,19
2013-02-18,07:00,472,19,1,4,6,7,8,11,14,16,19,20
2013-02-18,08:00,473,14,1,3,5,7,10,11,14,16,18,19
2013-02-18,09:00,474,10,4,5,6,9,10,11,14,15,16,19
2013-02-18,10:00,475,6,2,3,4,6,8,9,14,15,18,20
2013-02-18,11:00,476,8,3,4,6,7,10,13,15,17,18,19
2013-02-18,12:00,477,16,3,4,5,6,7,14,16,17,18,19
2013-02-18,13:00,478,2,4,5,6,8,11,12,14,16,17,19
2013-02-18,14:00,479,12,2,4,7,9,10,11,15,16,17,18
2013-02-18,15:00,480,13,2,3,7,9,10,13,16,17,18,19
2013-02-18,16:00,481,14,1,2,5,9,10,12,13,14,16,18
2013-02-18,17:00,482,5,1,6,9,10,11,13,15,16,17,19
2013-02-18,18:00,483,15,1,2,3,4,7,9,12,14,16,20
2013-02-18,19:00,484,7,2,4,5,12,13,15,16,17,18,19
2013-02-18,20:00,485,14,1,5,7,8,9,11,12,15,18,20
2013-02-18,21:00,486,15,4,5,6,7,10,12,13,16,18,20
2013-02-18,22:00,487,19,1,3,4,5,6,7,11,13,14,15
2013-02-18,23:00,488,4,1,3,4,5,6,11,14,15,19,20
2013-02-19,07:00,489,12,1,2,3,4,5,6,7,12,13,15
2013-02-19,08:00,490,16,2,3,5,6,7,9,10,12,15,17
2013-02-19,09:00,491,14,1,4,5,9,10,13,14,16,19,20
2013-02-19,10:00,492,12,2,3,7,9,11,12,13,15,17,18
2013-02-19,11:00,493,11,4,6,7,9,10,11,15,16,17,20
2013-02-19,12:00,494,10,1,3,4,6,7,8,11,13,17,19
2013-02-19,13:00,495,4,1,3,6,8,9,12,15,16,17,18
2013-02-19,14:00,496,14,1,3,4,7,10,12,14,15,16,20
2013-02-19,15:00,497,19,1,2,3,4,5,6,11,13,14,16
2013-02-19,16:00,498,16,1,3,4,7,8,11,13,14,16,18
2013-02-19,17:00,499,7,1,4,5,8,10,11,13,15,17,19
2013-02-19,18:00,500,16,1,2,4,5,6,12,14,16,18,19
2013-02-19,19:00,501,4,3,4,5,10,11,12,13,14,15,16
2013-02-19,20:00,502,2,1,3,4,5,8,9,11,12,16,17
2013-02-19,21:00,503,19,1,2,4,5,9,11,12,13,15,18
2013-02-19,22:00,504,10,2,6,9,10,11,13,14,15,17,18
2013-02-19,23:00,505,15,1,2,5,8,10,14,16,18,19,20
2013-02-20,07:00,506,15,2,3,4,10,11,12,14,15,16,19
2013-02-20,08:00,507,8,3,7,9,10,13,14,16,17,19,20
2013-02-20,09:00,508,12,1,3,8,9,11,12,14,15,18,20
2013-02-20,10:00,509,10,1,2,3,4,9,10,11,13,16,18
2013-02-20,11:00,510,19,1,2,6,7,8,13,14,17,18,20
2013-02-20,12:00,511,15,1,5,7,8,9,11,12,14,15,16
2013-02-20,13:00,512,16,1,2,3,4,7,9,10,12,13,14
2013-02-20,14:00,513,7,5,6,7,8,9,10,13,14,15,19
2013-02-20,15:00,514,11,6,7,8,9,11,13,14,15,16,19
2013-02-20,16:00,515,3,1,2,4,8,10,12,15,16,19,20
2013-02-20,17:00,516,12,1,2,4,6,9,11,13,15,19,20
2013-02-20,18:00,517,10,2,3,7,8,9,10,14,15,16,19
2013-02-20,19:00,518,10,1,2,4,8,10,11,12,13,18,19
2013-02-20,20:00,519,10,1,2,5,6,7,8,13,16,18,19
2013-02-20,21:00,520,19,2,5,6,7,10,14,15,17,18,19
2013-02-20,22:00,521,16,1,2,3,7,9,11,12,15,16,19
2013-02-20,23:00,522,3,2,4,6,8,9,10,14,15,16,18
2013-02-21,07:00,523,2,1,2,7,8,12,13,16,17,18,20
2013-02-21,08:00,524,5,1,2,4,6,7,10,11,13,14,19
2013-02-21,09:00,525,1,5,11,12,13,14,15,16,17,18,19
2013-02-21,10:00,526,8,1,2,3,4,5,8,9,11,13,15
2013-02-21,11:00,527,2,1,2,4,5,7,9,13,14,16,18
2013-02-21,12:00,528,3,1,3,6,7,8,10,14,15,16,17
2013-02-21,13:00,529,17,4,5,7,8,9,11,12,16,18,20
2013-02-21,14:00,530,15,1,2,3,4,8,9,11,15,18,19
2013-02-21,15:00,531,14,2,3,4,5,11,12,13,15,19,20
2013-02-21,16:00,532,4,4,5,6,8,10,11,12,14,19,20
2013-02-21,17:00,533,19,2,3,6,7,10,11,12,15,17,19
2013-02-21,18:00,534,17,2,6,7,8,10,11,15,17,18,19
2013-02-21,19:00,535,5,2,6,7,8,12,13,14,16,17,19
2013-02-21,20:00,536,6,1,4,6,8,11,12,13,16,18,19
2013-02-21,21:00,537,20,4,5,6,7,9,12,13,17,19,20
2013-02-21,22:00,538,9,1,2,8,9,10,12,14,15,16,20
2013-02-21,23:00,539,8,5,7,8,9,10,14,15,16,18,20
2013-02-22,07:00,540,4,1,3,4,5,6,7,9,17,18,19
2013-02-22,08:00,541,8,1,3,6,7,9,13,14,15,16,17
2013-02-22,09:00,542,12,3,4,7,9,11,15,16,17,18,20
2013-02-22,10:00,543,20,1,4,6,8,9,10,12,16,17,18
2013-02-22,11:00,544,3,2,3,4,5,7,8,9,12,16,19
2013-02-22,12:00,545,15,2,4,6,10,11,12,14,15,16,18
2013-02-22,13:00,546,11,3,5,7,8,10,12,13,16,18,20
2013-02-22,14:00,547,2,1,2,8,11,12,13,15,16,18,19
2013-02-22,15:00,548,15,1,3,8,9,11,12,13,16,17,19
2013-02-22,16:00,549,11,1,4,5,9,11,13,14,15,16,19
2013-02-22,17:00,550,10,3,4,5,6,8,9,11,13,17,20
2013-02-22,18:00,551,7,1,4,5,7,10,14,16,17,18,19
2013-02-22,19:00,552,7,2,3,4,6,7,12,14,15,16,17
2013-02-22,20:00,553,20,2,3,5,6,7,9,12,15,16,19
2013-02-22,21:00,554,1,6,7,8,10,11,12,13,15,17,20
2013-02-22,22:00,555,11,1,5,6,7,11,12,13,16,19,20
2013-02-22,23:00,556,8,1,5,6,9,10,11,12,14,16,20
2013-02-23,07:00,557,18,1,3,5,6,8,9,14,15,19,20
2013-02-23,08:00,558,5,4,5,7,8,9,10,11,12,14,18
2013-02-23,09:00,559,17,1,4,6,11,12,13,15,17,18,19
2013-02-23,10:00,560,18,1,3,4,6,8,10,11,14,17,19
2013-02-23,11:00,561,15,3,11,12,13,14,15,16,17,18,20
2013-02-23,12:00,562,10,1,3,4,6,7,8,11,12,14,20
2013-02-23,13:00,563,9,3,4,5,6,7,11,14,16,19,20
2013-02-23,14:00,564,5,1,3,4,5,11,14,15,16,17,20
2013-02-23,15:00,565,15,1,2,3,6,9,11,13,15,17,19
2013-02-23,16:00,566,16,2,3,5,8,9,11,12,16,17,19
2013-02-23,17:00,567,1,2,3,9,11,14,15,16,17,19,20
2013-02-23,18:00,568,2,1,2,3,6,8,11,15,17,18,19
2013-02-23,19:00,569,20,2,3,5,7,8,9,10,12,17,20
2013-02-23,20:00,570,14,1,3,4,6,7,12,13,15,16,19
2013-02-23,21:00,571,3,3,5,6,8,9,14,15,18,19,20
2013-02-23,22:00,572,11,2,5,6,7,9,11,12,13,14,18
2013-02-23,23:00,573,6,2,4,9,10,11,12,13,17,18,20
2013-02-24,07:00,574,8,1,2,6,8,9,11,14,15,16,20
2013-02-24,08:00,575,20,1,7,8,9,11,12,16,17,19,20
2013-02-24,09:00,576,9,1,2,4,7,8,12,14,15,16,20
2013-02-24,10:00,577,17,3,5,8,9,10,11,13,16,18,19
2013-02-24,11:00,578,10,4,6,7,8,9,11,15,16,19,20
2013-02-24,12:00,579,1,1,4,7,8,10,11,12,13,16,18
2013-02-24,13:00,580,9,1,3,5,6,9,11,13,18,19,20
2013-02-24,14:00,581,14,1,2,4,7,10,11,12,13,18,19
2013-02-24,15:00,582,15,2,4,5,12,13,14,16,17,18,20
2013-02-24,16:00,583,15,1,4,5,8,9,10,11,13,16,20
2013-02-24,17:00,584,19,1,3,4,7,10,11,17,18,19,20
2013-02-24,18:00,585,20,2,3,5,6,7,11,13,14,16,19
2013-02-24,19:00,586,19,3,4,5,7,8,10,14,15,17,18
2013-02-24,20:00,587,9,3,4,5,6,10,11,15,18,19,20
2013-02-24,21:00,588,7,1,2,3,5,6,8,12,14,18,19
2013-02-24,22:00,589,17,1,2,3,5,9,10,13,16,17,19
2013-02-24,23:00,590,19,2,3,4,6,8,9,10,11,14,18
2013-02-25,07:00,591,9,2,4,6,7,8,9,11,14,18,20
2013-02-25,08:00,592,14,3,4,5,8,9,10,12,13,17,18
2013-02-25,09:00,593,11,2,3,4,6,7,14,15,17,18,19
2013-02-25,10:00,594,20,2,3,4,5,7,9,12,15,16,20
2013-02-25,11:00,595,2,2,3,6,9,10,11,12,14,17,19
2013-02-25,12:00,596,15,1,2,5,6,7,8,10,11,14,15
2013-02-25,13:00,597,19,4,5,7,9,12,13,14,18,19,20
2013-02-25,14:00,598,5,1,5,6,7,8,11,12,15,17,19
2013-02-25,15:00,599,14,2,3,4,6,7,12,14,15,16,20
2013-02-25,16:00,600,3,4,6,8,10,11,13,14,15,17,19
2013-02-25,17:00,601,16,2,6,8,11,14,15,16,17,19,20
2013-02-25,18:00,602,13,1,3,4,5,7,12,13,15,16,20
2013-02-25,19:00,603,11,2,4,5,6,7,14,16,17,19,20
2013-02-25,20:00,604,14,3,8,11,12,13,14,15,16,18,19
2013-02-25,21:00,605,10,3,4,5,8,10,13,14,15,17,20
2013-02-25,22:00,606,14,2,6,7,11,12,14,16,18,19,20
2013-02-25,23:00,607,15,1,2,3,6,10,11,13,14,16,19
2013-02-26,07:00,608,8,2,5,9,11,12,15,16,17,18,19
2013-02-26,08:00,609,17,1,3,4,5,6,8,9,12,16,19
2013-02-26,09:00,610,19,2,7,8,9,11,12,16,18,19,20
2013-02-26,10:00,611,11,1,2,3,4,5,8,13,16,18,19
2013-02-26,11:00,612,18,1,2,4,6,7,10,15,16,19,20
2013-02-26,12:00,613,4,3,5,6,8,9,10,11,15,16,19
2013-02-26,13:00,614,3,5,9,10,11,12,13,15,17,19,20
2013-02-26,14:00,615,11,2,3,4,5,7,10,14,16,18,19
2013-02-26,15:00,616,4,4,10,11,12,13,14,16,17,18,20
2013-02-26,16:00,617,12,1,2,3,4,6,7,9,10,11,17
2013-02-26,17:00,618,11,4,5,9,10,12,13,16,17,18,20
2013-02-26,18:00,619,15,2,3,4,5,6,7,8,9,11,18
2013-02-26,19:00,620,10,4,5,6,7,8,9,11,13,15,16
2013-02-26,20:00,621,14,1,6,8,9,10,11,13,15,16,19
2013-02-26,21:00,622,4,1,4,7,10,11,12,14,18,19,20
2013-02-26,22:00,623,7,1,2,4,6,7,10,12,15,16,20
2013-02-26,23:00,624,3,1,5,7,10,11,12,16,18,19,20
2013-02-27,07:00,625,18,3,4,8,10,11,12,15,17,18,20
2013-02-27,08:00,626,12,2,4,5,7,8,9,10,14,19,20
2013-02-27,09:00,627,3,1,8,9,10,11,13,14,17,18,20
2013-02-27,10:00,628,19,3,4,7,9,10,11,12,13,16,20
2013-02-27,11:00,629,18,1,4,7,8,10,13,16,17,18,19
2013-02-27,12:00,630,3,2,4,7,9,11,12,14,15,19,20
2013-02-27,13:00,631,19,2,3,4,7,8,10,11,14,17,18
2013-02-27,14:00,632,20,1,2,6,7,8,10,12,13,16,19
2013-02-27,15:00,633,14,2,3,4,6,7,8,11,12,14,16
2013-02-27,16:00,634,20,2,5,6,8,9,11,13,16,19,20
2013-02-27,17:00,635,2,4,5,6,7,8,12,14,18,19,20
2013-02-27,18:00,636,11,3,4,7,10,11,12,13,15,18,19
2013-02-27,19:00,637,14,2,4,8,10,11,12,13,16,19,20
2013-02-27,20:00,638,4,1,2,4,9,10,12,16,17,18,19
2013-02-27,21:00,639,12,1,2,4,6,10,11,12,15,18,20
2013-02-27,22:00,640,6,2,6,7,8,9,13,14,15,16,20
2013-02-27,23:00,641,19,1,2,4,7,8,9,11,14,15,16
2013-02-28,07:00,642,17,2,5,6,9,10,12,15,18,19,20
2013-02-28,08:00,643,13,2,5,6,9,10,12,14,16,17,20
2013-02-28,09:00,644,17,4,6,8,9,11,12,13,15,17,18
2013-02-28,10:00,645,9,2,4,5,8,10,11,13,16,19,20
2013-02-28,11:00,646,10,1,2,4,5,8,9,14,15,16,17
2013-02-28,12:00,647,7,2,5,7,10,11,13,14,15,19,20
2013-02-28,13:00,648,14,2,3,4,6,7,8,11,13,15,18
2013-02-28,14:00,649,16,1,2,5,8,9,10,12,18,19,20
2013-02-28,15:00,650,12,1,4,5,6,7,8,9,17,18,19
2013-02-28,16:00,651,6,1,3,6,7,8,9,10,13,14,15
2013-02-28,17:00,652,20,1,3,9,11,13,16,17,18,19,20
2013-02-28,18:00,653,15,2,5,7,8,10,12,13,15,16,17
2013-02-28,19:00,654,18,3,4,5,6,8,14,15,16,19,20
2013-02-28,20:00,655,10,1,5,6,9,10,11,12,13,15,19
2013-02-28,21:00,656,14,3,4,6,8,9,11,15,18,19,20
2013-02-28,22:00,657,4,1,2,4,6,7,8,9,14,15,20
2013-02-28,23:00,658,12,1,2,3,6,10,13,14,15,16,17
2013-03-01,07:00,659,3,3,6,9,10,12,13,15,17,18,19
2013-03-01,08:00,660,13,1,3,8,10,11,13,14,15,18,19
2013-03-01,09:00,661,10,1,3,9,11,12,13,14,17,18,20
2013-03-01,10:00,662,19,1,2,10,11,12,14,15,17,18,19
2013-03-01,11:00,663,4,4,5,6,7,8,10,12,17,18,19
2013-03-01,12:00,664,19,2,3,4,5,7,13,16,17,18,19
2013-03-01,13:00,665,12,6,7,8,9,11,13,15,17,18,19
2013-03-01,14:00,666,15,1,3,4,6,9,11,14,15,17,20
2013-03-01,15:00,667,15,3,6,7,9,11,15,16,17,18,19
2013-03-01,16:00,668,16,4,5,6,11,12,13,16,18,19,20
2013-03-01,17:00,669,2,1,3,4,5,10,11,12,16,17,20
2013-03-01,18:00,670,14,1,3,4,7,8,9,10,11,16,20
2013-03-01,19:00,671,10,2,3,5,7,9,10,12,14,17,19
2013-03-01,20:00,672,17,2,3,6,7,8,12,15,16,17,20
2013-03-01,21:00,673,4,2,3,4,6,11,12,14,16,18,20
2013-03-01,22:00,674,11,2,4,5,8,9,10,13,14,15,16
2013-03-01,23:00,675,2,2,5,6,9,12,14,15,16,18,19
2013-03-02,07:00,676,17,1,2,6,12,14,15,16,17,18,19
2013-03-02,08:00,677,19,2,5,7,9,13,14,16,17,18,19
2013-03-02,09:00,678,4,2,3,4,5,9,12,13,14,16,18
2013-03-02,10:00,679,19,1,2,7,8,9,11,16,17,18,19
2013-03-02,11:00,680,13,1,2,4,9,10,12,13,14,16,19
2013-03-02,12:00,681,20,1,3,4,8,9,11,12,14,15,16
2013-03-02,13:00,682,6,1,2,3,4,5,8,11,12,17,19
2013-03-02,14:00,683,5,2,3,5,6,7,12,14,17,18,19
2013-03-02,15:00,684,15,1,9,10,11,14,15,16,17,18,20
2013-03-02,16:00,685,17,1,2,6,7,9,10,11,12,14,17
2013-03-02,17:00,686,18,2,3,4,8,10,11,13,14,15,16
2013-03-02,18:00,687,10,1,4,6,7,9,10,11,12,17,20
2013-03-02,19:00,688,9,1,5,10,11,12,13,14,16,19,20
2013-03-02,20:00,689,1,1,2,4,7,10,13,15,16,17,19
2013-03-02,21:00,690,17,1,2,3,6,7,11,12,13,17,18
2013-03-02,22:00,691,16,3,9,10,11,12,13,15,16,19,20
2013-03-02,23:00,692,15,2,3,7,8,11,12,15,17,19,20
2013-03-03,07:00,693,7,5,9,10,12,13,14,15,17,19,20
2013-03-03,08:00,694,9,1,5,7,13,14,16,17,18,19,20
2013-03-03,09:00,695,9,2,3,5,9,11,12,15,18,19,20
2013-03-03,10:00,696,10,1,3,8,12,13,14,15,16,19,20
2013-03-03,11:00,697,14,1,2,3,4,5,6,11,13,18,20
2013-03-03,12:00,698,1,1,2,3,7,9,11,15,16,18,19
2013-03-03,13:00,699,13,5,8,10,11,13,14,16,17,18,19
2013-03-03,14:00,700,2,5,6,7,8,9,10,11,13,16,19
2013-03-03,15:00,701,9,1,2,4,5,7,10,13,15,16,19
2013-03-03,16:00,702,13,4,5,6,7,8,9,11,13,16,20
2013-03-03,17:00,703,9,9,10,11,12,14,15,17,18,19,20
2013-03-03,18:00,704,19,1,3,4,8,10,12,13,17,18,20
2013-03-03,19:00,705,8,2,3,4,5,6,10,11,12,15,17
2013-03-03,20:00,706,8,2,3,5,8,9,10,12,15,16,19
2013-03-03,21:00,707,19,2,3,4,5,6,8,9,10,12,16
2013-03-03,22:00,708,18,1,2,3,4,5,7,10,13,16,17
2013-03-03,23:00,709,6,1,2,3,4,8,11,14,17,19,20
2013-03-04,07:00,710,10,1,3,4,6,7,10,11,16,19,20
2013-03-04,08:00,711,2,1,2,5,7,9,10,11,13,14,17
2013-03-04,09:00,712,9,2,3,4,5,7,8,14,15,18,20
2013-03-04,10:00,713,14,5,7,8,9,14,15,16,17,18,19
2013-03-04,11:00,714,11,1,3,4,7,8,9,10,13,16,18
2013-03-04,12:00,715,13,1,3,4,5,6,9,11,12,13,19
2013-03-04,13:00,716,3,2,4,7,8,9,11,13,15,17,20
2013-03-04,14:00,717,8,2,4,6,7,8,9,10,18,19,20
2013-03-04,15:00,718,11,1,3,5,9,10,11,12,15,16,17
2013-03-04,16:00,719,15,1,2,4,6,7,10,13,16,17,18
2013-03-04,17:00,720,18,1,3,5,8,9,10,13,15,17,20
2013-03-04,18:00,721,13,1,2,4,5,8,10,12,13,15,17
2013-03-04,19:00,722,18,2,3,6,7,11,12,13,15,19,20
2013-03-04,20:00,723,14,3,6,7,8,10,12,13,16,17,19
2013-03-04,21:00,724,6,1,4,5,6,7,8,10,11,13,20
2013-03-04,22:00,725,13,4,6,8,9,12,13,14,17,19,20
2013-03-04,23:00,726,4,3,4,5,8,10,14,17,18,19,20
2013-03-05,07:00,727,18,1,2,4,5,8,9,12,13,16,18
2013-03-05,08:00,728,10,2,6,7,9,10,11,12,15,17,20
2013-03-05,09:00,729,13,3,5,6,7,12,13,14,15,17,19
2013-03-05,10:00,730,4,1,3,5,6,7,8,9,12,13,20
2013-03-05,11:00,731,11,1,3,7,8,9,13,15,16,17,19
2013-03-05,12:00,732,7,1,3,7,9,12,13,14,15,16,19
2013-03-05,13:00,733,20,2,4,7,10,11,12,16,17,18,19
2013-03-05,14:00,734,20,1,5,6,7,11,12,15,16,17,19
2013-03-05,15:00,735,13,1,6,7,8,11,13,14,17,18,20
2013-03-05,16:00,736,15,1,2,4,6,8,11,12,13,17,20
2013-03-05,17:00,737,12,1,4,7,8,10,12,14,16,17,19
2013-03-05,18:00,738,12,4,6,7,8,10,11,16,17,18,19
2013-03-05,19:00,739,7,5,6,7,8,11,12,13,18,19,20
2013-03-05,20:00,740,1,3,4,5,7,9,11,14,15,16,20
2013-03-05,21:00,741,4,2,4,6,7,8,9,10,11,13,20
2013-03-05,22:00,742,4,1,2,3,5,10,11,12,14,15,16
2013-03-05,23:00,743,17,1,10,11,12,13,14,15,18,19,20
2013-03-06,07:00,744,6,4,5,7,8,13,14,17,18,19,20
2013-03-06,08:00,745,2,3,5,7,9,10,12,15,16,18,20
2013-03-06,09:00,746,1,1,4,6,7,10,14,15,18,19,20
2013-03-06,10:00,747,20,2,4,7,12,13,14,16,17,19,20
2013-03-06,11:00,748,10,1,2,3,4,5,11,16,17,19,20
2013-03-06,12:00,749,11,3,5,7,8,10,11,12,14,16,19
2013-03-06,13:00,750,13,2,3,5,9,10,11,13,17,18,20
2013-03-06,14:00,751,9,1,2,4,12,14,15,16,17,19,20
2013-03-06,15:00,752,6,3,4,5,8,10,11,14,15,16,19
2013-03-06,16:00,753,13,2,3,4,6,7,11,12,15,17,19
2013-03-06,17:00,754,12,2,5,7,8,12,13,14,16,19,20
2013-03-06,18:00,755,1,1,3,4,6,10,12,15,16,17,19
2013-03-06,19:00,756,11,2,4,5,10,11,15,16,18,19,20
2013-03-06,20:00,757,3,1,2,4,5,7,8,11,12,14,20
2013-03-06,21:00,758,8,3,6,8,12,13,14,15,17,18,20
2013-03-06,22:00,759,13,1,2,3,4,5,8,14,15,16,19
2013-03-06,23:00,760,20,1,3,4,8,9,10,11,12,14,15
2013-03-07,07:00,761,7,2,3,4,5,9,10,13,15,18,20
2013-03-07,08:00,762,16,2,3,5,7,9,12,14,15,16,17
2013-03-07,09:00,763,3,1,5,6,7,8,12,14,15,19,20
2013-03-07,10:00,764,5,1,2,3,4,5,6,11,12,15,20
2013-03-07,11:00,765,19,1,3,6,7,8,9,10,15,17,20
2013-03-07,12:00,766,17,1,5,6,7,8,10,11,12,14,20
2013-03-07,13:00,767,11,1,2,5,8,9,10,11,14,15,17
2013-03-07,14:00,768,13,3,4,6,7,8,12,13,15,19,20
2013-03-07,15:00,769,11,5,7,9,10,12,13,15,16,18,20
2013-03-07,16:00,770,20,1,2,5,7,9,10,12,14,15,18
2013-03-07,17:00,771,9,1,3,4,8,9,12,13,17,18,20
2013-03-07,18:00,772,2,3,4,5,7,8,9,10,14,15,16
2013-03-07,19:00,773,14,1,3,5,7,8,9,12,13,14,16
2013-03-07,20:00,774,7,2,3,6,7,11,12,13,15,16,17
2013-03-07,21:00,775,15,2,4,8,12,13,14,16,17,19,20
2013-03-07,22:00,776,18,2,4,6,7,8,10,13,15,16,18
2013-03-07,23:00,777,6,4,7,8,9,10,11,12,13,14,20
2013-03-08,07:00,778,4,1,2,4,6,7,8,11,12,13,14
2013-03-08,08:00,779,12,1,5,7,9,10,14,15,16,18,20
2013-03-08,09:00,780,4,2,3,7,9,10,11,13,16,18,19
2013-03-08,10:00,781,16,3,5,6,7,8,12,15,17,18,19
2013-03-08,11:00,782,14,2,4,5,7,8,9,10,12,15,18
2013-03-08,12:00,783,11,1,3,4,5,6,7,8,9,13,19
2013-03-08,13:00,784,15,2,4,6,7,8,13,15,16,17,19
2013-03-08,14:00,785,20,2,4,6,10,11,12,15,16,17,19
2013-03-08,15:00,786,4,2,3,4,5,8,10,11,14,19,20
2013-03-08,16:00,787,14,2,4,6,7,9,15,17,18,19,20
2013-03-08,17:00,788,20,1,4,5,6,8,10,11,14,15,20
2013-03-08,18:00,789,1,1,3,6,8,9,10,11,12,19,20
2013-03-08,19:00,790,14,7,11,12,13,14,15,16,17,18,19
2013-03-08,20:00,791,20,3,4,5,8,10,12,13,14,16,19
2013-03-08,21:00,792,13,1,3,4,5,7,8,11,13,14,20
2013-03-08,22:00,793,3,1,2,4,8,9,10,16,17,18,19
2013-03-08,23:00,794,15,1,2,6,7,11,12,13,15,18,19
2013-03-09,07:00,795,1,1,2,4,6,8,10,11,13,15,19
2013-03-09,08:00,796,13,1,2,4,5,8,11,12,17,19,20
2013-03-09,09:00,797,3,3,4,5,6,8,10,11,12,15,20
2013-03-09,10:00,798,16,1,2,5,7,10,12,13,15,17,18
2013-03-09,11:00,799,14,3,5,6,8,9,10,11,12,18,19
2013-03-09,12:00,800,1,2,3,4,9,10,11,13,14,16,18
2013-03-09,13:00,801,20,2,4,6,7,10,11,12,17,18,20
2013-03-09,14:00,802,3,4,5,8,11,13,16,17,18,19,20
2013-03-09,15:00,803,1,3,5,7,9,12,13,15,16,19,20
2013-03-09,16:00,804,5,1,3,4,5,7,8,10,13,19,20
2013-03-09,17:00,805,10,1,2,4,5,10,11,16,17,18,20
2013-03-09,18:00,806,12,1,2,4,7,8,9,11,17,18,19
2013-03-09,19:00,807,20,1,4,5,8,11,12,13,14,17,18
2013-03-09,20:00,808,15,1,5,7,8,12,14,16,17,18,19
2013-03-09,21:00,809,3,1,2,4,8,9,10,11,12,16,20
2013-03-09,22:00,810,10,3,5,7,9,10,14,16,17,19,20
2013-03-09,23:00,811,11,9,10,11,12,13,14,16,17,18,19
2013-03-10,07:00,812,4,1,2,3,6,7,13,15,16,17,19
2013-03-10,08:00,813,5,2,6,7,8,9,13,15,16,17,18
2013-03-10,09:00,814,1,1,3,4,6,10,13,14,16,17,20
2013-03-10,10:00,815,7,4,9,12,13,14,15,16,17,18,19
2013-03-10,11:00,816,19,1,3,4,7,8,10,11,12,14,18
2013-03-10,12:00,817,19,7,8,9,10,11,13,16,17,19,20
2013-03-10,13:00,818,8,1,4,7,8,9,10,14,17,18,20
2013-03-10,14:00,819,6,1,4,5,9,11,12,15,17,19,20
2013-03-10,15:00,820,15,1,4,5,8,11,13,14,17,18,19
2013-03-10,16:00,821,16,1,2,4,7,8,9,10,11,17,18
2013-03-10,17:00,822,12,1,2,3,4,5,6,8,13,14,20
2013-03-10,18:00,823,1,1,4,5,6,7,9,10,14,18,19
2013-03-10,19:00,824,13,1,4,5,8,9,10,12,13,14,20
2013-03-10,20:00,825,14,3,4,5,6,7,8,10,13,14,20
2013-03-10,21:00,826,2,2,3,4,9,10,12,14,16,17,20
2013-03-10,22:00,827,9,1,2,3,4,5,13,15,17,18,19
2013-03-10,23:00,828,5,2,4,5,9,11,13,15,16,17,20
2013-03-11,07:00,829,7,1,5,6,7,8,11,12,14,16,18
2013-03-11,08:00,830,5,3,6,7,10,11,12,13,18,19,20
2013-03-11,09:00,831,4,1,4,5,7,8,9,10,13,15,16
2013-03-11,10:00,832,3,1,2,5,6,8,11,14,15,18,20
2013-03-11,11:00,833,7,1,4,5,8,10,13,14,15,17,19
2013-03-11,12:00,834,2,1,4,5,6,8,9,11,15,16,20
2013-03-11,13:00,835,4,1,2,5,11,12,13,16,17,19,20
2013-03-11,14:00,836,6,1,5,6,8,10,11,13,17,18,19
2013-03-11,15:00,837,18,3,4,6,11,14,15,17,18,19,20
2013-03-11,16:00,838,4,5,6,8,12,13,14,15,16,19,20
2013-03-11,17:00,839,4,1,2,5,6,8,9,10,12,18,19
2013-03-11,18:00,840,11,5,6,10,13,14,15,16,17,19,20
2013-03-11,19:00,841,9,1,2,4,6,8,10,12,14,15,17
2013-03-11,20:00,842,9,1,7,9,10,11,12,13,16,19,20
2013-03-11,21:00,843,6,1,4,6,7,11,12,13,14,19,20
2013-03-11,22:00,844,5,4,8,9,11,12,13,14,16,17,19
2013-03-11,23:00,845,4,2,5,6,8,9,10,11,13,16,18
2013-03-12,07:00,846,16,2,5,7,10,12,14,16,18,19,20
2013-03-12,08:00,847,20,2,4,7,8,9,11,12,16,19,20
2013-03-12,09:00,848,4,1,2,4,5,9,13,15,16,18,19
2013-03-12,10:00,849,9,1,3,4,6,9,10,11,12,16,19
2013-03-12,11:00,850,2,2,3,4,6,7,11,15,16,19,20
2013-03-12,12:00,851,5,2,3,6,8,9,11,13,15,18,19
2013-03-12,13:00,852,6,1,3,6,10,12,13,14,15,17,18
2013-03-12,14:00,853,7,1,2,4,8,10,12,13,15,16,17
2013-03-12,15:00,854,9,1,4,7,8,10,11,12,13,17,19
2013-03-12,16:00,855,9,3,8,9,10,11,15,16,17,18,20
2013-03-12,17:00,856,4,3,5,6,8,10,11,12,16,17,18
2013-03-12,18:00,857,15,1,4,5,6,7,11,13,15,19,20
2013-03-12,19:00,858,7,1,2,5,7,8,9,10,12,17,20
2013-03-12,20:00,859,7,1,2,4,10,12,13,14,15,16,19
2013-03-12,21:00,860,12,3,5,6,9,10,11,13,15,18,19
2013-03-12,22:00,861,7,2,3,4,5,6,9,10,11,14,18
2013-03-12,23:00,862,4,2,3,6,7,10,11,12,16,18,20
2013-03-13,07:00,863,4,4,5,6,8,9,14,16,17,18,20
2013-03-13,08:00,864,1,1,2,3,5,6,8,9,10,14,16
2013-03-13,09:00,865,16,1,4,5,7,8,12,14,18,19,20
2013-03-13,10:00,866,7,4,5,11,12,13,14,15,16,18,19
2013-03-13,11:00,867,12,2,3,5,7,8,9,10,12,13,20
2013-03-13,12:00,868,9,2,3,5,7,9,11,12,15,19,20
2013-03-13,13:00,869,7,1,3,5,6,8,9,10,12,14,17
2013-03-13,14:00,870,11,3,7,10,11,12,14,15,16,17,19
2013-03-13,15:00,871,7,2,6,7,8,14,15,16,17,18,19
2013-03-13,16:00,872,8,2,4,5,6,7,13,16,17,18,20
2013-03-13,17:00,873,8,2,3,5,6,7,8,9,10,13,20
2013-03-13,18:00,874,6,1,3,4,5,6,8,12,13,15,18
2013-03-13,19:00,875,1,1,2,8,9,10,11,12,13,15,16
2013-03-13,20:00,876,10,4,6,8,9,11,12,13,14,16,18
2013-03-13,21:00,877,3,4,5,7,10,13,14,15,18,19,20
2013-03-13,22:00,878,20,1,5,7,8,10,11,16,17,19,20
2013-03-13,23:00,879,7,2,3,4,6,8,10,13,16,19,20
2013-03-14,07:00,880,19,3,4,5,8,10,13,14,17,19,20
2013-03-14,08:00,881,9,4,5,6,7,9,10,11,12,13,14
2013-03-14,09:00,882,12,3,4,5,6,8,11,12,17,19,20
2013-03-14,10:00,883,9,1,3,4,8,9,12,13,14,17,19
2013-03-14,11:00,884,14,1,4,6,7,9,10,15,16,19,20
2013-03-14,12:00,885,15,3,5,6,7,8,11,12,15,17,18
2013-03-14,13:00,886,8,4,5,8,9,12,14,15,16,17,18
2013-03-14,14:00,887,7,1,2,6,7,9,10,12,14,15,16
2013-03-14,15:00,888,14,6,11,13,14,15,16,17,18,19,20
2013-03-14,16:00,889,15,1,4,6,9,12,14,15,17,18,19
2013-03-14,17:00,890,16,2,3,4,5,7,8,10,13,14,15
2013-03-14,18:00,891,17,3,8,9,10,11,12,16,17,18,19
2013-03-14,19:00,892,13,4,7,8,10,11,14,15,17,19,20
2013-03-14,20:00,893,5,1,4,5,7,10,14,15,16,17,19
2013-03-14,21:00,894,6,2,3,6,7,10,14,16,17,18,19
2013-03-14,22:00,895,4,2,4,7,8,9,10,11,12,15,20
2013-03-14,23:00,896,1,1,3,5,8,10,13,14,15,17,19
2013-03-15,07:00,897,15,1,5,6,7,8,9,10,17,19,20
2013-03-15,08:00,898,3,1,2,4,6,12,15,16,17,18,20
2013-03-15,09:00,899,20,2,3,4,5,8,10,14,16,17,18
2013-03-15,10:00,900,18,4,7,11,12,15,16,17,18,19,20
2013-03-15,11:00,901,18,1,3,4,6,8,9,10,17,19,20
2013-03-15,12:00,902,20,3,7,8,9,11,12,14,15,16,20
2013-03-15,13:00,903,11,1,3,5,8,9,10,12,15,16,18
2013-03-15,14:00,904,7,1,2,4,6,9,13,15,18,19,20
2013-03-15,15:00,905,1,1,6,9,10,11,12,13,14,19,20
2013-03-15,16:00,906,3,7,9,11,12,13,14,15,16,19,20
2013-03-15,17:00,907,11,1,3,4,5,8,13,16,17,18,20
2013-03-15,18:00,908,14,3,4,5,8,11,13,14,15,17,20
2013-03-15,19:00,909,3,2,6,8,9,11,13,14,15,17,18
2013-03-15,20:00,910,12,1,2,5,8,9,13,14,15,17,18
2013-03-15,21:00,911,3,3,6,8,10,11,14,15,17,19,20
2013-03-15,22:00,912,16,1,2,3,9,10,11,12,13,14,19
2013-03-15,23:00,913,5,1,2,4,5,7,8,9,15,17,19
2013-03-16,07:00,914,14,5,6,11,12,13,14,15,16,17,19
2013-03-16,08:00,915,17,1,6,7,9,10,13,14,15,17,20
2013-03-16,09:00,916,2,2,3,5,8,11,12,14,15,17,19
2013-03-16,10:00,917,5,2,3,5,6,7,11,15,17,18,19
2013-03-16,11:00,918,15,1,5,6,7,8,13,16,17,19,20
2013-03-16,12:00,919,17,1,5,6,7,10,11,13,16,17,20
2013-03-16,13:00,920,10,1,3,6,7,8,10,11,12,13,19
2013-03-16,14:00,921,12,3,4,7,8,11,12,14,15,18,19
2013-03-16,15:00,922,6,1,4,6,8,9,10,12,14,15,17
2013-03-16,16:00,923,3,2,3,4,5,8,9,11,12,14,20
2013-03-16,17:00,924,5,1,2,5,6,7,9,12,15,19,20
2013-03-16,18:00,925,13,1,2,3,5,10,13,14,16,17,18
2013-03-16,19:00,926,5,1,3,5,7,10,13,15,16,18,20
2013-03-16,20:00,927,15,1,3,9,10,11,14,15,17,18,20
2013-03-16,21:00,928,17,1,2,3,4,9,13,16,18,19,20
2013-03-16,22:00,929,16,2,3,5,6,8,10,14,15,17,20
2013-03-16,23:00,930,9,2,4,6,7,10,11,16,18,19,20
2013-03-17,07:00,931,11,2,5,8,9,11,12,15,16,18,20
2013-03-17,08:00,932,9,1,2,4,8,9,13,15,16,17,18
2013-03-17,09:00,933,10,1,3,4,6,7,8,12,14,15,20
2013-03-17,10:00,934,18,2,4,9,10,12,14,15,17,18,19
2013-03-17,11:00,935,3,2,5,7,9,10,11,13,15,16,18
2013-03-17,12:00,936,17,1,2,3,5,8,9,10,15,19,20
2013-03-17,13:00,937,18,1,2,5,9,11,13,14,15,16,19
2013-03-17,14:00,938,16,1,3,4,6,7,8,9,13,16,20
2013-03-17,15:00,939,12,2,4,5,7,8,9,14,18,19,20
2013-03-17,16:00,940,2,2,5,8,12,13,14,15,17,18,19
2013-03-17,17:00,941,17,4,5,10,12,13,15,16,17,19,20
2013-03-17,18:00,942,3,1,6,8,9,12,13,14,17,18,20
2013-03-17,19:00,943,5,1,2,5,7,8,9,11,15,17,20
2013-03-17,20:00,944,14,1,5,7,9,11,12,13,14,15,17
2013-03-17,21:00,945,14,2,3,4,5,7,11,12,13,19,20
2013-03-17,22:00,946,20,2,4,5,6,8,10,14,15,16,19
2013-03-17,23:00,947,20,1,2,4,6,7,8,9,11,13,17
2013-03-18,07:00,948,17,1,2,3,6,7,9,10,18,19,20
2013-03-18,08:00,949,5,1,4,5,6,7,8,17,18,19,20
2013-03-18,09:00,950,6,3,4,9,10,12,13,14,16,17,20
2013-03-18,10:00,951,20,1,3,6,8,10,13,14,16,18,19
2013-03-18,11:00,952,3,1,3,4,8,12,14,15,17,19,20
2013-03-18,12:00,953,2,1,3,6,9,10,11,12,13,14,18
2013-03-18,13:00,954,20,7,8,9,10,11,12,15,16,17,19
2013-03-18,14:00,955,4,1,2,6,8,9,11,16,17,19,20
2013-03-18,15:00,956,4,2,3,6,7,9,11,12,15,16,17
2013-03-18,16:00,957,7,1,4,5,6,14,15,16,17,18,19
2013-03-18,17:00,958,16,1,3,5,11,13,14,16,17,18,19
2013-03-18,18:00,959,17,4,5,7,10,12,13,14,15,18,19
2013-03-18,19:00,960,6,1,2,7,8,10,13,14,16,17,18
2013-03-18,20:00,961,12,1,2,3,4,6,7,11,12,14,15
2013-03-18,21:00,962,8,2,4,5,6,7,11,13,14,17,20
2013-03-18,22:00,963,16,1,2,8,9,10,11,12,13,16,17
2013-03-18,23:00,964,4,2,3,5,6,10,12,14,16,17,18
2013-03-19,07:00,965,8,2,3,4,7,8,9,13,15,16,18
2013-03-19,08:00,966,6,2,4,6,8,9,10,12,13,18,19
2013-03-19,09:00,967,6,1,2,4,7,8,11,15,16,17,18
2013-03-19,10:00,968,2,1,4,5,6,7,10,11,12,14,16
2013-03-19,11:00,969,13,1,2,8,10,11,13,15,17,19,20
2013-03-19,12:00,970,4,1,5,7,10,12,15,16,17,18,20
2013-03-19,13:00,971,20,1,3,5,6,9,10,12,13,15,19
2013-03-19,14:00,972,8,1,2,7,10,12,13,14,15,19,20
2013-03-19,15:00,973,14,4,6,9,10,11,14,15,16,18,19
2013-03-19,16:00,974,4,3,5,9,11,12,13,14,16,19,20
2013-03-19,17:00,975,4,3,4,7,8,12,13,17,18,19,20
2013-03-19,18:00,976,17,1,2,5,6,8,9,14,16,17,19
2013-03-19,19:00,977,11,4,5,8,10,11,13,17,18,19,20
2013-03-19,20:00,978,20,1,2,5,7,8,13,14,16,17,19
2013-03-19,21:00,979,13,6,8,10,11,12,13,14,16,17,18
2013-03-19,22:00,980,11,2,5,12,13,14,15,16,17,19,20
2013-03-19,23:00,981,20,1,3,4,6,8,9,13,17,18,20
2013-03-20,07:00,982,11,1,2,3,4,5,10,16,18,19,20
2013-03-20,08:00,983,5,2,3,6,7,8,10,12,16,18,19
2013-03-20,09:00,984,12,3,4,6,9,10,12,13,14,17,18
2013-03-20,10:00,985,9,3,4,5,8,9,10,11,14,15,16
2013-03-20,11:00,986,13,1,3,4,5,8,9,10,15,17,18
2013-03-20,12:00,987,8,1,2,3,4,8,9,10,11,13,15
2013-03-20,13:00,988,9,1,2,6,7,9,12,14,15,19,20
2013-03-20,14:00,989,16,2,3,4,7,12,13,14,16,18,20
2013-03-20,15:00,990,9,3,5,7,8,9,13,14,15,16,18
2013-03-20,16:00,991,17,2,3,4,5,8,10,12,13,17,19
2013-03-20,17:00,992,9,1,2,3,6,8,9,15,17,18,19
2013-03-20,18:00,993,4,1,2,7,8,9,10,11,17,19,20
2013-03-20,19:00,994,7,4,6,7,8,9,10,12,14,15,18
2013-03-20,20:00,995,11,2,5,6,7,8,14,15,18,19,20
2013-03-20,21:00,996,10,1,2,6,11,12,14,15,16,18,20
2013-03-20,22:00,997,8,2,4,5,6,7,8,12,14,16,20
2013-03-20,23:00,998,16,1,2,3,9,10,13,14,17,18,20
2013-03-21,07:00,999,7,1,3,4,6,7,10,11,13,16,17
2013-03-21,08:00,1000,8,3,5,7,9,10,11,12,13,14,19
2013-03-21,09:00,1001,10,1,2,3,5,6,9,11,14,16,18
2013-03-21,10:00,1002,13,1,2,3,4,10,11,12,14,16,20
2013-03-21,11:00,1003,7,1,2,3,6,7,8,10,15,16,18
2013-03-21,12:00,1004,1,1,3,7,8,9,12,16,17,18,20
2013-03-21,13:00,1005,1,1,2,4,7,8,10,12,13,15,18
2013-03-21,14:00,1006,4,3,4,8,10,12,13,15,16,17,18
2013-03-21,15:00,1007,14,1,2,6,7,8,10,16,17,18,20
2013-03-21,16:00,1008,10,1,4,6,9,11,13,16,17,18,19
2013-03-21,17:00,1009,10,2,4,6,8,9,11,14,15,16,20
2013-03-21,18:00,1010,1,3,4,7,8,9,11,13,17,19,20
2013-03-21,19:00,1011,3,1,3,6,7,11,12,13,16,17,19
2013-03-21,20:00,1012,10,1,2,5,8,11,14,15,16,17,20
2013-03-21,21:00,1013,20,1,2,5,6,12,13,15,16,18,20
2013-03-21,22:00,1014,3,1,3,4,5,6,8,13,17,18,20
2013-03-21,23:00,1015,4,2,3,6,10,11,12,13,15,18,19
2013-03-22,07:00,1016,1,2,3,4,8,9,13,14,15,16,18
2013-03-22,08:00,1017,16,1,2,4,10,11,12,15,17,18,19
2013-03-22,09:00,1018,19,1,3,4,6,12,13,14,17,18,19
2013-03-22,10:00,1019,2,4,6,7,9,11,12,14,15,19,20
2013-03-22,11:00,1020,10,1,4,5,6,12,14,15,16,17,20
2013-03-22,12:00,1021,9,1,2,5,7,9,11,14,16,17,19
2013-03-22,13:00,1022,3,5,7,8,11,12,13,14,16,17,19
2013-03-22,14:00,1023,19,1,3,6,9,10,11,13,15,17,18
2013-03-22,15:00,1024,19,1,2,4,8,10,14,17,18,19,20
2013-03-22,16:00,1025,7,2,3,4,6,7,8,10,11,16,19
2013-03-22,17:00,1026,8,1,3,6,10,11,14,16,17,18,20
2013-03-22,18:00,1027,15,3,4,8,10,12,15,16,18,19,20
2013-03-22,19:00,1028,20,2,4,6,9,10,11,13,14,16,20
2013-03-22,20:00,1029,13,1,2,3,4,6,8,11,14,15,18
2013-03-22,21:00,1030,15,1,6,7,10,13,15,16,18,19,20
2013-03-22,22:00,1031,15,5,6,7,10,11,12,13,17,18,19
2013-03-22,23:00,1032,7,1,2,3,4,5,8,9,16,19,20
2013-03-23,07:00,1033,5,1,2,7,9,11,13,14,16,19,20
2013-03-23,08:00,1034,16,2,4,6,7,8,9,11,14,15,17
2013-03-23,09:00,1035,15,3,4,6,7,9,13,15,17,18,19
2013-03-23,10:00,1036,18,1,3,4,6,7,8,9,10,12,15
2013-03-23,11:00,1037,13,2,4,5,6,11,14,16,17,19,20
2013-03-23,12:00,1038,10,1,3,4,6,9,11,15,18,19,20
2013-03-23,13:00,1039,11,1,2,3,7,9,11,12,13,16,19
2013-03-23,14:00,1040,5,1,2,4,5,6,7,13,15,16,19
2013-03-23,15:00,1041,4,1,2,5,8,9,10,14,17,19,20
2013-03-23,16:00,1042,19,2,3,4,10,11,12,14,16,17,20
2013-03-23,17:00,1043,20,2,3,4,6,7,12,13,14,17,18
2013-03-23,18:00,1044,7,1,3,5,6,7,8,9,14,17,20
2013-03-23,19:00,1045,13,2,5,6,9,11,12,13,15,17,18
2013-03-23,20:00,1046,10,1,2,3,4,7,10,11,12,18,20
2013-03-23,21:00,1047,13,2,3,4,6,8,11,15,17,18,20
2013-03-23,22:00,1048,11,3,4,6,10,11,12,13,14,18,19
2013-03-23,23:00,1049,16,3,4,5,6,8,11,12,15,17,20
2013-03-24,07:00,1050,7,3,6,7,8,11,12,17,18,19,20
2013-03-24,08:00,1051,4,3,4,5,6,8,10,14,17,19,20
2013-03-24,09:00,1052,11,1,3,5,7,8,12,13,15,18,19
2013-03-24,10:00,1053,3,2,3,5,7,12,15,16,17,18,20
2013-03-24,11:00,1054,1,2,4,5,6,7,8,11,13,16,20
2013-03-24,12:00,1055,9,1,2,6,7,8,12,13,14,16,19
2013-03-24,13:00,1056,13,1,3,4,6,11,14,15,16,18,19
2013-03-24,14:00,1057,9,1,6,7,11,12,13,15,18,19,20
2013-03-24,15:00,1058,11,7,8,10,11,12,13,15,17,18,19
2013-03-24,16:00,1059,16,4,6,9,10,11,12,13,14,16,17
2013-03-24,17:00,1060,1,5,6,8,9,10,11,12,14,17,20
2013-03-24,18:00,1061,18,2,4,5,6,8,9,11,15,17,19
2013-03-24,19:00,1062,14,3,5,8,9,11,12,13,15,16,18
2013-03-24,20:00,1063,13,1,3,6,8,9,12,13,14,15,17
2013-03-24,21:00,1064,7,3,4,5,6,7,8,14,15,18,20
2013-03-24,22:00,1065,13,3,4,5,9,11,14,15,18,19,20
2013-03-24,23:00,1066,3,1,4,5,8,9,15,16,17,18,20
2013-03-25,07:00,1067,8,1,2,3,4,8,9,15,16,19,20
2013-03-25,08:00,1068,10,3,4,6,7,8,9,10,11,17,18
2013-03-25,09:00,1069,13,2,3,4,6,8,10,16,17,18,20
2013-03-25,10:00,1070,14,1,2,4,5,10,13,14,17,18,19
2013-03-25,11:00,1071,18,1,2,4,5,7,10,14,15,18,20
2013-03-25,12:00,1072,17,4,5,6,7,10,11,13,14,16,20
2013-03-25,13:00,1073,5,1,3,5,6,8,9,11,13,15,18
2013-03-25,14:00,1074,19,1,2,3,6,7,10,11,13,14,19
2013-03-25,15:00,1075,7,2,3,10,11,12,13,15,16,19,20
2013-03-25,16:00,1076,20,1,4,7,8,12,13,15,16,17,19
2013-03-25,17:00,1077,17,1,5,6,7,8,9,10,11,13,20
2013-03-25,18:00,1078,20,1,3,5,6,8,11,14,16,18,20
2013-03-25,19:00,1079,5,2,4,6,8,10,11,13,14,15,18
2013-03-25,20:00,1080,18,3,6,7,9,11,12,13,14,17,20
2013-03-25,21:00,1081,15,1,3,5,10,11,13,15,16,18,20
2013-03-25,22:00,1082,9,1,2,3,6,7,9,11,13,15,17
2013-03-25,23:00,1083,2,3,4,7,8,12,13,14,16,19,20
2013-03-26,07:00,1084,12,3,5,9,10,11,14,15,17,18,20
2013-03-26,08:00,1085,9,5,7,9,10,11,15,16,17,18,20
2013-03-26,09:00,1086,6,2,3,6,8,9,10,14,18,19,20
2013-03-26,10:00,1087,16,3,5,6,9,11,14,16,18,19,20
2013-03-26,11:00,1088,15,2,3,5,7,8,11,16,18,19,20
2013-03-26,12:00,1089,11,1,4,7,8,10,13,15,17,19,20
2013-03-26,13:00,1090,19,1,2,7,8,9,11,12,16,17,20
2013-03-26,14:00,1091,16,4,6,9,11,12,13,14,15,16,17
2013-03-26,15:00,1092,11,5,7,8,9,11,14,16,17,19,20
2013-03-26,16:00,1093,16,1,2,3,9,10,14,15,16,18,19
2013-03-26,17:00,1094,9,3,4,6,7,11,12,13,14,15,17
2013-03-26,18:00,1095,20,2,4,7,8,10,11,14,15,16,18
2013-03-26,19:00,1096,12,1,2,3,10,11,13,15,16,19,20
2013-03-26,20:00,1097,2,2,4,6,7,10,14,15,16,18,19
2013-03-26,21:00,1098,12,1,3,5,7,9,12,16,18,19,20
2013-03-26,22:00,1099,5,2,3,4,6,7,8,10,13,15,16
2013-03-26,23:00,1100,1,2,3,7,10,11,14,16,17,18,19
2013-03-27,07:00,1101,11,1,4,5,6,12,15,16,18,19,20
2013-03-27,08:00,1102,1,2,3,6,8,10,12,13,15,16,19
2013-03-27,09:00,1103,8,1,3,6,7,9,11,13,17,19,20
2013-03-27,10:00,1104,5,2,3,8,9,10,12,14,15,18,19
2013-03-27,11:00,1105,7,2,4,5,6,7,12,14,17,19,20
2013-03-27,12:00,1106,1,1,2,3,8,9,13,14,15,17,19
2013-03-27,13:00,1107,3,1,4,6,10,11,12,15,17,18,19
2013-03-27,14:00,1108,6,1,2,3,5,6,7,9,10,11,15
2013-03-27,15:00,1109,14,1,2,5,8,9,11,14,15,18,19
2013-03-27,16:00,1110,7,3,5,6,7,8,9,11,13,17,20
2013-03-27,17:00,1111,12,1,4,7,10,11,12,13,16,17,19
2013-03-27,18:00,1112,4,2,3,5,8,9,11,12,13,14,19
2013-03-27,19:00,1113,20,1,4,5,7,9,11,13,14,18,20
2013-03-27,20:00,1114,4,2,5,6,7,11,13,15,16,18,20
2013-03-27,21:00,1115,18,1,3,6,8,9,12,14,15,17,20
2013-03-27,22:00,1116,2,1,2,5,6,7,8,9,11,19,20
2013-03-27,23:00,1117,19,1,2,4,5,9,10,12,13,16,20
2013-03-28,07:00,1118,5,2,4,6,7,11,13,15,16,18,20
2013-03-28,08:00,1119,20,1,2,5,8,10,12,13,17,19,20
2013-03-28,09:00,1120,19,3,5,6,7,10,11,12,13,16,19
2013-03-28,10:00,1121,8,1,5,6,7,9,12,14,16,19,20
2013-03-28,11:00,1122,2,1,2,3,4,5,8,11,12,18,20
2013-03-28,12:00,1123,13,1,2,3,6,8,14,15,16,19,20
2013-03-28,13:00,1124,1,1,5,6,7,9,10,13,14,18,20
2013-03-28,14:00,1125,17,1,4,5,8,9,10,11,13,17,19
2013-03-28,15:00,1126,5,2,4,5,6,10,11,13,14,17,18
2013-03-28,16:00,1127,15,1,3,4,9,11,12,15,17,18,20
2013-03-28,17:00,1128,2,1,3,4,5,6,7,8,10,15,17
2013-03-28,18:00,1129,11,1,6,7,10,11,12,15,18,19,20
2013-03-28,19:00,1130,11,1,2,5,6,10,11,16,17,18,19
2013-03-28,20:00,1131,7,1,2,3,4,5,6,8,11,17,20
2013-03-28,21:00,1132,12,3,4,9,10,11,14,16,18,19,20
2013-03-28,22:00,1133,19,1,3,5,7,9,10,11,12,14,16
2013-03-28,23:00,1134,8,3,7,10,11,13,15,16,17,18,19
2013-03-29,07:00,1135,5,1,2,3,5,8,12,13,17,18,20
2013-03-29,08:00,1136,9,1,2,3,6,8,10,11,14,15,19
2013-03-29,09:00,1137,1,2,4,7,8,9,10,12,13,14,16
2013-03-29,10:00,1138,20,2,4,6,9,11,12,16,17,18,19
2013-03-29,11:00,1139,2,2,3,4,6,7,8,10,12,18,19
2013-03-29,12:00,1140,6,6,7,8,9,10,11,12,16,17,19
2013-03-29,13:00,1141,12,2,3,4,5,6,9,12,13,14,19
2013-03-29,14:00,1142,20,1,2,4,5,9,11,12,14,15,17
2013-03-29,15:00,1143,16,1,2,3,5,8,10,13,15,16,20
2013-03-29,16:00,1144,1,1,2,4,13,14,15,16,17,18,19
2013-03-29,17:00,1145,1,2,3,4,5,6,7,10,15,16,18
2013-03-29,18:00,1146,4,1,3,4,5,6,7,8,10,13,15
2013-03-29,19:00,1147,2,3,5,6,10,11,12,13,15,18,20
2013-03-29,20:00,1148,2,1,3,6,7,8,9,11,12,15,19
2013-03-29,21:00,1149,13,1,2,5,8,9,11,12,13,14,17
2013-03-29,22:00,1150,8,1,4,5,6,7,8,14,15,18,20
2013-03-29,23:00,1151,1,1,2,3,6,7,8,10,14,15,19
2013-03-30,07:00,1152,10,1,2,4,6,7,9,10,16,17,18
2013-03-30,08:00,1153,6,4,6,7,9,10,12,14,15,16,18
2013-03-30,09:00,1154,14,2,4,5,6,9,11,13,14,19,20
2013-03-30,10:00,1155,11,2,4,8,9,10,14,17,18,19,20
2013-03-30,11:00,1156,18,1,2,3,6,7,8,10,14,17,18
2013-03-30,12:00,1157,18,1,3,7,8,9,12,14,15,18,19
2013-03-30,13:00,1158,16,1,2,3,10,11,13,14,15,18,19
2013-03-30,14:00,1159,2,1,3,4,6,9,13,14,15,19,20
2013-03-30,15:00,1160,6,1,2,3,7,9,11,12,15,17,20
2013-03-30,16:00,1161,14,3,4,5,6,7,8,10,12,16,18
2013-03-30,17:00,1162,18,1,4,6,8,9,13,15,16,18,20
2013-03-30,18:00,1163,6,2,3,4,6,8,10,12,14,17,20
2013-03-30,19:00,1164,16,2,3,4,5,6,7,11,12,13,15
2013-03-30,20:00,1165,1,1,2,3,6,7,8,11,16,19,20
2013-03-30,21:00,1166,12,1,4,6,7,8,10,11,14,17,20
2013-03-30,22:00,1167,8,3,4,8,9,10,11,13,15,17,20
2013-03-30,23:00,1168,18,4,5,6,7,10,11,13,14,18,19
2013-03-31,07:00,1169,13,4,9,11,14,15,16,17,18,19,20
2013-03-31,08:00,1170,16,3,6,7,9,10,11,13,17,18,20
2013-03-31,09:00,1171,20,1,2,4,5,6,12,14,17,19,20
2013-03-31,10:00,1172,4,2,5,8,10,13,14,15,16,17,20
2013-03-31,11:00,1173,9,2,3,5,11,12,14,15,16,17,20
2013-03-31,12:00,1174,14,1,3,5,6,7,8,9,12,14,18
2013-03-31,13:00,1175,4,4,5,6,8,9,11,12,13,15,18
2013-03-31,14:00,1176,10,1,3,5,6,9,10,13,14,16,17
2013-03-31,15:00,1177,17,1,2,3,8,12,15,16,17,18,20
2013-03-31,16:00,1178,3,2,3,4,8,9,11,13,16,19,20
2013-03-31,17:00,1179,9,1,2,7,9,12,13,15,16,19,20
2013-03-31,18:00,1180,15,2,3,6,7,8,9,10,14,17,20
2013-03-31,19:00,1181,7,3,4,6,7,8,12,13,15,18,20
2013-03-31,20:00,1182,4,6,7,9,11,13,15,16,17,19,20
2013-03-31,21:00,1183,14,1,2,3,5,7,11,12,13,18,19
2013-03-31,22:00,1184,16,1,2,4,5,7,11,13,15,17,18
2013-03-31,23:00,1185,18,1,2,3,7,9,10,11,12,13,17
2013-04-01,07:00,1186,11,4,7,8,10,11,13,16,17,18,20
2013-04-01,08:00,1187,8,3,5,8,9,14,16,17,18,19,20
2013-04-01,09:00,1188,17,4,5,7,9,11,14,15,16,18,20
2013-04-01,10:00,1189,17,1,3,4,9,10,12,13,15,18,19
2013-04-01,11:00,1190,4,2,5,8,10,12,13,14,15,17,20
2013-04-01,12:00,1191,9,1,3,6,7,10,12,14,15,16,18
2013-04-01,13:00,1192,5,3,5,6,8,9,10,12,15,19,20
2013-04-01,14:00,1193,6,2,5,6,8,9,13,16,17,18,20
2013-04-01,15:00,1194,12,1,2,5,6,7,9,11,13,14,16
2013-04-01,16:00,1195,15,2,4,8,9,11,12,13,14,17,19
2013-04-01,17:00,1196,19,2,4,7,9,10,11,14,16,17,18
2013-04-01,18:00,1197,2,1,2,4,5,8,9,13,14,16,20
2013-04-01,19:00,1198,4,1,4,7,9,10,11,12,14,15,18
2013-04-01,20:00,1199,16,1,2,8,14,15,16,17,18,19,20
2013-04-01,21:00,1200,15,1,5,8,9,10,11,12,15,17,20
2013-04-01,22:00,1201,9,1,2,8,9,12,13,15,18,19,20
2013-04-01,23:00,1202,17,3,4,5,6,12,15,16,18,19,20
2013-04-02,07:00,1203,8,2,4,8,9,10,13,15,16,18,19
2013-04-02,08:00,1204,10,1,2,3,8,9,11,15,16,17,20
2013-04-02,09:00,1205,19,1,2,4,6,7,11,14,16,18,20
2013-04-02,10:00,1206,6,5,6,8,9,11,14,15,16,17,20
2013-04-02,11:00,1207,15,1,4,5,7,9,14,15,16,18,19
2013-04-02,12:00,1208,17,2,4,5,10,12,14,15,16,17,19
2013-04-02,13:00,1209,12,1,2,3,4,8,9,12,13,14,20
2013-04-02,14:00,1210,9,3,5,6,7,10,11,13,15,17,20
2013-04-02,15:00,1211,19,3,6,7,8,9,10,17,18,19,20
2013-04-02,16:00,1212,16,1,3,7,10,11,13,14,18,19,20
2013-04-02,17:00,1213,18,1,4,8,9,10,13,14,15,16,18
2013-04-02,18:00,1214,16,4,6,7,10,12,13,14,16,18,20
2013-04-02,19:00,1215,14,1,2,6,7,9,11,13,14,15,18
2013-04-02,20:00,1216,6,4,7,8,9,10,14,16,17,19,20
2013-04-02,21:00,1217,7,5,6,8,11,12,13,15,16,19,20
2013-04-02,22:00,1218,7,1,2,6,7,10,11,12,14,16,18
2013-04-02,23:00,1219,12,1,2,3,5,7,8,9,14,17,19
2013-04-03,07:00,1220,6,1,6,7,8,9,10,13,16,17,20
2013-04-03,08:00,1221,14,4,5,7,8,9,15,17,18,19,20
2013-04-03,09:00,1222,4,1,2,3,10,11,12,15,16,19,20
2013-04-03,10:00,1223,12,1,3,7,8,12,14,15,16,17,19
2013-04-03,11:00,1224,13,1,3,4,5,8,9,10,14,17,19
2013-04-03,12:00,1225,7,1,3,5,6,7,13,14,15,16,17
2013-04-03,13:00,1226,10,1,6,7,8,9,10,15,16,19,20
2013-04-03,14:00,1227,13,1,2,7,10,11,13,14,16,17,19
2013-04-03,15:00,1228,10,4,5,7,8,11,13,15,16,18,20
2013-04-03,16:00,1229,8,2,4,7,9,11,13,14,15,16,17
2013-04-03,17:00,1230,14,6,8,9,10,11,12,14,18,19,20
2013-04-03,18:00,1231,5,1,2,3,7,8,9,14,15,16,17
2013-04-03,19:00,1232,18,1,6,8,9,10,11,12,15,16,19
2013-04-03,20:00,1233,14,2,3,4,5,6,8,12,13,14,19
2013-04-03,21:00,1234,16,2,4,7,8,9,12,13,14,16,19
2013-04-03,22:00,1235,7,1,3,4,5,11,12,14,16,18,19
2013-04-03,23:00,1236,8,2,5,9,10,11,12,15,16,18,20
2013-04-04,07:00,1237,2,1,3,5,7,8,10,11,16,17,20
2013-04-04,08:00,1238,10,1,6,7,10,12,15,17,18,19,20
2013-04-04,09:00,1239,16,1,2,3,4,6,7,12,17,18,20
2013-04-04,10:00,1240,17,1,5,6,7,8,9,12,13,15,19
2013-04-04,11:00,1241,5,1,4,6,7,13,15,16,17,18,20
2013-04-04,12:00,1242,16,1,2,4,6,7,9,10,15,17,18
2013-04-04,13:00,1243,19,1,3,4,6,7,9,14,15,18,20
2013-04-04,14:00,1244,4,2,3,5,7,8,13,14,17,19,20
2013-04-04,15:00,1245,15,2,3,7,8,10,11,13,16,18,19
2013-04-04,16:00,1246,5,3,7,8,9,11,15,16,18,19,20
2013-04-04,17:00,1247,4,2,3,8,9,10,11,13,16,17,18
2013-04-04,18:00,1248,11,1,2,3,5,6,7,8,12,14,20
2013-04-04,19:00,1249,1,2,4,8,9,10,11,14,15,16,18
2013-04-04,20:00,1250,12,3,7,8,10,11,16,17,18,19,20
2013-04-04,21:00,1251,3,2,3,4,6,8,9,10,15,17,18
2013-04-04,22:00,1252,19,3,4,8,9,12,14,15,16,18,19
2013-04-04,23:00,1253,14,3,6,7,11,12,13,14,16,18,20
2013-04-05,07:00,1254,5,4,5,6,7,8,9,15,16,18,20
2013-04-05,08:00,1255,15,1,3,5,6,9,10,15,16,18,20
2013-04-05,09:00,1256,5,2,3,5,7,8,9,11,15,16,20
2013-04-05,10:00,1257,19,1,2,4,5,6,8,9,15,16,17
2013-04-05,11:00,1258,12,1,4,5,10,11,15,16,17,19,20
2013-04-05,12:00,1259,8,2,4,6,7,10,11,16,18,19,20
2013-04-05,13:00,1260,6,3,5,6,10,11,13,14,15,18,20
2013-04-05,14:00,1261,3,2,3,4,6,8,9,11,12,13,19
2013-04-05,15:00,1262,18,3,4,8,9,10,12,15,16,18,20
2013-04-05,16:00,1263,19,1,2,3,6,7,13,16,17,19,20
2013-04-05,17:00,1264,15,6,7,12,13,14,15,16,18,19,20
2013-04-05,18:00,1265,14,1,2,3,6,7,8,11,15,18,20
2013-04-05,19:00,1266,10,1,2,3,4,7,12,13,16,18,19
2013-04-05,20:00,1267,20,3,4,5,7,8,11,13,14,15,20
2013-04-05,21:00,1268,6,7,8,9,11,12,14,15,16,17,20
2013-04-05,22:00,1269,4,1,2,5,8,9,11,12,14,19,20
2013-04-05,23:00,1270,3,2,5,7,8,11,13,14,17,18,19
2013-04-06,07:00,1271,1,4,6,7,11,12,13,15,16,19,20
2013-04-06,08:00,1272,7,1,3,4,6,8,9,10,12,15,19
2013-04-06,09:00,1273,13,1,2,3,5,7,8,14,16,17,20
2013-04-06,10:00,1274,17,1,2,3,6,8,9,10,16,17,19
2013-04-06,11:00,1275,19,2,4,5,6,7,10,14,16,18,19
2013-04-06,12:00,1276,4,3,4,6,8,9,10,12,14,17,19
2013-04-06,13:00,1277,9,1,3,4,5,6,13,14,15,19,20
2013-04-06,14:00,1278,1,1,2,6,8,11,12,14,17,19,20
2013-04-06,15:00,1279,9,3,4,5,8,9,11,12,15,19,20
2013-04-06,16:00,1280,4,3,4,5,6,7,8,11,12,17,19
2013-04-06,17:00,1281,7,1,2,4,9,11,12,13,16,18,20
2013-04-06,18:00,1282,18,3,4,5,10,12,15,16,17,19,20
2013-04-06,19:00,1283,1,1,2,7,8,9,10,11,12,13,17
2013-04-06,20:00,1284,1,1,3,5,9,10,12,16,17,18,19
2013-04-06,21:00,1285,18,6,7,8,10,11,12,13,17,18,20
2013-04-06,22:00,1286,14,1,2,5,9,10,12,13,14,16,17
2013-04-06,23:00,1287,19,1,3,4,6,7,8,10,14,17,20
2013-04-07,07:00,1288,11,1,4,10,12,13,15,16,17,19,20
2013-04-07,08:00,1289,18,1,6,8,10,11,13,14,16,17,20
2013-04-07,09:00,1290,15,1,2,3,5,8,15,17,18,19,20
2013-04-07,10:00,1291,12,2,4,5,6,10,11,13,17,18,20
2013-04-07,11:00,1292,14,1,3,4,8,9,11,12,15,18,19
2013-04-07,12:00,1293,16,2,7,8,9,10,12,15,16,17,19
2013-04-07,13:00,1294,3,1,2,4,5,9,12,16,17,19,20
2013-04-07,14:00,1295,1,1,3,8,10,12,13,15,17,18,20
2013-04-07,15:00,1296,1,1,3,6,8,9,15,16,17,19,20
2013-04-07,16:00,1297,16,1,6,7,8,10,12,15,18,19,20
2013-04-07,17:00,1298,13,1,6,7,8,10,13,14,16,18,19
2013-04-07,18:00,1299,7,2,3,4,5,7,8,10,11,15,17
2013-04-07,19:00,1300,15,2,7,9,10,11,12,13,15,18,20
2013-04-07,20:00,1301,7,2,4,6,8,10,15,16,17,18,19
2013-04-07,21:00,1302,1,1,2,6,9,10,13,15,16,19,20
2013-04-07,22:00,1303,2,1,3,4,7,8,11,12,15,16,19
2013-04-07,23:00,1304,8,1,5,7,8,9,12,13,14,16,17
2013-04-08,07:00,1305,17,1,3,4,5,8,9,11,13,14,15
2013-04-08,08:00,1306,13,1,2,5,7,9,12,13,14,16,18
2013-04-08,09:00,1307,3,1,3,8,11,12,14,16,18,19,20
2013-04-08,10:00,1308,4,1,4,5,6,7,8,10,12,13,20
2013-04-08,11:00,1309,20,2,3,4,7,13,15,17,18,19,20
2013-04-08,12:00,1310,18,3,4,7,9,11,13,14,15,17,19
2013-04-08,13:00,1311,17,1,2,3,4,9,12,13,14,15,16
2013-04-08,14:00,1312,6,2,4,6,7,9,10,11,14,17,20
2013-04-08,15:00,1313,20,1,2,4,8,11,12,13,17,19,20
2013-04-08,16:00,1314,18,5,6,9,10,11,13,17,18,19,20
2013-04-08,17:00,1315,19,2,5,6,7,8,9,10,13,16,20
2013-04-08,18:00,1316,5,2,3,4,6,11,14,17,18,19,20
2013-04-08,19:00,1317,1,2,4,8,11,12,13,16,17,19,20
2013-04-08,20:00,1318,16,4,6,8,9,13,15,16,17,19,20
2013-04-08,21:00,1319,8,1,4,6,9,10,12,17,18,19,20
2013-04-08,22:00,1320,4,3,4,5,6,7,8,10,17,18,20
2013-04-08,23:00,1321,6,3,4,6,7,9,10,13,15,18,19
2013-04-09,07:00,1322,2,3,4,6,8,9,11,12,16,18,19
2013-04-09,08:00,1323,10,4,9,10,12,13,14,17,18,19,20
2013-04-09,09:00,1324,15,1,5,6,8,10,14,16,17,18,20
2013-04-09,10:00,1325,4,2,4,11,13,14,15,16,17,18,20
2013-04-09,11:00,1326,15,1,2,3,6,8,10,11,12,18,20
2013-04-09,12:00,1327,11,2,4,6,7,8,9,10,12,15,20
2013-04-09,13:00,1328,1,1,2,8,9,11,12,13,16,17,19
2013-04-09,14:00,1329,18,5,8,9,11,12,13,16,17,18,19
2013-04-09,15:00,1330,13,1,3,5,6,8,10,14,16,17,19
2013-04-09,16:00,1331,15,2,3,6,8,9,10,11,12,13,19
2013-04-09,17:00,1332,2,1,4,5,10,12,13,14,15,16,20
2013-04-09,18:00,1333,1,1,5,7,11,12,13,15,16,17,18
2013-04-09,19:00,1334,16,1,2,3,7,8,10,12,17,19,20
2013-04-09,20:00,1335,13,1,3,6,9,10,12,16,17,19,20
2013-04-09,21:00,1336,3,2,3,4,6,7,8,11,16,17,20
2013-04-09,22:00,1337,5,1,4,5,6,7,8,11,12,17,19
2013-04-09,23:00,1338,2,1,2,4,6,9,11,14,15,19,20
2013-04-10,07:00,1339,17,3,5,8,9,10,11,14,15,17,18
2013-04-10,08:00,1340,20,1,2,3,4,10,11,13,14,15,18
2013-04-10,09:00,1341,6,1,2,5,6,7,8,10,14,15,20
2013-04-10,10:00,1342,8,2,3,6,8,14,15,16,17,18,20
2013-04-10,11:00,1343,5,1,2,3,6,7,12,13,14,16,20
2013-04-10,12:00,1344,18,2,3,5,9,11,12,13,15,17,20
2013-04-10,13:00,1345,1,2,5,7,8,10,15,16,18,19,20
2013-04-10,14:00,1346,17,1,4,6,8,9,12,13,17,19,20
2013-04-10,15:00,1347,13,3,4,6,7,11,12,13,16,17,18
2013-04-10,16:00,1348,17,5,7,8,9,11,12,15,16,17,20
2013-04-10,17:00,1349,7,1,2,4,7,8,9,10,12,13,16
2013-04-10,18:00,1350,4,6,7,8,10,11,12,14,16,17,20
2013-04-10,19:00,1351,1,2,6,7,8,11,12,13,14,16,17
2013-04-10,20:00,1352,18,1,2,6,7,8,9,12,13,15,18
2013-04-10,21:00,1353,18,2,3,4,5,7,8,10,11,15,19
2013-04-10,22:00,1354,19,4,5,6,11,12,13,14,15,17,18
2013-04-10,23:00,1355,7,1,6,8,10,13,15,16,18,19,20
2013-04-11,07:00,1356,12,2,4,5,6,7,12,14,17,18,20
2013-04-11,08:00,1357,11,2,4,5,6,8,11,12,13,15,16
2013-04-11,09:00,1358,10,1,2,4,8,9,11,14,16,17,19
2013-04-11,10:00,1359,14,5,6,8,9,12,13,16,17,18,19
2013-04-11,11:00,1360,4,1,2,3,4,6,8,10,14,18,19
2013-04-11,12:00,1361,7,1,2,3,6,9,11,12,15,16,17
2013-04-11,13:00,1362,9,1,7,8,9,10,12,13,16,17,18
2013-04-11,14:00,1363,13,2,3,8,9,10,11,14,15,19,20
2013-04-11,15:00,1364,2,3,4,5,6,8,9,11,14,16,17
2013-04-11,16:00,1365,14,3,4,5,6,9,10,11,13,14,20
2013-04-11,17:00,1366,15,1,2,5,9,10,11,12,13,15,19
2013-04-11,18:00,1367,14,1,3,4,7,8,10,11,15,19,20
2013-04-11,19:00,1368,7,1,2,4,9,14,15,16,17,18,20
2013-04-11,20:00,1369,2,2,3,6,7,11,12,14,15,18,20
2013-04-11,21:00,1370,8,1,3,5,8,9,10,12,16,17,18
2013-04-11,22:00,1371,6,1,2,3,10,11,12,16,18,19,20
2013-04-11,23:00,1372,18,1,2,3,5,8,13,15,18,19,20
2013-04-12,07:00,1373,16,1,3,9,11,12,13,14,16,17,19
2013-04-12,08:00,1374,6,3,4,5,7,9,10,11,12,18,20
2013-04-12,09:00,1375,11,1,3,5,6,9,11,15,16,18,20
2013-04-12,10:00,1376,2,1,3,5,8,10,11,13,14,16,20
2013-04-12,11:00,1377,19,1,2,4,6,9,10,11,12,14,20
2013-04-12,12:00,1378,20,4,5,7,8,10,11,13,14,16,20
2013-04-12,13:00,1379,7,1,2,5,6,9,10,15,18,19,20
2013-04-12,14:00,1380,2,1,3,5,6,11,13,14,15,16,20
2013-04-12,15:00,1381,8,2,3,5,6,11,14,15,17,18,19
2013-04-12,16:00,1382,16,1,2,3,6,8,11,13,14,18,20
2013-04-12,17:00,1383,8,3,4,5,6,8,12,13,15,17,19
2013-04-12,18:00,1384,17,3,5,10,11,12,13,15,17,19,20
2013-04-12,19:00,1385,16,2,3,4,7,10,13,16,17,19,20
2013-04-12,20:00,1386,5,3,5,7,11,12,14,16,17,19,20
2013-04-12,21:00,1387,18,3,4,7,10,12,15,16,17,18,19
2013-04-12,22:00,1388,12,2,3,5,7,8,10,11,12,15,20
2013-04-12,23:00,1389,8,2,4,7,8,9,10,12,13,17,19
2013-04-13,07:00,1390,7,2,6,7,8,10,12,14,16,19,20
2013-04-13,08:00,1391,12,1,3,5,6,10,12,16,17,19,20
2013-04-13,09:00,1392,5,1,5,7,10,11,12,13,14,16,18
2013-04-13,10:00,1393,8,1,3,5,6,7,8,9,10,12,15
2013-04-13,11:00,1394,13,2,3,4,5,8,10,11,12,13,15
2013-04-13,12:00,1395,10,4,5,6,11,13,14,15,16,17,18
2013-04-13,13:00,1396,3,1,3,4,5,6,9,11,14,19,20
2013-04-13,14:00,1397,13,2,4,5,7,8,9,10,11,13,20
2013-04-13,15:00,1398,4,3,4,8,11,13,16,17,18,19,20
2013-04-13,16:00,1399,4,2,7,8,9,10,11,12,13,15,17
2013-04-13,17:00,1400,20,3,7,8,11,12,13,15,16,17,18
2013-04-13,18:00,1401,13,6,7,10,11,12,13,14,16,19,20
2013-04-13,19:00,1402,6,1,3,5,8,9,10,11,13,16,20
2013-04-13,20:00,1403,16,2,3,4,7,8,11,15,16,18,19
2013-04-13,21:00,1404,16,2,4,6,7,8,10,12,14,16,17
2013-04-13,22:00,1405,3,1,2,4,5,7,9,10,13,16,20
2013-04-13,23:00,1406,13,3,4,6,8,9,10,11,12,16,19
2013-04-14,07:00,1407,2,3,8,10,11,14,15,16,17,19,20
2013-04-14,08:00,1408,15,1,2,3,6,7,9,14,17,19,20
2013-04-14,09:00,1409,12,2,3,4,5,6,8,9,11,12,17
2013-04-14,10:00,1410,10,2,3,5,7,8,13,15,18,19,20
2013-04-14,11:00,1411,18,1,2,4,8,10,11,12,13,18,19
2013-04-14,12:00,1412,18,1,3,4,8,9,10,11,14,15,18
2013-04-14,13:00,1413,6,1,2,3,4,9,10,13,16,17,20
2013-04-14,14:00,1414,8,2,3,4,6,7,10,12,13,19,20
2013-04-14,15:00,1415,6,3,5,6,8,10,15,16,17,18,19
2013-04-14,16:00,1416,14,1,2,3,5,8,9,13,15,17,20
2013-04-14,17:00,1417,10,1,4,8,9,10,11,12,14,17,19
2013-04-14,18:00,1418,7,1,2,3,7,9,10,11,12,14,16
2013-04-14,19:00,1419,10,4,5,9,10,11,12,15,16,19,20
2013-04-14,20:00,1420,17,2,3,5,6,8,9,10,11,18,19
2013-04-14,21:00,1421,17,1,2,3,5,6,10,12,14,16,19
2013-04-14,22:00,1422,13,2,3,6,7,10,13,15,17,18,19
2013-04-14,23:00,1423,1,1,2,6,8,10,12,13,15,17,20
2013-04-15,07:00,1424,1,1,4,6,7,10,11,12,13,15,17
2013-04-15,08:00,1425,12,1,2,5,9,13,14,15,16,17,19
2013-04-15,09:00,1426,7,1,3,4,6,7,8,10,11,14,19
2013-04-15,10:00,1427,18,1,2,4,5,7,8,14,15,18,20
2013-04-15,11:00,1428,8,1,2,4,5,8,11,13,14,16,19
2013-04-15,12:00,1429,10,1,2,3,6,7,9,10,11,19,20
2013-04-15,13:00,1430,20,2,6,7,9,10,16,17,18,19,20
2013-04-15,14:00,1431,11,3,5,10,11,13,14,15,16,18,19
2013-04-15,15:00,1432,11,2,3,5,8,9,10,12,13,14,19
2013-04-15,16:00,1433,20,3,5,6,7,11,14,15,18,19,20
2013-04-15,17:00,1434,16,1,8,9,11,14,15,16,18,19,20
2013-04-15,18:00,1435,13,2,4,5,6,8,12,15,16,17,18
2013-04-15,19:00,1436,19,2,6,7,10,13,14,16,17,19,20
2013-04-15,20:00,1437,2,2,5,6,8,10,11,12,13,14,18
2013-04-15,21:00,1438,3,1,2,3,5,6,8,12,15,17,20
2013-04-15,22:00,1439,1,1,5,7,8,9,10,12,13,15,16
2013-04-15,23:00,1440,20,6,9,12,13,14,15,16,18,19,20
2013-04-16,07:00,1441,14,1,3,4,6,9,10,11,15,19,20
2013-04-16,08:00,1442,13,3,5,7,8,10,13,14,15,18,20
2013-04-16,09:00,1443,17,2,3,6,11,14,16,17,18,19,20
2013-04-16,10:00,1444,15,1,4,9,10,14,15,16,17,18,19
2013-04-16,11:00,1445,4,1,2,4,5,8,14,16,17,18,19
2013-04-16,12:00,1446,15,3,4,5,6,7,8,10,12,16,20
2013-04-16,13:00,1447,18,1,3,9,10,11,15,16,17,19,20
2013-04-16,14:00,1448,17,3,6,7,8,9,10,13,15,17,18
2013-04-16,15:00,1449,7,2,3,7,8,9,10,11,13,17,20
2013-04-16,16:00,1450,12,3,4,9,10,11,12,13,15,17,19
2013-04-16,17:00,1451,5,1,2,3,4,9,13,14,15,18,19
2013-04-16,18:00,1452,3,3,4,5,6,8,9,10,11,13,20
2013-04-16,19:00,1453,14,1,2,3,5,8,10,12,13,14,16
2013-04-16,20:00,1454,8,1,3,4,6,8,9,13,14,17,19
2013-04-16,21:00,1455,16,4,5,8,10,11,12,14,16,18,19
2013-04-16,22:00,1456,13,3,4,8,9,12,13,14,15,16,17
2013-04-16,23:00,1457,6,2,4,5,7,10,12,14,16,17,18
2013-04-17,07:00,1458,17,1,2,3,5,6,8,12,13,16,17
2013-04-17,08:00,1459,3,1,3,6,7,13,14,16,17,18,19
2013-04-17,09:00,1460,2,3,4,5,6,7,9,11,13,18,20
2013-04-17,10:00,1461,14,2,3,5,6,12,14,17,18,19,20
2013-04-17,11:00,1462,16,3,5,9,13,15,16,17,18,19,20
2013-04-17,12:00,1463,9,4,6,7,9,10,14,16,17,19,20
2013-04-17,13:00,1464,19,2,3,4,5,9,11,12,16,18,20
2013-04-17,14:00,1465,4,1,5,6,7,12,13,14,15,16,19
2013-04-17,15:00,1466,2,1,4,6,7,9,13,16,17,18,20
2013-04-17,16:00,1467,13,3,8,9,11,13,14,15,17,19,20
2013-04-17,17:00,1468,18,1,2,3,6,7,8,9,10,18,19
2013-04-17,18:00,1469,8,2,3,4,5,6,11,13,16,17,20
2013-04-17,19:00,1470,10,1,2,3,5,8,9,10,11,16,20
2013-04-17,20:00,1471,1,5,6,7,8,10,11,12,14,18,19
2013-04-17,21:00,1472,11,3,6,9,10,11,13,14,17,18,19
2013-04-17,22:00,1473,9,5,6,9,10,12,13,15,18,19,20
2013-04-17,23:00,1474,4,2,3,5,7,9,10,12,13,17,20
2013-04-18,07:00,1475,11,3,4,6,8,10,12,13,14,18,19
2013-04-18,08:00,1476,20,1,2,4,5,6,9,11,13,16,19
2013-04-18,09:00,1477,3,1,3,4,7,8,13,14,16,18,20
2013-04-18,10:00,1478,13,4,7,8,10,13,16,17,18,19,20
2013-04-18,11:00,1479,3,3,6,7,8,9,10,11,12,16,17
2013-04-18,12:00,1480,19,1,5,6,9,12,13,14,16,17,19
2013-04-18,13:00,1481,18,2,3,4,5,7,9,11,15,16,20
2013-04-18,14:00,1482,6,2,5,6,7,9,10,11,15,17,18
2013-04-18,15:00,1483,9,2,3,5,8,9,11,12,14,17,19
2013-04-18,16:00,1484,5,1,5,8,9,11,12,13,14,19,20
2013-04-18,17:00,1485,2,2,4,8,9,10,11,13,15,18,19
2013-04-18,18:00,1486,10,1,3,4,5,8,10,11,14,15,20
2013-04-18,19:00,1487,20,1,3,6,9,10,12,13,16,17,20
2013-04-18,20:00,1488,2,2,5,8,10,12,13,15,16,17,19
2013-04-18,21:00,1489,18,2,3,6,7,11,13,14,16,17,20
2013-04-18,22:00,1490,14,3,4,6,10,11,12,13,16,19,20
2013-04-18,23:00,1491,12,2,7,8,10,11,13,15,16,17,18
2013-04-19,07:00,1492,20,4,5,8,10,11,14,15,17,19,20
2013-04-19,08:00,1493,12,3,4,6,8,9,10,15,16,18,20
2013-04-19,09:00,1494,20,3,7,8,11,12,13,15,18,19,20
2013-04-19,10:00,1495,7,1,3,4,7,8,10,13,15,16,20
2013-04-19,11:00,1496,2,1,4,7,8,11,12,13,15,17,18
2013-04-19,12:00,1497,13,4,5,8,11,13,14,15,17,18,19
2013-04-19,13:00,1498,10,2,4,5,6,7,11,14,16,17,18
2013-04-19,14:00,1499,13,2,6,7,10,11,12,13,15,18,19
2013-04-19,15:00,1500,4,3,5,8,9,12,13,14,15,17,19
2013-04-19,16:00,1501,4,1,4,5,7,9,10,11,13,14,17
2013-04-19,17:00,1502,5,1,3,5,7,8,11,15,17,18,19
2013-04-19,18:00,1503,15,1,2,4,6,9,10,14,15,16,17
2013-04-19,19:00,1504,10,1,3,6,8,9,10,11,13,14,20
2013-04-19,20:00,1505,11,2,3,5,10,11,14,15,16,18,20
2013-04-19,21:00,1506,8,4,5,6,9,10,13,14,17,18,19
2013-04-19,22:00,1507,2,1,3,4,5,9,11,12,14,15,19
2013-04-19,23:00,1508,1,1,2,6,8,9,12,15,17,18,20
2013-04-20,07:00,1509,20,5,7,8,10,12,14,15,16,17,20
2013-04-20,08:00,1510,9,1,3,5,7,9,10,12,13,16,18
2013-04-20,09:00,1511,2,1,2,3,4,5,9,15,17,18,19
2013-04-20,10:00,1512,7,2,4,5,10,11,12,15,17,19,20
2013-04-20,11:00,1513,2,1,3,4,5,9,12,14,16,18,19
2013-04-20,12:00,1514,3,1,2,4,6,10,11,17,18,19,20
2013-04-20,13:00,1515,18,1,2,3,6,8,9,12,17,19,20
2013-04-20,14:00,1516,18,3,5,6,7,8,9,10,13,15,19
2013-04-20,15:00,1517,3,3,6,7,9,11,12,13,16,19,20
2013-04-20,16:00,1518,15,1,2,3,4,5,6,12,15,17,20
2013-04-20,17:00,1519,10,3,4,6,10,11,12,15,17,19,20
2013-04-20,18:00,1520,19,2,3,4,6,9,12,14,18,19,20
2013-04-20,19:00,1521,13,2,3,5,9,11,13,14,16,18,20
2013-04-20,20:00,1522,10,3,4,5,6,8,11,12,13,15,18
2013-04-20,21:00,1523,17,1,4,6,12,14,15,16,17,19,20
2013-04-20,22:00,1524,19,1,3,4,5,7,15,16,18,19,20
2013-04-20,23:00,1525,5,5,6,7,10,11,12,16,17,18,20
2013-04-21,07:00,1526,5,3,5,6,9,10,11,12,14,18,19
2013-04-21,08:00,1527,9,4,6,7,8,11,12,13,16,18,20
2013-04-21,09:00,1528,10,4,7,8,9,10,14,16,17,18,19
2013-04-21,10:00,1529,18,3,4,7,9,10,11,12,14,15,19
2013-04-21,11:00,1530,8,1,2,3,5,7,10,15,16,18,20
2013-04-21,12:00,1531,12,1,3,4,5,8,9,13,15,17,19
2013-04-21,13:00,1532,1,4,5,9,11,12,13,14,17,18,19
2013-04-21,14:00,1533,7,4,5,11,12,14,15,17,18,19,20
2013-04-21,15:00,1534,4,1,3,8,9,14,15,16,18,19,20
2013-04-21,16:00,1535,16,1,2,3,5,7,8,9,10,11,12
2013-04-21,17:00,1536,17,4,5,8,9,10,12,15,16,18,20
2013-04-21,18:00,1537,9,1,2,3,7,9,10,11,13,14,18
2013-04-21,19:00,1538,5,2,3,4,5,6,9,14,15,17,18
2013-04-21,20:00,1539,16,2,4,9,11,12,13,15,17,18,19
2013-04-21,21:00,1540,13,1,9,10,11,13,14,16,18,19,20
2013-04-21,22:00,1541,20,3,6,7,8,9,10,13,17,19,20
2013-04-21,23:00,1542,14,7,9,10,11,13,14,15,16,18,20
2013-04-22,07:00,1543,16,1,2,8,11,14,15,17,18,19,20
2013-04-22,08:00,1544,11,1,2,4,8,9,10,15,16,17,18
2013-04-22,09:00,1545,11,2,4,6,8,9,10,13,14,17,18
2013-04-22,10:00,1546,18,4,6,8,9,10,12,13,15,16,17
2013-04-22,11:00,1547,8,1,2,4,7,8,11,13,15,17,18
2013-04-22,12:00,1548,7,1,2,3,6,8,12,13,15,17,19
2013-04-22,13:00,1549,15,3,4,5,6,7,9,12,13,17,18
2013-04-22,14:00,1550,6,2,3,4,5,8,9,10,14,16,18
2013-04-22,15:00,1551,7,1,5,8,9,11,14,15,16,17,18
2013-04-22,16:00,1552,6,2,3,4,7,8,9,10,12,13,20
2013-04-22,17:00,1553,8,2,4,6,8,10,11,13,14,17,19
2013-04-22,18:00,1554,16,1,2,6,10,13,14,15,16,18,20
2013-04-22,19:00,1555,7,2,4,7,8,11,12,16,17,18,19
2013-04-22,20:00,1556,5,2,4,5,6,10,11,13,14,16,19
2013-04-22,21:00,1557,13,1,2,3,6,8,9,12,13,19,20
2013-04-22,22:00,1558,1,2,3,5,8,9,10,11,12,17,19
2013-04-22,23:00,1559,15,1,2,3,7,8,10,11,15,18,19
2013-04-23,07:00,1560,3,6,7,9,12,13,14,15,17,18,20
2013-04-23,08:00,1561,9,6,8,9,10,11,12,16,18,19,20
2013-04-23,09:00,1562,14,1,5,7,9,10,12,15,16,18,20
2013-04-23,10:00,1563,7,1,3,9,10,14,15,17,18,19,20
2013-04-23,11:00,1564,16,1,3,8,10,11,12,13,15,18,20
2013-04-23,12:00,1565,20,1,2,4,11,12,14,15,16,17,20
2013-04-23,13:00,1566,4,1,2,4,5,6,8,9,15,16,18
2013-04-23,14:00,1567,19,1,2,3,4,5,6,7,13,14,16
2013-04-23,15:00,1568,7,1,5,6,8,11,15,16,17,18,19
2013-04-23,16:00,1569,3,1,3,4,6,7,8,14,15,16,18
2013-04-23,17:00,1570,12,2,3,5,6,7,8,11,15,18,20
2013-04-23,18:00,1571,11,1,2,3,7,10,11,12,13,16,19
2013-04-23,19:00,1572,13,1,2,5,7,10,13,14,16,18,19
2013-04-23,20:00,1573,4,1,2,6,7,8,10,14,17,19,20
2013-04-23,21:00,1574,6,1,2,3,6,10,11,15,17,18,19
2013-04-23,22:00,1575,19,4,5,7,8,9,11,12,15,17,19
2013-04-23,23:00,1576,16,3,4,7,8,13,14,16,17,18,20
2013-04-24,07:00,1577,20,6,7,8,9,10,11,13,14,17,19
2013-04-24,08:00,1578,19,1,2,3,4,5,9,13,15,16,18
2013-04-24,09:00,1579,13,1,3,6,7,8,10,11,12,15,20
2013-04-24,10:00,1580,6,1,2,4,5,6,8,9,12,13,17
2013-04-24,11:00,1581,17,3,4,5,6,11,14,15,16,18,19
2013-04-24,12:00,1582,2,8,9,10,11,12,13,14,16,17,19
2013-04-24,13:00,1583,1,4,6,8,9,10,12,14,15,17,18
2013-04-24,14:00,1584,19,1,4,5,6,7,9,15,16,18,20
2013-04-24,15:00,1585,15,2,9,10,11,12,15,16,18,19,20
2013-04-24,16:00,1586,19,2,4,5,6,7,9,10,16,18,19
2013-04-24,17:00,1587,4,1,2,3,5,6,8,10,12,13,16
2013-04-24,18:00,1588,17,1,2,3,4,7,8,10,11,12,13
2013-04-24,19:00,1589,8,1,2,5,6,7,8,12,14,16,19
2013-04-24,20:00,1590,6,2,3,6,9,10,11,12,14,15,19
2013-04-24,21:00,1591,17,1,4,6,8,9,11,15,17,18,20
2013-04-24,22:00,1592,1,1,3,4,6,8,9,15,17,18,20
2013-04-24,23:00,1593,19,1,2,3,10,13,15,16,17,18,19
2013-04-25,07:00,1594,19,1,2,6,10,11,12,14,17,18,20
2013-04-25,08:00,1595,13,1,5,6,12,13,16,17,18,19,20
2013-04-25,09:00,1596,3,3,7,8,9,12,13,15,16,17,20
2013-04-25,10:00,1597,8,1,5,7,8,9,10,11,12,17,18
2013-04-25,11:00,1598,8,4,5,9,10,12,14,15,18,19,20
2013-04-25,12:00,1599,18,1,2,6,9,10,13,15,18,19,20
2013-04-25,13:00,1600,11,2,4,5,6,7,8,10,15,18,20
2013-04-25,14:00,1601,11,1,11,12,13,14,15,16,17,19,20
2013-04-25,15:00,1602,1,1,2,4,5,6,7,10,13,15,16
2013-04-25,16:00,1603,11,1,2,3,5,6,8,9,10,13,17
2013-04-25,17:00,1604,17,2,3,4,6,9,13,14,16,18,20
2013-04-25,18:00,1605,15,1,2,4,5,7,8,11,17,18,19
2013-04-25,19:00,1606,16,1,3,5,8,9,10,13,16,18,20
2013-04-25,20:00,1607,1,1,2,3,4,5,7,10,17,19,20
2013-04-25,21:00,1608,16,3,4,6,7,9,11,12,15,18,20
2013-04-25,22:00,1609,5,3,4,7,8,11,12,14,15,16,17
2013-04-25,23:00,1610,1,1,2,3,9,11,12,13,15,16,19
2013-04-26,07:00,1611,20,3,4,5,7,8,9,12,13,17,19
2013-04-26,08:00,1612,16,4,7,8,9,11,13,15,16,19,20
2013-04-26,09:00,1613,17,2,3,4,5,7,8,12,15,17,20
2013-04-26,10:00,1614,18,1,2,3,4,5,10,12,14,16,19
2013-04-26,11:00,1615,16,2,8,9,10,13,14,15,16,17,20
2013-04-26,12:00,1616,16,7,8,10,11,14,15,16,17,18,20
2013-04-26,13:00,1617,7,3,6,8,9,10,11,12,13,17,19
2013-04-26,14:00,1618,7,3,5,6,7,9,11,13,14,15,17
2013-04-26,15:00,1619,18,1,2,4,6,7,8,10,11,15,18
2013-04-26,16:00,1620,14,1,3,5,9,12,13,15,16,18,20
2013-04-26,17:00,1621,17,1,3,4,5,8,9,10,15,19,20
2013-04-26,18:00,1622,11,1,5,7,8,12,13,15,16,18,20
2013-04-26,19:00,1623,1,1,2,3,6,7,11,12,15,19,20
2013-04-26,20:00,1624,1,4,5,6,7,10,13,16,17,18,20
2013-04-26,21:00,1625,13,3,4,5,9,11,14,15,17,19,20
2013-04-26,22:00,1626,15,1,3,5,7,9,11,12,13,15,20
2013-04-26,23:00,1627,10,3,4,6,7,8,9,11,13,15,20
2013-04-27,07:00,1628,19,1,3,5,6,7,8,9,10,11,14
2013-04-27,08:00,1629,10,1,4,9,10,12,15,16,17,19,20
2013-04-27,09:00,1630,18,1,5,7,9,10,11,14,16,17,19
2013-04-27,10:00,1631,11,1,3,4,8,10,13,15,16,19,20
2013-04-27,11:00,1632,12,3,4,5,10,11,12,14,15,17,18
2013-04-27,12:00,1633,6,1,2,4,7,8,9,10,17,18,19
2013-04-27,13:00,1634,14,1,3,4,5,12,13,15,16,17,20
2013-04-27,14:00,1635,9,2,3,7,12,13,14,16,18,19,20
2013-04-27,15:00,1636,11,1,2,3,4,6,9,13,16,17,18
2013-04-27,16:00,1637,9,2,3,4,7,9,10,11,15,17,18
2013-04-27,17:00,1638,10,1,2,5,11,12,14,15,16,19,20
2013-04-27,18:00,1639,2,1,4,5,10,11,12,13,15,18,19
2013-04-27,19:00,1640,4,2,5,9,10,11,13,15,16,18,19
2013-04-27,20:00,1641,15,2,5,8,9,10,11,12,15,18,19
2013-04-27,21:00,1642,5,1,2,5,8,10,11,12,13,17,18
2013-04-27,22:00,1643,5,1,2,3,4,5,6,7,10,14,15
2013-04-27,23:00,1644,12,1,2,3,4,10,14,15,17,18,20
2013-04-28,07:00,1645,15,2,8,10,11,12,14,15,16,17,19
2013-04-28,08:00,1646,15,1,3,4,9,13,14,15,16,17,20
2013-04-28,09:00,1647,14,1,2,5,8,9,14,15,17,18,19
2013-04-28,10:00,1648,14,2,3,5,7,9,10,11,13,18,19
2013-04-28,11:00,1649,14,1,5,6,7,8,9,13,14,15,18
2013-04-28,12:00,1650,15,1,2,3,4,5,7,8,10,13,20
2013-04-28,13:00,1651,15,1,4,5,6,7,9,12,16,19,20
2013-04-28,14:00,1652,10,1,3,5,6,8,9,10,18,19,20
2013-04-28,15:00,1653,19,2,3,5,6,7,8,9,10,17,20
2013-04-28,16:00,1654,7,1,2,3,7,9,11,16,18,19,20
2013-04-28,17:00,1655,11,1,2,3,8,9,10,11,12,18,20
2013-04-28,18:00,1656,20,1,2,4,5,7,9,11,12,16,20
2013-04-28,19:00,1657,13,4,6,7,8,9,10,12,13,14,19
2013-04-28,20:00,1658,5,3,5,6,7,9,11,15,18,19,20
2013-04-28,21:00,1659,6,1,2,4,8,11,14,15,18,19,20
2013-04-28,22:00,1660,11,3,4,5,8,10,12,15,17,18,20
2013-04-28,23:00,1661,13,2,3,4,6,8,11,16,17,19,20
2013-04-29,07:00,1662,20,3,4,6,11,12,13,15,17,19,20
2013-04-29,08:00,1663,9,1,2,3,6,7,9,15,17,19,20
2013-04-29,09:00,1664,1,1,2,3,7,8,9,10,13,18,19
2013-04-29,10:00,1665,3,2,4,5,8,11,12,13,14,16,19
2013-04-29,11:00,1666,20,1,3,4,5,6,9,10,11,15,16
2013-04-29,12:00,1667,18,1,3,10,11,14,15,16,17,18,20
2013-04-29,13:00,1668,16,2,3,5,6,7,9,13,14,18,20
2013-04-29,14:00,1669,20,1,2,6,8,9,10,12,13,16,18
2013-04-29,15:00,1670,6,3,4,6,7,8,9,15,17,19,20
2013-04-29,16:00,1671,13,1,3,4,5,6,7,8,11,13,20
2013-04-29,17:00,1672,13,3,6,9,10,15,16,17,18,19,20
2013-04-29,18:00,1673,12,5,9,11,12,14,15,16,17,19,20
2013-04-29,19:00,1674,9,1,2,3,7,8,9,14,17,19,20
2013-04-29,20:00,1675,8,2,5,9,10,11,12,15,17,18,19
2013-04-29,21:00,1676,18,5,6,8,10,12,14,15,17,19,20
2013-04-29,22:00,1677,1,1,3,4,8,9,11,12,14,16,20
2013-04-29,23:00,1678,19,1,2,4,6,8,10,12,13,15,17
2013-04-30,07:00,1679,11,1,2,3,4,9,10,14,15,16,17
2013-04-30,08:00,1680,4,1,3,5,6,8,10,11,13,15,19
2013-04-30,09:00,1681,20,1,4,5,8,9,11,12,15,17,18
2013-04-30,10:00,1682,2,2,3,6,9,10,12,13,14,17,19
2013-04-30,11:00,1683,10,2,5,6,8,9,12,14,15,16,19
2013-04-30,12:00,1684,16,1,2,9,10,13,15,16,18,19,20
2013-04-30,13:00,1685,13,1,2,5,6,7,8,11,13,17,18
2013-04-30,14:00,1686,13,1,4,5,8,10,11,12,14,17,19
2013-04-30,15:00,1687,5,1,3,6,8,10,13,16,17,19,20
2013-04-30,16:00,1688,10,3,6,7,11,12,13,16,17,18,20
2013-04-30,17:00,1689,15,1,6,7,10,12,13,14,15,18,19
2013-04-30,18:00,1690,11,1,2,5,6,8,9,13,15,18,19
2013-04-30,19:00,1691,5,5,6,8,10,11,12,16,17,18,20
2013-04-30,20:00,1692,10,1,4,10,13,15,16,17,18,19,20
2013-04-30,21:00,1693,8,1,3,5,6,7,10,14,17,19,20
2013-04-30,22:00,1694,3,2,4,10,11,13,15,16,17,18,20
2013-04-30,23:00,1695,18,2,3,5,7,9,13,17,18,19,20
2013-05-01,07:00,1696,19,1,3,6,8,9,12,14,15,16,19
2013-05-01,08:00,1697,9,1,3,4,5,10,11,13,14,16,20
2013-05-01,09:00,1698,16,3,7,9,10,11,14,15,18,19,20
2013-05-01,10:00,1699,2,1,2,3,7,8,9,10,13,18,20
2013-05-01,11:00,1700,11,5,7,8,10,11,12,16,17,19,20
2013-05-01,12:00,1701,1,1,2,6,8,9,10,11,14,15,17
2013-05-01,13:00,1702,7,2,6,7,8,10,13,16,17,18,19
2013-05-01,14:00,1703,20,3,4,7,9,10,11,14,15,16,17
2013-05-01,15:00,1704,1,1,3,4,7,11,13,14,15,17,19
2013-05-01,16:00,1705,3,1,5,6,7,8,9,11,12,18,20
2013-05-01,17:00,1706,12,3,4,5,6,7,10,14,17,18,19
2013-05-01,18:00,1707,6,3,5,7,8,10,11,12,16,17,19
2013-05-01,19:00,1708,1,2,5,6,7,9,15,16,17,18,20
2013-05-01,20:00,1709,19,1,4,5,6,11,14,15,18,19,20
2013-05-01,21:00,1710,18,1,4,6,8,9,11,12,16,19,20
2013-05-01,22:00,1711,18,2,3,9,10,11,14,15,18,19,20
2013-05-01,23:00,1712,19,1,2,5,6,7,12,15,16,17,19
2013-05-02,07:00,1713,20,5,8,10,11,13,15,16,17,19,20
2013-05-02,08:00,1714,18,2,3,6,7,8,9,11,12,15,16
2013-05-02,09:00,1715,16,1,2,4,5,8,11,13,14,16,17
2013-05-02,10:00,1716,6,4,5,6,8,9,11,12,15,16,20
2013-05-02,11:00,1717,16,2,3,6,7,10,14,16,17,18,19
2013-05-02,12:00,1718,7,1,2,7,9,11,13,16,17,18,20
2013-05-02,13:00,1719,2,1,4,5,6,10,11,13,16,17,19
2013-05-02,14:00,1720,2,1,3,4,5,7,9,10,11,15,18
2013-05-02,15:00,1721,15,2,5,6,8,10,12,14,17,19,20
2013-05-02,16:00,1722,13,1,2,4,10,12,14,15,17,19,20
2013-05-02,17:00,1723,16,2,3,4,6,7,11,15,16,17,19
2013-05-02,18:00,1724,20,3,6,7,9,11,13,14,16,17,18
2013-05-02,19:00,1725,3,5,6,8,10,12,13,14,15,16,20
2013-05-02,20:00,1726,17,2,6,10,11,12,13,14,15,18,19
2013-05-02,21:00,1727,7,1,4,6,12,13,14,15,16,18,20
2013-05-02,22:00,1728,3,2,4,6,7,9,11,14,15,19,20
2013-05-02,23:00,1729,17,1,3,4,9,11,12,15,16,18,19
2013-05-03,07:00,1730,14,1,2,3,6,8,9,12,15,17,18
2013-05-03,08:00,1731,3,1,4,5,6,7,8,9,11,13,20
2013-05-03,09:00,1732,16,3,5,6,10,12,13,15,16,17,20
2013-05-03,10:00,1733,4,5,6,7,8,11,12,14,18,19,20
2013-05-03,11:00,1734,13,2,4,8,9,11,13,15,16,17,19
2013-05-03,12:00,1735,10,5,6,7,8,9,10,12,15,17,20
2013-05-03,13:00,1736,19,3,4,8,9,10,11,12,16,18,19
2013-05-03,14:00,1737,9,1,3,7,11,12,13,14,16,18,19
2013-05-03,15:00,1738,15,1,4,5,6,7,12,14,15,17,19
2013-05-03,16:00,1739,19,1,7,8,11,13,14,16,18,19,20
2013-05-03,17:00,1740,7,1,6,7,9,10,12,13,15,17,19
2013-05-03,18:00,1741,20,1,6,8,9,10,11,13,15,18,19
2013-05-03,19:00,1742,7,1,6,7,12,13,14,15,18,19,20
2013-05-03,20:00,1743,13,3,4,5,7,8,12,13,16,17,19
2013-05-03,21:00,1744,16,1,2,3,6,11,12,14,17,19,20
2013-05-03,22:00,1745,17,1,3,4,7,9,10,11,12,15,18
2013-05-03,23:00,1746,13,1,2,3,7,9,10,11,13,17,19
2013-05-04,07:00,1747,1,1,2,3,7,9,15,16,17,18,20
2013-05-04,08:00,1748,6,3,4,5,6,9,11,12,14,19,20
2013-05-04,09:00,1749,10,3,4,7,9,10,14,15,16,17,18
2013-05-04,10:00,1750,1,2,5,6,7,10,15,16,17,18,20
2013-05-04,11:00,1751,15,1,2,3,6,7,11,13,15,16,18
2013-05-04,12:00,1752,17,3,5,6,7,8,10,11,12,17,20
2013-05-04,13:00,1753,6,1,5,9,10,11,12,13,18,19,20
2013-05-04,14:00,1754,11,1,2,5,8,9,12,13,14,16,18
2013-05-04,15:00,1755,15,3,4,8,11,12,15,16,17,18,20
2013-05-04,16:00,1756,1,2,4,5,8,12,13,15,16,17,18
2013-05-04,17:00,1757,2,5,6,7,9,10,12,13,14,17,19
2013-05-04,18:00,1758,14,2,4,5,7,9,13,14,16,17,18
2013-05-04,19:00,1759,3,1,2,9,11,12,13,15,16,17,19
2013-05-04,20:00,1760,20,2,4,7,9,11,13,15,16,17,19
2013-05-04,21:00,1761,2,1,8,9,12,13,15,16,17,19,20
2013-05-04,22:00,1762,16,1,2,4,6,10,11,13,16,17,19
2013-05-04,23:00,1763,14,1,2,4,5,9,10,11,14,19,20
2013-05-05,07:00,1764,19,1,3,4,5,8,15,16,17,18,20
2013-05-05,08:00,1765,18,1,4,6,10,13,14,16,17,18,19
2013-05-05,09:00,1766,13,1,2,4,6,9,11,12,14,15,16
2013-05-05,10:00,1767,15,1,3,7,9,10,11,13,16,19,20
2013-05-05,11:00,1768,6,1,3,4,7,9,10,12,14,18,20
2013-05-05,12:00,1769,20,3,5,6,10,12,15,16,18,19,20
2013-05-05,13:00,1770,10,5,7,8,11,12,13,16,18,19,20
2013-05-05,14:00,1771,6,1,2,3,5,6,7,11,14,15,16
2013-05-05,15:00,1772,17,2,6,7,8,10,15,16,18,19,20
2013-05-05,16:00,1773,7,1,2,3,4,6,9,10,14,16,18
2013-05-05,17:00,1774,1,1,3,5,9,10,11,15,16,18,19
2013-05-05,18:00,1775,16,3,4,6,7,12,14,15,17,19,20
2013-05-05,19:00,1776,18,3,4,6,7,8,9,10,11,17,19
2013-05-05,20:00,1777,5,1,3,4,5,8,9,10,12,13,15
2013-05-05,21:00,1778,7,1,2,4,5,6,7,10,13,16,19
2013-05-05,22:00,1779,8,1,2,4,10,12,14,15,16,17,20
2013-05-05,23:00,1780,6,1,2,3,8,9,11,16,18,19,20
2013-05-06,07:00,1781,17,2,3,4,8,10,12,14,15,19,20
2013-05-06,08:00,1782,1,2,3,6,8,9,10,14,16,18,19
2013-05-06,09:00,1783,11,2,3,6,7,8,9,11,14,18,20
2013-05-06,10:00,1784,11,4,5,6,7,12,15,16,17,18,19
2013-05-06,11:00,1785,4,5,6,9,10,11,12,13,15,17,20
2013-05-06,12:00,1786,20,1,2,3,6,9,15,16,18,19,20
2013-05-06,13:00,1787,20,4,6,7,10,14,16,17,18,19,20
2013-05-06,14:00,1788,11,3,4,6,9,11,12,14,15,17,18
2013-05-06,15:00,1789,5,5,6,7,10,11,12,15,16,17,20
2013-05-06,16:00,1790,10,3,4,8,9,10,12,14,16,17,20
2013-05-06,17:00,1791,9,1,2,4,5,8,11,13,14,16,17
2013-05-06,18:00,1792,16,1,3,4,5,8,9,13,14,16,17
2013-05-06,19:00,1793,11,3,5,6,7,8,9,14,17,18,19
2013-05-06,20:00,1794,16,4,5,6,7,8,12,14,16,18,20
2013-05-06,21:00,1795,14,3,4,7,8,10,11,13,15,17,20
2013-05-06,22:00,1796,4,1,2,6,7,13,14,17,18,19,20
2013-05-06,23:00,1797,14,1,6,9,10,11,12,13,14,18,19
2013-05-07,07:00,1798,18,2,5,6,9,10,12,13,14,15,17
2013-05-07,08:00,1799,18,1,3,7,8,9,13,15,16,17,20
2013-05-07,09:00,1800,10,1,2,4,6,7,12,13,14,17,19
2013-05-07,10:00,1801,16,4,5,6,8,9,10,13,15,18,19
2013-05-07,11:00,1802,6,2,3,5,7,9,11,13,15,16,18
2013-05-07,12:00,1803,3,1,3,5,6,13,14,16,17,18,20
2013-05-07,13:00,1804,20,3,4,5,12,13,14,15,17,19,20
2013-05-07,14:00,1805,1,3,5,6,7,10,11,12,13,15,18
2013-05-07,15:00,1806,9,2,3,5,6,9,10,11,13,16,19
2013-05-07,16:00,1807,6,1,5,6,8,9,10,12,13,15,18
2013-05-07,17:00,1808,15,2,4,6,7,9,11,12,14,17,20
2013-05-07,18:00,1809,16,1,4,5,7,11,12,15,16,19,20
2013-05-07,19:00,1810,2,3,5,6,9,12,13,14,15,16,20
2013-05-07,20:00,1811,12,1,2,4,6,11,16,17,18,19,20
2013-05-07,21:00,1812,15,3,8,11,12,13,14,15,17,19,20
2013-05-07,22:00,1813,18,1,3,4,5,9,10,13,14,19,20
2013-05-07,23:00,1814,2,1,2,3,4,5,8,9,15,16,17
2013-05-08,07:00,1815,13,1,2,3,5,9,10,11,12,15,18
2013-05-08,08:00,1816,2,3,4,5,6,8,12,14,15,16,19
2013-05-08,09:00,1817,4,2,6,7,8,12,14,15,16,18,20
2013-05-08,10:00,1818,17,1,3,5,7,8,11,12,13,16,17
2013-05-08,11:00,1819,17,1,4,6,7,9,10,11,17,18,20
2013-05-08,12:00,1820,13,3,4,7,9,10,11,13,17,19,20
2013-05-08,13:00,1821,4,3,4,5,6,7,8,14,16,17,19
2013-05-08,14:00,1822,19,1,6,7,8,9,10,11,12,15,17
2013-05-08,15:00,1823,2,5,7,10,11,13,14,16,17,18,20
2013-05-08,16:00,1824,11,1,5,6,7,9,13,14,15,18,19
2013-05-08,17:00,1825,16,1,4,8,10,11,12,13,14,16,18
2013-05-08,18:00,1826,6,2,3,7,8,10,12,13,14,15,20
2013-05-08,19:00,1827,8,1,3,8,10,11,13,14,15,19,20
2013-05-08,20:00,1828,5,1,3,6,7,10,13,15,16,19,20
2013-05-08,21:00,1829,10,2,6,7,8,9,10,11,12,14,20
2013-05-08,22:00,1830,3,1,3,4,5,10,13,15,16,17,18
2013-05-08,23:00,1831,20,1,2,3,4,6,7,9,11,15,18
2013-05-09,07:00,1832,14,1,2,4,6,9,10,12,14,16,19
2013-05-09,08:00,1833,5,1,4,6,10,11,12,15,18,19,20
2013-05-09,09:00,1834,4,1,6,8,11,12,13,16,18,19,20
2013-05-09,10:00,1835,9,6,7,9,10,13,14,15,17,18,20
2013-05-09,11:00,1836,20,2,3,4,5,8,12,14,18,19,20
2013-05-09,12:00,1837,16,1,2,3,5,8,9,13,16,19,20
2013-05-09,13:00,1838,8,5,6,7,12,13,14,16,17,18,20
2013-05-09,14:00,1839,18,1,2,5,6,7,12,13,16,18,19
2013-05-09,15:00,1840,5,1,2,3,5,11,12,14,15,17,20
2013-05-09,16:00,1841,9,1,2,3,5,6,7,10,13,14,19
2013-05-09,17:00,1842,3,3,4,5,6,10,11,13,14,17,18
2013-05-09,18:00,1843,12,1,4,5,7,11,13,15,17,18,20
2013-05-09,19:00,1844,3,1,2,5,6,7,9,10,11,13,19
2013-05-09,20:00,1845,4,1,4,5,8,10,11,12,13,18,19
2013-05-09,21:00,1846,16,5,6,7,8,10,11,15,16,17,18
2013-05-09,22:00,1847,15,1,2,4,5,6,8,12,13,17,19
2013-05-09,23:00,1848,13,1,2,3,4,9,10,14,15,17,20
2013-05-10,07:00,1849,11,1,5,6,7,15,16,17,18,19,20
2013-05-10,08:00,1850,4,1,3,5,9,12,14,16,17,19,20
2013-05-10,09:00,1851,13,2,3,5,9,11,12,13,14,15,19
2013-05-10,10:00,1852,16,4,5,8,11,13,14,15,16,17,20
2013-05-10,11:00,1853,20,1,4,5,7,8,9,10,13,15,18
2013-05-10,12:00,1854,16,6,10,11,12,14,15,16,17,18,19
2013-05-10,13:00,1855,14,3,4,8,10,11,13,17,18,19,20
2013-05-10,14:00,1856,9,2,4,5,6,8,13,14,15,16,18
2013-05-10,15:00,1857,17,2,4,5,10,11,12,13,14,18,19
2013-05-10,16:00,1858,8,2,3,4,5,7,11,14,15,17,19
2013-05-10,17:00,1859,1,1,3,4,8,11,14,15,16,17,18
2013-05-10,18:00,1860,7,1,3,6,8,10,11,12,13,14,17
2013-05-10,19:00,1861,3,1,2,3,6,7,9,13,16,19,20
2013-05-10,20:00,1862,11,2,4,5,8,11,14,15,17,18,20
2013-05-10,21:00,1863,9,2,6,10,11,12,13,14,15,16,18
2013-05-10,22:00,1864,2,1,2,5,6,7,11,14,15,18,19
2013-05-10,23:00,1865,19,3,5,7,8,11,13,16,17,19,20
2013-05-11,07:00,1866,12,5,6,9,10,11,12,14,15,17,19
2013-05-11,08:00,1867,5,2,3,5,6,7,9,11,13,16,17
2013-05-11,09:00,1868,10,3,4,5,6,11,12,13,14,15,18
2013-05-11,10:00,1869,17,1,3,6,7,10,15,16,18,19,20
2013-05-11,11:00,1870,11,2,4,5,6,8,9,12,13,15,17
2013-05-11,12:00,1871,6,2,3,5,9,10,12,13,14,15,17
2013-05-11,13:00,1872,11,2,3,6,7,8,10,11,12,13,20
2013-05-11,14:00,1873,2,4,6,7,8,9,11,12,16,17,18
2013-05-11,15:00,1874,13,4,5,7,8,10,11,13,15,18,19
2013-05-11,16:00,1875,4,1,3,7,8,9,11,13,14,15,20
2013-05-11,17:00,1876,14,1,3,5,7,9,10,11,14,15,20
2013-05-11,18:00,1877,2,1,3,4,5,7,9,11,12,13,18
2013-05-11,19:00,1878,18,1,2,3,4,6,7,10,16,18,20
2013-05-11,20:00,1879,1,1,5,6,8,11,12,15,16,17,20
2013-05-11,21:00,1880,15,3,5,6,7,9,11,12,13,17,20
2013-05-11,22:00,1881,14,3,6,7,10,11,12,15,16,18,19
2013-05-11,23:00,1882,1,2,4,6,9,12,14,15,16,18,19
2013-05-12,07:00,1883,17,1,3,6,7,9,10,14,15,17,18
2013-05-12,08:00,1884,12,2,3,5,7,8,11,12,13,16,18
2013-05-12,09:00,1885,17,3,4,5,7,8,12,14,18,19,20
2013-05-12,10:00,1886,12,1,5,8,9,11,13,14,15,18,19
2013-05-12,11:00,1887,8,2,5,6,7,9,12,13,14,15,17
2013-05-12,12:00,1888,10,1,2,5,6,7,12,13,14,16,18
2013-05-12,13:00,1889,2,3,5,6,7,8,12,13,14,15,20
2013-05-12,14:00,1890,13,2,5,6,9,12,13,16,17,19,20
2013-05-12,15:00,1891,15,1,2,5,7,13,14,15,16,19,20
2013-05-12,16:00,1892,1,4,8,9,10,11,12,13,14,17,19
2013-05-12,17:00,1893,15,1,6,7,8,10,12,15,17,19,20
2013-05-12,18:00,1894,19,1,3,5,7,12,14,15,17,18,19
2013-05-12,19:00,1895,2,1,5,6,7,10,12,13,14,15,17
2013-05-12,20:00,1896,1,5,6,7,10,13,15,16,17,19,20
2013-05-12,21:00,1897,15,3,4,7,8,10,12,13,16,17,20
2013-05-12,22:00,1898,12,6,7,8,9,10,11,16,17,18,19
2013-05-12,23:00,1899,9,2,3,8,9,11,12,13,16,18,20
2013-05-13,07:00,1900,17,2,4,6,7,8,12,15,17,19,20
2013-05-13,08:00,1901,9,3,4,10,11,14,15,16,17,19,20
2013-05-13,09:00,1902,14,1,2,5,8,9,10,13,16,17,18
2013-05-13,10:00,1903,4,3,4,5,6,9,12,14,16,17,20
2013-05-13,11:00,1904,12,1,5,6,7,10,11,14,15,16,17
2013-05-13,12:00,1905,13,2,6,9,11,12,15,16,17,18,20
2013-05-13,13:00,1906,10,3,4,5,6,8,10,12,14,15,16
2013-05-13,14:00,1907,2,1,3,6,8,9,10,13,16,18,20
2013-05-13,15:00,1908,16,1,2,4,8,9,10,12,14,17,20
2013-05-13,16:00,1909,2,1,3,7,8,10,11,16,17,19,20
2013-05-13,17:00,1910,5,2,3,4,7,9,12,15,16,18,20
2013-05-13,18:00,1911,8,2,3,4,5,9,13,17,18,19,20
2013-05-13,19:00,1912,5,2,3,5,6,7,8,12,16,17,18
2013-05-13,20:00,1913,15,1,3,5,6,7,11,13,14,18,20
2013-05-13,21:00,1914,15,1,2,4,7,8,9,10,11,12,20
2013-05-13,22:00,1915,12,2,3,5,6,8,9,10,12,15,18
2013-05-13,23:00,1916,19,3,7,9,10,12,13,15,16,19,20
2013-05-14,07:00,1917,2,2,3,6,9,10,12,13,14,15,20
2013-05-14,08:00,1918,10,2,4,6,8,9,10,13,14,15,17
2013-05-14,09:00,1919,3,1,2,3,5,8,9,10,14,17,20
2013-05-14,10:00,1920,16,1,2,5,6,8,12,15,16,18,20
2013-05-14,11:00,1921,7,1,3,4,6,10,11,12,14,17,18
2013-05-14,12:00,1922,17,2,6,8,9,11,12,13,14,19,20
2013-05-14,13:00,1923,4,1,2,3,6,10,12,14,16,17,18
2013-05-14,14:00,1924,3,1,2,6,7,9,11,13,14,16,20
2013-05-14,15:00,1925,5,1,3,4,5,6,11,12,15,17,20
2013-05-14,16:00,1926,2,5,7,8,9,12,13,15,16,17,20
2013-05-14,17:00,1927,13,1,6,7,12,13,14,15,16,17,19
2013-05-14,18:00,1928,16,1,3,4,7,9,10,11,13,14,16
2013-05-14,19:00,1929,20,2,4,7,9,10,11,13,16,17,20
2013-05-14,20:00,1930,17,1,2,3,6,7,8,9,13,16,17
2013-05-14,21:00,1931,6,1,3,6,9,10,12,16,17,18,19
2013-05-14,22:00,1932,12,1,4,5,8,9,12,15,16,17,20
2013-05-14,23:00,1933,5,3,4,6,7,8,9,10,11,15,18
2013-05-15,07:00,1934,12,1,5,6,8,9,10,11,13,17,19
2013-05-15,08:00,1935,5,1,2,5,6,7,8,13,14,16,18
2013-05-15,09:00,1936,19,1,2,3,4,7,9,13,14,16,17
2013-05-15,10:00,1937,2,1,3,4,5,6,7,16,17,18,20
2013-05-15,11:00,1938,1,1,2,3,9,10,11,13,14,15,20
2013-05-15,12:00,1939,1,2,5,10,12,13,15,16,18,19,20
2013-05-15,13:00,1940,8,3,4,9,10,12,13,15,18,19,20
2013-05-15,14:00,1941,19,4,9,10,11,12,13,15,16,18,19
2013-05-15,15:00,1942,20,1,4,5,9,13,14,15,17,18,19
2013-05-15,16:00,1943,17,2,4,5,8,9,10,15,16,17,18
2013-05-15,17:00,1944,4,2,4,6,7,8,10,12,14,15,19
2013-05-15,18:00,1945,10,1,3,5,6,9,10,11,13,17,19
2013-05-15,19:00,1946,12,4,5,6,8,10,12,16,17,19,20
2013-05-15,20:00,1947,10,1,2,4,5,10,11,16,17,19,20
2013-05-15,21:00,1948,19,2,3,4,6,7,11,12,16,17,19
2013-05-15,22:00,1949,18,1,2,3,6,7,13,14,15,19,20
2013-05-15,23:00,1950,7,1,2,5,7,11,12,13,14,15,20
2013-05-16,07:00,1951,20,1,6,7,9,10,11,14,16,17,20
2013-05-16,08:00,1952,17,1,3,6,9,10,11,12,13,15,17
2013-05-16,09:00,1953,12,1,3,6,7,11,12,13,15,16,18
2013-05-16,10:00,1954,13,1,3,5,9,11,12,15,16,19,20
2013-05-16,11:00,1955,18,1,2,3,4,5,7,9,10,11,13
2013-05-16,12:00,1956,12,4,7,10,11,12,13,14,15,16,19
2013-05-16,13:00,1957,17,1,4,5,6,7,9,10,15,18,20
2013-05-16,14:00,1958,9,1,4,7,9,10,11,15,16,18,20
2013-05-16,15:00,1959,15,5,6,7,8,9,10,11,14,16,17
2013-05-16,16:00,1960,10,1,3,6,10,12,13,14,16,17,19
2013-05-16,17:00,1961,2,3,5,6,8,9,10,11,14,18,20
2013-05-16,18:00,1962,3,4,5,6,7,9,12,15,16,17,18
2013-05-16,19:00,1963,6,4,5,7,8,9,10,11,13,14,18
2013-05-16,20:00,1964,15,2,3,4,5,8,14,15,16,17,18
2013-05-16,21:00,1965,10,1,5,6,7,10,12,13,14,16,18
2013-05-16,22:00,1966,20,3,4,5,8,9,11,12,15,17,18
2013-05-16,23:00,1967,10,1,3,5,6,8,10,13,14,17,20
2013-05-17,07:00,1968,6,1,2,4,6,7,11,13,15,16,20
2013-05-17,08:00,1969,5,1,3,6,10,11,12,13,14,18,19
2013-05-17,09:00,1970,19,3,4,5,6,8,9,10,11,14,19
2013-05-17,10:00,1971,13,2,3,4,5,8,9,10,14,15,16
2013-05-17,11:00,1972,2,1,5,6,7,8,9,11,15,17,19
2013-05-17,12:00,1973,14,1,3,5,6,7,9,10,15,16,20
2013-05-17,13:00,1974,20,1,3,5,8,9,12,14,16,17,20
2013-05-17,14:00,1975,8,1,2,4,5,6,7,8,9,17,20
2013-05-17,15:00,1976,3,1,3,5,6,9,10,11,13,17,18
2013-05-17,16:00,1977,12,1,3,5,6,10,13,14,17,18,20
2013-05-17,17:00,1978,11,1,4,6,7,10,11,13,17,18,20
2013-05-17,18:00,1979,11,1,2,6,7,8,9,10,11,12,15
2013-05-17,19:00,1980,11,1,3,7,8,9,10,13,15,17,18
2013-05-17,20:00,1981,11,2,9,10,11,12,15,16,17,19,20
2013-05-17,21:00,1982,5,2,4,9,12,14,15,16,17,18,19
2013-05-17,22:00,1983,2,2,6,8,9,10,12,14,16,18,19
2013-05-17,23:00,1984,12,1,5,9,10,12,13,15,16,17,18
2013-05-18,07:00,1985,3,1,2,4,5,7,11,12,13,17,19
2013-05-18,08:00,1986,15,3,4,6,11,12,13,14,16,18,20
2013-05-18,09:00,1987,16,3,6,8,9,10,11,12,15,16,18
2013-05-18,10:00,1988,13,3,4,6,10,11,13,14,16,19,20
2013-05-18,11:00,1989,3,3,5,6,9,10,11,14,15,18,20
2013-05-18,12:00,1990,15,5,9,10,12,13,15,16,17,18,19
2013-05-18,13:00,1991,3,1,2,4,6,10,12,13,15,16,18
2013-05-18,14:00,1992,4,2,3,4,5,7,8,9,13,17,18
2013-05-18,15:00,1993,5,1,2,3,6,10,11,16,18,19,20
2013-05-18,16:00,1994,6,1,5,7,8,9,10,12,13,16,17
2013-05-18,17:00,1995,3,3,5,6,7,9,10,14,15,16,17
2013-05-18,18:00,1996,9,2,5,7,9,12,13,15,18,19,20
2013-05-18,19:00,1997,3,2,3,7,11,13,14,15,16,18,19
2013-05-18,20:00,1998,13,1,3,5,11,12,13,14,16,18,19
2013-05-18,21:00,1999,1,1,3,4,9,13,14,16,18,19,20
2013-05-18,22:00,2000,5,5,9,10,11,12,13,15,17,18,19
2013-05-18,23:00,2001,12,3,4,5,6,8,10,15,16,18,19
2013-05-19,07:00,2002,5,1,2,6,8,12,13,14,15,16,19
2013-05-19,08:00,2003,12,4,7,9,10,11,12,16,17,19,20
2013-05-19,09:00,2004,6,2,4,7,8,9,14,15,16,19,20
2013-05-19,10:00,2005,2,5,9,10,13,15,16,17,18,19,20
2013-05-19,11:00,2006,8,5,6,7,9,11,12,13,15,16,20
2013-05-19,12:00,2007,10,1,7,8,9,10,13,15,16,17,20
2013-05-19,13:00,2008,19,1,3,4,6,7,12,13,15,16,17
2013-05-19,14:00,2009,13,1,2,3,6,7,9,10,13,14,17
2013-05-19,15:00,2010,5,2,3,4,5,8,12,13,16,18,20
2013-05-19,16:00,2011,1,2,3,4,5,6,7,8,15,17,20
2013-05-19,17:00,2012,12,2,4,5,6,8,9,13,14,15,16
2013-05-19,18:00,2013,18,2,3,6,9,10,16,17,18,19,20
2013-05-19,19:00,2014,1,1,3,5,8,11,12,13,14,17,18
2013-05-19,20:00,2015,12,1,2,4,5,9,10,12,14,18,19
2013-05-19,21:00,2016,4,1,2,3,5,8,12,16,17,18,20
2013-05-19,22:00,2017,15,2,4,5,6,7,8,9,12,17,18
2013-05-19,23:00,2018,4,1,4,5,7,8,10,11,13,14,15
2013-05-20,07:00,2019,2,1,6,7,8,11,12,13,15,17,19
2013-05-20,08:00,2020,4,1,2,3,4,8,11,12,15,17,18
2013-05-20,09:00,2021,10,1,3,5,9,10,11,13,15,16,17
2013-05-20,10:00,2022,9,3,4,6,7,8,11,13,16,17,18
2013-05-20,11:00,2023,10,2,3,8,11,12,13,14,16,17,19
2013-05-20,12:00,2024,16,2,4,5,6,7,8,9,15,18,19
2013-05-20,13:00,2025,6,1,2,4,6,8,9,10,12,14,16
2013-05-20,14:00,2026,9,1,3,6,7,9,11,12,14,18,19
2013-05-20,15:00,2027,4,5,6,7,9,10,11,12,14,17,20
2013-05-20,16:00,2028,4,3,4,5,8,9,11,13,14,16,17
2013-05-20,17:00,2029,16,1,3,4,6,7,10,11,13,17,18
2013-05-20,18:00,2030,13,1,3,7,8,9,11,12,14,15,18
2013-05-20,19:00,2031,11,1,2,3,7,8,9,13,14,16,19
2013-05-20,20:00,2032,18,4,6,8,9,10,13,14,16,17,18
2013-05-20,21:00,2033,7,1,2,3,4,5,9,11,15,18,19
2013-05-20,22:00,2034,9,1,2,3,5,6,8,10,12,16,20
2013-05-20,23:00,2035,15,1,7,8,9,11,16,17,18,19,20
2013-05-21,07:00,2036,11,3,5,6,7,10,11,12,14,17,19
2013-05-21,08:00,2037,12,1,2,9,10,12,15,16,17,19,20
2013-05-21,09:00,2038,12,1,3,6,7,8,9,12,15,19,20
2013-05-21,10:00,2039,14,1,2,4,6,7,11,13,16,18,20
2013-05-21,11:00,2040,2,2,3,5,8,9,10,12,13,16,20
2013-05-21,12:00,2041,12,2,3,6,8,9,10,11,13,18,20
2013-05-21,13:00,2042,14,1,2,3,6,11,12,15,16,18,20
2013-05-21,14:00,2043,12,2,3,4,6,9,11,12,14,16,18
2013-05-21,15:00,2044,4,2,4,6,7,8,9,13,15,16,17
2013-05-21,16:00,2045,8,1,2,6,7,11,13,14,16,19,20
2013-05-21,17:00,2046,1,1,3,4,5,6,10,12,14,16,19
2013-05-21,18:00,2047,16,1,2,3,4,7,9,12,13,16,17
2013-05-21,19:00,2048,16,2,3,6,9,10,13,14,15,16,19
2013-05-21,20:00,2049,8,2,3,7,9,10,14,16,17,18,20
2013-05-21,21:00,2050,3,3,4,6,7,10,14,15,16,19,20
2013-05-21,22:00,2051,10,1,4,5,7,9,13,15,16,17,19
2013-05-21,23:00,2052,7,1,2,4,9,12,13,14,15,16,18
2013-05-22,07:00,2053,12,1,5,9,10,11,12,13,17,18,19
2013-05-22,08:00,2054,14,1,2,4,5,6,8,12,15,18,19
2013-05-22,09:00,2055,12,2,3,5,8,9,11,15,16,18,19
2013-05-22,10:00,2056,18,2,3,5,6,8,9,10,13,17,19
2013-05-22,11:00,2057,17,1,2,5,11,13,14,15,16,19,20
2013-05-22,12:00,2058,12,1,4,6,8,11,13,14,16,18,20
2013-05-22,13:00,2059,14,1,5,7,10,11,13,16,17,19,20
2013-05-22,14:00,2060,3,2,3,6,7,8,11,13,15,17,20
2013-05-22,15:00,2061,14,8,10,11,13,14,15,16,18,19,20
2013-05-22,16:00,2062,1,2,3,6,8,11,15,16,18,19,20
2013-05-22,17:00,2063,5,1,3,5,6,12,14,15,16,17,19
2013-05-22,18:00,2064,12,2,3,5,8,10,13,14,15,18,20
2013-05-22,19:00,2065,6,3,5,6,7,12,16,17,18,19,20
2013-05-22,20:00,2066,14,3,4,6,9,11,12,13,16,18,20
2013-05-22,21:00,2067,4,2,4,5,6,9,10,13,16,19,20
2013-05-22,22:00,2068,10,1,2,5,6,7,9,11,17,18,20
2013-05-22,23:00,2069,10,3,4,5,6,7,10,13,15,16,17
2013-05-23,07:00,2070,16,2,4,8,9,12,13,14,16,18,20
2013-05-23,08:00,2071,12,1,3,4,7,8,11,13,14,15,17
2013-05-23,09:00,2072,9,1,2,7,8,9,10,13,17,18,19
2013-05-23,10:00,2073,19,1,3,5,6,7,8,15,16,19,20
2013-05-23,11:00,2074,9,1,2,5,6,7,8,12,13,14,16
2013-05-23,12:00,2075,13,4,6,8,11,12,13,15,16,18,20
2013-05-23,13:00,2076,18,3,5,6,7,10,12,14,15,16,19
2013-05-23,14:00,2077,5,1,3,4,7,8,9,12,14,17,19
2013-05-23,15:00,2078,15,1,2,5,6,9,11,12,14,16,17
2013-05-23,16:00,2079,11,1,3,5,8,9,10,11,12,13,19
2013-05-23,17:00,2080,8,2,8,10,12,14,15,16,18,19,20
2013-05-23,18:00,2081,1,2,3,4,5,6,8,11,13,16,20
2013-05-23,19:00,2082,3,1,4,5,7,9,10,13,16,17,18
2013-05-23,20:00,2083,20,2,3,5,8,10,11,14,15,18,20
2013-05-23,21:00,2084,15,2,3,7,8,9,12,13,15,17,20
2013-05-23,22:00,2085,15,1,2,5,6,7,10,11,12,14,19
2013-05-23,23:00,2086,16,2,3,5,7,9,14,16,17,19,20
2013-05-24,07:00,2087,14,1,2,4,5,8,12,13,14,15,18
2013-05-24,08:00,2088,3,1,5,6,8,10,12,16,17,18,19
2013-05-24,09:00,2089,4,3,6,7,10,12,13,15,16,19,20
2013-05-24,10:00,2090,2,1,2,4,6,8,9,10,11,17,18
2013-05-24,11:00,2091,7,1,2,3,4,7,10,11,16,18,19
2013-05-24,12:00,2092,13,2,3,8,10,11,15,17,18,19,20
2013-05-24,13:00,2093,18,1,3,7,8,10,11,12,13,15,16
2013-05-24,14:00,2094,2,2,3,6,7,10,12,13,14,17,18
2013-05-24,15:00,2095,15,1,4,6,7,8,11,12,14,16,19
2013-05-24,16:00,2096,4,6,8,9,12,13,14,15,16,17,18
2013-05-24,17:00,2097,18,6,8,9,10,11,13,14,15,18,20
2013-05-24,18:00,2098,16,3,4,7,9,10,11,16,17,18,19
2013-05-24,19:00,2099,8,1,2,6,8,9,13,14,15,18,20
2013-05-24,20:00,2100,12,2,4,6,8,9,10,11,16,17,19
2013-05-24,21:00,2101,14,2,4,8,11,12,14,15,17,18,19
2013-05-24,22:00,2102,12,4,7,8,10,14,15,16,17,18,20
2013-05-24,23:00,2103,16,2,3,4,5,8,9,10,11,14,20
2013-05-25,07:00,2104,14,5,6,7,9,10,12,13,17,19,20
2013-05-25,08:00,2105,1,1,3,4,5,9,10,15,16,17,20
2013-05-25,09:00,2106,5,3,4,6,8,10,11,12,14,16,18
2013-05-25,10:00,2107,11,6,7,9,10,11,12,13,16,17,19
2013-05-25,11:00,2108,14,2,4,5,7,12,13,17,18,19,20
2013-05-25,12:00,2109,18,1,4,6,7,9,10,15,16,18,20
2013-05-25,13:00,2110,11,1,3,4,9,10,13,15,16,17,19
2013-05-25,14:00,2111,16,1,6,8,9,11,13,14,17,18,19
2013-05-25,15:00,2112,17,1,3,7,9,10,12,15,17,18,20
2013-05-25,16:00,2113,20,4,7,8,9,10,15,16,17,18,19
2013-05-25,17:00,2114,4,3,7,9,10,12,13,14,15,16,20
2013-05-25,18:00,2115,19,1,3,4,9,10,13,14,16,17,18
2013-05-25,19:00,2116,15,2,4,9,10,11,13,14,18,19,20
2013-05-25,20:00,2117,17,1,2,3,5,6,7,12,13,15,17
2013-05-25,21:00,2118,7,2,3,8,9,10,12,15,18,19,20
2013-05-25,22:00,2119,7,1,3,4,9,10,12,13,17,18,19
2013-05-25,23:00,2120,16,1,5,8,9,11,12,15,18,19,20
2013-05-26,07:00,2121,10,3,5,6,8,10,12,13,15,16,18
2013-05-26,08:00,2122,8,1,5,6,7,11,12,15,17,19,20
2013-05-26,09:00,2123,7,1,2,7,8,11,13,14,15,18,20
2013-05-26,10:00,2124,20,1,2,4,6,7,8,9,13,14,17
2013-05-26,11:00,2125,5,1,5,6,9,10,11,12,14,17,20
2013-05-26,12:00,2126,8,1,4,5,6,8,9,13,16,17,20
2013-05-26,13:00,2127,3,1,3,7,8,9,10,14,16,19,20
2013-05-26,14:00,2128,14,1,4,5,7,8,9,15,16,17,20
2013-05-26,15:00,2129,2,3,7,10,11,12,16,17,18,19,20
2013-05-26,16:00,2130,16,2,5,6,8,9,10,12,16,17,19
2013-05-26,17:00,2131,1,2,5,6,7,8,9,10,11,14,15
2013-05-26,18:00,2132,5,1,3,6,7,10,11,12,16,17,20
2013-05-26,19:00,2133,12,2,3,5,6,8,9,12,15,17,19
2013-05-26,20:00,2134,18,6,7,8,9,10,12,13,15,18,20
2013-05-26,21:00,2135,1,2,3,6,9,10,11,12,13,16,19
2013-05-26,22:00,2136,18,2,4,5,6,12,13,14,16,17,20
2013-05-26,23:00,2137,15,1,3,6,7,8,12,15,17,18,20
2013-05-27,07:00,2138,8,1,4,5,7,10,11,14,16,18,19
2013-05-27,08:00,2139,11,2,3,4,6,7,9,14,15,16,19
2013-05-27,09:00,2140,1,1,3,4,8,10,11,13,14,15,16
2013-05-27,10:00,2141,17,1,2,3,4,6,11,12,13,18,19
2013-05-27,11:00,2142,10,1,2,4,8,11,12,14,15,18,19
2013-05-27,12:00,2143,20,1,4,5,6,7,8,9,11,12,14
2013-05-27,13:00,2144,11,2,3,5,7,9,11,13,14,16,18
2013-05-27,14:00,2145,1,5,6,7,10,11,13,14,15,17,18
2013-05-27,15:00,2146,3,1,2,3,4,6,7,9,12,13,19
2013-05-27,16:00,2147,4,2,4,5,6,8,9,13,14,16,18
2013-05-27,17:00,2148,1,1,3,5,6,8,9,10,16,19,20
2013-05-27,18:00,2149,2,1,4,5,6,7,8,12,14,15,17
2013-05-27,19:00,2150,12,2,3,4,8,9,10,12,14,15,16
2013-05-27,20:00,2151,10,1,2,4,5,7,9,11,12,13,20
2013-05-27,21:00,2152,17,4,6,10,12,13,15,16,17,19,20
2013-05-27,22:00,2153,1,1,2,3,6,8,9,10,13,14,16
2013-05-27,23:00,2154,20,1,3,6,7,10,13,17,18,19,20
2013-05-28,07:00,2155,16,2,3,7,9,12,15,16,18,19,20
2013-05-28,08:00,2156,3,3,4,7,9,11,14,15,16,17,18
2013-05-28,09:00,2157,7,1,5,8,9,11,12,14,16,17,18
2013-05-28,10:00,2158,4,1,5,6,7,9,11,12,13,16,20
2013-05-28,11:00,2159,5,1,4,5,6,9,10,12,13,16,18
2013-05-28,12:00,2160,14,1,2,3,4,9,11,13,16,18,20
2013-05-28,13:00,2161,7,3,4,7,8,9,13,14,15,18,19
2013-05-28,14:00,2162,10,1,2,7,9,10,14,15,16,17,18
2013-05-28,15:00,2163,11,3,4,5,7,8,9,11,14,15,20
2013-05-28,16:00,2164,6,2,4,5,7,8,10,14,15,17,19
2013-05-28,17:00,2165,10,1,2,3,8,10,12,13,14,17,20
2013-05-28,18:00,2166,10,1,4,7,8,10,11,12,13,15,18
2013-05-28,19:00,2167,6,2,5,7,8,9,10,11,16,17,19
2013-05-28,20:00,2168,17,1,2,5,6,9,12,13,15,16,20
2013-05-28,21:00,2169,3,2,3,5,9,11,12,15,16,17,19
2013-05-28,22:00,2170,6,1,3,4,5,8,10,13,14,16,18
2013-05-28,23:00,2171,18,2,4,5,6,11,12,14,17,18,20
2013-05-29,07:00,2172,17,1,3,5,6,8,9,14,16,17,19
2013-05-29,08:00,2173,8,1,2,5,8,11,13,14,16,17,20
2013-05-29,09:00,2174,17,4,5,7,9,10,11,12,15,16,17
2013-05-29,10:00,2175,12,1,2,3,5,8,9,14,15,18,19
2013-05-29,11:00,2176,5,2,3,7,10,12,14,15,17,18,19
2013-05-29,12:00,2177,13,1,2,5,8,10,12,13,14,15,17
2013-05-29,13:00,2178,1,3,4,6,8,10,13,15,16,19,20
2013-05-29,14:00,2179,3,5,6,8,11,12,15,16,17,19,20
2013-05-29,15:00,2180,3,3,4,11,12,13,14,15,17,19,20
2013-05-29,16:00,2181,9,1,2,4,5,7,8,12,15,17,18
2013-05-29,17:00,2182,4,1,2,6,7,8,14,15,17,18,20
2013-05-29,18:00,2183,14,1,2,3,6,7,12,13,17,19,20
2013-05-29,19:00,2184,7,1,3,5,8,9,11,12,13,14,20
2013-05-29,20:00,2185,16,4,6,7,8,9,10,11,13,17,19
2013-05-29,21:00,2186,16,4,5,8,11,14,15,16,17,18,19
2013-05-29,22:00,2187,6,3,5,6,8,9,11,12,13,14,19
2013-05-29,23:00,2188,7,3,6,8,11,12,13,17,18,19,20
2013-05-30,07:00,2189,14,1,2,4,7,9,11,12,13,18,19
2013-05-30,08:00,2190,8,1,2,3,7,8,9,10,13,15,18
2013-05-30,09:00,2191,13,1,3,4,5,9,13,15,16,18,19
2013-05-30,10:00,2192,12,5,6,7,8,10,13,14,15,18,19
2013-05-30,11:00,2193,16,2,6,7,8,12,13,14,16,17,20
2013-05-30,12:00,2194,2,1,3,4,6,7,8,9,12,17,20
2013-05-30,13:00,2195,4,3,4,5,6,7,11,12,14,15,20
2013-05-30,14:00,2196,16,3,5,6,8,9,12,13,14,15,16
2013-05-30,15:00,2197,6,1,2,4,6,10,12,15,17,19,20
2013-05-30,16:00,2198,12,1,2,3,4,5,7,12,13,14,20
2013-05-30,17:00,2199,19,1,2,4,6,7,10,11,12,19,20
2013-05-30,18:00,2200,1,1,2,7,9,10,11,13,15,17,20
2013-05-30,19:00,2201,19,5,6,8,13,14,15,16,17,18,20
2013-05-30,20:00,2202,20,3,6,8,10,11,14,15,16,18,19
2013-05-30,21:00,2203,16,2,3,4,5,8,13,14,15,18,20
2013-05-30,22:00,2204,20,1,2,6,7,10,12,13,16,19,20
2013-05-30,23:00,2205,1,1,2,3,9,10,11,14,16,17,18
2013-05-31,07:00,2206,7,1,3,4,5,6,10,16,17,18,20
2013-05-31,08:00,2207,16,4,5,6,8,9,11,12,13,14,19
2013-05-31,09:00,2208,18,2,4,5,6,7,9,13,15,16,20
2013-05-31,10:00,2209,10,2,7,8,10,12,13,14,16,17,18
2013-05-31,11:00,2210,16,3,4,5,6,9,12,13,15,16,17
2013-05-31,12:00,2211,20,1,3,4,5,6,7,8,9,16,19
2013-05-31,13:00,2212,11,1,3,4,5,6,9,10,12,17,18
2013-05-31,14:00,2213,13,2,3,4,7,10,11,15,17,19,20
2013-05-31,15:00,2214,17,5,7,9,10,12,14,16,18,19,20
2013-05-31,16:00,2215,6,2,3,6,9,10,12,15,17,18,19
2013-05-31,17:00,2216,9,3,5,7,9,11,12,16,17,18,19
2013-05-31,18:00,2217,14,2,3,7,8,9,12,14,15,17,18
2013-05-31,19:00,2218,7,1,3,6,7,8,10,11,18,19,20
2013-05-31,20:00,2219,8,1,4,7,9,11,13,14,15,16,20
2013-05-31,21:00,2220,17,4,7,8,9,11,12,13,14,15,18
2013-05-31,22:00,2221,5,1,4,5,9,11,12,14,17,19,20
2013-05-31,23:00,2222,11,3,7,8,11,12,16,17,18,19,20
2013-06-01,07:00,2223,9,3,4,5,6,7,13,14,15,16,18
2013-06-01,08:00,2224,7,3,5,9,10,11,12,13,15,17,18
2013-06-01,09:00,2225,16,2,4,5,7,8,9,12,13,18,20
2013-06-01,10:00,2226,14,1,4,6,7,9,12,14,16,17,20
2013-06-01,11:00,2227,11,1,4,6,8,9,12,15,17,19,20
2013-06-01,12:00,2228,10,2,4,7,8,9,10,12,15,18,20
2013-06-01,13:00,2229,9,1,2,3,4,5,6,8,14,19,20
2013-06-01,14:00,2230,9,2,3,4,5,10,11,16,18,19,20
2013-06-01,15:00,2231,19,2,4,6,9,10,12,13,14,15,18
2013-06-01,16:00,2232,9,1,3,5,7,8,9,13,14,15,19
2013-06-01,17:00,2233,16,4,5,6,7,10,12,15,17,19,20
2013-06-01,18:00,2234,6,1,6,7,9,14,16,17,18,19,20
2013-06-01,19:00,2235,6,1,2,5,6,8,9,10,14,16,19
2013-06-01,20:00,2236,13,1,2,5,9,11,12,15,16,17,18
2013-06-01,21:00,2237,20,1,4,5,8,9,11,12,13,18,19
2013-06-01,22:00,2238,17,2,3,4,7,8,11,16,17,19,20
2013-06-01,23:00,2239,12,3,4,6,7,8,9,12,14,15,17
2013-06-02,07:00,2240,9,2,3,4,5,6,10,11,12,14,15
2013-06-02,08:00,2241,15,1,3,7,8,9,10,15,16,18,20
2013-06-02,09:00,2242,12,1,2,6,7,9,10,13,17,18,19
2013-06-02,10:00,2243,16,1,3,4,5,8,9,12,13,17,18
2013-06-02,11:00,2244,12,1,2,4,7,9,11,13,14,16,17
2013-06-02,12:00,2245,14,3,4,6,8,9,11,13,14,18,20
2013-06-02,13:00,2246,12,1,5,6,7,8,9,10,13,17,18
2013-06-02,14:00,2247,19,3,6,7,8,10,12,14,18,19,20
2013-06-02,15:00,2248,16,1,6,7,8,9,10,11,16,17,18
2013-06-02,16:00,2249,14,2,3,5,7,8,10,11,12,16,17
2013-06-02,17:00,2250,1,3,4,7,8,9,10,11,13,16,19
2013-06-02,18:00,2251,19,1,3,4,5,7,9,10,14,15,20
2013-06-02,19:00,2252,18,1,5,6,12,13,14,16,18,19,20
2013-06-02,20:00,2253,20,4,5,6,9,12,13,14,17,18,19
2013-06-02,21:00,2254,1,5,6,7,8,10,11,13,14,16,19
2013-06-02,22:00,2255,4,1,2,4,5,6,9,14,16,19,20
2013-06-02,23:00,2256,17,1,2,3,5,6,9,10,16,18,19
2013-06-03,07:00,2257,17,2,3,7,8,10,12,13,15,16,17
2013-06-03,08:00,2258,10,1,2,3,6,7,8,12,18,19,20
2013-06-03,09:00,2259,8,2,3,5,6,7,12,14,17,18,20
2013-06-03,10:00,2260,13,1,3,4,5,9,11,16,17,18,20
2013-06-03,11:00,2261,14,1,4,6,7,10,13,14,15,19,20
2013-06-03,12:00,2262,16,2,3,5,7,10,13,14,16,18,19
2013-06-03,13:00,2263,17,6,7,8,9,11,13,14,15,17,19
2013-06-03,14:00,2264,16,2,4,7,11,12,13,14,17,18,19
2013-06-03,15:00,2265,12,1,3,5,6,7,10,11,12,18,20
2013-06-03,16:00,2266,1,3,4,6,7,10,11,13,15,18,19
2013-06-03,17:00,2267,10,2,7,8,9,10,12,13,16,17,18
2013-06-03,18:00,2268,19,1,2,6,10,11,12,15,17,18,19
2013-06-03,19:00,2269,1,1,5,7,9,10,11,12,15,18,19
2013-06-03,20:00,2270,1,1,7,9,10,13,14,15,16,17,19
2013-06-03,21:00,2271,4,1,5,8,12,13,14,15,17,18,20
2013-06-03,22:00,2272,2,1,2,3,5,9,13,15,16,17,20
2013-06-03,23:00,2273,1,4,5,6,9,10,12,14,15,17,19
2013-06-04,07:00,2274,14,1,3,5,6,7,8,9,17,19,20
2013-06-04,08:00,2275,8,1,2,5,7,8,10,11,12,14,19
2013-06-04,09:00,2276,17,1,2,6,7,8,11,12,16,19,20
2013-06-04,10:00,2277,4,1,2,3,4,5,6,8,11,12,20
2013-06-04,11:00,2278,13,1,2,3,6,8,10,11,12,16,19
2013-06-04,12:00,2279,5,1,6,7,9,13,14,15,17,18,19
2013-06-04,13:00,2280,3,5,6,7,8,10,11,13,14,18,19
2013-06-04,14:00,2281,18,1,2,4,5,6,9,10,13,15,19
2013-06-04,15:00,2282,6,2,4,5,6,8,11,15,16,18,20
2013-06-04,16:00,2283,7,2,3,5,7,11,12,13,14,17,19
2013-06-04,17:00,2284,1,5,6,7,8,9,14,15,16,18,19
2013-06-04,18:00,2285,9,1,4,7,10,12,15,17,18,19,20
2013-06-04,19:00,2286,3,3,4,6,10,11,12,13,14,17,19
2013-06-04,20:00,2287,3,1,2,3,4,10,12,13,16,18,19
2013-06-04,21:00,2288,6,3,4,5,6,8,12,14,16,17,20
2013-06-04,22:00,2289,2,2,3,4,5,7,13,15,16,18,20
2013-06-04,23:00,2290,4,1,3,4,5,7,8,15,17,18,20
2013-06-05,07:00,2291,12,1,3,5,6,7,8,13,15,17,20
2013-06-05,08:00,2292,3,3,8,11,12,13,15,16,18,19,20
2013-06-05,09:00,2293,6,1,4,5,6,9,10,11,12,17,19
2013-06-05,10:00,2294,19,2,4,5,7,8,10,12,15,17,19
2013-06-05,11:00,2295,18,5,7,9,12,15,16,17,18,19,20
2013-06-05,12:00,2296,17,3,4,6,9,10,13,14,17,18,19
2013-06-05,13:00,2297,19,2,3,4,6,7,8,12,14,15,17
2013-06-05,14:00,2298,14,3,4,5,7,10,11,16,17,18,20
2013-06-05,15:00,2299,19,3,5,7,9,10,13,14,15,17,19
2013-06-05,16:00,2300,11,2,3,4,6,8,9,11,13,17,20
2013-06-05,17:00,2301,13,1,3,4,5,7,11,12,13,19,20
2013-06-05,18:00,2302,4,1,4,5,6,7,11,14,15,16,17
2013-06-05,19:00,2303,1,1,3,5,7,8,9,10,12,15,16
2013-06-05,20:00,2304,14,4,6,7,8,9,11,16,17,18,19
2013-06-05,21:00,2305,6,1,2,4,5,6,9,11,13,17,19
2013-06-05,22:00,2306,19,3,5,6,8,9,11,12,13,15,18
2013-06-05,23:00,2307,20,2,4,7,10,12,14,15,16,19,20
2013-06-06,07:00,2308,8,1,3,4,6,9,11,15,18,19,20
2013-06-06,08:00,2309,4,2,3,5,7,8,11,14,15,16,17
2013-06-06,09:00,2310,13,2,3,8,11,12,13,14,16,18,19
2013-06-06,10:00,2311,13,2,4,6,8,10,14,17,18,19,20
2013-06-06,11:00,2312,5,1,3,6,8,12,13,14,16,19,20
2013-06-06,12:00,2313,3,1,2,5,10,12,13,15,18,19,20
2013-06-06,13:00,2314,12,1,2,8,10,11,13,14,15,17,20
2013-06-06,14:00,2315,10,2,6,7,10,11,12,13,14,17,19
2013-06-06,15:00,2316,17,3,6,8,9,10,13,14,15,16,20
2013-06-06,16:00,2317,12,1,3,6,8,10,11,15,16,19,20
2013-06-06,17:00,2318,6,3,5,8,10,11,12,15,16,17,20
2013-06-06,18:00,2319,11,1,3,4,6,7,8,11,15,18,19
2013-06-06,19:00,2320,15,1,3,6,7,10,11,12,13,15,16
2013-06-06,20:00,2321,18,2,4,5,6,9,10,11,16,19,20
2013-06-06,21:00,2322,6,2,3,6,7,9,10,13,16,17,18
2013-06-06,22:00,2323,7,1,4,7,12,14,15,16,17,18,20
2013-06-06,23:00,2324,15,1,2,3,5,9,10,11,12,17,18
2013-06-07,07:00,2325,4,1,3,5,8,10,13,15,17,18,19
2013-06-07,08:00,2326,10,1,5,6,7,10,11,13,14,15,20
2013-06-07,09:00,2327,1,2,3,4,6,8,9,13,16,17,20
2013-06-07,10:00,2328,17,1,3,5,6,10,11,15,18,19,20
2013-06-07,11:00,2329,17,3,4,5,6,7,8,13,15,16,17
2013-06-07,12:00,2330,2,3,4,5,6,7,11,12,13,15,20
2013-06-07,13:00,2331,6,5,6,7,10,14,15,16,17,18,20
2013-06-07,14:00,2332,15,1,2,3,4,7,9,11,14,17,18
2013-06-07,15:00,2333,1,1,2,4,5,9,10,13,15,16,20
2013-06-07,16:00,2334,5,1,2,3,5,10,11,13,15,16,20
2013-06-07,17:00,2335,3,2,3,4,5,6,10,13,16,17,18
2013-06-07,18:00,2336,6,1,2,3,6,8,9,12,13,15,19
2013-06-07,19:00,2337,9,1,2,6,8,9,10,12,13,15,20
2013-06-07,20:00,2338,13,2,5,7,9,10,14,15,16,17,20
2013-06-07,21:00,2339,2,1,3,4,6,7,9,11,14,16,18
2013-06-07,22:00,2340,18,1,2,3,4,8,9,13,16,17,19
2013-06-07,23:00,2341,5,2,3,4,8,9,10,12,13,17,18
2013-06-08,07:00,2342,18,1,3,4,5,11,14,15,16,19,20
2013-06-08,08:00,2343,2,2,4,8,9,10,13,14,15,16,19
2013-06-08,09:00,2344,19,1,4,9,13,14,15,17,18,19,20
2013-06-08,10:00,2345,6,1,2,3,4,7,8,10,11,16,18
2013-06-08,11:00,2346,9,1,3,4,5,6,8,12,14,15,19
2013-06-08,12:00,2347,15,2,6,7,10,11,12,14,15,16,18
2013-06-08,13:00,2348,3,4,5,6,8,11,13,15,17,19,20
2013-06-08,14:00,2349,15,2,5,6,7,8,9,12,16,18,19
2013-06-08,15:00,2350,18,1,3,6,8,9,10,13,15,16,18
2013-06-08,16:00,2351,10,1,3,4,5,7,8,14,15,16,19
2013-06-08,17:00,2352,11,1,4,5,8,12,13,15,17,18,19
2013-06-08,18:00,2353,20,2,3,5,6,7,8,9,10,12,20
2013-06-08,19:00,2354,13,1,3,4,6,7,8,9,10,12,13
2013-06-08,20:00,2355,15,2,3,4,7,10,12,13,15,18,20
2013-06-08,21:00,2356,13,1,2,3,9,10,13,14,15,16,18
2013-06-08,22:00,2357,18,4,5,7,8,11,12,13,14,17,20
2013-06-08,23:00,2358,20,2,3,4,8,9,10,13,15,17,19
2013-06-09,07:00,2359,18,1,4,5,7,12,13,14,15,17,18
2013-06-09,08:00,2360,9,1,4,5,6,13,14,16,17,18,20
2013-06-09,09:00,2361,19,1,3,4,5,7,9,11,14,15,16
2013-06-09,10:00,2362,11,3,4,5,8,11,12,14,16,18,19
2013-06-09,11:00,2363,9,2,3,6,8,9,10,12,14,15,16
2013-06-09,12:00,2364,12,4,5,10,12,13,14,16,18,19,20
2013-06-09,13:00,2365,15,1,3,5,6,7,8,13,16,17,18
2013-06-09,14:00,2366,10,3,4,6,7,9,10,12,15,16,18
2013-06-09,15:00,2367,16,2,3,4,7,10,11,12,14,17,19
2013-06-09,16:00,2368,10,3,4,5,6,9,11,14,16,17,18
2013-06-09,17:00,2369,13,2,3,7,10,11,12,16,17,18,20
2013-06-09,18:00,2370,14,5,6,9,10,11,12,14,17,18,20
2013-06-09,19:00,2371,5,3,4,5,6,7,9,11,12,14,15
2013-06-09,20:00,2372,16,1,3,5,7,11,12,13,15,16,18
2013-06-09,21:00,2373,16,1,3,5,9,11,12,13,14,16,18
2013-06-09,22:00,2374,3,1,3,4,8,12,13,15,16,17,18
2013-06-09,23:00,2375,19,4,5,7,8,11,13,15,16,18,19
2013-06-10,07:00,2376,13,2,6,8,9,11,12,13,15,18,20
2013-06-10,08:00,2377,4,1,2,11,12,13,14,15,16,17,18
2013-06-10,09:00,2378,6,1,2,4,5,6,7,8,12,16,18
2013-06-10,10:00,2379,19,1,4,5,8,11,13,14,17,18,19
2013-06-10,11:00,2380,20,2,3,4,7,12,13,14,16,17,20
2013-06-10,12:00,2381,19,1,3,4,6,7,9,15,17,19,20
2013-06-10,13:00,2382,14,2,4,5,6,9,11,12,15,16,19
2013-06-10,14:00,2383,17,1,2,3,4,6,10,11,13,14,18
2013-06-10,15:00,2384,11,2,4,5,7,9,12,14,17,19,20
2013-06-10,16:00,2385,15,1,3,4,5,11,12,13,14,18,19
2013-06-10,17:00,2386,18,2,6,7,8,10,11,14,15,18,20
2013-06-10,18:00,2387,16,1,2,4,7,8,10,12,14,16,17
2013-06-10,19:00,2388,8,1,2,6,7,9,11,12,18,19,20
2013-06-10,20:00,2389,18,1,3,4,5,6,7,8,11,13,17
2013-06-10,21:00,2390,15,7,8,9,10,11,13,15,17,19,20
2013-06-10,22:00,2391,18,1,2,5,6,8,10,14,18,19,20
2013-06-10,23:00,2392,1,2,3,7,8,9,10,11,12,15,17
2013-06-11,07:00,2393,12,2,4,6,7,9,11,12,13,16,20
2013-06-11,08:00,2394,17,2,4,5,7,9,11,16,17,19,20
2013-06-11,09:00,2395,5,2,4,6,7,9,13,14,15,16,20
2013-06-11,10:00,2396,17,1,3,4,9,13,15,16,17,18,20
2013-06-11,11:00,2397,18,2,3,5,6,7,13,15,17,18,19
2013-06-11,12:00,2398,12,1,4,8,9,10,11,13,14,15,16
2013-06-11,13:00,2399,5,1,5,6,8,9,11,12,16,17,18
2013-06-11,14:00,2400,6,1,5,6,9,10,11,12,13,14,18
2013-06-11,15:00,2401,2,2,4,6,9,10,12,17,18,19,20
2013-06-11,16:00,2402,20,1,3,4,8,10,11,15,18,19,20
2013-06-11,17:00,2403,3,1,6,8,9,10,13,14,15,16,17
2013-06-11,18:00,2404,15,2,6,7,8,9,10,11,12,18,20
2013-06-11,19:00,2405,1,3,5,6,7,9,10,11,12,15,16
2013-06-11,20:00,2406,2,1,2,5,6,7,8,9,15,16,18
2013-06-11,21:00,2407,20,1,2,3,4,7,10,14,16,18,20
2013-06-11,22:00,2408,5,2,3,5,6,8,9,14,16,17,18
2013-06-11,23:00,2409,5,2,4,6,7,10,11,12,15,17,18
2013-06-12,07:00,2410,10,1,3,4,6,8,9,10,14,15,17
2013-06-12,08:00,2411,6,1,3,5,8,10,13,14,15,19,20
2013-06-12,09:00,2412,19,1,5,6,8,12,13,14,17,18,19
2013-06-12,10:00,2413,16,1,2,3,4,8,9,10,12,14,19
2013-06-12,11:00,2414,4,1,4,5,6,7,9,10,12,19,20
2013-06-12,12:00,2415,10,4,7,8,10,11,13,15,16,17,18
2013-06-12,13:00,2416,1,2,5,6,8,10,12,15,17,18,20
2013-06-12,14:00,2417,11,1,2,5,6,8,11,12,13,16,17
2013-06-12,15:00,2418,9,1,2,3,7,8,9,11,12,15,18
2013-06-12,16:00,2419,12,4,6,7,8,11,12,13,17,19,20
2013-06-12,17:00,2420,11,2,3,5,6,8,10,11,15,18,20
2013-06-12,18:00,2421,12,1,2,7,8,9,11,13,17,19,20
2013-06-12,19:00,2422,4,2,3,4,7,8,9,13,15,16,20
2013-06-12,20:00,2423,13,1,2,5,6,8,11,12,14,16,20
2013-06-12,21:00,2424,2,1,2,3,5,8,12,14,15,16,19
2013-06-12,22:00,2425,15,1,4,6,10,12,13,14,15,19,20
2013-06-12,23:00,2426,4,1,4,6,8,10,11,12,13,17,19
2013-06-13,07:00,2427,19,1,2,3,6,8,11,12,13,14,20
2013-06-13,08:00,2428,4,1,3,5,8,9,11,13,14,17,20
2013-06-13,09:00,2429,4,1,2,3,4,7,12,14,17,18,20
2013-06-13,10:00,2430,18,2,5,6,8,10,13,14,15,17,18
2013-06-13,11:00,2431,10,2,7,8,10,13,15,16,17,19,20
2013-06-13,12:00,2432,3,3,5,6,7,10,13,14,15,16,18
2013-06-13,13:00,2433,2,2,8,9,11,13,14,15,16,17,19
2013-06-13,14:00,2434,18,1,2,3,12,13,14,15,16,19,20
2013-06-13,15:00,2435,6,1,3,6,7,8,9,13,14,16,17
2013-06-13,16:00,2436,10,1,2,5,6,7,10,11,13,14,16
2013-06-13,17:00,2437,15,1,2,3,7,8,9,12,13,17,19
2013-06-13,18:00,2438,6,3,5,6,7,8,9,13,14,17,19
2013-06-13,19:00,2439,8,1,6,7,8,9,13,14,16,17,20
2013-06-13,20:00,2440,8,5,6,7,8,10,11,15,16,18,19
2013-06-13,21:00,2441,1,1,4,6,9,12,13,16,17,18,20
2013-06-13,22:00,2442,20,1,3,5,6,11,12,13,16,19,20
2013-06-13,23:00,2443,2,3,4,5,11,12,14,15,17,18,19
2013-06-14,07:00,2444,13,2,3,6,7,9,11,14,15,18,20
2013-06-14,08:00,2445,6,1,2,3,9,10,14,15,16,18,19
2013-06-14,09:00,2446,1,3,4,7,10,11,12,13,15,16,20
2013-06-14,10:00,2447,7,3,10,11,12,13,15,16,17,18,19
2013-06-14,11:00,2448,16,5,6,7,8,11,12,15,17,19,20
2013-06-14,12:00,2449,4,2,4,5,6,8,9,11,14,15,19
2013-06-14,13:00,2450,7,2,3,5,6,8,10,12,13,14,20
2013-06-14,14:00,2451,9,6,7,8,9,13,15,16,18,19,20
2013-06-14,15:00,2452,12,2,3,4,6,7,9,12,14,17,19
2013-06-14,16:00,2453,17,1,3,7,9,10,12,14,16,19,20
2013-06-14,17:00,2454,3,1,3,5,6,8,11,12,16,18,19
2013-06-14,18:00,2455,9,1,4,5,6,8,9,10,12,17,20
2013-06-14,19:00,2456,3,2,4,6,8,10,12,15,17,18,20
2013-06-14,20:00,2457,5,2,3,4,7,9,10,12,13,14,19
2013-06-14,21:00,2458,2,2,7,10,11,12,13,15,16,17,20
2013-06-14,22:00,2459,12,2,5,9,10,11,12,13,14,15,18
2013-06-14,23:00,2460,13,1,3,5,6,8,14,15,17,18,20
2013-06-15,07:00,2461,18,4,8,10,11,12,13,15,18,19,20
2013-06-15,08:00,2462,9,1,3,5,7,8,9,10,13,17,19
2013-06-15,09:00,2463,17,1,2,6,8,10,12,15,17,18,19
2013-06-15,10:00,2464,3,1,3,4,5,7,9,10,16,17,19
2013-06-15,11:00,2465,15,3,7,8,9,10,12,14,18,19,20
2013-06-15,12:00,2466,2,1,3,5,7,10,12,13,14,17,20
2013-06-15,13:00,2467,12,1,2,4,9,11,14,16,18,19,20
2013-06-15,14:00,2468,11,1,3,6,8,9,12,13,18,19,20
2013-06-15,15:00,2469,12,2,3,4,6,7,8,12,15,16,17
2013-06-15,16:00,2470,16,2,3,4,7,8,10,12,16,18,20
2013-06-15,17:00,2471,9,3,7,10,12,14,15,16,17,18,19
2013-06-15,18:00,2472,9,3,7,8,9,11,12,13,17,18,20
2013-06-15,19:00,2473,19,1,2,4,5,7,10,11,16,18,20
2013-06-15,20:00,2474,19,3,5,6,7,8,13,14,15,16,18
2013-06-15,21:00,2475,15,2,3,5,7,14,15,16,17,18,20
2013-06-15,22:00,2476,11,1,4,8,11,12,13,14,15,17,20
2013-06-15,23:00,2477,14,1,2,5,7,13,14,15,16,17,20
2013-06-16,07:00,2478,8,3,5,7,8,9,11,14,17,18,19
2013-06-16,08:00,2479,20,4,9,10,12,13,14,15,16,17,18
2013-06-16,09:00,2480,10,1,2,4,8,9,12,15,17,19,20
2013-06-16,10:00,2481,7,1,2,3,4,5,8,10,11,13,18
2013-06-16,11:00,2482,19,1,4,6,7,8,9,10,13,14,16
2013-06-16,12:00,2483,3,2,5,6,9,11,12,13,16,17,18
2013-06-16,13:00,2484,19,2,3,4,5,7,8,9,15,16,19
2013-06-16,14:00,2485,9,2,4,7,8,10,12,15,16,18,20
2013-06-16,15:00,2486,11,2,4,8,13,15,16,17,18,19,20
2013-06-16,16:00,2487,12,1,3,4,7,9,10,16,17,18,19
2013-06-16,17:00,2488,10,1,2,4,5,11,13,14,17,18,19
2013-06-16,18:00,2489,2,3,5,7,8,9,11,16,17,19,20
2013-06-16,19:00,2490,9,2,4,8,10,11,16,17,18,19,20
2013-06-16,20:00,2491,17,1,2,4,5,8,10,12,14,17,20
2013-06-16,21:00,2492,5,3,4,5,6,9,10,12,17,18,20
2013-06-16,22:00,2493,11,1,2,5,7,10,13,14,16,17,20
2013-06-16,23:00,2494,6,4,6,8,9,10,13,15,16,17,20
2013-06-17,07:00,2495,20,1,6,8,9,10,11,14,16,19,20
2013-06-17,08:00,2496,8,5,6,7,10,12,13,14,17,19,20
2013-06-17,09:00,2497,16,1,2,6,7,10,12,13,17,18,20
2013-06-17,10:00,2498,1,3,4,5,6,12,14,15,16,19,20
2013-06-17,11:00,2499,15,1,5,13,14,15,16,17,18,19,20
2013-06-17,12:00,2500,8,2,3,4,5,8,9,13,16,17,18
2013-06-17,13:00,2501,18,3,5,6,7,10,11,16,17,18,19
2013-06-17,14:00,2502,8,1,2,6,8,9,11,12,13,14,16
2013-06-17,15:00,2503,5,1,2,4,5,7,9,10,12,14,18
2013-06-17,16:00,2504,2,1,2,4,6,7,9,11,12,17,18
2013-06-17,17:00,2505,5,1,3,6,7,9,11,12,13,15,19
2013-06-17,18:00,2506,9,3,5,6,8,12,15,16,17,18,19
2013-06-17,19:00,2507,13,1,3,5,7,8,11,13,15,16,19
2013-06-17,20:00,2508,8,1,2,4,5,9,12,16,17,18,19
2013-06-17,21:00,2509,1,3,4,7,9,11,13,16,18,19,20
2013-06-17,22:00,2510,17,2,5,9,10,11,13,14,16,18,20
2013-06-17,23:00,2511,10,5,9,10,11,12,13,14,17,18,20
2013-06-18,07:00,2512,13,3,6,9,10,11,12,14,15,19,20
2013-06-18,08:00,2513,18,4,5,6,7,9,11,12,15,17,20
2013-06-18,09:00,2514,18,1,2,6,10,11,13,14,17,19,20
2013-06-18,10:00,2515,14,5,6,7,8,12,13,14,15,16,20
2013-06-18,11:00,2516,10,2,3,4,5,8,10,14,15,17,19
2013-06-18,12:00,2517,4,1,4,8,10,11,14,17,18,19,20
2013-06-18,13:00,2518,18,4,5,6,8,11,14,15,17,18,20
2013-06-18,14:00,2519,15,2,4,6,8,9,10,11,13,14,16
2013-06-18,15:00,2520,15,1,2,3,7,8,10,11,12,13,20
2013-06-18,16:00,2521,16,1,5,6,8,12,13,14,16,18,20
2013-06-18,17:00,2522,3,1,3,4,7,8,9,11,16,18,20
2013-06-18,18:00,2523,15,4,8,12,13,15,16,17,18,19,20
2013-06-18,19:00,2524,7,1,2,3,5,6,8,12,13,16,17
2013-06-18,20:00,2525,11,1,2,3,6,8,11,13,16,17,20
2013-06-18,21:00,2526,5,1,2,3,4,6,7,8,12,17,18
2013-06-18,22:00,2527,8,1,2,6,7,10,11,15,16,18,20
2013-06-18,23:00,2528,1,3,4,6,7,10,11,14,15,17,18
2013-06-19,07:00,2529,10,4,6,7,11,12,13,14,16,17,19
2013-06-19,08:00,2530,19,1,3,4,6,7,9,11,13,18,19
2013-06-19,09:00,2531,5,1,2,3,5,8,13,15,16,18,20
2013-06-19,10:00,2532,1,3,5,6,7,9,10,14,15,19,20
2013-06-19,11:00,2533,16,2,4,5,7,9,13,14,15,18,19
2013-06-19,12:00,2534,13,3,4,6,7,9,12,14,18,19,20
2013-06-19,13:00,2535,18,1,2,4,5,10,13,15,17,18,19
2013-06-19,14:00,2536,17,1,3,6,7,8,9,11,13,14,18
2013-06-19,15:00,2537,1,1,2,3,4,7,8,10,15,16,20
2013-06-19,16:00,2538,14,1,5,6,7,8,9,10,12,13,18
2013-06-19,17:00,2539,6,2,4,5,6,10,14,16,17,18,20
2013-06-19,18:00,2540,11,5,6,8,11,12,14,15,17,18,19
2013-06-19,19:00,2541,2,1,2,5,7,8,9,15,17,18,19
2013-06-19,20:00,2542,14,2,3,5,6,7,9,12,17,19,20
2013-06-19,21:00,2543,5,1,6,7,8,12,13,14,15,18,19
2013-06-19,22:00,2544,12,1,2,6,8,9,11,14,15,16,19
2013-06-19,23:00,2545,9,1,2,3,5,7,10,13,16,18,19
2013-06-20,07:00,2546,10,3,5,7,9,10,11,14,17,18,19
2013-06-20,08:00,2547,9,1,3,4,8,9,11,13,15,17,19
2013-06-20,09:00,2548,19,1,2,4,6,10,14,15,16,17,18
2013-06-20,10:00,2549,18,2,5,7,8,10,11,13,15,16,18
2013-06-20,11:00,2550,13,3,5,7,8,9,10,11,12,17,18
2013-06-20,12:00,2551,1,3,6,7,8,9,10,11,12,14,18
2013-06-20,13:00,2552,6,1,2,4,6,7,8,9,10,13,14
2013-06-20,14:00,2553,4,4,5,6,7,8,9,11,12,18,20
2013-06-20,15:00,2554,18,3,4,5,6,7,9,11,15,18,20
2013-06-20,16:00,2555,15,1,4,5,7,10,11,13,14,19,20
2013-06-20,17:00,2556,20,1,2,4,6,7,9,14,15,17,20
2013-06-20,18:00,2557,18,2,3,4,5,6,10,13,14,15,19
2013-06-20,19:00,2558,6,2,4,7,8,9,11,13,16,17,20
2013-06-20,20:00,2559,17,1,3,5,7,12,14,15,16,17,19
2013-06-20,21:00,2560,9,1,3,4,5,6,8,11,15,16,19
2013-06-20,22:00,2561,9,2,7,11,13,14,15,16,17,18,19
2013-06-20,23:00,2562,16,1,2,3,5,9,10,12,13,15,16
2013-06-21,07:00,2563,4,1,3,6,8,11,12,13,15,17,18
2013-06-21,08:00,2564,17,2,4,5,7,8,9,13,15,18,20
2013-06-21,09:00,2565,17,1,2,3,4,7,9,10,11,13,14
2013-06-21,10:00,2566,11,2,3,5,10,11,12,13,15,18,19
2013-06-21,11:00,2567,6,3,6,7,12,14,15,16,17,19,20
2013-06-21,12:00,2568,11,3,4,7,9,12,13,15,17,18,19
2013-06-21,13:00,2569,12,3,4,6,8,10,12,13,14,17,19
2013-06-21,14:00,2570,17,2,3,5,6,7,11,14,17,19,20
2013-06-21,15:00,2571,6,1,2,5,8,11,12,14,16,18,19
2013-06-21,16:00,2572,3,2,3,4,5,10,12,13,15,16,17
2013-06-21,17:00,2573,18,4,8,10,11,13,16,17,18,19,20
2013-06-21,18:00,2574,4,1,5,6,8,13,14,15,16,17,20
2013-06-21,19:00,2575,20,2,3,5,7,13,14,15,16,19,20
2013-06-21,20:00,2576,17,1,2,4,6,7,8,12,13,17,19
2013-06-21,21:00,2577,6,2,3,6,7,8,10,13,14,16,20
2013-06-21,22:00,2578,15,1,2,3,4,5,10,14,15,16,20
2013-06-21,23:00,2579,4,1,2,3,4,8,9,14,15,16,20
2013-06-22,07:00,2580,8,2,5,7,8,10,12,14,16,18,19
2013-06-22,08:00,2581,5,1,2,4,6,7,9,10,13,14,18
2013-06-22,09:00,2582,12,1,2,4,6,10,11,12,15,16,18
2013-06-22,10:00,2583,9,4,9,10,11,12,13,14,15,17,20
2013-06-22,11:00,2584,18,1,4,5,7,11,12,16,17,18,19
2013-06-22,12:00,2585,15,3,9,11,12,13,14,15,17,18,19
2013-06-22,13:00,2586,2,1,3,4,8,10,11,13,14,17,18
2013-06-22,14:00,2587,14,1,3,4,6,7,8,9,13,16,19
2013-06-22,15:00,2588,13,2,3,10,11,14,15,16,17,18,19
2013-06-22,16:00,2589,7,2,3,4,7,8,9,12,16,17,18
2013-06-22,17:00,2590,9,3,4,6,7,8,9,10,15,18,19
2013-06-22,18:00,2591,3,1,2,5,7,8,9,11,14,15,17
2013-06-22,19:00,2592,5,3,5,7,8,9,10,14,17,18,19
2013-06-22,20:00,2593,16,2,6,7,9,10,12,14,17,18,20
2013-06-22,21:00,2594,19,1,2,3,5,6,10,14,15,17,20
2013-06-22,22:00,2595,4,2,7,8,9,12,13,14,16,19,20
2013-06-22,23:00,2596,11,2,3,5,7,8,13,15,16,17,19
2013-06-23,07:00,2597,13,1,2,5,7,8,9,11,14,16,19
2013-06-23,08:00,2598,6,1,3,5,7,8,12,15,16,17,18
2013-06-23,09:00,2599,15,3,5,7,8,9,16,17,18,19,20
2013-06-23,10:00,2600,10,2,3,4,6,7,9,12,13,14,15
2013-06-23,11:00,2601,13,3,5,6,9,11,13,16,17,18,20
2013-06-23,12:00,2602,5,1,2,5,7,8,11,13,15,17,19
2013-06-23,13:00,2603,14,3,4,5,7,11,12,15,16,18,19
2013-06-23,14:00,2604,3,2,4,6,8,12,14,15,16,19,20
2013-06-23,15:00,2605,11,1,2,4,5,10,11,13,14,16,18
2013-06-23,16:00,2606,11,1,5,9,12,14,15,17,18,19,20
2013-06-23,17:00,2607,17,4,7,8,10,12,14,17,18,19,20
2013-06-23,18:00,2608,19,1,2,4,5,6,8,13,14,17,19
2013-06-23,19:00,2609,5,1,2,5,6,7,8,12,15,17,20
2013-06-23,20:00,2610,6,2,3,5,6,9,10,11,12,13,18
2013-06-23,21:00,2611,15,3,5,6,8,10,11,12,15,17,19
2013-06-23,22:00,2612,15,5,9,10,11,12,14,15,16,18,20
2013-06-23,23:00,2613,19,4,6,8,10,14,15,16,17,18,19
2013-06-24,07:00,2614,19,2,4,6,8,9,13,14,16,17,19
2013-06-24,08:00,2615,12,1,3,5,6,8,9,11,15,19,20
2013-06-24,09:00,2616,16,1,3,7,11,12,13,14,16,19,20
2013-06-24,10:00,2617,15,1,6,8,9,13,14,15,16,17,19
2013-06-24,11:00,2618,1,2,4,5,6,8,10,11,13,18,20
2013-06-24,12:00,2619,18,2,3,4,6,7,9,12,14,15,18
2013-06-24,13:00,2620,16,2,5,10,11,12,13,15,16,19,20
2013-06-24,14:00,2621,20,2,3,4,6,8,12,13,15,16,20
2013-06-24,15:00,2622,9,2,3,5,6,7,8,11,12,14,20
2013-06-24,16:00,2623,8,3,6,9,10,11,13,14,15,17,19
2013-06-24,17:00,2624,11,8,11,12,13,14,16,17,18,19,20
2013-06-24,18:00,2625,16,2,4,9,10,12,13,14,15,16,19
2013-06-24,19:00,2626,15,3,4,7,8,9,10,13,14,16,18
2013-06-24,20:00,2627,18,3,5,6,7,8,9,10,12,14,15
2013-06-24,21:00,2628,6,2,7,8,9,10,11,12,13,19,20
2013-06-24,22:00,2629,3,1,2,3,8,9,10,12,14,19,20
2013-06-24,23:00,2630,6,1,8,9,10,11,12,13,15,18,19
2013-06-25,07:00,2631,14,1,2,4,9,10,11,14,16,17,18
2013-06-25,08:00,2632,9,1,3,4,5,6,12,15,16,17,18
2013-06-25,09:00,2633,15,2,4,7,8,9,13,14,16,17,18
2013-06-25,10:00,2634,2,3,4,5,6,8,9,12,13,14,18
2013-06-25,11:00,2635,17,2,3,4,6,9,13,14,15,17,20
2013-06-25,12:00,2636,4,1,3,5,7,9,10,11,18,19,20
2013-06-25,13:00,2637,10,3,5,6,8,10,12,13,14,15,20
2013-06-25,14:00,2638,19,1,3,4,5,8,9,13,14,18,20
2013-06-25,15:00,2639,11,1,7,8,9,11,13,14,15,17,19
2013-06-25,16:00,2640,10,3,4,5,7,9,10,12,13,19,20
2013-06-25,17:00,2641,10,1,3,4,6,7,9,10,11,17,20
2013-06-25,18:00,2642,2,2,3,4,6,11,13,14,15,16,17
2013-06-25,19:00,2643,6,2,4,5,6,8,9,12,13,14,16
2013-06-25,20:00,2644,15,1,4,5,6,8,9,12,16,17,20
2013-06-25,21:00,2645,6,1,4,5,7,11,12,14,17,18,20
2013-06-25,22:00,2646,20,1,3,5,6,7,8,12,13,17,20
2013-06-25,23:00,2647,3,3,4,5,7,8,9,12,13,18,19
2013-06-26,07:00,2648,13,1,3,4,5,11,12,16,17,18,19
2013-06-26,08:00,2649,18,2,5,6,7,9,12,13,15,17,18
2013-06-26,09:00,2650,13,5,6,7,8,9,13,14,15,16,19
2013-06-26,10:00,2651,14,2,7,8,10,14,15,17,18,19,20
2013-06-26,11:00,2652,9,3,4,5,7,10,12,13,15,19,20
2013-06-26,12:00,2653,7,1,4,5,6,12,15,17,18,19,20
2013-06-26,13:00,2654,2,1,2,9,10,14,16,17,18,19,20
2013-06-26,14:00,2655,10,1,2,3,5,6,8,9,11,12,13
2013-06-26,15:00,2656,2,2,3,4,9,10,12,13,15,16,17
2013-06-26,16:00,2657,4,1,4,9,11,13,16,17,18,19,20
2013-06-26,17:00,2658,11,2,6,7,9,10,11,14,15,18,20
2013-06-26,18:00,2659,6,3,4,5,9,12,14,16,17,19,20
2013-06-26,19:00,2660,11,1,2,3,4,5,11,12,13,14,18
2013-06-26,20:00,2661,9,1,6,7,8,9,11,13,15,18,19
2013-06-26,21:00,2662,12,1,2,3,7,8,10,12,14,19,20
2013-06-26,22:00,2663,15,1,2,4,5,6,13,15,17,18,20
2013-06-26,23:00,2664,13,3,4,5,8,9,10,11,12,18,20
2013-06-27,07:00,2665,16,4,5,6,7,8,10,13,16,17,19
2013-06-27,08:00,2666,15,1,2,4,6,11,12,14,16,17,18
2013-06-27,09:00,2667,13,2,3,5,6,7,8,11,13,19,20
2013-06-27,10:00,2668,1,1,2,4,9,11,13,15,16,17,18
2013-06-27,11:00,2669,11,1,3,5,9,11,14,15,17,18,20
2013-06-27,12:00,2670,11,1,3,4,5,6,8,9,10,12,20
2013-06-27,13:00,2671,16,1,2,4,5,6,7,10,11,14,18
2013-06-27,14:00,2672,6,2,5,6,7,9,11,15,17,18,19
2013-06-27,15:00,2673,13,1,5,7,9,10,13,15,17,18,19
2013-06-27,16:00,2674,14,2,4,6,7,8,9,12,16,19,20
2013-06-27,17:00,2675,3,3,4,5,8,11,12,14,15,17,19
2013-06-27,18:00,2676,6,1,3,4,5,6,7,9,14,17,18
2013-06-27,19:00,2677,17,2,3,9,10,12,14,15,16,18,19
2013-06-27,20:00,2678,14,1,2,5,6,10,14,15,18,19,20
2013-06-27,21:00,2679,20,1,2,5,9,11,12,13,14,16,20
2013-06-27,22:00,2680,4,4,5,6,7,8,10,11,12,13,14
2013-06-27,23:00,2681,4,1,2,4,6,10,12,15,16,17,19
2013-06-28,07:00,2682,8,1,2,4,5,7,8,10,13,15,18
2013-06-28,08:00,2683,5,2,3,8,9,10,14,15,16,18,19
2013-06-28,09:00,2684,8,2,4,5,12,13,14,16,17,18,20
2013-06-28,10:00,2685,8,2,4,5,6,9,11,15,16,17,20
2013-06-28,11:00,2686,20,1,2,3,4,5,7,9,11,12,15
2013-06-28,12:00,2687,10,1,2,3,4,5,8,9,11,15,19
2013-06-28,13:00,2688,2,2,3,4,8,10,11,15,17,18,20
2013-06-28,14:00,2689,13,1,8,10,13,14,15,16,17,18,20
2013-06-28,15:00,2690,7,5,6,8,9,11,12,15,16,18,20
2013-06-28,16:00,2691,6,2,4,7,9,10,12,13,15,18,19
2013-06-28,17:00,2692,5,1,3,4,5,10,13,14,16,17,18
2013-06-28,18:00,2693,18,3,4,6,9,12,13,14,18,19,20
2013-06-28,19:00,2694,2,3,5,6,7,8,10,11,14,16,20
2013-06-28,20:00,2695,17,2,5,9,10,12,15,16,17,19,20
2013-06-28,21:00,2696,1,4,5,6,8,12,13,14,16,18,20
2013-06-28,22:00,2697,1,1,4,5,7,8,13,14,15,19,20
2013-06-28,23:00,2698,5,1,2,6,9,11,12,13,14,15,19
2013-06-29,07:00,2699,3,1,2,3,6,10,12,13,14,17,19
2013-06-29,08:00,2700,5,3,5,8,12,13,14,16,17,19,20
2013-06-29,09:00,2701,3,1,2,4,5,10,11,12,15,17,19
2013-06-29,10:00,2702,3,1,3,7,8,9,14,15,16,19,20
2013-06-29,11:00,2703,6,3,4,5,6,9,10,13,14,15,20
2013-06-29,12:00,2704,5,2,5,7,8,10,11,13,16,17,19
2013-06-29,13:00,2705,11,3,5,6,7,8,11,12,14,15,18
2013-06-29,14:00,2706,17,1,2,3,4,5,8,10,11,14,17
2013-06-29,15:00,2707,10,3,4,5,6,8,9,13,16,18,19
2013-06-29,16:00,2708,18,1,4,5,6,7,9,10,14,15,18
2013-06-29,17:00,2709,1,5,7,8,9,11,12,14,16,19,20
2013-06-29,18:00,2710,8,1,5,6,8,9,13,15,17,18,20
2013-06-29,19:00,2711,13,3,4,5,6,7,9,12,15,18,19
2013-06-29,20:00,2712,3,1,4,6,7,8,10,11,14,16,18
2013-06-29,21:00,2713,1,1,2,6,8,9,10,12,13,14,18
2013-06-29,22:00,2714,7,3,4,5,6,7,11,13,15,16,20
2013-06-29,23:00,2715,9,4,5,6,9,11,12,13,15,16,18
2013-06-30,07:00,2716,10,1,3,4,8,9,12,16,17,19,20
2013-06-30,08:00,2717,19,2,3,10,12,13,15,16,18,19,20
2013-06-30,09:00,2718,10,2,5,7,8,9,10,13,17,19,20
2013-06-30,10:00,2719,16,3,4,7,8,13,14,15,16,17,19
2013-06-30,11:00,2720,10,3,4,5,7,9,10,11,14,15,17
2013-06-30,12:00,2721,5,1,5,8,9,10,12,16,17,19,20
2013-06-30,13:00,2722,15,1,2,4,11,12,13,15,16,17,20
2013-06-30,14:00,2723,15,1,4,5,6,7,10,13,14,16,17
2013-06-30,15:00,2724,12,2,4,6,8,9,10,12,17,19,20
2013-06-30,16:00,2725,19,1,2,3,5,6,8,11,12,14,20
2013-06-30,17:00,2726,5,4,6,7,8,9,12,13,15,18,20
2013-06-30,18:00,2727,1,2,3,4,6,9,11,12,14,17,19
2013-06-30,19:00,2728,20,2,4,5,10,11,13,14,17,18,19
2013-06-30,20:00,2729,3,1,2,5,6,7,8,12,13,14,19
2013-06-30,21:00,2730,2,2,5,6,7,9,10,11,13,16,17
2013-06-30,22:00,2731,14,4,5,6,7,9,10,13,14,15,18
2013-06-30,23:00,2732,14,2,6,7,8,9,10,13,15,19,20
2013-07-01,07:00,2733,17,1,2,4,5,8,10,11,12,14,18
2013-07-01,08:00,2734,12,1,2,9,11,12,14,15,17,19,20
2013-07-01,09:00,2735,12,1,2,5,6,9,12,13,15,19,20
2013-07-01,10:00,2736,15,1,2,6,7,8,12,14,15,16,18
2013-07-01,11:00,2737,2,2,3,4,8,9,11,15,17,18,20
2013-07-01,12:00,2738,3,1,2,3,5,6,10,13,14,15,19
2013-07-01,13:00,2739,11,3,4,7,8,9,12,14,15,17,20
2013-07-01,14:00,2740,15,1,4,5,6,7,9,11,14,15,19
2013-07-01,15:00,2741,20,1,5,8,9,11,13,14,15,16,17
2013-07-01,16:00,2742,14,1,3,4,5,7,8,11,16,17,19
2013-07-01,17:00,2743,15,2,3,6,9,10,11,12,14,16,20
2013-07-01,18:00,2744,13,2,4,5,9,10,13,14,16,17,20
2013-07-01,19:00,2745,18,1,2,5,8,9,11,14,17,19,20
2013-07-01,20:00,2746,16,1,3,4,7,10,12,13,15,17,19
2013-07-01,21:00,2747,6,1,3,4,9,10,12,13,16,18,20
2013-07-01,22:00,2748,9,3,4,6,7,8,11,15,18,19,20
2013-07-01,23:00,2749,8,3,4,6,9,10,11,12,13,14,15
2013-07-02,07:00,2750,6,1,2,3,5,9,12,13,14,15,16
2013-07-02,08:00,2751,12,1,3,5,6,8,9,12,14,16,20
2013-07-02,09:00,2752,13,6,8,9,12,13,14,15,16,19,20
2013-07-02,10:00,2753,6,1,2,3,6,7,9,12,15,16,20
2013-07-02,11:00,2754,5,2,3,4,5,6,7,8,11,13,15
2013-07-02,12:00,2755,8,1,2,3,5,6,13,14,15,17,18
2013-07-02,13:00,2756,16,1,2,3,5,7,8,10,15,17,20
2013-07-02,14:00,2757,18,1,2,3,4,5,8,11,12,15,16
2013-07-02,15:00,2758,11,3,5,6,8,12,13,14,15,16,20
2013-07-02,16:00,2759,20,1,4,5,8,9,13,14,16,17,20
2013-07-02,17:00,2760,20,3,4,5,6,7,11,12,14,18,20
2013-07-02,18:00,2761,10,2,4,5,6,10,13,14,16,17,20
2013-07-02,19:00,2762,16,2,3,4,5,8,10,12,14,15,19
2013-07-02,20:00,2763,14,1,4,7,9,10,12,14,18,19,20
2013-07-02,21:00,2764,11,2,4,6,7,12,13,14,16,19,20
2013-07-02,22:00,2765,9,2,3,5,6,7,8,9,13,19,20
2013-07-02,23:00,2766,15,2,7,8,9,10,15,16,18,19,20
2013-07-03,07:00,2767,2,2,4,10,11,12,13,17,18,19,20
2013-07-03,08:00,2768,17,2,3,7,9,13,14,16,17,18,19
2013-07-03,09:00,2769,4,2,3,4,7,8,10,11,17,19,20
2013-07-03,10:00,2770,2,2,3,4,9,10,13,14,15,17,19
2013-07-03,11:00,2771,12,2,5,6,9,11,12,14,15,17,20
2013-07-03,12:00,2772,20,3,4,8,10,11,12,15,16,17,18
2013-07-03,13:00,2773,10,1,3,10,11,13,15,16,18,19,20
2013-07-03,14:00,2774,10,1,3,5,6,8,10,15,16,18,20
2013-07-03,15:00,2775,6,1,3,4,6,9,10,11,14,15,17
2013-07-03,16:00,2776,10,6,7,8,10,11,12,15,16,18,20
2013-07-03,17:00,2777,9,2,4,6,7,8,9,13,14,16,18
2013-07-03,18:00,2778,14,3,4,5,7,8,10,12,15,19,20
2013-07-03,19:00,2779,10,1,5,6,9,10,13,15,18,19,20
2013-07-03,20:00,2780,8,1,3,5,6,9,12,14,16,17,18
2013-07-03,21:00,2781,2,1,2,5,6,7,8,10,12,14,17
2013-07-03,22:00,2782,2,2,3,5,9,13,14,15,16,17,18
2013-07-03,23:00,2783,14,1,2,4,5,7,8,10,11,14,16
2013-07-04,07:00,2784,19,3,5,7,11,14,15,16,17,18,20
2013-07-04,08:00,2785,1,4,9,10,12,14,15,16,18,19,20
2013-07-04,09:00,2786,18,1,3,6,9,10,11,12,14,15,20
2013-07-04,10:00,2787,19,3,4,6,7,8,9,10,11,13,17
2013-07-04,11:00,2788,13,1,2,3,6,8,11,12,15,16,18
2013-07-04,12:00,2789,5,2,4,5,6,10,12,13,14,16,19
2013-07-04,13:00,2790,1,2,3,6,9,11,14,15,16,17,19
2013-07-04,14:00,2791,4,2,4,7,8,11,12,14,17,19,20
2013-07-04,15:00,2792,20,1,3,6,8,10,11,12,15,19,20
2013-07-04,16:00,2793,14,3,5,6,9,10,12,17,18,19,20
2013-07-04,17:00,2794,6,1,4,6,9,10,11,12,15,16,19
2013-07-04,18:00,2795,14,1,4,6,8,12,15,16,17,18,19
2013-07-04,19:00,2796,12,5,6,7,8,9,10,12,15,17,20
2013-07-04,20:00,2797,1,1,3,4,10,13,15,16,18,19,20
2013-07-04,21:00,2798,4,5,6,7,8,11,12,13,14,15,16
2013-07-04,22:00,2799,9,2,4,5,6,9,10,11,15,19,20
2013-07-04,23:00,2800,16,1,2,3,4,9,13,14,17,18,20
2013-07-05,07:00,2801,2,1,2,7,9,11,12,15,16,17,19
2013-07-05,08:00,2802,7,1,3,5,6,9,10,11,15,18,19
2013-07-05,09:00,2803,4,2,3,6,8,11,13,14,16,18,20
2013-07-05,10:00,2804,1,1,2,4,6,8,9,10,16,17,19
2013-07-05,11:00,2805,6,1,3,6,9,11,13,14,15,17,19
2013-07-05,12:00,2806,1,3,4,9,10,11,13,14,15,17,18
2013-07-05,13:00,2807,10,1,6,7,8,13,15,16,17,18,20
2013-07-05,14:00,2808,20,1,2,4,5,6,7,9,13,16,19
2013-07-05,15:00,2809,17,1,4,5,6,9,12,14,15,16,20
2013-07-05,16:00,2810,6,2,3,4,5,8,12,14,15,17,19
2013-07-05,17:00,2811,8,1,3,4,5,6,10,13,14,15,16
2013-07-05,18:00,2812,13,4,10,11,12,13,14,15,16,17,20
2013-07-05,19:00,2813,16,3,4,6,9,12,13,14,15,18,20
2013-07-05,20:00,2814,3,1,5,6,8,10,11,15,17,18,20
2013-07-05,21:00,2815,8,1,3,4,6,7,8,14,17,19,20
2013-07-05,22:00,2816,4,5,7,9,11,13,15,16,17,18,19
2013-07-05,23:00,2817,18,2,3,6,8,10,11,13,15,16,17
2013-07-06,07:00,2818,14,2,4,7,8,9,11,13,14,15,17
2013-07-06,08:00,2819,6,2,5,6,7,8,10,13,15,16,18
2013-07-06,09:00,2820,16,1,3,5,7,9,10,11,13,14,16
2013-07-06,10:00,2821,13,5,6,7,10,11,12,13,14,19,20
2013-07-06,11:00,2822,19,1,2,4,8,9,10,15,16,18,19
2013-07-06,12:00,2823,2,3,5,7,8,11,13,14,15,16,18
2013-07-06,13:00,2824,19,2,3,9,10,11,12,15,17,18,19
2013-07-06,14:00,2825,5,1,3,5,9,11,12,14,16,18,20
2013-07-06,15:00,2826,20,4,7,8,9,10,11,13,15,19,20
2013-07-06,16:00,2827,20,3,4,5,6,9,10,11,12,13,18
2013-07-06,17:00,2828,11,1,4,5,8,11,12,14,16,19,20
2013-07-06,18:00,2829,2,1,2,3,5,7,8,9,11,14,18
2013-07-06,19:00,2830,20,1,2,3,4,5,6,8,10,17,19
2013-07-06,20:00,2831,1,1,2,3,4,9,10,11,13,16,17
2013-07-06,21:00,2832,4,1,2,3,4,6,10,15,16,19,20
2013-07-06,22:00,2833,3,2,7,9,11,12,13,15,18,19,20
2013-07-06,23:00,2834,9,2,3,6,7,12,15,16,18,19,20
2013-07-07,07:00,2835,15,3,4,5,6,7,10,12,15,19,20
2013-07-07,08:00,2836,18,1,3,4,5,7,8,13,14,18,19
2013-07-07,09:00,2837,16,1,3,4,5,6,9,13,15,16,17
2013-07-07,10:00,2838,3,1,4,5,6,9,11,14,16,17,19
2013-07-07,11:00,2839,16,3,4,5,7,8,14,15,17,18,20
2013-07-07,12:00,2840,1,1,2,5,6,8,9,13,15,17,19
2013-07-07,13:00,2841,10,3,5,7,10,11,13,15,17,18,19
2013-07-07,14:00,2842,7,7,8,10,11,12,13,16,18,19,20
2013-07-07,15:00,2843,7,1,4,5,7,8,9,11,15,17,18
2013-07-07,16:00,2844,11,2,8,9,11,12,14,16,17,19,20
2013-07-07,17:00,2845,20,2,3,6,7,11,13,14,16,18,20
2013-07-07,18:00,2846,12,2,3,5,6,12,14,15,18,19,20
2013-07-07,19:00,2847,20,3,4,6,7,10,13,15,17,18,20
2013-07-07,20:00,2848,18,1,2,3,7,8,10,12,13,14,18
2013-07-07,21:00,2849,15,4,8,10,11,12,13,15,17,19,20
2013-07-07,22:00,2850,13,5,6,7,8,9,11,14,15,19,20
2013-07-07,23:00,2851,15,2,3,4,9,10,13,14,16,17,18
2013-07-08,07:00,2852,2,1,3,4,5,8,13,14,16,17,19
2013-07-08,08:00,2853,18,2,3,5,6,7,9,10,11,16,20
2013-07-08,09:00,2854,11,1,3,4,6,7,8,9,17,18,19
2013-07-08,10:00,2855,17,2,5,7,8,9,11,12,17,18,19
2013-07-08,11:00,2856,5,5,6,7,8,9,10,13,16,18,20
2013-07-08,12:00,2857,12,2,4,5,6,8,10,13,17,18,20
2013-07-08,13:00,2858,9,1,3,5,7,9,10,11,15,16,18
2013-07-08,14:00,2859,13,3,5,7,8,11,12,16,17,19,20
2013-07-08,15:00,2860,1,3,5,6,11,12,13,16,17,19,20
2013-07-08,16:00,2861,4,2,6,7,8,10,11,13,15,19,20
2013-07-08,17:00,2862,11,1,3,4,5,9,11,12,16,18,19
2013-07-08,18:00,2863,6,1,5,6,7,8,11,13,14,17,18
2013-07-08,19:00,2864,17,2,3,4,8,10,12,15,16,17,20
2013-07-08,20:00,2865,16,4,6,10,11,13,16,17,18,19,20
2013-07-08,21:00,2866,20,1,4,5,7,8,13,14,16,17,18
2013-07-08,22:00,2867,3,1,2,4,7,8,10,12,14,17,19
2013-07-08,23:00,2868,13,1,3,6,8,9,14,15,16,17,20
2013-07-09,07:00,2869,11,2,3,5,7,9,14,16,17,19,20
2013-07-09,08:00,2870,17,1,3,5,9,11,13,14,15,16,20
2013-07-09,09:00,2871,6,1,2,5,6,12,15,16,17,19,20
2013-07-09,10:00,2872,8,2,4,5,7,8,11,12,13,14,15
2013-07-09,11:00,2873,19,1,2,7,10,11,13,16,18,19,20
2013-07-09,12:00,2874,20,6,9,10,11,12,13,14,18,19,20
2013-07-09,13:00,2875,15,4,5,7,10,11,12,15,16,18,19
2013-07-09,14:00,2876,7,1,2,3,5,6,7,9,10,13,16
2013-07-09,15:00,2877,12,1,5,7,11,14,15,16,17,19,20
2013-07-09,16:00,2878,18,1,2,3,5,6,7,8,12,13,18
2013-07-09,17:00,2879,1,1,2,4,6,8,9,10,13,19,20
2013-07-09,18:00,2880,16,1,2,3,4,7,8,9,11,12,14
2013-07-09,19:00,2881,20,3,5,6,7,8,10,12,18,19,20
2013-07-09,20:00,2882,5,1,2,4,6,8,9,10,12,13,15
2013-07-09,21:00,2883,13,2,3,5,6,10,11,13,15,17,20
2013-07-09,22:00,2884,12,1,4,10,11,12,14,15,17,19,20
2013-07-09,23:00,2885,3,1,4,6,7,8,9,11,14,16,17
2013-07-10,07:00,2886,6,3,8,10,11,12,16,17,18,19,20
2013-07-10,08:00,2887,6,1,2,3,4,7,8,10,14,18,20
2013-07-10,09:00,2888,7,1,6,7,8,9,11,15,18,19,20
2013-07-10,10:00,2889,6,1,5,6,7,8,11,14,15,19,20
2013-07-10,11:00,2890,6,1,4,5,8,9,12,13,14,15,18
2013-07-10,12:00,2891,3,1,3,6,9,11,16,17,18,19,20
2013-07-10,13:00,2892,8,1,2,3,5,6,8,10,11,13,18
2013-07-10,14:00,2893,16,1,2,6,7,8,10,11,14,15,18
2013-07-10,15:00,2894,8,4,7,8,10,12,13,14,17,18,20
2013-07-10,16:00,2895,2,1,2,5,6,7,10,12,16,17,18
2013-07-10,17:00,2896,9,3,4,5,7,8,10,14,17,18,20
2013-07-10,18:00,2897,3,2,6,7,10,11,12,13,16,19,20
2013-07-10,19:00,2898,15,1,5,9,11,12,13,15,16,17,19
2013-07-10,20:00,2899,15,1,2,6,7,10,11,12,13,15,20
2013-07-10,21:00,2900,18,3,4,6,7,9,11,13,17,18,20
2013-07-10,22:00,2901,15,3,7,8,9,11,12,14,15,17,18
2013-07-10,23:00,2902,19,3,5,6,7,8,9,12,13,15,20
2013-07-11,07:00,2903,3,2,5,9,10,12,13,14,15,17,18
2013-07-11,08:00,2904,8,4,5,8,9,10,12,15,16,19,20
2013-07-11,09:00,2905,12,3,4,5,12,13,15,16,18,19,20
2013-07-11,10:00,2906,16,3,4,7,8,10,11,15,16,17,20
2013-07-11,11:00,2907,20,1,4,7,9,10,11,12,13,15,19
2013-07-11,12:00,2908,7,1,2,4,5,6,9,11,15,19,20
2013-07-11,13:00,2909,11,2,5,6,7,9,13,16,18,19,20
2013-07-11,14:00,2910,17,1,4,5,10,12,14,16,17,19,20
2013-07-11,15:00,2911,13,3,4,5,6,7,8,9,12,15,16
2013-07-11,16:00,2912,19,3,4,5,6,8,12,15,17,18,20
2013-07-11,17:00,2913,3,2,4,6,9,10,12,15,16,17,20
2013-07-11,18:00,2914,4,1,2,5,8,9,10,14,15,18,20
2013-07-11,19:00,2915,1,1,2,3,5,9,10,13,15,16,18
2013-07-11,20:00,2916,10,1,4,5,8,10,12,15,16,17,19
2013-07-11,21:00,2917,3,1,4,5,10,11,13,14,16,17,18
2013-07-11,22:00,2918,16,1,5,7,9,10,11,15,16,17,19
2013-07-11,23:00,2919,7,2,5,7,8,11,12,13,14,18,19
2013-07-12,07:00,2920,7,2,6,8,9,11,13,16,17,18,19
2013-07-12,08:00,2921,11,1,2,3,4,7,8,9,11,13,19
2013-07-12,09:00,2922,1,1,2,3,7,9,12,17,18,19,20
2013-07-12,10:00,2923,4,1,2,4,6,10,13,17,18,19,20
2013-07-12,11:00,2924,8,4,7,8,9,10,11,12,16,17,19
2013-07-12,12:00,2925,18,1,3,4,7,8,10,12,13,14,16
2013-07-12,13:00,2926,10,3,4,5,9,11,13,15,16,17,20
2013-07-12,14:00,2927,13,1,6,9,10,12,13,16,17,18,19
2013-07-12,15:00,2928,15,1,5,8,9,10,12,14,15,16,17
2013-07-12,16:00,2929,1,1,2,3,4,6,8,9,10,14,19
2013-07-12,17:00,2930,3,1,2,6,10,12,14,15,16,17,19
2013-07-12,18:00,2931,12,1,6,8,10,11,12,15,17,18,19
2013-07-12,19:00,2932,15,4,7,8,9,10,11,14,17,18,19
2013-07-12,20:00,2933,5,1,2,6,9,11,12,16,17,19,20
2013-07-12,21:00,2934,2,1,2,6,7,8,9,11,14,19,20
2013-07-12,22:00,2935,2,2,3,6,8,12,14,15,16,17,18
2013-07-12,23:00,2936,18,2,3,4,11,12,13,17,18,19,20
2013-07-13,07:00,2937,6,1,4,8,9,10,13,14,15,17,19
2013-07-13,08:00,2938,14,3,4,7,8,9,12,14,16,17,19
2013-07-13,09:00,2939,13,1,6,7,8,9,12,13,14,16,19
2013-07-13,10:00,2940,9,5,6,7,8,9,11,12,13,19,20
2013-07-13,11:00,2941,19,1,3,7,10,11,13,14,16,17,18
2013-07-13,12:00,2942,4,1,7,11,12,13,14,15,16,17,18
2013-07-13,13:00,2943,20,1,2,4,6,7,9,14,15,16,18
2013-07-13,14:00,2944,14,1,2,3,5,9,10,11,13,17,19
2013-07-13,15:00,2945,6,1,3,5,7,8,11,12,13,14,16
2013-07-13,16:00,2946,13,2,5,6,7,8,10,11,12,15,20
2013-07-13,17:00,2947,14,5,6,7,8,11,12,13,17,18,19
2013-07-13,18:00,2948,5,3,6,7,9,10,13,15,16,17,19
2013-07-13,19:00,2949,14,1,2,3,5,8,10,13,14,15,19
2013-07-13,20:00,2950,20,1,3,4,5,6,8,10,12,13,19
2013-07-13,21:00,2951,13,2,3,7,8,10,11,13,18,19,20
2013-07-13,22:00,2952,13,3,10,12,13,14,15,16,17,18,20
2013-07-13,23:00,2953,17,4,5,6,9,10,11,15,18,19,20
2013-07-14,07:00,2954,6,1,4,10,11,13,14,15,16,19,20
2013-07-14,08:00,2955,9,1,3,4,5,9,13,16,17,18,19
2013-07-14,09:00,2956,16,2,3,4,12,13,14,15,16,17,19
2013-07-14,10:00,2957,14,4,5,7,8,10,11,12,15,17,18
2013-07-14,11:00,2958,7,1,2,3,4,5,9,12,14,15,19
2013-07-14,12:00,2959,2,1,3,4,5,9,12,13,15,18,20
2013-07-14,13:00,2960,8,1,3,5,6,7,8,11,12,15,20
2013-07-14,14:00,2961,19,1,6,7,8,11,12,13,16,17,18
2013-07-14,15:00,2962,1,7,8,9,11,12,13,15,18,19,20
2013-07-14,16:00,2963,18,1,2,6,7,8,10,11,16,17,20
2013-07-14,17:00,2964,13,4,6,7,10,11,12,13,14,17,20
2013-07-14,18:00,2965,5,1,5,6,7,8,11,12,16,18,19
2013-07-14,19:00,2966,6,1,2,4,5,6,11,12,13,17,18
2013-07-14,20:00,2967,18,3,5,6,7,11,12,13,14,15,16
2013-07-14,21:00,2968,19,1,2,5,6,7,11,13,14,15,18
2013-07-14,22:00,2969,15,3,4,7,11,14,15,16,17,19,20
2013-07-14,23:00,2970,20,2,5,6,7,10,13,14,15,18,20
2013-07-15,07:00,2971,10,1,4,5,6,10,11,13,14,19,20
2013-07-15,08:00,2972,1,1,2,7,9,10,11,12,14,16,17
2013-07-15,09:00,2973,18,1,2,8,11,12,13,14,16,17,20
2013-07-15,10:00,2974,19,2,4,5,6,8,10,11,13,17,20
2013-07-15,11:00,2975,6,2,3,4,7,8,11,16,17,18,19
2013-07-15,12:00,2976,2,3,4,6,8,10,11,12,16,17,18
2013-07-15,13:00,2977,14,2,5,9,11,13,14,16,17,19,20
2013-07-15,14:00,2978,7,1,2,3,4,5,12,14,18,19,20
2013-07-15,15:00,2979,8,2,4,7,9,12,14,15,16,18,19
2013-07-15,16:00,2980,7,1,2,3,5,8,10,11,12,17,20
2013-07-15,17:00,2981,11,1,2,5,8,13,15,16,18,19,20
2013-07-15,18:00,2982,10,3,4,7,9,10,11,12,14,15,17
2013-07-15,19:00,2983,9,5,6,8,9,11,12,14,15,17,18
2013-07-15,20:00,2984,9,2,4,5,10,11,13,15,17,18,19
2013-07-15,21:00,2985,13,2,3,6,7,8,10,15,16,18,20
2013-07-15,22:00,2986,1,3,4,5,7,8,9,11,14,17,20
2013-07-15,23:00,2987,8,3,5,9,10,13,14,16,17,19,20
2013-07-16,07:00,2988,19,1,2,3,4,5,6,9,11,17,20
2013-07-16,08:00,2989,18,2,3,4,5,11,15,16,18,19,20
2013-07-16,09:00,2990,6,2,4,5,6,8,9,13,14,17,20
2013-07-16,10:00,2991,18,1,2,3,6,8,10,13,17,18,20
2013-07-16,11:00,2992,20,1,2,4,7,8,11,14,16,17,20
2013-07-16,12:00,2993,3,1,2,4,5,6,10,12,14,17,18
2013-07-16,13:00,2994,14,3,4,6,8,11,12,15,16,18,20
2013-07-16,14:00,2995,20,1,3,5,6,7,9,12,13,14,18
2013-07-16,15:00,2996,7,4,6,8,11,12,14,16,17,19,20
2013-07-16,16:00,2997,6,1,2,3,4,10,14,15,18,19,20
2013-07-16,17:00,2998,12,2,4,5,6,8,12,14,16,17,20
2013-07-16,18:00,2999,18,1,3,4,5,7,8,10,12,13,17
2013-07-16,19:00,3000,16,2,5,6,7,11,13,15,16,18,20
2013-07-16,20:00,3001,15,1,2,3,4,5,7,8,14,15,17
2013-07-16,21:00,3002,5,1,3,4,5,7,11,12,13,19,20
2013-07-16,22:00,3003,20,2,5,6,9,11,12,15,16,17,19
2013-07-16,23:00,3004,12,2,5,6,8,10,11,14,15,19,20
2013-07-17,07:00,3005,9,4,5,6,7,8,11,13,14,17,20
2013-07-17,08:00,3006,17,2,3,5,8,9,10,12,13,17,20
2013-07-17,09:00,3007,18,2,3,4,6,9,13,14,17,19,20
2013-07-17,10:00,3008,12,1,5,6,8,9,10,12,18,19,20
2013-07-17,11:00,3009,3,1,2,3,6,7,10,12,13,14,16
2013-07-17,12:00,3010,2,1,2,5,10,11,12,13,14,19,20
2013-07-17,13:00,3011,20,1,2,3,5,6,7,8,14,17,19
2013-07-17,14:00,3012,6,3,5,7,8,11,14,16,17,19,20
2013-07-17,15:00,3013,8,2,3,4,5,6,8,9,10,13,17
2013-07-17,16:00,3014,13,1,4,7,9,10,12,15,16,17,19
2013-07-17,17:00,3015,1,1,2,3,4,6,9,10,15,16,20
2013-07-17,18:00,3016,4,3,4,5,8,9,12,13,16,18,20
2013-07-17,19:00,3017,14,1,3,4,5,8,9,11,13,15,19
2013-07-17,20:00,3018,6,3,5,7,9,10,13,15,17,18,20
2013-07-17,21:00,3019,3,2,3,4,5,8,10,13,14,15,17
2013-07-17,22:00,3020,19,3,5,6,9,13,14,15,16,17,20
2013-07-17,23:00,3021,9,3,4,6,8,10,11,13,15,17,19
2013-07-18,07:00,3022,5,2,6,11,14,15,16,17,18,19,20
2013-07-18,08:00,3023,7,1,2,4,6,10,13,14,16,17,19
2013-07-18,09:00,3024,1,5,8,10,11,12,13,14,16,19,20
2013-07-18,10:00,3025,17,6,7,8,9,10,11,13,14,16,20
2013-07-18,11:00,3026,13,5,7,10,12,13,14,15,17,18,19
2013-07-18,12:00,3027,1,1,2,3,6,8,14,15,17,18,19
2013-07-18,13:00,3028,19,1,4,6,10,12,13,14,15,19,20
2013-07-18,14:00,3029,9,2,4,6,7,8,9,14,15,17,19
2013-07-18,15:00,3030,6,1,3,6,7,9,15,16,18,19,20
2013-07-18,16:00,3031,20,2,4,5,10,11,12,14,15,16,20
2013-07-18,17:00,3032,13,2,6,7,8,10,11,15,18,19,20
2013-07-18,18:00,3033,16,4,5,7,8,9,15,16,17,18,19
2013-07-18,19:00,3034,16,1,3,5,6,9,10,15,17,18,19
2013-07-18,20:00,3035,10,2,3,7,10,11,12,14,15,19,20
2013-07-18,21:00,3036,4,1,2,4,5,6,10,13,17,18,20
2013-07-18,22:00,3037,3,1,2,6,8,9,12,14,15,17,20
2013-07-18,23:00,3038,3,1,2,3,5,6,11,12,16,19,20
2013-07-19,07:00,3039,6,1,3,4,5,6,7,13,15,16,18
2013-07-19,08:00,3040,15,4,5,6,7,9,11,12,13,19,20
2013-07-19,09:00,3041,1,1,2,3,4,12,13,16,18,19,20
2013-07-19,10:00,3042,19,1,2,5,8,9,12,14,16,18,19
2013-07-19,11:00,3043,6,4,9,10,11,12,14,15,18,19,20
2013-07-19,12:00,3044,18,1,6,7,9,10,13,14,16,17,20
2013-07-19,13:00,3045,19,3,6,7,9,10,11,13,16,17,20
2013-07-19,14:00,3046,14,2,3,5,8,9,10,13,16,17,18
2013-07-19,15:00,3047,8,3,6,11,12,13,14,15,16,18,20
2013-07-19,16:00,3048,9,2,3,5,6,7,8,11,12,14,19
2013-07-19,17:00,3049,6,1,6,9,10,12,14,15,17,19,20
2013-07-19,18:00,3050,1,3,4,6,7,10,11,13,15,17,18
2013-07-19,19:00,3051,12,1,2,3,5,6,7,9,11,12,18
2013-07-19,20:00,3052,17,1,2,7,10,11,12,13,14,15,16
2013-07-19,21:00,3053,11,1,2,3,7,8,10,13,14,15,16
2013-07-19,22:00,3054,9,1,2,3,5,8,9,10,12,15,18
2013-07-19,23:00,3055,13,3,4,6,7,10,11,15,16,17,18
2013-07-20,07:00,3056,6,1,5,6,7,10,14,15,16,19,20
2013-07-20,08:00,3057,5,1,2,3,5,7,8,10,13,14,16
2013-07-20,09:00,3058,5,1,3,6,7,8,10,14,15,16,19
2013-07-20,10:00,3059,12,1,2,3,5,8,11,13,17,18,20
2013-07-20,11:00,3060,2,2,3,7,11,13,14,15,16,18,20
2013-07-20,12:00,3061,1,3,5,6,7,9,11,12,15,16,18
2013-07-20,13:00,3062,3,2,4,5,6,7,13,14,15,18,19
2013-07-20,14:00,3063,1,1,7,8,11,12,14,17,18,19,20
2013-07-20,15:00,3064,15,2,4,5,9,11,12,13,17,19,20
2013-07-20,16:00,3065,19,2,6,7,8,11,12,16,17,18,20
2013-07-20,17:00,3066,12,3,4,5,9,11,12,16,17,18,19
2013-07-20,18:00,3067,13,1,5,8,11,12,13,16,18,19,20
2013-07-20,19:00,3068,14,2,5,7,8,9,10,13,16,17,19
2013-07-20,20:00,3069,14,1,5,6,7,8,9,10,11,13,20
2013-07-20,21:00,3070,17,1,3,5,6,7,12,14,15,19,20
2013-07-20,22:00,3071,15,3,5,6,8,10,11,12,13,18,19
2013-07-20,23:00,3072,2,2,4,5,6,8,12,14,15,17,18
2013-07-21,07:00,3073,17,1,3,4,7,8,9,11,13,19,20
2013-07-21,08:00,3074,15,4,7,8,9,12,13,16,18,19,20
2013-07-21,09:00,3075,20,1,2,3,6,7,9,11,14,15,20
2013-07-21,10:00,3076,5,1,4,5,6,7,8,10,12,16,18
2013-07-21,11:00,3077,14,1,2,4,7,8,11,12,13,14,17
2013-07-21,12:00,3078,9,1,5,6,7,8,9,11,14,17,19
2013-07-21,13:00,3079,9,3,4,10,11,12,13,14,15,19,20
2013-07-21,14:00,3080,18,1,3,4,5,7,9,13,15,19,20
2013-07-21,15:00,3081,12,1,3,8,9,11,13,14,15,16,18
2013-07-21,16:00,3082,2,1,2,4,6,10,11,12,16,17,18
2013-07-21,17:00,3083,11,3,4,5,7,9,10,12,13,14,18
2013-07-21,18:00,3084,2,3,4,5,6,8,10,11,12,13,20
2013-07-21,19:00,3085,7,1,4,5,8,12,13,15,17,19,20
2013-07-21,20:00,3086,6,2,5,6,8,9,10,13,15,17,18
2013-07-21,21:00,3087,5,1,3,4,7,8,9,10,11,14,18
2013-07-21,22:00,3088,14,1,2,3,4,9,10,12,13,14,16
2013-07-21,23:00,3089,10,1,5,7,8,14,15,16,17,18,19
2013-07-22,07:00,3090,8,1,4,7,10,11,13,15,16,18,19
2013-07-22,08:00,3091,4,2,3,5,7,10,13,14,16,17,20
2013-07-22,09:00,3092,6,1,3,5,6,8,9,11,16,19,20
2013-07-22,10:00,3093,7,1,3,5,6,8,10,12,14,17,19
2013-07-22,11:00,3094,20,5,6,8,9,10,13,14,15,17,20
2013-07-22,12:00,3095,19,3,4,5,7,11,12,13,17,18,20
2013-07-22,13:00,3096,6,1,2,3,4,5,7,14,15,17,18
2013-07-22,14:00,3097,19,3,4,5,6,9,10,11,13,16,19
2013-07-22,15:00,3098,17,1,3,7,8,10,12,13,14,16,19
2013-07-22,16:00,3099,1,3,4,5,7,9,10,11,14,15,16
2013-07-22,17:00,3100,12,2,4,7,9,11,13,17,18,19,20
2013-07-22,18:00,3101,14,1,2,8,10,11,12,15,17,18,19
2013-07-22,19:00,3102,1,2,5,10,14,15,16,17,18,19,20
2013-07-22,20:00,3103,9,4,5,7,8,9,11,14,17,18,19
2013-07-22,21:00,3104,8,1,2,3,4,5,8,13,14,16,20
2013-07-22,22:00,3105,8,2,7,9,11,12,13,14,15,17,20
2013-07-22,23:00,3106,12,3,5,7,10,11,12,13,15,18,19
2013-07-23,07:00,3107,15,4,5,7,10,11,13,14,15,18,19
2013-07-23,08:00,3108,4,1,2,8,9,11,12,13,14,16,18
2013-07-23,09:00,3109,2,4,5,6,10,11,12,13,16,17,18
2013-07-23,10:00,3110,6,1,3,6,7,8,9,13,14,15,18
2013-07-23,11:00,3111,13,1,3,4,5,6,9,10,15,17,20
2013-07-23,12:00,3112,16,3,4,6,7,8,10,11,13,15,19
2013-07-23,13:00,3113,9,2,3,6,8,9,13,14,16,17,20
2013-07-23,14:00,3114,1,1,4,5,8,9,10,11,14,15,16
2013-07-23,15:00,3115,13,1,3,4,6,7,8,9,14,16,17
2013-07-23,16:00,3116,5,3,4,5,6,8,10,15,16,18,20
2013-07-23,17:00,3117,7,1,3,8,9,10,13,14,16,17,19
2013-07-23,18:00,3118,8,1,3,5,8,10,12,13,14,17,18
2013-07-23,19:00,3119,10,5,8,11,12,13,15,16,18,19,20
2013-07-23,20:00,3120,10,1,3,7,8,9,10,13,14,18,20
2013-07-23,21:00,3121,1,1,2,4,9,10,11,13,14,16,17
2013-07-23,22:00,3122,7,3,4,7,10,12,13,14,15,18,20
2013-07-23,23:00,3123,18,3,4,6,7,9,10,12,15,17,18
2013-07-24,07:00,3124,12,1,3,4,6,7,10,11,15,19,20
2013-07-24,08:00,3125,1,2,4,5,7,9,11,12,13,16,18
2013-07-24,09:00,3126,13,3,4,5,6,8,12,13,16,17,20
2013-07-24,10:00,3127,3,2,3,5,6,7,10,12,13,16,19
2013-07-24,11:00,3128,1,7,8,9,10,11,12,15,16,18,19
2013-07-24,12:00,3129,17,1,4,5,7,8,12,13,16,18,19
2013-07-24,13:00,3130,7,1,3,5,11,12,15,16,17,18,19
2013-07-24,14:00,3131,5,1,3,5,6,8,12,13,15,17,18
2013-07-24,15:00,3132,15,1,2,3,8,9,11,14,15,19,20
2013-07-24,16:00,3133,17,1,2,5,6,14,15,16,17,18,19
2013-07-24,17:00,3134,19,1,3,4,6,9,10,12,14,17,20
2013-07-24,18:00,3135,3,3,4,6,7,8,10,11,14,15,17
2013-07-24,19:00,3136,5,5,6,7,10,11,14,15,17,18,20
2013-07-24,20:00,3137,8,2,3,8,9,11,14,15,17,19,20
2013-07-24,21:00,3138,2,1,2,4,7,8,14,16,18,19,20
2013-07-24,22:00,3139,6,1,2,3,4,7,10,12,13,16,19
2013-07-24,23:00,3140,8,6,7,10,12,13,14,15,17,18,20
2013-07-25,07:00,3141,4,1,2,5,8,9,11,12,16,19,20
2013-07-25,08:00,3142,1,1,3,5,6,7,8,10,12,18,20
2013-07-25,09:00,3143,13,1,7,8,10,12,13,14,17,19,20
2013-07-25,10:00,3144,13,1,4,5,8,10,11,15,16,19,20
2013-07-25,11:00,3145,12,3,6,7,9,10,11,12,13,15,16
2013-07-25,12:00,3146,20,6,7,8,9,11,12,13,14,15,17
2013-07-25,13:00,3147,17,1,3,4,5,6,7,9,14,17,18
2013-07-25,14:00,3148,16,2,3,5,7,11,14,15,16,19,20
2013-07-25,15:00,3149,6,1,2,7,8,9,10,11,12,16,18
2013-07-25,16:00,3150,6,1,2,4,5,10,12,13,15,16,19
2013-07-25,17:00,3151,17,2,4,6,7,11,12,14,15,16,19
2013-07-25,18:00,3152,14,1,3,4,5,10,12,13,15,17,19
2013-07-25,19:00,3153,7,1,4,6,8,11,12,13,15,17,18
2013-07-25,20:00,3154,13,4,6,8,10,11,13,14,15,16,19
2013-07-25,21:00,3155,20,3,4,5,9,10,11,13,16,17,20
2013-07-25,22:00,3156,2,4,6,9,10,12,13,14,15,17,18
2013-07-25,23:00,3157,18,1,4,10,12,13,16,17,18,19,20
2013-07-26,07:00,3158,8,1,3,4,5,6,11,12,14,17,18
2013-07-26,08:00,3159,14,4,5,6,8,9,11,12,13,17,20
2013-07-26,09:00,3160,4,2,5,8,9,11,14,15,17,19,20
2013-07-26,10:00,3161,13,1,3,4,5,7,8,10,13,19,20
2013-07-26,11:00,3162,3,4,8,9,10,11,13,15,17,19,20
2013-07-26,12:00,3163,12,1,4,5,6,7,9,14,16,17,19
2013-07-26,13:00,3164,15,2,3,4,5,6,11,12,13,18,19
2013-07-26,14:00,3165,10,1,5,6,7,11,15,16,18,19,20
2013-07-26,15:00,3166,10,1,2,6,8,9,10,12,14,15,19
2013-07-26,16:00,3167,11,1,2,3,4,5,7,8,9,15,20
2013-07-26,17:00,3168,16,2,3,5,7,8,9,10,17,19,20
2013-07-26,18:00,3169,19,1,2,3,4,8,10,14,16,17,18
2013-07-26,19:00,3170,5,3,4,5,8,9,10,11,14,17,18
2013-07-26,20:00,3171,15,1,2,3,4,7,10,11,13,15,16
2013-07-26,21:00,3172,1,4,5,7,8,11,12,13,16,17,20
2013-07-26,22:00,3173,12,1,3,5,10,13,14,15,16,18,20
2013-07-26,23:00,3174,1,2,3,5,7,11,12,15,17,18,20
2013-07-27,07:00,3175,10,2,6,7,8,9,10,11,13,14,18
2013-07-27,08:00,3176,11,1,3,5,7,9,10,11,13,15,17
2013-07-27,09:00,3177,3,3,4,5,6,12,13,14,16,17,20
2013-07-27,10:00,3178,12,1,2,4,7,8,13,15,16,17,18
2013-07-27,11:00,3179,17,1,3,8,9,12,13,14,15,16,17
2013-07-27,12:00,3180,5,1,3,4,6,8,10,11,12,14,18
2013-07-27,13:00,3181,15,1,2,5,6,7,8,10,12,13,18
2013-07-27,14:00,3182,14,1,2,7,11,12,13,17,18,19,20
2013-07-27,15:00,3183,4,2,3,7,8,10,11,13,16,18,20
2013-07-27,16:00,3184,11,2,5,6,9,11,12,16,17,18,19
2013-07-27,17:00,3185,20,1,5,6,9,10,11,12,13,16,18
2013-07-27,18:00,3186,18,1,3,4,6,8,13,15,16,19,20
2013-07-27,19:00,3187,16,2,6,8,9,10,11,15,18,19,20
2013-07-27,20:00,3188,20,2,3,6,7,8,9,17,18,19,20
2013-07-27,21:00,3189,7,4,5,6,7,8,10,11,12,13,15
2013-07-27,22:00,3190,6,2,4,6,7,8,10,11,13,15,19
2013-07-27,23:00,3191,14,1,3,5,9,11,12,14,15,16,20
2013-07-28,07:00,3192,14,1,2,4,7,8,10,11,13,17,19
2013-07-28,08:00,3193,14,1,4,5,6,7,9,10,12,17,19
2013-07-28,09:00,3194,13,1,2,6,7,8,11,12,15,16,20
2013-07-28,10:00,3195,20,1,2,3,5,8,12,13,16,17,18
2013-07-28,11:00,3196,4,3,4,5,8,10,11,12,14,16,20
2013-07-28,12:00,3197,12,1,2,5,7,9,10,12,13,17,19
2013-07-28,13:00,3198,12,1,4,5,6,8,11,12,14,15,18
2013-07-28,14:00,3199,14,1,3,4,6,10,11,13,14,16,19
2013-07-28,15:00,3200,10,1,2,4,7,8,9,10,12,17,18
2013-07-28,16:00,3201,14,1,2,3,5,8,10,12,14,18,19
2013-07-28,17:00,3202,12,1,4,5,6,7,8,10,13,14,20
2013-07-28,18:00,3203,4,2,5,6,9,10,15,17,18,19,20
2013-07-28,19:00,3204,18,1,2,3,5,7,8,11,17,18,19
2013-07-28,20:00,3205,18,2,3,4,7,8,11,12,13,16,20
2013-07-28,21:00,3206,14,3,5,8,9,10,12,13,18,19,20
2013-07-28,22:00,3207,1,1,4,5,6,7,8,10,14,16,18
2013-07-28,23:00,3208,7,1,2,3,5,7,12,13,14,15,18
2013-07-29,07:00,3209,11,3,4,6,7,8,9,12,13,16,17
2013-07-29,08:00,3210,7,2,3,4,8,11,12,13,15,19,20
2013-07-29,09:00,3211,7,1,4,5,6,7,10,11,15,17,20
2013-07-29,10:00,3212,20,1,2,4,8,10,12,13,18,19,20
2013-07-29,11:00,3213,7,1,2,3,4,7,8,13,17,18,19
2013-07-29,12:00,3214,10,1,9,10,12,13,14,15,16,17,20
2013-07-29,13:00,3215,2,1,2,3,7,9,10,13,17,18,19
2013-07-29,14:00,3216,18,2,3,6,8,9,10,14,15,16,18
2013-07-29,15:00,3217,20,1,2,3,7,10,12,13,15,18,19
2013-07-29,16:00,3218,19,2,4,5,7,9,12,13,16,19,20
2013-07-29,17:00,3219,2,3,4,5,8,10,12,14,17,18,19
2013-07-29,18:00,3220,13,1,2,5,7,10,11,14,17,18,20
2013-07-29,19:00,3221,2,3,4,5,6,7,8,10,12,13,19
2013-07-29,20:00,3222,15,3,4,7,9,10,12,13,15,17,18
2013-07-29,21:00,3223,17,1,3,4,7,9,10,12,14,18,19
2013-07-29,22:00,3224,20,3,4,5,6,8,9,11,12,15,16
2013-07-29,23:00,3225,10,1,2,4,5,6,7,11,13,16,19
2013-07-30,07:00,3226,17,1,2,3,6,8,10,12,15,16,19
2013-07-30,08:00,3227,2,1,3,7,11,13,14,15,16,18,19
2013-07-30,09:00,3228,2,1,3,4,7,8,10,12,14,19,20
2013-07-30,10:00,3229,19,1,3,5,8,9,10,13,15,17,19
2013-07-30,11:00,3230,14,4,5,7,9,13,14,16,17,18,19
2013-07-30,12:00,3231,11,2,4,6,7,8,9,11,14,16,17
2013-07-30,13:00,3232,7,3,4,5,6,7,9,10,13,14,18
2013-07-30,14:00,3233,3,1,3,4,5,8,9,11,12,14,19
2013-07-30,15:00,3234,16,2,3,5,7,8,9,10,12,13,15
2013-07-30,16:00,3235,15,1,7,8,11,12,16,17,18,19,20
2013-07-30,17:00,3236,18,3,6,9,10,11,12,13,15,17,19
2013-07-30,18:00,3237,8,1,2,3,4,5,6,8,10,13,18
2013-07-30,19:00,3238,8,1,2,4,6,7,8,11,14,15,16
2013-07-30,20:00,3239,11,2,3,5,6,7,8,10,13,16,19
2013-07-30,21:00,3240,5,2,5,9,10,12,13,16,17,19,20
2013-07-30,22:00,3241,7,1,3,4,5,7,8,12,14,16,19
2013-07-30,23:00,3242,20,2,3,4,6,9,11,12,14,17,19
2013-07-31,07:00,3243,16,2,4,6,8,10,12,14,16,18,19
2013-07-31,08:00,3244,7,2,3,4,5,11,13,15,16,17,20
2013-07-31,09:00,3245,9,3,4,6,7,9,11,14,17,18,19
2013-07-31,10:00,3246,15,1,2,6,7,8,10,13,18,19,20
2013-07-31,11:00,3247,11,2,5,7,8,11,12,13,15,18,19
2013-07-31,12:00,3248,6,2,3,6,7,10,11,12,14,17,18
2013-07-31,13:00,3249,10,4,5,8,9,10,13,16,18,19,20
2013-07-31,14:00,3250,14,4,5,6,10,12,14,15,17,18,20
2013-07-31,15:00,3251,2,1,2,3,5,9,11,12,17,18,19
2013-07-31,16:00,3252,7,3,5,6,7,13,15,16,18,19,20
2013-07-31,17:00,3253,7,3,5,7,8,10,11,12,14,16,17
2013-07-31,18:00,3254,1,6,7,8,9,10,11,14,16,17,20
2013-07-31,19:00,3255,6,3,5,6,7,11,13,14,17,18,20
2013-07-31,20:00,3256,19,2,6,7,8,12,13,14,15,16,20
2013-07-31,21:00,3257,14,1,4,5,12,13,15,16,17,18,19
2013-07-31,22:00,3258,5,1,3,7,9,11,12,14,15,16,19
2013-07-31,23:00,3259,11,1,2,3,7,10,13,16,17,18,20
2013-08-01,07:00,3260,1,1,2,3,7,8,11,13,15,17,18
2013-08-01,08:00,3261,2,1,2,5,9,10,11,13,15,17,19
2013-08-01,09:00,3262,20,6,9,13,14,15,16,17,18,19,20
2013-08-01,10:00,3263,1,1,2,4,9,10,11,12,15,18,20
2013-08-01,11:00,3264,19,2,4,6,9,10,12,13,14,15,18
2013-08-01,12:00,3265,3,2,3,5,7,9,10,11,13,18,19
2013-08-01,13:00,3266,17,2,3,4,5,7,10,15,17,19,20
2013-08-01,14:00,3267,8,1,2,4,9,12,14,15,17,19,20
2013-08-01,15:00,3268,7,1,2,3,4,6,10,11,12,16,20
2013-08-01,16:00,3269,15,2,3,4,6,11,13,16,18,19,20
2013-08-01,17:00,3270,13,1,3,5,7,9,10,13,15,17,19
2013-08-01,18:00,3271,1,1,4,6,8,10,11,14,17,18,19
2013-08-01,19:00,3272,1,5,7,9,10,12,13,15,16,18,19
2013-08-01,20:00,3273,7,2,4,5,7,8,9,12,17,18,20
2013-08-01,21:00,3274,8,2,3,6,8,9,10,11,15,18,19
2013-08-01,22:00,3275,4,1,6,7,9,10,11,14,15,18,19
2013-08-01,23:00,3276,11,4,5,6,8,9,11,13,14,15,18
2013-08-02,07:00,3277,3,1,2,3,7,11,12,13,16,17,19
2013-08-02,08:00,3278,8,2,3,5,6,9,10,12,14,16,18
2013-08-02,09:00,3279,1,1,2,3,6,10,12,13,15,16,19
2013-08-02,10:00,3280,11,4,5,6,8,9,12,14,15,19,20
2013-08-02,11:00,3281,7,1,2,4,5,6,7,10,12,18,19
2013-08-02,12:00,3282,3,1,2,5,8,9,13,14,17,19,20
2013-08-02,13:00,3283,14,2,3,4,5,7,9,10,13,15,18
2013-08-02,14:00,3284,7,2,3,6,8,9,11,13,15,16,17
2013-08-02,15:00,3285,3,2,3,4,7,9,10,13,15,16,17
2013-08-02,16:00,3286,12,1,3,4,8,9,10,13,18,19,20
2013-08-02,17:00,3287,14,1,2,3,4,6,7,10,13,16,18
2013-08-02,18:00,3288,12,2,3,4,5,6,7,9,12,14,19
2013-08-02,19:00,3289,14,1,3,4,6,9,10,13,14,15,17
2013-08-02,20:00,3290,3,2,5,7,10,11,12,14,16,17,19
2013-08-02,21:00,3291,9,2,5,6,8,10,14,15,17,19,20
2013-08-02,22:00,3292,5,2,4,5,10,13,14,15,16,19,20
2013-08-02,23:00,3293,12,1,2,3,7,8,9,11,12,18,20
2013-08-03,07:00,3294,1,1,2,4,5,10,14,15,17,18,19
2013-08-03,08:00,3295,2,2,3,4,7,9,10,11,12,17,20
2013-08-03,09:00,3296,9,1,4,6,10,11,12,14,16,19,20
2013-08-03,10:00,3297,15,1,2,3,4,9,11,16,18,19,20
2013-08-03,11:00,3298,13,4,6,7,9,10,11,12,13,17,19
2013-08-03,12:00,3299,17,2,3,4,5,6,7,8,12,13,18
2013-08-03,13:00,3300,10,1,4,5,6,9,11,12,15,19,20
2013-08-03,14:00,3301,5,1,2,3,4,6,11,14,16,18,20
2013-08-03,15:00,3302,8,5,6,7,9,13,14,16,17,18,19
2013-08-03,16:00,3303,20,3,4,5,6,8,9,13,15,16,17
2013-08-03,17:00,3304,3,1,3,9,10,13,14,15,16,19,20
2013-08-03,18:00,3305,11,3,5,6,7,10,14,15,17,18,20
2013-08-03,19:00,3306,6,1,2,4,8,9,10,11,13,14,16
2013-08-03,20:00,3307,20,4,5,6,8,10,11,12,15,17,18
2013-08-03,21:00,3308,16,1,2,5,10,11,14,16,18,19,20
2013-08-03,22:00,3309,1,1,3,4,6,10,11,12,14,15,20
2013-08-03,23:00,3310,4,1,4,10,12,13,14,15,17,19,20
2013-08-04,07:00,3311,8,1,5,8,9,10,14,17,18,19,20
2013-08-04,08:00,3312,16,4,5,7,10,11,12,15,17,18,19
2013-08-04,09:00,3313,10,1,2,3,7,10,11,12,15,16,20
2013-08-04,10:00,3314,7,1,2,3,4,6,8,9,10,14,16
2013-08-04,11:00,3315,6,3,5,6,7,8,11,14,16,17,18
2013-08-04,12:00,3316,4,2,3,5,7,10,12,15,16,18,20
2013-08-04,13:00,3317,3,1,4,7,8,9,10,13,14,15,20
2013-08-04,14:00,3318,2,2,3,4,7,10,12,13,16,17,18
2013-08-04,15:00,3319,9,1,4,9,10,11,12,13,18,19,20
2013-08-04,16:00,3320,18,1,4,10,13,14,15,16,18,19,20
2013-08-04,17:00,3321,20,1,4,6,7,11,12,13,14,15,18
2013-08-04,18:00,3322,6,4,6,9,10,11,13,15,16,17,18
2013-08-04,19:00,3323,1,1,4,6,8,9,11,13,14,16,19
2013-08-04,20:00,3324,3,1,2,6,10,11,12,13,16,18,20
2013-08-04,21:00,3325,17,2,5,8,11,12,13,15,18,19,20
2013-08-04,22:00,3326,15,1,3,8,9,11,14,15,16,17,20
2013-08-04,23:00,3327,14,3,4,6,7,9,11,13,15,18,20
2013-08-05,07:00,3328,12,1,2,6,10,12,13,14,16,17,20
2013-08-05,08:00,3329,2,1,2,3,4,5,6,8,11,13,19
2013-08-05,09:00,3330,11,1,2,4,5,6,7,8,12,15,20
2013-08-05,10:00,3331,10,3,4,6,7,9,10,13,16,17,19
2013-08-05,11:00,3332,9,2,7,8,9,12,14,15,16,17,19
2013-08-05,12:00,3333,6,2,3,8,11,12,13,14,17,18,19
2013-08-05,13:00,3334,15,4,5,9,10,11,12,13,14,16,20
2013-08-05,14:00,3335,4,2,5,9,10,11,12,13,16,19,20
2013-08-05,15:00,3336,17,2,5,7,10,11,12,13,15,16,17
2013-08-05,16:00,3337,20,3,6,7,9,12,13,14,16,19,20
2013-08-05,17:00,3338,19,1,2,4,5,6,9,10,12,19,20
2013-08-05,18:00,3339,8,1,7,8,9,10,13,14,18,19,20
2013-08-05,19:00,3340,14,1,3,6,10,12,13,14,17,19,20
2013-08-05,20:00,3341,4,1,3,5,6,9,12,13,14,18,20
2013-08-05,21:00,3342,14,1,3,5,6,7,9,11,12,13,17
2013-08-05,22:00,3343,4,3,6,8,9,11,12,14,16,17,20
2013-08-05,23:00,3344,2,1,2,4,5,6,8,10,12,14,18
2013-08-06,07:00,3345,13,2,3,5,9,10,12,13,15,16,18
2013-08-06,08:00,3346,4,1,5,6,9,10,12,13,16,17,20
2013-08-06,09:00,3347,16,1,5,8,10,11,12,13,14,18,20
2013-08-06,10:00,3348,2,1,3,4,9,12,13,14,15,18,19
2013-08-06,11:00,3349,13,1,2,6,7,11,12,14,15,16,20
2013-08-06,12:00,3350,9,1,2,4,5,6,11,13,14,18,19
2013-08-06,13:00,3351,3,1,2,4,6,8,11,13,14,15,19
2013-08-06,14:00,3352,12,2,6,7,11,14,15,17,18,19,20
2013-08-06,15:00,3353,9,1,2,3,5,7,12,13,15,16,20
2013-08-06,16:00,3354,19,1,6,8,9,10,13,16,17,18,19
2013-08-06,17:00,3355,14,1,2,5,6,8,10,11,15,16,17
2013-08-06,18:00,3356,12,1,5,7,8,10,12,15,18,19,20
2013-08-06,19:00,3357,10,1,2,6,9,11,13,14,18,19,20
2013-08-06,20:00,3358,8,1,3,5,6,7,8,9,11,17,18
2013-08-06,21:00,3359,20,1,3,4,6,7,8,16,17,18,20
2013-08-06,22:00,3360,2,3,4,5,6,7,13,14,15,19,20
2013-08-06,23:00,3361,20,2,3,4,5,6,10,13,14,16,17
2013-08-07,07:00,3362,14,2,3,8,10,11,13,15,17,18,19
2013-08-07,08:00,3363,4,1,5,7,8,9,10,13,15,16,20
2013-08-07,09:00,3364,1,2,3,6,7,9,10,11,18,19,20
2013-08-07,10:00,3365,12,1,4,6,7,8,13,14,16,18,19
2013-08-07,11:00,3366,14,4,5,7,8,9,13,14,15,17,19
2013-08-07,12:00,3367,6,2,3,6,7,9,11,13,17,18,19
2013-08-07,13:00,3368,3,1,4,5,6,8,11,12,15,17,20
2013-08-07,14:00,3369,12,2,3,5,6,10,11,12,13,15,19
2013-08-07,15:00,3370,4,1,3,6,7,9,11,15,16,17,19
2013-08-07,16:00,3371,20,1,4,9,10,13,14,15,16,17,20
2013-08-07,17:00,3372,19,1,3,8,11,13,15,16,17,18,19
2013-08-07,18:00,3373,20,1,5,6,10,11,12,13,15,16,20
2013-08-07,19:00,3374,9,1,4,5,7,11,12,13,14,15,17
2013-08-07,20:00,3375,16,2,3,5,7,9,10,11,12,14,17
2013-08-07,21:00,3376,11,1,4,5,7,8,13,16,17,18,20
2013-08-07,22:00,3377,3,1,3,4,7,10,13,14,16,19,20
2013-08-07,23:00,3378,12,1,3,5,6,7,11,13,14,16,17
2013-08-08,07:00,3379,4,2,6,7,10,13,15,16,17,18,19
2013-08-08,08:00,3380,19,4,5,7,11,13,16,17,18,19,20
2013-08-08,09:00,3381,3,1,2,6,7,8,9,12,14,16,18
2013-08-08,10:00,3382,5,1,3,7,10,12,15,16,17,19,20
2013-08-08,11:00,3383,2,1,4,7,8,9,10,13,15,19,20
2013-08-08,12:00,3384,3,8,10,13,14,15,16,17,18,19,20
2013-08-08,13:00,3385,19,1,2,3,4,9,13,14,16,18,19
2013-08-08,14:00,3386,2,3,4,6,7,8,9,14,16,17,19
2013-08-08,15:00,3387,1,1,3,4,6,7,8,9,10,16,19
2013-08-08,16:00,3388,17,2,3,7,8,12,14,15,16,17,18
2013-08-08,17:00,3389,1,2,3,5,6,7,9,10,16,19,20
2013-08-08,18:00,3390,14,1,2,5,6,8,9,13,15,18,19
2013-08-08,19:00,3391,14,1,3,5,6,9,12,14,15,17,18
2013-08-08,20:00,3392,15,1,3,6,7,8,9,11,13,15,20
2013-08-08,21:00,3393,7,1,2,3,8,11,13,14,15,16,17
2013-08-08,22:00,3394,9,1,3,6,7,8,9,10,13,18,20
2013-08-08,23:00,3395,13,1,3,4,6,7,8,11,13,19,20
2013-08-09,07:00,3396,16,1,3,4,6,8,12,14,16,19,20
2013-08-09,08:00,3397,16,1,2,3,4,5,7,9,11,16,17
2013-08-09,09:00,3398,20,2,4,7,8,9,11,12,14,16,19
2013-08-09,10:00,3399,5,2,3,4,7,8,9,14,16,17,18
2013-08-09,11:00,3400,17,2,5,7,9,11,12,13,16,17,18
2013-08-09,12:00,3401,1,1,2,5,7,8,9,10,13,14,16
2013-08-09,13:00,3402,16,2,3,7,9,11,13,16,18,19,20
2013-08-09,14:00,3403,18,6,7,9,10,11,12,14,15,17,20
2013-08-09,15:00,3404,2,1,5,7,8,9,12,17,18,19,20
2013-08-09,16:00,3405,9,1,2,5,7,11,13,14,16,17,19
2013-08-09,17:00,3406,3,2,3,5,6,8,14,15,16,17,19
2013-08-09,18:00,3407,8,2,4,5,6,11,12,13,16,18,20
2013-08-09,19:00,3408,10,1,2,4,6,9,10,15,17,18,19
2013-08-09,20:00,3409,2,3,7,11,13,14,16,17,18,19,20
2013-08-09,21:00,3410,17,1,3,4,5,6,9,16,18,19,20
2013-08-09,22:00,3411,5,1,3,6,9,10,11,14,15,19,20
2013-08-09,23:00,3412,19,1,2,3,4,5,7,11,14,18,20
2013-08-10,07:00,3413,10,2,4,7,8,10,12,13,18,19,20
2013-08-10,08:00,3414,15,1,3,6,9,10,11,14,16,18,20
2013-08-10,09:00,3415,8,2,4,8,9,10,14,16,17,18,20
2013-08-10,10:00,3416,13,1,2,3,5,6,9,14,15,17,20
2013-08-10,11:00,3417,14,5,6,7,10,11,12,13,17,18,20
2013-08-10,12:00,3418,10,1,2,3,4,6,9,10,15,16,17
2013-08-10,13:00,3419,19,1,2,7,8,9,10,12,15,16,17
2013-08-10,14:00,3420,2,2,4,7,9,10,11,13,16,17,20
2013-08-10,15:00,3421,15,1,2,3,4,6,7,8,9,12,17
2013-08-10,16:00,3422,14,1,3,4,8,9,11,12,13,17,20
2013-08-10,17:00,3423,1,1,2,8,9,10,11,12,16,17,19
2013-08-10,18:00,3424,6,1,2,3,4,6,10,12,14,17,18
2013-08-10,19:00,3425,9,1,2,3,5,6,7,8,11,12,17
2013-08-10,20:00,3426,15,1,3,6,7,9,11,12,13,15,20
2013-08-10,21:00,3427,20,1,2,3,4,6,9,13,14,18,20
2013-08-10,22:00,3428,13,3,6,7,9,10,11,14,15,18,20
2013-08-10,23:00,3429,6,2,3,6,9,10,11,13,16,18,20
2013-08-11,07:00,3430,20,1,2,3,6,8,11,14,17,19,20
2013-08-11,08:00,3431,5,1,4,6,7,8,11,14,17,18,19
2013-08-11,09:00,3432,1,2,3,4,5,6,9,11,15,16,17
2013-08-11,10:00,3433,11,1,2,4,6,8,13,14,16,17,19
2013-08-11,11:00,3434,11,1,5,7,8,9,11,16,18,19,20
2013-08-11,12:00,3435,11,1,2,4,6,8,9,12,14,15,18
2013-08-11,13:00,3436,19,1,4,7,12,14,15,16,18,19,20
2013-08-11,14:00,3437,16,2,3,4,5,6,7,9,11,16,19
2013-08-11,15:00,3438,17,2,3,4,7,9,11,12,16,19,20
2013-08-11,16:00,3439,1,3,6,7,8,9,10,11,12,14,19
2013-08-11,17:00,3440,3,1,3,5,6,11,12,15,17,19,20
2013-08-11,18:00,3441,15,2,6,8,9,11,12,17,18,19,20
2013-08-11,19:00,3442,3,2,5,9,10,11,12,13,16,19,20
2013-08-11,20:00,3443,11,1,2,6,8,13,15,16,17,18,20
2013-08-11,21:00,3444,2,5,9,10,11,12,13,14,15,16,20
2013-08-11,22:00,3445,10,2,4,5,7,8,12,13,14,15,16
2013-08-11,23:00,3446,1,6,7,9,10,13,15,16,17,19,20
2013-08-12,07:00,3447,18,2,3,7,8,10,11,16,17,18,20
2013-08-12,08:00,3448,1,4,8,10,12,13,14,15,16,17,20
2013-08-12,09:00,3449,17,1,3,5,6,7,8,10,11,15,18
2013-08-12,10:00,3450,20,1,2,3,7,10,12,15,16,17,20
2013-08-12,11:00,3451,14,1,6,9,11,12,13,14,15,16,20
2013-08-12,12:00,3452,6,1,2,3,4,6,8,9,10,11,20
2013-08-12,13:00,3453,18,2,5,7,8,10,12,13,15,16,20
2013-08-12,14:00,3454,13,1,4,5,6,7,8,9,11,18,19
2013-08-12,15:00,3455,9,1,2,6,7,8,9,10,13,14,18
2013-08-12,16:00,3456,15,1,2,3,4,7,9,13,14,17,19
2013-08-12,17:00,3457,7,1,8,9,12,13,15,16,17,19,20
2013-08-12,18:00,3458,20,2,3,7,8,9,10,15,17,18,20
2013-08-12,19:00,3459,9,5,6,7,11,12,14,15,17,19,20
2013-08-12,20:00,3460,2,2,3,5,6,9,12,13,14,15,17
2013-08-12,21:00,3461,12,1,2,3,4,8,11,13,18,19,20
2013-08-12,22:00,3462,6,1,4,7,8,9,10,14,17,19,20
2013-08-12,23:00,3463,17,1,2,3,6,9,12,13,15,16,19
2013-08-13,07:00,3464,17,1,5,6,7,8,9,13,14,18,20
2013-08-13,08:00,3465,1,5,6,8,9,13,14,16,18,19,20
2013-08-13,09:00,3466,19,1,3,4,6,7,13,15,16,17,18
2013-08-13,10:00,3467,8,3,6,7,9,10,11,12,13,15,18
2013-08-13,11:00,3468,12,1,3,4,6,7,10,13,15,18,19
2013-08-13,12:00,3469,1,1,2,3,5,8,11,12,13,17,18
2013-08-13,13:00,3470,4,2,3,4,11,12,13,16,17,18,19
2013-08-13,14:00,3471,6,3,5,6,7,11,13,14,18,19,20
2013-08-13,15:00,3472,16,1,2,3,7,8,11,13,15,16,20
2013-08-13,16:00,3473,19,3,4,6,10,12,15,16,18,19,20
2013-08-13,17:00,3474,4,1,2,3,4,6,9,12,14,16,19
2013-08-13,18:00,3475,13,1,2,3,7,8,12,15,17,18,20
2013-08-13,19:00,3476,7,2,3,5,6,7,8,11,13,16,19
2013-08-13,20:00,3477,8,6,7,8,11,14,15,16,17,18,20
2013-08-13,21:00,3478,10,1,4,5,7,8,12,15,16,18,20
2013-08-13,22:00,3479,3,3,5,7,8,11,13,14,15,16,19
2013-08-13,23:00,3480,14,4,5,10,11,13,15,16,17,19,20
2013-08-14,07:00,3481,4,1,2,3,6,7,8,9,13,15,19
2013-08-14,08:00,3482,8,2,3,4,9,10,12,13,15,18,20
2013-08-14,09:00,3483,10,3,5,9,11,12,13,16,17,18,19
2013-08-14,10:00,3484,15,2,4,5,6,7,10,11,15,17,19
2013-08-14,11:00,3485,8,1,2,5,9,10,11,12,15,19,20
2013-08-14,12:00,3486,19,2,4,6,7,12,13,14,16,18,20
2013-08-14,13:00,3487,5,3,4,7,8,9,10,12,13,14,18
2013-08-14,14:00,3488,5,1,2,3,4,5,7,10,14,15,18
2013-08-14,15:00,3489,4,2,5,6,7,8,9,10,15,16,19
2013-08-14,16:00,3490,19,4,6,8,10,11,13,14,16,17,18
2013-08-14,17:00,3491,5,1,2,3,8,9,11,12,14,17,19
2013-08-14,18:00,3492,14,1,3,4,5,8,10,16,17,19,20
2013-08-14,19:00,3493,18,2,4,9,11,12,13,14,16,17,20
2013-08-14,20:00,3494,19,1,2,3,4,5,9,10,12,13,19
2013-08-14,21:00,3495,9,2,4,7,8,12,14,16,17,18,20
2013-08-14,22:00,3496,2,2,3,4,10,11,12,13,15,16,19
2013-08-14,23:00,3497,16,1,2,8,9,12,13,15,16,18,20
2013-08-15,07:00,3498,11,1,2,4,5,9,11,14,17,18,20
2013-08-15,08:00,3499,5,1,3,8,9,10,11,12,16,17,19
2013-08-15,09:00,3500,1,1,3,5,8,9,13,15,16,17,19
2013-08-15,10:00,3501,6,4,10,11,12,13,15,16,17,19,20
2013-08-15,11:00,3502,1,1,2,3,6,11,12,13,14,16,18
2013-08-15,12:00,3503,2,2,3,4,6,7,8,9,11,12,19
2013-08-15,13:00,3504,19,2,3,4,6,9,10,13,16,17,20
2013-08-15,14:00,3505,7,1,2,3,4,7,8,9,10,13,19
2013-08-15,15:00,3506,2,4,5,6,7,8,11,12,13,15,19
2013-08-15,16:00,3507,16,3,4,7,8,9,10,11,15,18,19
2013-08-15,17:00,3508,7,1,4,9,10,11,13,15,16,18,20
2013-08-15,18:00,3509,12,2,3,6,9,10,13,15,16,17,19
2013-08-15,19:00,3510,2,1,3,4,7,13,14,16,18,19,20
2013-08-15,20:00,3511,5,2,3,5,6,7,9,10,12,15,18
2013-08-15,21:00,3512,6,4,6,7,8,11,12,13,15,17,19
2013-08-15,22:00,3513,3,3,7,8,9,10,11,14,15,19,20
2013-08-15,23:00,3514,4,1,2,4,7,9,10,11,13,18,19
2013-08-16,07:00,3515,12,1,3,7,11,14,15,17,18,19,20
2013-08-16,08:00,3516,13,2,3,4,5,6,7,8,11,15,19
2013-08-16,09:00,3517,16,1,2,7,9,10,11,12,14,15,16
2013-08-16,10:00,3518,5,3,4,5,8,9,12,13,15,19,20
2013-08-16,11:00,3519,16,3,5,6,8,9,12,16,17,18,20
2013-08-16,12:00,3520,10,1,3,4,5,6,8,10,12,13,16
2013-08-16,13:00,3521,18,1,3,6,7,10,13,15,18,19,20
2013-08-16,14:00,3522,9,1,5,7,9,10,11,12,14,18,20
2013-08-16,15:00,3523,15,2,3,7,8,10,12,14,18,19,20
2013-08-16,16:00,3524,19,4,5,6,9,10,14,16,18,19,20
2013-08-16,17:00,3525,2,1,7,8,11,12,13,14,15,16,18
2013-08-16,18:00,3526,15,2,3,4,5,7,8,16,18,19,20
2013-08-16,19:00,3527,15,2,4,5,6,8,9,13,15,18,19
2013-08-16,20:00,3528,7,1,4,6,7,13,14,15,17,18,19
2013-08-16,21:00,3529,6,2,3,4,6,9,11,12,15,16,20
2013-08-16,22:00,3530,5,1,5,6,7,8,9,13,14,17,18
2013-08-16,23:00,3531,4,2,6,7,8,10,11,12,16,18,20
2013-08-17,07:00,3532,19,1,5,6,9,10,12,16,18,19,20
2013-08-17,08:00,3533,8,1,2,3,4,7,9,10,13,16,19
2013-08-17,09:00,3534,10,2,6,7,8,9,14,15,16,19,20
2013-08-17,10:00,3535,7,3,5,7,8,9,10,11,13,17,20
2013-08-17,11:00,3536,9,3,5,7,10,12,14,15,18,19,20
2013-08-17,12:00,3537,15,3,4,7,9,13,14,16,17,18,19
2013-08-17,13:00,3538,20,1,7,8,10,12,13,14,16,17,19
2013-08-17,14:00,3539,6,3,5,8,10,13,14,16,17,18,19
2013-08-17,15:00,3540,14,1,2,5,6,7,10,14,15,16,18
2013-08-17,16:00,3541,2,2,3,6,10,11,12,13,14,16,20
2013-08-17,17:00,3542,14,1,6,8,10,11,12,13,15,17,19
2013-08-17,18:00,3543,12,1,2,3,7,11,12,14,15,18,19
2013-08-17,19:00,3544,18,1,4,5,6,9,10,11,12,15,20
2013-08-17,20:00,3545,4,1,3,6,8,9,12,14,15,16,20
2013-08-17,21:00,3546,7,1,3,5,6,8,9,14,15,18,19
2013-08-17,22:00,3547,10,2,4,7,9,13,14,15,16,17,19
2013-08-17,23:00,3548,12,3,7,8,9,10,11,12,14,17,19
2013-08-18,07:00,3549,6,1,2,5,7,8,12,13,15,17,20
2013-08-18,08:00,3550,12,3,4,7,8,9,11,14,16,17,18
2013-08-18,09:00,3551,18,1,2,7,8,9,10,13,14,17,20
2013-08-18,10:00,3552,1,1,4,5,6,10,13,14,16,17,20
2013-08-18,11:00,3553,15,1,2,7,8,11,13,14,16,18,19
2013-08-18,12:00,3554,10,1,2,4,5,6,8,11,13,16,19
2013-08-18,13:00,3555,11,2,3,4,5,10,11,12,17,19,20
2013-08-18,14:00,3556,10,2,3,4,5,6,7,9,13,17,18
2013-08-18,15:00,3557,16,2,3,8,9,12,13,14,15,17,20
2013-08-18,16:00,3558,16,5,6,7,10,11,13,14,15,16,20
2013-08-18,17:00,3559,5,2,4,6,7,8,9,11,12,17,18
2013-08-18,18:00,3560,13,2,4,5,6,8,12,15,16,17,19
2013-08-18,19:00,3561,3,1,7,8,10,13,14,16,18,19,20
2013-08-18,20:00,3562,3,1,4,5,6,10,11,13,14,15,17
2013-08-18,21:00,3563,5,2,3,6,11,12,15,16,17,18,20
2013-08-18,22:00,3564,6,1,3,5,6,7,9,13,14,15,20
2013-08-18,23:00,3565,1,2,4,6,8,9,12,13,14,17,20
2013-08-19,07:00,3566,1,2,3,4,5,6,13,14,15,17,18
2013-08-19,08:00,3567,19,3,5,8,9,13,14,16,17,18,19
2013-08-19,09:00,3568,2,4,5,6,7,9,10,11,14,17,20
2013-08-19,10:00,3569,17,1,2,3,5,6,7,12,13,15,18
2013-08-19,11:00,3570,7,1,3,5,8,9,10,11,14,17,18
2013-08-19,12:00,3571,20,1,2,4,8,9,10,16,17,19,20
2013-08-19,13:00,3572,13,3,4,6,10,11,13,14,15,19,20
2013-08-19,14:00,3573,11,1,3,6,7,8,11,12,13,16,17
2013-08-19,15:00,3574,5,1,3,5,6,8,10,11,18,19,20
2013-08-19,16:00,3575,7,2,3,4,9,11,15,16,17,18,19
2013-08-19,17:00,3576,10,1,4,5,6,9,10,12,16,17,20
2013-08-19,18:00,3577,16,2,3,4,6,7,8,11,13,14,18
2013-08-19,19:00,3578,19,4,5,8,9,10,13,14,16,18,19
2013-08-19,20:00,3579,6,1,6,7,8,10,11,12,13,17,18
2013-08-19,21:00,3580,17,1,2,3,6,8,14,15,16,17,19
2013-08-19,22:00,3581,7,1,3,6,9,10,11,12,13,19,20
2013-08-19,23:00,3582,15,1,4,6,8,9,11,13,14,16,20
2013-08-20,07:00,3583,5,5,7,8,10,11,12,14,15,16,18
2013-08-20,08:00,3584,1,2,4,5,6,8,9,13,15,18,20
2013-08-20,09:00,3585,11,2,3,4,5,6,7,13,14,17,18
2013-08-20,10:00,3586,6,1,2,3,4,7,9,13,14,15,16
2013-08-20,11:00,3587,10,1,2,4,8,9,10,12,14,15,20
2013-08-20,12:00,3588,7,4,5,8,9,10,12,16,18,19,20
2013-08-20,13:00,3589,5,6,7,8,9,10,12,13,16,17,18
2013-08-20,14:00,3590,18,1,3,4,8,14,15,16,18,19,20
2013-08-20,15:00,3591,13,3,4,7,8,9,11,12,14,16,17
2013-08-20,16:00,3592,6,1,3,10,12,13,14,15,16,17,20
2013-08-20,17:00,3593,2,3,4,5,10,11,14,15,16,19,20
2013-08-20,18:00,3594,6,1,6,8,12,14,15,16,17,19,20
2013-08-20,19:00,3595,3,2,6,7,11,12,14,15,18,19,20
2013-08-20,20:00,3596,1,1,2,3,5,6,9,14,17,18,19
2013-08-20,21:00,3597,5,1,3,4,10,11,15,16,18,19,20
2013-08-20,22:00,3598,3,2,4,5,7,8,10,11,12,13,19
2013-08-20,23:00,3599,20,1,3,4,5,6,7,11,13,14,20
2013-08-21,07:00,3600,20,2,3,4,9,13,14,15,17,18,20
2013-08-21,08:00,3601,6,2,3,6,10,14,15,16,17,18,20
2013-08-21,09:00,3602,11,3,6,8,11,12,13,17,18,19,20
2013-08-21,10:00,3603,1,3,5,6,7,8,9,10,12,15,20
2013-08-21,11:00,3604,11,6,7,8,10,12,16,17,18,19,20
2013-08-21,12:00,3605,11,1,2,7,11,12,13,14,16,18,20
2013-08-21,13:00,3606,7,1,3,4,5,10,14,15,16,17,19
2013-08-21,14:00,3607,3,4,6,7,10,12,14,15,16,19,20
2013-08-21,15:00,3608,19,1,4,9,10,11,12,13,16,17,18
2013-08-21,16:00,3609,12,3,4,7,8,9,10,12,14,18,19
2013-08-21,17:00,3610,17,1,2,3,6,7,8,9,12,14,17
2013-08-21,18:00,3611,4,1,2,5,6,10,12,14,16,17,20
2013-08-21,19:00,3612,8,1,2,3,5,6,7,8,12,15,18
2013-08-21,20:00,3613,5,1,3,6,10,12,13,16,17,18,19
2013-08-21,21:00,3614,1,6,7,8,11,12,13,14,16,18,20
2013-08-21,22:00,3615,5,2,4,5,6,7,11,12,13,17,19
2013-08-21,23:00,3616,14,3,5,6,7,8,10,15,16,17,20
2013-08-22,07:00,3617,12,1,2,3,6,10,11,12,14,17,20
2013-08-22,08:00,3618,15,3,4,10,11,12,13,14,15,16,20
2013-08-22,09:00,3619,5,2,5,6,7,8,9,10,11,17,18
2013-08-22,10:00,3620,14,1,2,3,7,9,10,11,13,14,16
2013-08-22,11:00,3621,6,1,3,4,6,9,10,12,14,15,19
2013-08-22,12:00,3622,2,2,4,5,6,7,11,13,15,18,19
2013-08-22,13:00,3623,15,4,5,6,7,8,11,15,16,17,20
2013-08-22,14:00,3624,1,1,3,4,8,10,12,16,17,18,19
2013-08-22,15:00,3625,10,5,6,7,8,11,12,13,15,16,19
2013-08-22,16:00,3626,17,3,4,5,8,9,10,12,13,18,19
2013-08-22,17:00,3627,8,2,3,4,8,9,11,12,16,17,18
2013-08-22,18:00,3628,18,5,10,12,13,14,16,17,18,19,20
2013-08-22,19:00,3629,13,3,10,11,13,14,15,17,18,19,20
2013-08-22,20:00,3630,18,1,3,7,8,10,11,13,15,16,17
2013-08-22,21:00,3631,2,2,4,5,8,10,14,15,17,19,20
2013-08-22,22:00,3632,2,1,2,6,8,9,11,15,17,19,20
2013-08-22,23:00,3633,14,4,5,6,8,9,11,16,17,19,20
2013-08-23,07:00,3634,7,5,6,7,8,10,12,14,15,17,19
2013-08-23,08:00,3635,3,1,3,5,6,8,10,14,16,17,18
2013-08-23,09:00,3636,3,2,4,5,7,9,11,13,15,16,17
2013-08-23,10:00,3637,15,2,5,6,8,9,10,11,13,15,19
2013-08-23,11:00,3638,3,1,2,3,5,7,9,10,17,18,20
2013-08-23,12:00,3639,7,2,6,7,8,9,10,11,12,16,17
2013-08-23,13:00,3640,1,1,4,5,7,10,11,13,14,15,20
2013-08-23,14:00,3641,14,2,4,7,10,11,15,16,17,19,20
2013-08-23,15:00,3642,4,1,2,3,5,6,9,12,14,15,16
2013-08-23,16:00,3643,10,1,4,6,7,8,9,12,14,16,20
2013-08-23,17:00,3644,4,1,2,4,5,7,9,11,12,15,19
2013-08-23,18:00,3645,5,1,2,4,5,8,9,10,11,16,19
2013-08-23,19:00,3646,20,2,3,5,6,7,8,13,15,17,19
2013-08-23,20:00,3647,5,4,7,8,9,11,12,13,14,15,20
2013-08-23,21:00,3648,19,5,6,7,10,11,13,14,16,17,18
2013-08-23,22:00,3649,4,2,3,4,6,8,11,13,16,17,18
2013-08-23,23:00,3650,16,2,7,10,12,13,14,15,16,17,20
2013-08-24,07:00,3651,14,2,3,4,5,6,7,10,13,15,19
2013-08-24,08:00,3652,19,2,3,4,6,7,8,11,13,14,17
2013-08-24,09:00,3653,18,1,3,6,8,10,11,12,15,16,20
2013-08-24,10:00,3654,19,1,2,3,7,9,10,12,13,14,15
2013-08-24,11:00,3655,12,3,4,5,7,8,11,12,14,17,20
2013-08-24,12:00,3656,16,1,3,7,8,12,15,16,17,18,20
2013-08-24,13:00,3657,16,2,4,6,7,8,10,11,12,16,19
2013-08-24,14:00,3658,4,3,5,6,7,8,9,10,11,17,19
2013-08-24,15:00,3659,20,1,2,3,4,6,8,13,17,18,20
2013-08-24,16:00,3660,12,1,5,6,8,9,12,13,15,17,19
2013-08-24,17:00,3661,11,3,6,8,9,10,14,16,17,18,19
2013-08-24,18:00,3662,20,1,3,4,8,13,14,17,18,19,20
2013-08-24,19:00,3663,16,4,5,7,8,9,14,15,18,19,20
2013-08-24,20:00,3664,12,1,6,7,8,10,11,12,15,18,19
2013-08-24,21:00,3665,5,1,4,5,6,7,8,12,13,14,17
2013-08-24,22:00,3666,3,1,2,3,4,8,10,14,15,16,19
2013-08-24,23:00,3667,10,4,6,10,12,13,14,17,18,19,20
2013-08-25,07:00,3668,5,1,3,4,8,9,10,11,16,17,19
2013-08-25,08:00,3669,7,2,3,4,8,9,13,14,15,16,19
2013-08-25,09:00,3670,19,1,6,8,9,11,12,13,17,18,20
2013-08-25,10:00,3671,10,2,4,6,9,10,13,14,16,18,19
2013-08-25,11:00,3672,3,1,2,3,7,8,10,12,16,17,18
2013-08-25,12:00,3673,6,1,2,4,8,9,11,12,18,19,20
2013-08-25,13:00,3674,13,1,2,5,6,7,11,13,18,19,20
2013-08-25,14:00,3675,4,2,5,7,8,9,10,12,13,18,19
2013-08-25,15:00,3676,12,2,3,7,8,11,14,15,16,19,20
2013-08-25,16:00,3677,14,1,3,4,6,7,9,11,14,16,20
2013-08-25,17:00,3678,7,2,5,10,11,14,15,16,18,19,20
2013-08-25,18:00,3679,6,1,3,5,6,8,9,15,16,17,20
2013-08-25,19:00,3680,16,1,2,6,7,9,11,12,15,16,17
2013-08-25,20:00,3681,17,2,3,4,7,10,11,12,14,15,18
2013-08-25,21:00,3682,2,3,4,5,6,7,15,17,18,19,20
2013-08-25,22:00,3683,2,1,4,8,9,10,13,14,15,16,20
2013-08-25,23:00,3684,16,1,2,7,8,11,13,14,16,17,18
2013-08-26,07:00,3685,5,1,2,5,7,8,9,13,14,17,18
2013-08-26,08:00,3686,6,2,4,5,7,9,12,13,16,17,18
2013-08-26,09:00,3687,17,1,2,8,9,11,12,13,16,18,19
2013-08-26,10:00,3688,18,2,3,7,8,9,10,12,15,16,19
2013-08-26,11:00,3689,17,1,2,3,4,7,9,10,11,13,20
2013-08-26,12:00,3690,10,2,3,4,5,9,11,13,14,18,20
2013-08-26,13:00,3691,7,2,4,5,6,11,12,15,16,17,18
2013-08-26,14:00,3692,1,4,7,10,11,12,14,15,16,19,20
2013-08-26,15:00,3693,13,1,3,5,10,12,14,16,18,19,20
2013-08-26,16:00,3694,11,2,4,5,8,9,12,13,16,17,19
2013-08-26,17:00,3695,19,1,2,3,4,9,10,11,16,17,20
2013-08-26,18:00,3696,16,3,4,5,7,10,11,14,15,16,20
2013-08-26,19:00,3697,15,2,3,6,7,10,13,14,17,19,20
2013-08-26,20:00,3698,8,2,3,6,7,9,14,15,16,18,19
2013-08-26,21:00,3699,10,5,7,8,9,10,11,12,14,18,19
2013-08-26,22:00,3700,1,1,2,5,7,8,13,15,17,18,20
2013-08-26,23:00,3701,17,4,5,6,9,10,13,17,18,19,20
2013-08-27,07:00,3702,3,3,4,5,7,11,12,15,17,18,19
2013-08-27,08:00,3703,18,5,7,9,11,12,14,15,17,18,19
2013-08-27,09:00,3704,18,3,4,5,6,11,12,13,15,18,20
2013-08-27,10:00,3705,10,1,3,4,5,7,8,9,12,15,19
2013-08-27,11:00,3706,5,2,3,5,6,7,10,16,17,18,20
2013-08-27,12:00,3707,5,1,2,5,7,11,12,16,17,19,20
2013-08-27,13:00,3708,10,1,2,3,4,5,12,13,15,17,20
2013-08-27,14:00,3709,16,4,9,10,11,12,13,14,16,19,20
2013-08-27,15:00,3710,7,1,2,4,5,8,10,11,12,14,20
2013-08-27,16:00,3711,17,1,3,5,9,10,11,12,15,19,20
2013-08-27,17:00,3712,2,2,3,4,5,10,11,12,13,19,20
2013-08-27,18:00,3713,4,1,4,6,8,11,13,16,17,19,20
2013-08-27,19:00,3714,14,1,7,8,13,15,16,17,18,19,20
2013-08-27,20:00,3715,11,1,2,3,4,7,9,10,12,15,19
2013-08-27,21:00,3716,3,1,4,5,6,8,11,14,15,16,19
2013-08-27,22:00,3717,4,1,3,6,8,9,12,15,17,18,20
2013-08-27,23:00,3718,17,2,5,8,9,10,11,12,15,16,20
2013-08-28,07:00,3719,5,4,6,7,9,11,12,13,14,19,20
2013-08-28,08:00,3720,8,1,4,6,7,9,12,14,15,16,20
2013-08-28,09:00,3721,14,3,4,6,7,8,9,14,17,18,20
2013-08-28,10:00,3722,18,1,2,3,4,5,8,10,12,16,19
2013-08-28,11:00,3723,9,2,3,4,5,8,10,15,16,17,20
2013-08-28,12:00,3724,10,1,2,6,8,11,12,14,15,17,18
2013-08-28,13:00,3725,6,1,2,3,5,6,9,13,14,19,20
2013-08-28,14:00,3726,17,3,5,6,9,11,12,13,15,18,19
2013-08-28,15:00,3727,5,2,3,6,9,10,11,12,13,14,19
2013-08-28,16:00,3728,3,3,4,5,6,7,8,9,14,18,19
2013-08-28,17:00,3729,13,3,4,5,6,7,11,12,13,14,15
2013-08-28,18:00,3730,6,1,2,3,6,8,9,13,14,16,18
2013-08-28,19:00,3731,11,2,3,7,10,12,13,14,15,16,19
2013-08-28,20:00,3732,6,1,2,4,6,7,8,9,10,15,18
2013-08-28,21:00,3733,4,2,3,4,6,7,10,11,13,14,17
2013-08-28,22:00,3734,11,3,6,7,8,9,10,15,16,17,20
2013-08-28,23:00,3735,16,2,4,5,7,8,9,12,14,15,17
2013-08-29,07:00,3736,18,3,4,6,7,9,10,11,12,15,19
2013-08-29,08:00,3737,1,2,3,6,7,12,13,16,17,18,19
2013-08-29,09:00,3738,6,1,2,7,8,9,11,12,13,14,20
2013-08-29,10:00,3739,4,1,3,4,6,7,8,11,13,15,18
2013-08-29,11:00,3740,20,1,2,3,6,9,10,12,13,19,20
2013-08-29,12:00,3741,15,1,6,8,11,12,13,14,16,19,20
2013-08-29,13:00,3742,13,1,2,8,10,12,14,15,16,17,18
2013-08-29,14:00,3743,6,1,7,10,11,12,14,15,16,17,19
2013-08-29,15:00,3744,14,3,4,5,6,7,9,14,18,19,20
2013-08-29,16:00,3745,4,1,2,3,9,11,12,13,18,19,20
2013-08-29,17:00,3746,15,1,2,3,4,6,9,13,15,16,20
2013-08-29,18:00,3747,13,2,4,6,9,11,12,15,16,19,20
2013-08-29,19:00,3748,8,3,4,6,7,8,11,13,17,18,19
2013-08-29,20:00,3749,17,2,4,5,6,12,13,15,16,18,19
2013-08-29,21:00,3750,11,1,4,5,6,7,8,10,14,18,19
2013-08-29,22:00,3751,10,2,3,4,5,6,7,8,12,13,15
2013-08-29,23:00,3752,9,1,5,6,8,10,12,13,16,17,20
2013-08-30,07:00,3753,8,2,6,8,9,11,13,16,17,19,20
2013-08-30,08:00,3754,9,1,2,4,5,8,13,14,15,16,19
2013-08-30,09:00,3755,11,1,2,3,4,7,8,10,15,18,19
2013-08-30,10:00,3756,11,1,2,4,5,7,10,11,15,16,19
2013-08-30,11:00,3757,1,5,6,8,10,11,13,14,15,19,20
2013-08-30,12:00,3758,14,2,7,9,12,14,15,16,17,18,19
2013-08-30,13:00,3759,3,2,4,5,6,10,11,12,17,18,20
2013-08-30,14:00,3760,18,2,4,5,6,8,12,14,15,17,19
2013-08-30,15:00,3761,14,2,3,4,6,7,9,10,17,19,20
2013-08-30,16:00,3762,20,1,5,6,7,9,11,13,15,16,17
2013-08-30,17:00,3763,1,1,3,6,8,9,10,13,14,18,20
2013-08-30,18:00,3764,17,1,2,5,9,10,12,13,18,19,20
2013-08-30,19:00,3765,3,2,3,7,8,10,11,13,14,15,17
2013-08-30,20:00,3766,13,5,6,8,9,10,13,14,15,18,19
2013-08-30,21:00,3767,3,3,4,5,7,10,14,16,18,19,20
2013-08-30,22:00,3768,4,3,4,7,10,11,12,15,17,18,20
2013-08-30,23:00,3769,7,2,6,8,9,10,12,13,14,15,17
2013-08-31,07:00,3770,6,1,3,8,11,12,15,16,18,19,20
2013-08-31,08:00,3771,4,1,3,6,9,10,12,17,18,19,20
2013-08-31,09:00,3772,9,3,4,6,9,11,15,16,17,18,19
2013-08-31,10:00,3773,10,2,4,6,7,12,13,14,15,19,20
2013-08-31,11:00,3774,12,2,5,6,8,10,12,14,16,17,19
2013-08-31,12:00,3775,18,1,2,6,7,10,14,15,16,18,20
2013-08-31,13:00,3776,4,1,3,4,6,11,12,14,15,18,19
2013-08-31,14:00,3777,9,1,2,7,9,11,14,15,16,18,20
2013-08-31,15:00,3778,16,1,4,5,6,8,9,10,13,17,19
2013-08-31,16:00,3779,3,1,2,3,4,6,10,11,14,16,17
2013-08-31,17:00,3780,13,1,6,7,8,13,14,15,16,18,19
2013-08-31,18:00,3781,10,3,4,5,8,9,10,11,14,18,20
2013-08-31,19:00,3782,14,2,3,5,6,7,8,9,13,14,15
2013-08-31,20:00,3783,19,1,7,8,10,11,12,14,18,19,20
2013-08-31,21:00,3784,19,1,2,3,5,6,8,10,18,19,20
2013-08-31,22:00,3785,16,1,2,5,7,9,10,11,14,17,20
2013-08-31,23:00,3786,11,1,2,4,8,10,14,16,17,18,20
2013-09-01,07:00,3787,2,1,3,5,7,9,10,11,15,16,20
2013-09-01,08:00,3788,19,1,3,6,8,9,13,14,16,17,20
2013-09-01,09:00,3789,15,1,2,5,10,11,13,15,17,18,20
2013-09-01,10:00,3790,15,2,4,5,6,7,9,13,15,17,20
2013-09-01,11:00,3791,18,1,5,6,7,8,12,14,17,18,20
2013-09-01,12:00,3792,4,2,3,5,6,7,12,13,14,15,18
2013-09-01,13:00,3793,14,2,3,7,8,9,10,11,12,17,19
2013-09-01,14:00,3794,4,1,3,6,7,9,10,13,15,16,18
2013-09-01,15:00,3795,11,1,2,4,5,8,9,12,13,16,17
2013-09-01,16:00,3796,3,2,3,6,7,8,12,13,15,18,20
2013-09-01,17:00,3797,16,3,4,8,10,11,12,13,17,18,19
2013-09-01,18:00,3798,12,1,4,9,10,11,12,13,14,15,18
2013-09-01,19:00,3799,12,4,5,6,7,9,10,13,14,17,19
2013-09-01,20:00,3800,18,1,3,4,7,10,12,15,16,17,18
2013-09-01,21:00,3801,7,2,3,5,8,9,12,13,14,18,20
2013-09-01,22:00,3802,10,2,3,5,10,11,12,13,16,17,20
2013-09-01,23:00,3803,10,1,3,4,6,10,11,12,14,15,19
2013-09-02,07:00,3804,18,1,3,4,5,6,7,8,10,12,20
2013-09-02,08:00,3805,9,1,2,4,5,7,8,9,10,15,18
2013-09-02,09:00,3806,5,2,4,5,6,7,11,12,14,16,20
2013-09-02,10:00,3807,18,2,5,7,10,11,12,15,16,18,20
2013-09-02,11:00,3808,5,3,4,6,7,10,13,14,18,19,20
2013-09-02,12:00,3809,10,1,3,6,8,11,13,15,16,17,19
2013-09-02,13:00,3810,11,4,5,6,8,13,14,15,17,18,20
2013-09-02,14:00,3811,16,1,3,4,5,6,7,8,15,16,20
2013-09-02,15:00,3812,1,4,7,8,10,11,12,13,14,17,19
2013-09-02,16:00,3813,7,1,2,3,5,7,8,9,12,14,19
2013-09-02,17:00,3814,7,1,6,10,11,12,13,14,17,19,20
2013-09-02,18:00,3815,13,1,2,4,7,8,10,14,15,17,20
2013-09-02,19:00,3816,20,4,6,9,13,14,15,16,17,19,20
2013-09-02,20:00,3817,15,2,6,9,11,12,13,16,17,19,20
2013-09-02,21:00,3818,17,3,4,7,12,14,15,16,18,19,20
2013-09-02,22:00,3819,4,4,6,7,8,10,13,14,15,17,18
2013-09-02,23:00,3820,11,2,4,6,7,10,11,12,13,16,20
2013-09-03,07:00,3821,16,2,5,6,7,8,9,13,14,18,20
2013-09-03,08:00,3822,4,3,4,5,6,8,10,11,12,18,19
2013-09-03,09:00,3823,12,1,3,4,5,9,10,14,16,17,20
2013-09-03,10:00,3824,13,1,2,5,7,8,10,12,14,15,16
2013-09-03,11:00,3825,8,3,4,5,10,11,14,16,17,19,20
2013-09-03,12:00,3826,10,6,7,8,9,11,12,13,15,19,20
2013-09-03,13:00,3827,13,2,3,5,6,8,11,12,13,14,16
2013-09-03,14:00,3828,16,1,2,3,5,9,12,14,18,19,20
2013-09-03,15:00,3829,3,1,2,4,6,8,9,10,11,13,18
2013-09-03,16:00,3830,18,1,4,5,6,9,10,12,13,14,18
2013-09-03,17:00,3831,8,3,4,6,8,13,14,16,17,19,20
2013-09-03,18:00,3832,18,1,4,6,7,11,13,14,16,19,20
2013-09-03,19:00,3833,18,1,4,7,8,9,10,11,16,17,19
2013-09-03,20:00,3834,1,1,2,4,5,8,9,10,14,16,18
2013-09-03,21:00,3835,1,1,3,7,10,11,12,16,17,18,19
2013-09-03,22:00,3836,20,1,6,7,10,13,15,17,18,19,20
2013-09-03,23:00,3837,11,5,8,9,11,13,15,16,18,19,20
2013-09-04,07:00,3838,8,2,5,6,7,8,9,10,12,15,16
2013-09-04,08:00,3839,3,1,4,7,8,10,11,13,14,15,17
2013-09-04,09:00,3840,5,1,7,10,11,12,13,14,15,16,19
2013-09-04,10:00,3841,11,5,6,8,10,11,12,13,18,19,20
2013-09-04,11:00,3842,12,1,2,3,4,8,9,13,15,17,19
2013-09-04,12:00,3843,3,3,6,9,11,12,13,14,15,18,19
2013-09-04,13:00,3844,2,1,2,4,6,9,10,13,16,19,20
2013-09-04,14:00,3845,6,2,4,5,7,11,13,15,18,19,20
2013-09-04,15:00,3846,7,1,4,7,8,9,10,11,15,17,20
2013-09-04,16:00,3847,3,1,3,4,6,7,10,12,15,16,18
2013-09-04,17:00,3848,14,1,4,5,6,7,9,10,15,19,20
2013-09-04,18:00,3849,14,1,2,4,6,7,9,12,15,19,20
2013-09-04,19:00,3850,11,2,3,4,7,8,10,13,15,16,18
2013-09-04,20:00,3851,2,1,2,5,7,9,11,15,16,17,19
2013-09-04,21:00,3852,1,1,2,3,5,9,13,15,17,19,20
2013-09-04,22:00,3853,5,2,3,6,8,9,11,15,17,18,19
2013-09-04,23:00,3854,17,3,4,5,6,8,10,13,16,17,19
2013-09-05,07:00,3855,6,4,5,7,8,10,12,15,17,19,20
2013-09-05,08:00,3856,19,2,3,4,5,9,10,11,13,18,20
2013-09-05,09:00,3857,11,2,4,9,10,12,13,14,15,17,19
2013-09-05,10:00,3858,7,1,2,3,5,6,13,14,15,17,18
2013-09-05,11:00,3859,9,3,7,9,10,11,14,16,17,18,19
2013-09-05,12:00,3860,7,2,4,6,9,10,11,12,13,15,16
2013-09-05,13:00,3861,4,2,3,4,9,11,12,13,17,19,20
2013-09-05,14:00,3862,18,2,3,4,5,6,10,11,14,16,18
2013-09-05,15:00,3863,6,1,4,6,8,10,13,14,15,18,19
2013-09-05,16:00,3864,9,3,4,5,7,8,9,12,13,15,20
2013-09-05,17:00,3865,7,4,6,7,8,11,13,15,16,17,18
2013-09-05,18:00,3866,6,2,3,4,8,9,10,11,14,18,20
2013-09-05,19:00,3867,2,1,2,6,7,8,9,10,13,16,19
2013-09-05,20:00,3868,5,3,4,6,7,10,11,12,14,19,20
2013-09-05,21:00,3869,4,1,3,4,6,9,11,13,14,15,16
2013-09-05,22:00,3870,14,1,4,6,7,10,15,16,18,19,20
2013-09-05,23:00,3871,5,1,3,5,8,10,11,12,17,19,20
2013-09-06,07:00,3872,4,3,5,6,8,10,13,17,18,19,20
2013-09-06,08:00,3873,4,2,4,6,7,8,12,15,16,17,18
2013-09-06,09:00,3874,20,2,3,5,6,7,9,11,12,15,19
2013-09-06,10:00,3875,7,3,4,5,6,9,10,12,17,18,20
2013-09-06,11:00,3876,20,3,4,5,9,10,12,16,17,18,19
2013-09-06,12:00,3877,16,2,5,6,7,10,11,14,17,19,20
2013-09-06,13:00,3878,20,3,4,8,9,12,13,14,16,17,19
2013-09-06,14:00,3879,1,1,5,6,8,10,11,13,14,17,18
2013-09-06,15:00,3880,10,1,2,3,4,6,9,11,16,18,20
2013-09-06,16:00,3881,16,1,4,5,6,8,10,12,13,17,18
2013-09-06,17:00,3882,1,4,6,8,9,10,13,14,15,16,19
2013-09-06,18:00,3883,12,2,6,8,10,13,16,17,18,19,20
2013-09-06,19:00,3884,19,2,4,5,6,9,10,11,12,14,15
2013-09-06,20:00,3885,19,1,4,6,7,9,10,13,14,19,20
2013-09-06,21:00,3886,17,2,7,10,11,12,13,15,18,19,20
2013-09-06,22:00,3887,13,1,2,3,4,7,10,14,15,17,20
2013-09-06,23:00,3888,15,5,8,10,11,13,14,15,16,18,19
2013-09-07,07:00,3889,1,3,4,5,9,10,12,13,17,18,19
2013-09-07,08:00,3890,3,4,6,7,9,11,12,13,15,17,20
2013-09-07,09:00,3891,17,2,4,5,7,9,14,17,18,19,20
2013-09-07,10:00,3892,2,1,4,6,7,11,15,16,17,18,19
2013-09-07,11:00,3893,3,1,2,4,5,8,9,12,13,14,20
2013-09-07,12:00,3894,20,1,3,4,5,7,8,10,14,17,19
2013-09-07,13:00,3895,13,2,4,7,8,10,11,16,17,18,20
2013-09-07,14:00,3896,10,1,2,8,11,12,14,15,16,19,20
2013-09-07,15:00,3897,10,1,2,7,9,11,13,14,16,17,20
2013-09-07,16:00,3898,16,5,6,8,9,11,12,14,16,19,20
2013-09-07,17:00,3899,19,1,2,6,7,9,10,13,15,16,18
2013-09-07,18:00,3900,2,4,5,6,8,10,13,14,18,19,20
2013-09-07,19:00,3901,9,1,2,3,4,5,6,9,13,14,17
2013-09-07,20:00,3902,17,1,3,7,10,12,13,14,16,17,18
2013-09-07,21:00,3903,5,1,2,3,5,6,7,10,13,16,19
2013-09-07,22:00,3904,6,1,2,9,10,11,12,13,16,17,20
2013-09-07,23:00,3905,17,2,5,7,8,9,15,16,17,19,20
2013-09-08,07:00,3906,20,1,2,4,9,10,11,12,16,17,18
2013-09-08,08:00,3907,6,2,4,5,7,9,10,12,13,15,19
2013-09-08,09:00,3908,13,1,2,3,6,9,11,14,15,18,19
2013-09-08,10:00,3909,9,5,8,10,11,12,15,16,17,18,19
2013-09-08,11:00,3910,19,3,6,7,9,10,12,13,15,16,19
2013-09-08,12:00,3911,11,3,4,5,10,11,12,17,18,19,20
2013-09-08,13:00,3912,8,1,2,3,5,6,7,8,17,18,19
2013-09-08,14:00,3913,11,1,5,11,12,13,14,15,18,19,20
2013-09-08,15:00,3914,1,2,3,8,9,10,11,14,17,18,20
2013-09-08,16:00,3915,9,1,3,4,5,6,7,9,10,13,17
2013-09-08,17:00,3916,3,1,3,4,5,8,12,14,18,19,20
2013-09-08,18:00,3917,10,2,7,8,10,13,14,17,18,19,20
2013-09-08,19:00,3918,19,2,4,8,10,12,13,16,17,18,20
2013-09-08,20:00,3919,18,1,3,4,5,8,9,10,16,18,19
2013-09-08,21:00,3920,20,2,3,5,7,9,12,13,14,17,18
2013-09-08,22:00,3921,16,1,2,3,4,5,6,12,15,17,20
2013-09-08,23:00,3922,17,1,5,6,7,8,11,12,13,16,17
2013-09-09,07:00,3923,6,4,9,10,11,12,14,15,16,17,19
2013-09-09,08:00,3924,12,1,2,6,8,9,10,11,14,16,20
2013-09-09,09:00,3925,8,2,3,4,6,9,11,13,15,17,19
2013-09-09,10:00,3926,17,2,4,5,7,8,9,10,14,16,19
2013-09-09,11:00,3927,14,1,3,5,6,12,13,15,18,19,20
2013-09-09,12:00,3928,4,3,4,5,9,15,16,17,18,19,20
2013-09-09,13:00,3929,12,1,2,3,4,7,10,13,14,16,17
2013-09-09,14:00,3930,7,3,5,6,7,8,10,12,18,19,20
2013-09-09,15:00,3931,2,2,8,10,11,14,16,17,18,19,20
2013-09-09,16:00,3932,8,1,3,4,5,7,9,11,13,16,17
2013-09-09,17:00,3933,3,1,3,4,5,6,8,9,11,13,15
2013-09-09,18:00,3934,7,1,2,5,9,10,11,12,14,16,19
2013-09-09,19:00,3935,10,1,2,3,4,10,13,14,16,18,20
2013-09-09,20:00,3936,1,1,2,3,7,9,11,14,15,18,20
2013-09-09,21:00,3937,1,7,8,11,12,13,14,15,16,18,19
2013-09-09,22:00,3938,2,3,4,6,7,8,10,15,16,17,18
2013-09-09,23:00,3939,17,1,2,6,7,8,13,15,16,18,19
2013-09-10,07:00,3940,20,3,4,9,12,13,14,15,17,19,20
2013-09-10,08:00,3941,12,1,3,4,6,8,9,10,11,12,14
2013-09-10,09:00,3942,9,2,3,4,5,6,7,9,10,16,20
2013-09-10,10:00,3943,12,1,2,8,9,10,12,15,17,18,20
2013-09-10,11:00,3944,16,1,4,5,7,8,9,13,17,18,19
2013-09-10,12:00,3945,20,2,3,5,7,8,9,10,12,13,18
2013-09-10,13:00,3946,1,1,2,3,6,9,10,15,17,19,20
2013-09-10,14:00,3947,17,3,5,7,9,14,15,16,17,18,20
2013-09-10,15:00,3948,18,1,2,3,8,9,10,14,16,17,18
2013-09-10,16:00,3949,9,4,7,8,9,10,11,13,14,15,16
2013-09-10,17:00,3950,4,1,2,4,6,8,13,14,17,18,20
2013-09-10,18:00,3951,15,2,6,8,12,14,15,16,17,18,20
2013-09-10,19:00,3952,8,3,10,11,13,14,15,16,18,19,20
2013-09-10,20:00,3953,18,1,5,6,7,8,10,13,15,16,18
2013-09-10,21:00,3954,14,4,7,11,12,13,14,17,18,19,20
2013-09-10,22:00,3955,5,1,4,6,7,8,10,12,15,19,20
2013-09-10,23:00,3956,16,2,3,4,5,8,11,14,15,16,20
2013-09-11,07:00,3957,19,2,3,5,7,8,10,11,13,15,20
2013-09-11,08:00,3958,3,1,2,5,7,8,12,14,16,18,20
2013-09-11,09:00,3959,13,7,8,11,12,13,15,17,18,19,20
2013-09-11,10:00,3960,11,1,3,6,8,9,11,16,17,19,20
2013-09-11,11:00,3961,20,2,7,8,11,12,14,16,17,19,20
2013-09-11,12:00,3962,15,1,3,4,5,6,11,12,13,14,20
2013-09-11,13:00,3963,9,1,2,3,9,12,13,15,16,18,19
2013-09-11,14:00,3964,9,2,3,4,8,12,13,14,16,17,19
2013-09-11,15:00,3965,11,1,2,3,5,6,8,15,16,19,20
2013-09-11,16:00,3966,8,1,4,6,8,10,11,13,16,17,19
2013-09-11,17:00,3967,4,1,2,3,4,5,6,7,14,15,20
2013-09-11,18:00,3968,4,1,2,3,7,8,11,12,17,18,19
2013-09-11,19:00,3969,1,3,4,10,11,13,14,15,16,17,19
2013-09-11,20:00,3970,7,1,2,3,7,8,10,14,15,18,20
2013-09-11,21:00,3971,19,1,2,3,4,7,9,11,14,15,16
2013-09-11,22:00,3972,12,2,3,5,7,9,12,14,16,19,20
2013-09-11,23:00,3973,7,1,2,4,8,9,10,11,14,18,20
2013-09-12,07:00,3974,19,1,2,3,5,10,11,12,14,15,19
2013-09-12,08:00,3975,4,1,3,6,8,9,11,12,13,15,19
2013-09-12,09:00,3976,17,2,4,5,7,9,12,13,14,17,19
2013-09-12,10:00,3977,3,1,2,6,7,8,10,13,14,16,17
2013-09-12,11:00,3978,6,3,4,7,8,9,14,15,16,18,20
2013-09-12,12:00,3979,4,2,3,4,5,7,10,13,15,16,18
2013-09-12,13:00,3980,19,1,2,5,6,7,8,10,13,15,16
2013-09-12,14:00,3981,6,1,2,3,5,6,8,13,15,17,18
2013-09-12,15:00,3982,6,1,2,4,6,10,11,12,14,15,18
2013-09-12,16:00,3983,12,1,4,6,7,14,15,16,17,18,20
2013-09-12,17:00,3984,9,5,6,7,8,10,11,14,15,18,20
2013-09-12,18:00,3985,6,3,5,10,12,14,15,16,17,18,20
2013-09-12,19:00,3986,15,2,3,6,7,9,11,13,16,18,19
2013-09-12,20:00,3987,3,1,5,7,8,9,10,12,15,16,17
2013-09-12,21:00,3988,14,4,6,11,12,13,14,16,17,19,20
2013-09-12,22:00,3989,20,1,3,4,6,9,11,13,14,18,19
2013-09-12,23:00,3990,3,1,4,5,6,14,15,16,17,19,20
2013-09-13,07:00,3991,14,1,2,4,5,6,7,9,11,13,16
2013-09-13,08:00,3992,3,2,3,5,6,9,11,14,17,18,20
2013-09-13,09:00,3993,7,1,3,5,6,10,12,13,14,18,19
2013-09-13,10:00,3994,15,1,2,3,13,14,16,17,18,19,20
2013-09-13,11:00,3995,3,6,7,8,10,13,14,16,17,18,20
2013-09-13,12:00,3996,17,5,6,8,9,10,12,14,17,18,20
2013-09-13,13:00,3997,19,2,5,7,8,9,10,11,12,15,19
2013-09-13,14:00,3998,11,2,4,5,8,12,13,14,15,16,17
2013-09-13,15:00,3999,19,5,6,7,8,10,12,14,16,17,18
2013-09-13,16:00,4000,14,4,5,7,8,10,11,13,14,18,19
2013-09-13,17:00,4001,9,3,7,9,10,11,13,14,15,17,19
2013-09-13,18:00,4002,1,2,3,4,5,6,8,11,14,15,18
2013-09-13,19:00,4003,12,3,4,5,6,7,11,12,14,15,16
2013-09-13,20:00,4004,10,1,5,8,9,11,12,14,17,18,19
2013-09-13,21:00,4005,2,1,2,6,7,10,12,16,18,19,20
2013-09-13,22:00,4006,11,1,2,6,12,13,14,16,18,19,20
2013-09-13,23:00,4007,6,1,2,6,8,12,14,16,17,18,19
2013-09-14,07:00,4008,1,1,2,5,6,8,11,12,13,14,17
2013-09-14,08:00,4009,12,3,4,5,9,12,13,15,17,18,20
2013-09-14,09:00,4010,8,2,3,5,9,12,14,15,18,19,20
2013-09-14,10:00,4011,17,1,2,5,6,7,8,9,10,11,18
2013-09-14,11:00,4012,9,2,3,8,11,12,13,14,15,16,19
2013-09-14,12:00,4013,16,1,2,4,7,10,11,12,15,16,20
2013-09-14,13:00,4014,17,2,5,6,7,14,15,16,17,18,19
2013-09-14,14:00,4015,17,1,3,4,9,12,15,16,17,19,20
2013-09-14,15:00,4016,14,1,2,5,6,7,9,11,12,15,19
2013-09-14,16:00,4017,8,2,3,4,5,6,8,11,14,18,19
2013-09-14,17:00,4018,11,3,4,5,8,11,13,16,18,19,20
2013-09-14,18:00,4019,8,4,6,7,9,11,13,15,16,17,20
2013-09-14,19:00,4020,10,2,5,7,8,10,11,14,15,17,18
2013-09-14,20:00,4021,2,1,4,5,9,10,11,12,13,16,17
2013-09-14,21:00,4022,13,4,5,6,8,9,10,11,12,18,19
2013-09-14,22:00,4023,19,1,3,4,5,9,11,14,15,17,19
2013-09-14,23:00,4024,13,3,4,7,10,11,12,14,17,19,20
2013-09-15,07:00,4025,19,1,2,3,4,5,6,14,18,19,20
2013-09-15,08:00,4026,2,1,2,3,4,6,7,8,12,16,19
2013-09-15,09:00,4027,11,2,6,8,9,10,13,16,17,18,20
2013-09-15,10:00,4028,2,3,5,6,7,8,11,13,14,18,20
2013-09-15,11:00,4029,20,1,2,3,4,5,7,8,13,16,18
2013-09-15,12:00,4030,18,4,5,10,11,14,15,16,18,19,20
2013-09-15,13:00,4031,10,3,4,5,8,9,10,11,13,17,19
2013-09-15,14:00,4032,9,1,2,5,6,7,11,14,15,16,17
2013-09-15,15:00,4033,19,4,5,8,10,12,13,15,17,18,20
2013-09-15,16:00,4034,3,3,7,8,9,10,13,14,15,17,18
2013-09-15,17:00,4035,13,2,3,4,8,12,14,15,17,18,19
2013-09-15,18:00,4036,11,3,7,8,10,13,14,15,16,18,19
2013-09-15,19:00,4037,6,1,3,6,7,8,10,11,15,17,20
2013-09-15,20:00,4038,1,2,4,5,6,10,12,13,14,15,20
2013-09-15,21:00,4039,1,2,3,5,6,7,8,9,16,18,19
2013-09-15,22:00,4040,11,1,3,4,5,8,9,12,14,19,20
2013-09-15,23:00,4041,7,1,2,3,4,7,8,10,15,17,19
2013-09-16,07:00,4042,1,2,4,5,7,8,12,13,16,17,18
2013-09-16,08:00,4043,5,1,6,8,9,10,12,14,15,17,20
2013-09-16,09:00,4044,17,1,3,4,6,7,9,13,15,17,20
2013-09-16,10:00,4045,3,1,6,7,10,11,13,16,17,18,20
2013-09-16,11:00,4046,13,6,8,9,12,13,14,16,18,19,20
2013-09-16,12:00,4047,3,1,5,6,10,12,13,14,15,16,18
2013-09-16,13:00,4048,17,3,5,6,7,9,13,14,16,19,20
2013-09-16,14:00,4049,11,2,3,5,7,10,14,16,17,18,19
2013-09-16,15:00,4050,14,1,3,4,5,7,8,9,12,14,17
2013-09-16,16:00,4051,13,5,6,7,9,13,14,15,16,17,19
2013-09-16,17:00,4052,3,1,5,9,11,13,14,16,18,19,20
2013-09-16,18:00,4053,12,1,2,5,7,10,11,13,14,16,18
2013-09-16,19:00,4054,2,1,3,5,6,9,10,14,15,17,20
2013-09-16,20:00,4055,17,2,8,9,10,11,12,13,14,15,16
2013-09-16,21:00,4056,12,1,2,3,4,6,7,8,12,13,20
2013-09-16,22:00,4057,18,1,3,4,8,9,11,15,16,18,20
2013-09-16,23:00,4058,6,1,2,5,6,7,9,13,14,18,20
2013-09-17,07:00,4059,15,2,3,4,8,10,12,13,17,18,20
2013-09-17,08:00,4060,10,3,4,5,6,7,9,10,13,15,18
2013-09-17,09:00,4061,11,3,7,11,12,13,14,15,16,18,19
2013-09-17,10:00,4062,17,3,7,9,10,12,13,16,17,18,19
2013-09-17,11:00,4063,17,1,9,10,11,12,13,14,15,17,20
2013-09-17,12:00,4064,4,1,2,5,7,8,11,14,16,17,19
2013-09-17,13:00,4065,2,3,4,5,6,7,11,12,16,17,18
2013-09-17,14:00,4066,16,4,7,8,9,10,14,15,16,17,18
2013-09-17,15:00,4067,12,1,3,4,7,9,10,12,13,14,18
2013-09-17,16:00,4068,13,2,3,4,5,9,10,14,18,19,20
2013-09-17,17:00,4069,14,1,2,6,8,10,13,14,15,18,20
2013-09-17,18:00,4070,15,1,2,4,6,8,11,13,17,18,20
2013-09-17,19:00,4071,19,1,3,4,6,8,9,10,12,13,14
2013-09-17,20:00,4072,18,1,5,6,7,8,9,11,12,13,20
2013-09-17,21:00,4073,9,2,3,6,7,9,10,14,16,18,20
2013-09-17,22:00,4074,1,1,3,4,7,8,14,15,18,19,20
2013-09-17,23:00,4075,13,1,2,3,5,6,7,8,11,16,20
2013-09-18,07:00,4076,4,2,3,5,7,8,14,16,17,18,19
2013-09-18,08:00,4077,3,1,2,4,5,6,7,9,10,12,17
2013-09-18,09:00,4078,19,1,4,5,6,7,11,12,16,18,19
2013-09-18,10:00,4079,17,3,4,5,6,7,9,10,11,15,16
2013-09-18,11:00,4080,13,3,5,6,7,8,10,12,13,17,18
2013-09-18,12:00,4081,20,1,2,5,7,8,10,11,12,17,20
2013-09-18,13:00,4082,3,1,7,8,9,10,12,14,15,18,19
2013-09-18,14:00,4083,12,3,4,7,9,12,14,16,17,19,20
2013-09-18,15:00,4084,2,1,3,4,7,12,14,15,16,18,19
2013-09-18,16:00,4085,17,3,5,6,9,13,14,16,17,18,20
2013-09-18,17:00,4086,9,1,2,3,6,9,10,14,15,17,18
2013-09-18,18:00,4087,1,2,5,6,7,9,10,12,13,18,20
2013-09-18,19:00,4088,1,1,2,3,8,11,13,14,18,19,20
2013-09-18,20:00,4089,7,1,2,6,8,11,14,16,17,18,20
2013-09-18,21:00,4090,8,1,3,5,7,9,10,11,14,17,19
2013-09-18,22:00,4091,20,2,3,7,8,10,12,13,14,17,19
2013-09-18,23:00,4092,16,3,6,8,11,12,13,15,16,17,19
2013-09-19,07:00,4093,2,1,4,5,7,8,12,13,15,18,20
2013-09-19,08:00,4094,8,1,2,4,7,9,13,14,17,19,20
2013-09-19,09:00,4095,18,6,7,9,11,12,14,16,17,18,19
2013-09-19,10:00,4096,5,4,8,9,10,11,12,15,16,17,18
2013-09-19,11:00,4097,12,2,8,9,10,11,12,15,17,18,19
2013-09-19,12:00,4098,9,3,5,7,8,10,13,15,17,18,20
2013-09-19,13:00,4099,7,1,2,8,9,13,16,17,18,19,20
2013-09-19,14:00,4100,13,2,6,7,9,10,12,15,16,18,19
2013-09-19,15:00,4101,13,1,2,3,4,9,13,14,16,17,18
2013-09-19,16:00,4102,7,1,4,6,7,8,12,13,15,17,18
2013-09-19,17:00,4103,16,2,3,4,7,8,11,12,14,16,18
2013-09-19,18:00,4104,20,2,5,6,7,11,13,15,16,17,20
2013-09-19,19:00,4105,20,1,3,4,6,7,10,14,15,17,19
2013-09-19,20:00,4106,11,2,4,5,6,7,10,11,13,14,20
2013-09-19,21:00,4107,7,1,2,6,8,13,14,17,18,19,20
2013-09-19,22:00,4108,15,2,3,4,5,8,9,10,11,13,20
2013-09-19,23:00,4109,14,1,5,10,12,14,15,16,18,19,20
2013-09-20,07:00,4110,5,2,3,4,5,10,11,15,16,18,19
2013-09-20,08:00,4111,12,2,3,7,8,10,11,12,14,17,20
2013-09-20,09:00,4112,18,1,4,5,6,7,11,12,17,19,20
2013-09-20,10:00,4113,11,1,2,3,4,6,10,11,14,16,20
2013-09-20,11:00,4114,11,2,3,4,7,9,14,15,17,19,20
2013-09-20,12:00,4115,3,1,4,5,7,9,12,13,14,15,20
2013-09-20,13:00,4116,4,2,3,4,5,6,8,13,15,17,19
2013-09-20,14:00,4117,14,2,4,6,7,9,12,15,16,17,19
2013-09-20,15:00,4118,20,2,4,5,9,10,11,12,15,18,19
2013-09-20,16:00,4119,14,2,4,6,9,10,13,15,16,17,19
2013-09-20,17:00,4120,2,2,3,4,6,8,10,12,13,15,17
2013-09-20,18:00,4121,8,1,3,4,5,6,8,10,11,18,20
2013-09-20,19:00,4122,20,1,7,10,11,14,15,16,18,19,20
2013-09-20,20:00,4123,10,4,5,7,10,11,12,14,15,19,20
2013-09-20,21:00,4124,13,1,2,3,4,6,8,12,13,15,20
2013-09-20,22:00,4125,18,2,5,7,8,9,11,13,16,18,20
2013-09-20,23:00,4126,2,3,6,9,11,13,14,17,18,19,20
2013-09-21,07:00,4127,6,2,5,6,8,9,10,12,15,18,19
2013-09-21,08:00,4128,9,7,8,9,10,11,12,14,16,18,20
2013-09-21,09:00,4129,14,1,5,6,7,8,11,15,16,17,19
2013-09-21,10:00,4130,18,1,3,4,6,9,10,12,14,17,18
2013-09-21,11:00,4131,9,1,4,5,7,9,13,14,15,16,17
2013-09-21,12:00,4132,10,4,5,6,11,12,13,14,17,18,20
2013-09-21,13:00,4133,1,1,4,5,7,8,9,13,15,17,20
2013-09-21,14:00,4134,16,1,2,6,7,8,10,13,14,16,17
2013-09-21,15:00,4135,3,2,3,5,8,10,12,13,15,16,17
2013-09-21,16:00,4136,16,1,3,5,9,10,11,14,15,17,20
2013-09-21,17:00,4137,20,2,4,5,6,7,9,14,16,18,19
2013-09-21,18:00,4138,19,6,7,8,10,11,13,16,17,19,20
2013-09-21,19:00,4139,15,1,3,7,10,13,15,17,18,19,20
2013-09-21,20:00,4140,2,1,4,5,8,13,14,17,18,19,20
2013-09-21,21:00,4141,1,1,2,3,4,6,8,13,15,16,20
2013-09-21,22:00,4142,9,1,6,8,9,10,12,16,18,19,20
2013-09-21,23:00,4143,4,1,2,3,4,10,12,13,14,16,17
2013-09-22,07:00,4144,3,2,8,10,11,13,14,16,17,18,19
2013-09-22,08:00,4145,10,1,3,6,8,10,12,16,17,19,20
2013-09-22,09:00,4146,15,1,2,3,7,8,11,12,13,14,20
2013-09-22,10:00,4147,17,1,2,4,5,6,9,13,16,18,20
2013-09-22,11:00,4148,12,1,6,9,10,11,13,16,17,19,20
2013-09-22,12:00,4149,12,1,2,3,7,12,14,15,16,19,20
2013-09-22,13:00,4150,6,7,8,9,10,11,12,15,16,18,19
2013-09-22,14:00,4151,15,4,8,9,10,12,14,15,16,18,20
2013-09-22,15:00,4152,9,1,5,6,7,9,11,12,13,15,20
2013-09-22,16:00,4153,1,1,2,3,9,11,12,13,16,17,18
2013-09-22,17:00,4154,9,2,5,6,9,10,13,14,16,18,20
2013-09-22,18:00,4155,15,1,4,6,8,10,11,12,15,18,19
2013-09-22,19:00,4156,10,1,3,4,5,6,7,9,10,12,17
2013-09-22,20:00,4157,2,2,3,7,8,9,10,13,15,16,19
2013-09-22,21:00,4158,7,2,4,5,6,8,10,11,14,16,19
2013-09-22,22:00,4159,4,1,6,7,9,10,13,14,15,17,18
2013-09-22,23:00,4160,17,2,5,6,7,8,9,12,13,14,20
2013-09-23,07:00,4161,16,3,7,8,9,11,12,13,17,18,19
2013-09-23,08:00,4162,11,3,4,9,12,13,16,17,18,19,20
2013-09-23,09:00,4163,13,1,2,7,8,10,11,12,16,19,20
2013-09-23,10:00,4164,12,2,3,4,6,9,12,13,17,18,19
2013-09-23,11:00,4165,7,1,4,5,6,7,13,14,15,16,18
2013-09-23,12:00,4166,5,1,2,3,6,10,12,14,15,16,20
2013-09-23,13:00,4167,2,1,4,8,10,11,12,14,15,17,18
2013-09-23,14:00,4168,11,2,4,8,9,10,12,13,17,19,20
2013-09-23,15:00,4169,9,1,2,3,5,7,8,10,11,16,19
2013-09-23,16:00,4170,13,4,7,8,10,13,14,15,16,17,20
2013-09-23,17:00,4171,12,1,3,4,5,7,8,11,12,13,20
2013-09-23,18:00,4172,13,2,3,8,9,10,11,14,15,16,19
2013-09-23,19:00,4173,17,1,2,3,4,6,7,12,13,14,18
2013-09-23,20:00,4174,12,2,3,6,8,10,11,13,15,17,18
2013-09-23,21:00,4175,15,2,4,6,8,9,10,11,17,18,19
2013-09-23,22:00,4176,13,1,2,3,4,6,7,11,14,15,16
2013-09-23,23:00,4177,8,1,2,3,4,5,7,9,11,13,15
2013-09-24,07:00,4178,18,1,3,4,9,10,11,12,15,17,19
2013-09-24,08:00,4179,12,2,4,6,10,11,14,15,17,18,19
2013-09-24,09:00,4180,12,1,4,6,7,8,11,12,14,16,18
2013-09-24,10:00,4181,15,2,4,5,6,8,10,13,15,18,20
2013-09-24,11:00,4182,1,1,8,10,12,14,15,16,18,19,20
2013-09-24,12:00,4183,15,1,2,3,5,6,7,8,13,14,16
2013-09-24,13:00,4184,18,1,3,4,5,8,10,12,13,16,19
2013-09-24,14:00,4185,5,1,3,4,8,9,10,12,18,19,20
2013-09-24,15:00,4186,15,1,5,6,9,10,12,16,17,18,19
2013-09-24,16:00,4187,15,1,3,8,9,12,13,16,18,19,20
2013-09-24,17:00,4188,18,1,2,3,6,11,13,14,15,17,20
2013-09-24,18:00,4189,8,1,2,5,6,8,10,11,12,13,19
2013-09-24,19:00,4190,12,4,5,6,7,8,9,11,17,18,19
2013-09-24,20:00,4191,6,3,6,7,9,12,13,14,15,17,19
2013-09-24,21:00,4192,12,1,2,6,8,10,11,13,14,17,18
2013-09-24,22:00,4193,19,6,7,8,9,10,12,16,18,19,20
2013-09-24,23:00,4194,19,2,5,8,9,10,11,12,17,18,20
2013-09-25,07:00,4195,7,1,3,7,9,10,11,12,14,17,19
2013-09-25,08:00,4196,12,1,2,3,4,11,13,14,17,19,20
2013-09-25,09:00,4197,18,5,6,11,14,15,16,17,18,19,20
2013-09-25,10:00,4198,2,2,3,4,6,7,11,12,15,16,17
2013-09-25,11:00,4199,19,1,5,7,10,11,13,14,15,18,19
2013-09-25,12:00,4200,6,2,4,5,8,13,14,15,17,18,19
2013-09-25,13:00,4201,16,1,3,4,8,10,11,16,17,19,20
2013-09-25,14:00,4202,11,3,4,5,6,7,10,11,13,17,20
2013-09-25,15:00,4203,2,1,5,7,11,12,13,16,17,19,20
2013-09-25,16:00,4204,15,3,5,9,11,12,15,17,18,19,20
2013-09-25,17:00,4205,19,4,7,9,11,12,13,15,16,17,19
2013-09-25,18:00,4206,4,1,6,8,10,11,12,13,14,15,18
2013-09-25,19:00,4207,14,1,3,4,6,7,8,12,16,18,19
2013-09-25,20:00,4208,11,2,3,5,8,9,12,13,16,19,20
2013-09-25,21:00,4209,1,1,2,4,5,7,9,10,11,12,20
2013-09-25,22:00,4210,5,1,2,8,9,11,13,14,16,17,19
2013-09-25,23:00,4211,15,1,2,3,5,6,7,8,13,15,16
2013-09-26,07:00,4212,13,2,3,6,7,8,10,12,16,17,19
2013-09-26,08:00,4213,6,3,4,7,8,9,10,11,14,18,19
2013-09-26,09:00,4214,11,3,7,8,11,12,13,14,15,18,20
2013-09-26,10:00,4215,9,2,4,6,7,9,10,14,15,16,19
2013-09-26,11:00,4216,14,2,4,5,7,11,12,14,16,17,18
2013-09-26,12:00,4217,6,6,7,8,9,10,13,14,17,18,20
2013-09-26,13:00,4218,19,2,5,7,8,9,11,13,15,17,18
2013-09-26,14:00,4219,15,1,4,5,6,8,9,12,13,17,19
2013-09-26,15:00,4220,3,1,2,6,8,10,11,12,15,17,20
2013-09-26,16:00,4221,4,1,3,7,8,10,13,14,15,17,20
2013-09-26,17:00,4222,14,1,4,7,9,10,13,14,15,19,20
2013-09-26,18:00,4223,10,2,8,9,11,12,13,15,16,18,19
2013-09-26,19:00,4224,4,2,3,4,6,9,11,12,14,19,20
2013-09-26,20:00,4225,14,1,4,5,6,8,9,10,11,14,16
2013-09-26,21:00,4226,7,1,4,6,9,12,15,16,18,19,20
2013-09-26,22:00,4227,5,2,4,6,11,12,13,14,15,18,20
2013-09-26,23:00,4228,13,1,3,4,5,10,12,15,18,19,20
2013-09-27,07:00,4229,13,1,3,4,6,7,9,10,14,17,20
2013-09-27,08:00,4230,7,1,2,4,6,7,9,11,12,16,20
2013-09-27,09:00,4231,5,1,2,3,6,7,9,12,13,15,18
2013-09-27,10:00,4232,14,1,5,6,7,9,10,12,14,17,19
2013-09-27,11:00,4233,19,1,2,8,9,12,13,14,15,16,19
2013-09-27,12:00,4234,17,1,2,4,9,12,15,16,17,18,19
2013-09-27,13:00,4235,8,2,4,5,8,9,10,11,12,17,20
2013-09-27,14:00,4236,6,1,2,8,10,12,13,14,15,18,19
2013-09-27,15:00,4237,12,2,3,7,9,10,11,12,14,15,16
2013-09-27,16:00,4238,19,2,3,7,8,11,12,13,15,19,20
2013-09-27,17:00,4239,6,1,4,8,9,11,12,13,14,19,20
2013-09-27,18:00,4240,7,2,5,6,7,9,12,14,17,19,20
2013-09-27,19:00,4241,12,2,3,5,7,9,10,11,12,19,20
2013-09-27,20:00,4242,12,1,2,3,6,8,9,10,13,17,20
2013-09-27,21:00,4243,17,1,4,5,6,8,9,10,12,13,15
2013-09-27,22:00,4244,8,1,2,5,7,8,9,14,16,17,18
2013-09-27,23:00,4245,18,3,4,7,10,12,13,15,17,18,20
2013-09-28,07:00,4246,18,5,7,8,11,12,13,14,15,16,18
2013-09-28,08:00,4247,14,1,2,3,6,7,11,13,14,15,17
2013-09-28,09:00,4248,19,4,5,7,8,9,12,14,17,19,20
2013-09-28,10:00,4249,17,2,5,7,13,14,15,16,17,19,20
2013-09-28,11:00,4250,3,2,3,4,5,6,7,9,15,17,20
2013-09-28,12:00,4251,11,1,4,6,8,9,10,12,13,15,20
2013-09-28,13:00,4252,9,1,2,4,5,7,9,16,17,18,19
2013-09-28,14:00,4253,16,2,6,7,10,11,15,16,18,19,20
2013-09-28,15:00,4254,12,5,7,10,11,12,13,15,16,18,20
2013-09-28,16:00,4255,12,1,2,8,9,12,13,14,17,18,20
2013-09-28,17:00,4256,16,2,4,7,8,9,10,13,16,18,20
2013-09-28,18:00,4257,15,2,3,4,7,9,12,13,14,18,20
2013-09-28,19:00,4258,11,3,5,6,8,10,12,14,15,18,20
2013-09-28,20:00,4259,3,1,2,3,4,5,7,10,15,16,19
2013-09-28,21:00,4260,17,3,7,8,13,14,15,17,18,19,20
2013-09-28,22:00,4261,19,1,3,4,5,6,8,9,11,14,19
2013-09-28,23:00,4262,1,3,4,5,9,11,12,14,15,17,18
2013-09-29,07:00,4263,2,1,5,8,10,11,15,16,18,19,20
2013-09-29,08:00,4264,20,1,4,7,8,9,12,14,15,19,20
2013-09-29,09:00,4265,15,3,5,8,9,10,13,17,18,19,20
2013-09-29,10:00,4266,2,4,6,7,8,9,10,11,13,16,19
2013-09-29,11:00,4267,13,1,2,3,9,13,14,16,17,19,20
2013-09-29,12:00,4268,6,2,4,7,9,11,12,16,18,19,20
2013-09-29,13:00,4269,14,1,2,3,6,7,9,11,13,15,20
2013-09-29,14:00,4270,17,1,3,4,8,10,12,14,16,19,20
2013-09-29,15:00,4271,7,3,5,6,10,11,12,13,14,16,19
2013-09-29,16:00,4272,8,1,2,3,5,6,7,12,15,17,18
2013-09-29,17:00,4273,15,1,3,6,8,9,10,13,17,18,19
2013-09-29,18:00,4274,10,2,5,6,7,9,10,12,14,17,18
2013-09-29,19:00,4275,1,1,3,5,8,10,12,14,16,18,19
2013-09-29,20:00,4276,4,3,6,8,9,11,14,15,16,17,18
2013-09-29,21:00,4277,18,2,4,5,7,9,13,14,16,18,19
2013-09-29,22:00,4278,16,2,3,4,7,10,14,15,16,17,19
2013-09-29,23:00,4279,10,3,5,8,9,11,12,14,15,17,18
2013-09-30,07:00,4280,8,2,3,8,9,10,11,13,17,19,20
2013-09-30,08:00,4281,17,3,6,8,10,11,13,14,18,19,20
2013-09-30,09:00,4282,15,3,5,7,10,13,15,17,18,19,20
2013-09-30,10:00,4283,18,1,2,3,4,6,9,10,12,14,17
2013-09-30,11:00,4284,20,3,5,9,10,11,12,15,16,18,20
2013-09-30,12:00,4285,7,1,2,3,4,6,8,9,11,14,15
2013-09-30,13:00,4286,12,1,4,5,6,10,12,13,14,18,20
2013-09-30,14:00,4287,5,1,3,5,6,9,10,14,15,17,18
2013-09-30,15:00,4288,20,1,4,5,6,7,8,10,13,15,18
2013-09-30,16:00,4289,9,3,4,7,8,10,11,12,14,15,18
2013-09-30,17:00,4290,2,1,9,10,12,13,14,15,16,17,19
2013-09-30,18:00,4291,9,2,4,7,8,10,11,14,16,17,19
2013-09-30,19:00,4292,3,2,3,5,7,9,10,13,14,15,18
2013-09-30,20:00,4293,15,1,2,5,6,7,8,13,16,17,20
2013-09-30,21:00,4294,9,2,3,5,8,9,10,11,14,19,20
2013-09-30,22:00,4295,7,1,3,6,7,8,12,15,17,18,20
2013-09-30,23:00,4296,11,1,5,8,11,12,15,16,17,18,20
2013-10-01,07:00,4297,19,2,4,5,8,9,10,12,18,19,20
2013-10-01,08:00,4298,7,2,5,6,9,10,12,13,14,18,19
2013-10-01,09:00,4299,15,2,3,7,9,12,13,14,17,18,20
2013-10-01,10:00,4300,20,3,6,9,10,11,12,13,17,18,19
2013-10-01,11:00,4301,14,1,2,4,6,7,11,14,15,17,20
2013-10-01,12:00,4302,16,1,2,3,4,11,12,15,16,19,20
2013-10-01,13:00,4303,3,1,2,3,4,6,7,11,13,17,20
2013-10-01,14:00,4304,20,1,5,7,9,10,11,13,14,15,19
2013-10-01,15:00,4305,8,3,4,7,8,9,10,12,13,15,19
2013-10-01,16:00,4306,8,1,2,3,4,6,7,8,16,19,20
2013-10-01,17:00,4307,13,3,4,7,8,11,13,15,17,18,20
2013-10-01,18:00,4308,12,1,2,3,4,6,7,15,17,19,20
2013-10-01,19:00,4309,12,1,4,5,6,12,13,16,18,19,20
2013-10-01,20:00,4310,19,3,4,5,10,11,12,16,18,19,20
2013-10-01,21:00,4311,12,3,5,6,8,9,12,14,16,17,19
2013-10-01,22:00,4312,13,2,5,6,7,10,11,14,15,19,20
2013-10-01,23:00,4313,6,1,5,7,8,13,14,15,16,17,18
2013-10-02,07:00,4314,4,1,2,5,8,9,12,13,15,19,20
2013-10-02,08:00,4315,2,1,4,5,7,9,12,14,15,17,18
2013-10-02,09:00,4316,1,3,5,6,7,9,11,12,14,17,20
2013-10-02,10:00,4317,11,1,2,5,8,9,11,13,14,16,20
2013-10-02,11:00,4318,13,2,3,5,6,7,9,11,14,18,19
2013-10-02,12:00,4319,1,3,4,5,8,9,10,13,14,15,16
2013-10-02,13:00,4320,6,1,2,5,7,10,12,14,16,18,19
2013-10-02,14:00,4321,18,1,2,6,8,10,13,15,16,19,20
2013-10-02,15:00,4322,11,1,5,7,8,9,13,14,15,16,18
2013-10-02,16:00,4323,11,3,4,5,7,9,12,13,14,15,20
2013-10-02,17:00,4324,4,2,6,8,9,11,13,14,18,19,20
2013-10-02,18:00,4325,20,2,3,5,6,8,11,12,13,14,20
2013-10-02,19:00,4326,20,2,6,7,9,11,12,14,17,18,19
2013-10-02,20:00,4327,3,6,7,8,10,11,12,14,15,17,19
2013-10-02,21:00,4328,5,3,4,5,7,8,10,13,15,17,19
2013-10-02,22:00,4329,5,1,3,4,7,9,10,11,15,18,19
2013-10-02,23:00,4330,16,1,3,6,7,8,10,13,15,18,20
2013-10-03,07:00,4331,6,1,3,4,6,7,9,13,14,16,18
2013-10-03,08:00,4332,7,5,8,9,12,14,16,17,18,19,20
2013-10-03,09:00,4333,16,2,3,9,10,12,14,15,17,18,20
2013-10-03,10:00,4334,6,2,4,5,6,8,11,12,15,19,20
2013-10-03,11:00,4335,15,3,5,9,10,11,12,13,16,19,20
2013-10-03,12:00,4336,15,1,2,5,7,11,12,15,16,18,20
2013-10-03,13:00,4337,2,2,3,5,7,11,15,16,17,18,20
2013-10-03,14:00,4338,14,6,7,12,13,14,15,16,17,19,20
2013-10-03,15:00,4339,15,3,4,7,9,10,11,12,16,18,19
2013-10-03,16:00,4340,4,3,4,7,8,10,12,13,17,18,19
2013-10-03,17:00,4341,18,1,4,6,7,8,10,15,18,19,20
2013-10-03,18:00,4342,16,1,2,5,10,11,12,13,15,16,17
2013-10-03,19:00,4343,14,1,2,4,6,7,8,9,14,17,20
2013-10-03,20:00,4344,3,2,3,4,6,7,8,12,13,18,19
2013-10-03,21:00,4345,9,2,3,4,5,7,8,11,15,16,20
2013-10-03,22:00,4346,2,1,3,6,8,9,14,16,17,18,20
2013-10-03,23:00,4347,6,3,4,8,10,11,14,17,18,19,20
2013-10-04,07:00,4348,3,1,3,4,6,9,11,14,15,16,18
2013-10-04,08:00,4349,8,2,3,5,6,7,9,12,15,17,19
2013-10-04,09:00,4350,17,1,3,4,5,7,8,9,10,16,20
2013-10-04,10:00,4351,15,1,2,4,5,6,7,8,14,16,17
2013-10-04,11:00,4352,17,1,5,10,11,12,14,15,16,17,20
2013-10-04,12:00,4353,1,2,4,7,8,9,12,13,14,16,17
2013-10-04,13:00,4354,5,2,4,5,6,9,11,12,13,15,17
2013-10-04,14:00,4355,13,1,3,4,6,8,9,10,15,18,20
2013-10-04,15:00,4356,4,1,2,4,6,7,13,14,15,17,18
2013-10-04,16:00,4357,1,2,4,6,8,10,12,13,14,17,19
2013-10-04,17:00,4358,18,3,4,6,7,10,12,14,16,17,18
2013-10-04,18:00,4359,19,3,7,8,9,10,11,12,13,15,20
2013-10-04,19:00,4360,7,4,7,8,11,12,13,14,15,16,17
2013-10-04,20:00,4361,7,2,4,6,7,9,10,13,18,19,20
2013-10-04,21:00,4362,11,1,2,3,6,10,13,14,15,16,17
2013-10-04,22:00,4363,3,2,5,7,9,10,11,12,13,15,17
2013-10-04,23:00,4364,7,2,4,5,6,8,10,14,15,16,18
2013-10-05,07:00,4365,10,1,2,4,5,6,14,16,18,19,20
2013-10-05,08:00,4366,19,2,8,9,10,14,15,16,17,18,19
2013-10-05,09:00,4367,10,2,4,7,11,12,16,17,18,19,20
2013-10-05,10:00,4368,19,2,4,8,10,11,12,13,14,17,19
2013-10-05,11:00,4369,1,1,2,4,6,8,9,13,14,16,19
2013-10-05,12:00,4370,11,1,2,6,7,8,11,14,15,18,20
2013-10-05,13:00,4371,18,4,8,9,10,11,12,13,14,18,20
2013-10-05,14:00,4372,9,3,5,6,7,9,11,12,13,14,18
2013-10-05,15:00,4373,20,2,4,5,8,10,13,15,17,19,20
2013-10-05,16:00,4374,7,4,7,9,11,12,13,14,16,19,20
2013-10-05,17:00,4375,7,1,2,3,6,7,9,12,14,19,20
2013-10-05,18:00,4376,17,3,4,6,7,8,9,10,13,15,18
2013-10-05,19:00,4377,11,2,7,8,11,12,15,16,17,18,19
2013-10-05,20:00,4378,14,2,5,9,10,11,12,13,15,18,20
2013-10-05,21:00,4379,8,2,3,4,5,6,10,12,13,14,18
2013-10-05,22:00,4380,7,1,4,5,9,10,14,16,17,18,19
2013-10-05,23:00,4381,16,2,3,4,7,9,10,11,14,15,19
2013-10-06,07:00,4382,11,1,2,4,5,6,7,8,12,15,18
2013-10-06,08:00,4383,3,4,5,6,7,8,9,11,16,19,20
2013-10-06,09:00,4384,3,2,4,5,7,8,11,13,15,16,19
2013-10-06,10:00,4385,18,2,3,7,11,12,14,16,17,18,20
2013-10-06,11:00,4386,16,1,6,7,8,9,11,12,14,18,20
2013-10-06,12:00,4387,17,2,3,4,5,7,10,14,15,17,19
2013-10-06,13:00,4388,17,1,3,4,6,7,10,14,15,18,19
2013-10-06,14:00,4389,19,2,3,4,5,6,7,10,12,14,15
2013-10-06,15:00,4390,12,1,3,4,6,8,10,12,13,17,18
2013-10-06,16:00,4391,20,1,2,3,4,6,7,15,16,18,19
2013-10-06,17:00,4392,2,1,3,5,8,9,11,12,16,17,20
2013-10-06,18:00,4393,4,1,3,4,5,9,10,14,15,16,17
2013-10-06,19:00,4394,18,2,3,4,7,13,15,16,18,19,20
2013-10-06,20:00,4395,20,2,6,7,8,9,12,14,15,18,20
2013-10-06,21:00,4396,11,2,3,4,6,7,8,9,10,14,15
2013-10-06,22:00,4397,11,2,4,6,7,9,10,14,15,18,20
2013-10-06,23:00,4398,1,2,3,7,9,10,15,16,17,18,20
2013-10-07,07:00,4399,9,1,2,3,5,6,10,11,16,17,19
2013-10-07,08:00,4400,10,3,4,6,8,11,13,15,17,18,20
2013-10-07,09:00,4401,1,1,2,3,6,8,10,11,12,13,19
2013-10-07,10:00,4402,13,3,4,5,6,7,10,12,14,15,20
2013-10-07,11:00,4403,15,1,2,4,5,8,10,14,15,18,20
2013-10-07,12:00,4404,11,1,4,5,9,11,12,17,18,19,20
2013-10-07,13:00,4405,18,2,3,6,10,11,14,16,18,19,20
2013-10-07,14:00,4406,2,1,5,6,7,10,12,13,16,18,19
2013-10-07,15:00,4407,7,1,3,6,10,13,14,15,16,17,18
2013-10-07,16:00,4408,7,2,5,8,10,11,13,14,17,18,20
2013-10-07,17:00,4409,1,1,6,12,14,15,16,17,18,19,20
2013-10-07,18:00,4410,14,1,3,4,5,6,8,12,13,17,19
2013-10-07,19:00,4411,13,1,2,3,5,7,8,10,13,15,20
2013-10-07,20:00,4412,20,1,2,3,4,5,8,13,14,17,18
2013-10-07,21:00,4413,8,1,2,4,6,9,11,12,13,14,16
2013-10-07,22:00,4414,4,5,6,7,9,12,13,14,15,16,19
2013-10-07,23:00,4415,19,1,2,3,5,8,9,10,11,16,19
2013-10-08,07:00,4416,20,6,7,8,14,15,16,17,18,19,20
2013-10-08,08:00,4417,11,1,2,3,5,6,10,11,12,13,14
2013-10-08,09:00,4418,16,1,2,5,10,12,13,14,15,18,20
2013-10-08,10:00,4419,7,4,5,6,11,13,14,16,17,18,20
2013-10-08,11:00,4420,1,1,2,3,4,5,7,8,17,19,20
2013-10-08,12:00,4421,1,2,3,7,9,10,15,16,18,19,20
2013-10-08,13:00,4422,4,5,6,7,10,12,13,14,18,19,20
2013-10-08,14:00,4423,5,1,3,4,5,6,7,8,11,12,16
2013-10-08,15:00,4424,15,1,3,4,5,6,8,12,15,19,20
2013-10-08,16:00,4425,2,1,2,7,9,11,14,15,16,17,18
2013-10-08,17:00,4426,7,1,6,7,9,10,13,14,15,18,19
2013-10-08,18:00,4427,13,1,3,6,8,9,10,11,15,17,20
2013-10-08,19:00,4428,8,1,4,8,9,10,12,13,15,17,20
2013-10-08,20:00,4429,15,1,5,6,7,8,10,12,15,17,19
2013-10-08,21:00,4430,15,1,5,6,9,11,12,14,16,19,20
2013-10-08,22:00,4431,18,2,4,5,8,10,12,15,17,18,20
2013-10-08,23:00,4432,17,2,4,5,9,11,14,16,17,18,19
2013-10-09,07:00,4433,16,2,3,5,6,8,10,11,12,14,20
2013-10-09,08:00,4434,14,1,2,4,9,11,12,16,18,19,20
2013-10-09,09:00,4435,13,1,3,5,7,8,9,11,13,16,19
2013-10-09,10:00,4436,8,1,2,5,6,10,11,14,15,17,18
2013-10-09,11:00,4437,17,1,2,7,8,9,10,12,14,18,19
2013-10-09,12:00,4438,14,2,3,6,7,8,10,11,12,14,19
2013-10-09,13:00,4439,5,1,5,6,12,13,14,15,18,19,20
2013-10-09,14:00,4440,5,4,5,7,9,11,13,15,16,18,19
2013-10-09,15:00,4441,4,2,6,9,12,13,14,15,16,17,18
2013-10-09,16:00,4442,17,1,2,5,6,12,13,15,18,19,20
2013-10-09,17:00,4443,15,2,6,9,12,13,14,15,16,17,19
2013-10-09,18:00,4444,4,2,6,7,8,10,11,12,13,18,19
2013-10-09,19:00,4445,6,2,4,9,10,11,12,16,17,19,20
2013-10-09,20:00,4446,19,1,2,4,9,10,11,12,17,19,20
2013-10-09,21:00,4447,13,5,6,7,10,12,14,15,17,18,19
2013-10-09,22:00,4448,8,3,6,8,9,10,12,13,14,15,18
2013-10-09,23:00,4449,8,1,2,5,6,7,9,11,13,16,19
2013-10-10,07:00,4450,2,2,5,6,7,8,10,16,17,18,20
2013-10-10,08:00,4451,16,1,2,3,5,8,13,14,16,18,20
2013-10-10,09:00,4452,2,1,3,8,9,10,12,13,16,19,20
2013-10-10,10:00,4453,17,3,4,7,9,11,12,15,16,18,19
2013-10-10,11:00,4454,13,5,7,8,9,12,13,15,16,18,19
2013-10-10,12:00,4455,14,3,4,6,8,10,14,15,16,18,19
2013-10-10,13:00,4456,3,2,4,7,8,9,13,16,17,18,19
2013-10-10,14:00,4457,16,2,3,6,7,8,12,14,15,17,20
2013-10-10,15:00,4458,18,1,2,5,7,9,10,11,14,15,20
2013-10-10,16:00,4459,11,1,3,5,8,9,11,15,17,18,19
2013-10-10,17:00,4460,3,1,6,7,8,9,11,14,16,17,20
2013-10-10,18:00,4461,14,1,2,4,10,11,16,17,18,19,20
2013-10-10,19:00,4462,4,1,2,5,6,7,8,11,12,13,15
2013-10-10,20:00,4463,8,3,6,9,10,11,13,14,15,17,18
2013-10-10,21:00,4464,12,3,4,5,7,10,11,12,13,15,19
2013-10-10,22:00,4465,11,2,3,4,6,8,10,11,14,18,20
2013-10-10,23:00,4466,10,2,3,5,6,10,12,13,14,16,20
2013-10-11,07:00,4467,20,1,4,6,7,8,10,13,14,16,17
2013-10-11,08:00,4468,8,6,9,10,11,12,13,14,15,18,19
2013-10-11,09:00,4469,11,1,4,6,7,8,10,11,12,14,18
2013-10-11,10:00,4470,7,5,6,7,9,10,11,12,15,19,20
2013-10-11,11:00,4471,20,2,3,5,7,8,12,13,14,16,17
2013-10-11,12:00,4472,13,1,3,6,7,8,9,11,16,17,18
2013-10-11,13:00,4473,13,2,7,8,9,13,15,16,17,18,20
2013-10-11,14:00,4474,10,3,4,6,7,8,10,13,16,17,20
2013-10-11,15:00,4475,1,2,5,6,10,11,12,15,16,17,18
2013-10-11,16:00,4476,11,1,2,7,10,13,14,15,16,19,20
2013-10-11,17:00,4477,4,4,6,8,9,10,11,13,14,15,19
2013-10-11,18:00,4478,8,1,2,3,4,5,6,8,11,14,16
2013-10-11,19:00,4479,16,1,2,7,9,13,15,16,17,18,19
2013-10-11,20:00,4480,19,1,3,4,6,9,10,13,17,18,20
2013-10-11,21:00,4481,15,3,4,6,8,12,14,15,16,17,20
2013-10-11,22:00,4482,5,3,5,6,8,12,13,16,17,18,19
2013-10-11,23:00,4483,8,1,2,8,9,13,14,15,16,17,19
2013-10-12,07:00,4484,17,4,7,8,10,12,13,14,15,18,19
2013-10-12,08:00,4485,1,2,5,7,10,11,12,13,18,19,20
2013-10-12,09:00,4486,12,1,2,3,4,5,9,12,13,15,20
2013-10-12,10:00,4487,20,1,6,7,8,9,11,13,15,19,20
2013-10-12,11:00,4488,7,1,3,7,10,11,12,15,16,18,20
2013-10-12,12:00,4489,4,3,6,10,11,12,13,14,17,18,20
2013-10-12,13:00,4490,15,1,4,9,10,11,15,16,18,19,20
2013-10-12,14:00,4491,5,1,2,8,9,10,11,15,17,18,20
2013-10-12,15:00,4492,5,5,6,8,10,11,14,15,16,18,20
2013-10-12,16:00,4493,11,5,7,8,10,11,12,13,14,16,20
2013-10-12,17:00,4494,6,2,4,5,6,8,11,12,16,17,19
2013-10-12,18:00,4495,14,2,3,6,11,15,16,17,18,19,20
2013-10-12,19:00,4496,8,3,4,6,7,8,9,10,13,14,20
2013-10-12,20:00,4497,11,3,6,10,11,12,14,15,16,19,20
2013-10-12,21:00,4498,8,1,2,3,4,8,10,15,16,18,19
2013-10-12,22:00,4499,7,3,7,11,12,14,15,16,17,18,20
2013-10-12,23:00,4500,14,1,2,6,9,10,12,13,15,16,19
2013-10-13,07:00,4501,15,3,5,6,7,9,10,11,13,17,19
2013-10-13,08:00,4502,6,2,3,5,10,11,12,14,16,18,19
2013-10-13,09:00,4503,18,2,7,9,10,12,13,14,16,18,19
2013-10-13,10:00,4504,12,3,4,8,10,11,14,15,16,18,20
2013-10-13,11:00,4505,16,1,4,6,8,11,12,13,14,15,20
2013-10-13,12:00,4506,14,1,3,4,5,8,10,11,12,14,15
2013-10-13,13:00,4507,2,1,3,4,9,10,11,12,14,17,20
2013-10-13,14:00,4508,15,1,2,4,6,7,8,9,10,12,18
2013-10-13,15:00,4509,6,2,3,9,11,13,14,15,17,18,20
2013-10-13,16:00,4510,13,1,4,7,8,10,11,12,13,14,16
2013-10-13,17:00,4511,15,1,2,6,11,13,15,16,17,19,20
2013-10-13,18:00,4512,10,1,2,6,8,11,13,16,17,19,20
2013-10-13,19:00,4513,6,1,2,4,6,9,13,15,16,18,19
2013-10-13,20:00,4514,6,2,3,4,7,9,11,13,16,17,20
2013-10-13,21:00,4515,1,1,4,6,7,12,13,14,15,16,20
2013-10-13,22:00,4516,13,2,3,4,6,9,10,12,13,16,18
2013-10-13,23:00,4517,8,1,4,7,10,14,15,16,18,19,20
2013-10-14,07:00,4518,6,2,4,5,8,9,13,15,16,17,19
2013-10-14,08:00,4519,11,2,5,8,10,11,12,14,15,18,19
2013-10-14,09:00,4520,19,1,5,9,11,12,13,14,15,18,19
2013-10-14,10:00,4521,1,3,6,10,11,12,13,15,17,19,20
2013-10-14,11:00,4522,5,4,5,7,8,10,11,13,17,18,19
2013-10-14,12:00,4523,6,1,2,5,7,8,9,10,12,15,16
2013-10-14,13:00,4524,1,1,2,6,7,10,13,14,16,18,19
2013-10-14,14:00,4525,7,1,3,4,5,7,9,11,14,17,18
2013-10-14,15:00,4526,1,4,5,10,12,13,14,15,16,19,20
2013-10-14,16:00,4527,11,1,5,7,12,14,16,17,18,19,20
2013-10-14,17:00,4528,10,1,2,3,4,5,6,7,10,17,18
2013-10-14,18:00,4529,2,1,3,6,9,10,12,14,17,19,20
2013-10-14,19:00,4530,13,1,2,7,8,10,11,14,15,17,18
2013-10-14,20:00,4531,1,4,6,7,8,12,13,14,15,16,20
2013-10-14,21:00,4532,20,9,11,12,14,15,16,17,18,19,20
2013-10-14,22:00,4533,3,2,3,4,6,7,8,10,12,13,15
2013-10-14,23:00,4534,2,5,6,7,9,11,12,13,15,16,17
2013-10-15,07:00,4535,20,1,3,5,8,11,13,15,17,18,19
2013-10-15,08:00,4536,15,2,3,5,9,10,14,15,16,17,20
2013-10-15,09:00,4537,12,1,2,4,11,12,13,14,16,18,20
2013-10-15,10:00,4538,7,2,3,4,6,9,11,12,17,19,20
2013-10-15,11:00,4539,18,2,3,5,6,7,11,12,18,19,20
2013-10-15,12:00,4540,20,1,3,6,11,12,15,16,18,19,20
2013-10-15,13:00,4541,9,2,3,4,5,11,12,14,15,17,18
2013-10-15,14:00,4542,19,1,2,9,10,13,14,16,17,18,19
2013-10-15,15:00,4543,13,2,5,10,12,14,15,16,17,19,20
2013-10-15,16:00,4544,6,5,7,8,10,13,16,17,18,19,20
2013-10-15,17:00,4545,1,3,4,5,6,7,8,9,12,16,19
2013-10-15,18:00,4546,19,1,5,8,9,10,13,15,16,17,19
2013-10-15,19:00,4547,6,1,4,5,7,8,11,12,17,19,20
2013-10-15,20:00,4548,17,1,2,3,7,8,9,10,14,16,18
2013-10-15,21:00,4549,17,1,3,7,8,10,13,15,16,19,20
2013-10-15,22:00,4550,8,3,5,7,8,11,12,13,16,17,20
2013-10-15,23:00,4551,10,3,6,7,8,9,12,13,16,19,20
2013-10-16,07:00,4552,20,1,2,6,7,10,15,16,17,18,20
2013-10-16,08:00,4553,18,2,9,10,11,12,13,15,16,18,20
2013-10-16,09:00,4554,9,1,9,10,11,12,14,15,18,19,20
2013-10-16,10:00,4555,11,1,2,3,5,7,9,10,11,13,20
2013-10-16,11:00,4556,1,1,2,3,7,10,12,16,18,19,20
2013-10-16,12:00,4557,12,1,3,4,5,9,10,13,18,19,20
2013-10-16,13:00,4558,17,3,8,10,11,12,13,15,16,17,18
2013-10-16,14:00,4559,10,3,4,6,9,11,12,13,14,15,16
2013-10-16,15:00,4560,18,3,6,8,9,11,12,14,17,18,19
2013-10-16,16:00,4561,5,1,2,5,7,11,12,14,15,17,20
2013-10-16,17:00,4562,9,1,5,10,11,12,13,14,16,18,20
2013-10-16,18:00,4563,14,3,5,6,7,9,11,14,18,19,20
2013-10-16,19:00,4564,13,1,3,5,8,10,11,12,14,15,19
2013-10-16,20:00,4565,8,2,4,6,12,13,14,15,17,18,19
2013-10-16,21:00,4566,10,1,2,3,6,7,8,11,15,19,20
2013-10-16,22:00,4567,10,1,2,5,6,9,14,16,17,18,19
2013-10-16,23:00,4568,16,1,2,3,6,7,8,10,15,18,20
2013-10-17,07:00,4569,2,1,2,3,7,9,11,12,17,19,20
2013-10-17,08:00,4570,11,2,3,4,8,9,11,15,18,19,20
2013-10-17,09:00,4571,10,4,5,6,8,15,16,17,18,19,20
2013-10-17,10:00,4572,7,1,6,7,9,12,14,16,17,18,20
2013-10-17,11:00,4573,9,1,2,3,4,10,12,13,14,15,20
2013-10-17,12:00,4574,8,2,4,5,6,7,8,15,17,19,20
2013-10-17,13:00,4575,11,2,3,4,9,11,12,16,17,18,20
2013-10-17,14:00,4576,12,3,4,5,6,7,12,14,16,17,18
2013-10-17,15:00,4577,18,1,2,4,5,6,7,14,16,17,19
2013-10-17,16:00,4578,7,2,5,7,11,12,13,15,16,17,19
2013-10-17,17:00,4579,3,2,4,6,7,9,13,16,17,18,20
2013-10-17,18:00,4580,11,1,2,3,5,6,10,12,14,15,19
2013-10-17,19:00,4581,19,1,5,7,9,11,13,14,16,19,20
2013-10-17,20:00,4582,4,4,5,7,11,12,14,15,16,17,20
2013-10-17,21:00,4583,2,2,6,7,8,11,12,14,16,19,20
2013-10-17,22:00,4584,2,1,4,8,9,12,13,15,17,19,20
2013-10-17,23:00,4585,5,2,3,4,7,8,10,13,14,16,20
2013-10-18,07:00,4586,16,1,3,4,5,6,8,9,10,12,17
2013-10-18,08:00,4587,8,1,4,8,9,10,11,14,15,19,20
2013-10-18,09:00,4588,5,1,2,5,6,9,13,15,16,18,19
2013-10-18,10:00,4589,19,2,6,7,9,10,14,15,17,18,20
2013-10-18,11:00,4590,19,1,5,6,7,11,12,14,16,19,20
2013-10-18,12:00,4591,9,1,2,5,9,10,12,14,18,19,20
2013-10-18,13:00,4592,3,2,3,5,12,13,14,15,16,18,20
2013-10-18,14:00,4593,4,1,3,4,6,9,12,13,14,18,20
2013-10-18,15:00,4594,18,1,3,4,6,10,11,12,14,17,18
2013-10-18,16:00,4595,6,2,3,4,5,7,9,11,14,15,16
2013-10-18,17:00,4596,18,5,6,8,9,10,13,16,18,19,20
2013-10-18,18:00,4597,10,2,3,4,6,9,10,14,16,17,19
2013-10-18,19:00,4598,5,1,2,6,8,10,11,12,15,16,17
2013-10-18,20:00,4599,13,2,6,7,8,10,11,12,13,15,18
2013-10-18,21:00,4600,7,1,2,6,10,11,13,15,17,18,20
2013-10-18,22:00,4601,4,3,4,8,9,12,13,14,17,19,20
2013-10-18,23:00,4602,20,1,5,6,7,11,16,17,18,19,20
2013-10-19,07:00,4603,15,2,3,4,6,7,11,13,15,17,18
2013-10-19,08:00,4604,3,2,7,8,9,10,11,13,16,17,19
2013-10-19,09:00,4605,16,3,6,8,10,11,12,14,16,17,19
2013-10-19,10:00,4606,7,3,6,7,11,14,15,17,18,19,20
2013-10-19,11:00,4607,17,1,3,4,6,9,10,11,14,15,18
2013-10-19,12:00,4608,5,1,2,3,6,10,11,16,17,18,19
2013-10-19,13:00,4609,10,1,2,4,8,10,11,14,15,16,20
2013-10-19,14:00,4610,6,1,3,5,6,8,9,11,13,14,17
2013-10-19,15:00,4611,14,1,2,4,7,8,9,10,11,16,20
2013-10-19,16:00,4612,6,4,5,6,8,9,10,14,15,17,19
2013-10-19,17:00,4613,3,1,3,6,7,11,12,13,14,18,20
2013-10-19,18:00,4614,4,2,3,6,7,8,11,15,16,17,19
2013-10-19,19:00,4615,4,1,3,4,5,6,8,9,14,17,19
2013-10-19,20:00,4616,9,1,2,5,8,11,12,13,16,17,20
2013-10-19,21:00,4617,5,1,2,5,6,7,10,13,14,17,20
2013-10-19,22:00,4618,8,2,3,4,5,9,10,12,18,19,20
2013-10-19,23:00,4619,6,1,2,3,4,5,7,10,11,14,20
2013-10-20,07:00,4620,14,1,3,4,5,8,10,13,14,17,20
2013-10-20,08:00,4621,5,1,2,3,4,7,10,11,12,13,15
2013-10-20,09:00,4622,10,5,6,8,9,14,15,16,17,19,20
2013-10-20,10:00,4623,12,3,8,9,10,11,13,14,15,17,20
2013-10-20,11:00,4624,6,4,5,7,9,11,13,14,15,18,20
2013-10-20,12:00,4625,14,1,2,4,5,8,10,11,16,17,18
2013-10-20,13:00,4626,2,1,3,6,7,9,10,13,15,16,19
2013-10-20,14:00,4627,12,1,2,6,10,11,13,14,16,18,19
2013-10-20,15:00,4628,10,1,4,5,8,12,13,15,18,19,20
2013-10-20,16:00,4629,18,3,4,6,7,8,11,12,13,17,20
2013-10-20,17:00,4630,10,1,2,4,5,6,7,8,13,14,17
2013-10-20,18:00,4631,19,1,2,3,4,5,6,8,12,14,18
2013-10-20,19:00,4632,7,1,4,6,7,8,12,14,15,17,20
2013-10-20,20:00,4633,16,4,5,8,10,11,12,13,14,17,19
2013-10-20,21:00,4634,19,1,5,8,11,12,13,15,18,19,20
2013-10-20,22:00,4635,16,1,2,4,5,6,9,10,13,14,18
2013-10-20,23:00,4636,16,2,3,4,5,7,10,14,17,19,20
2013-10-21,07:00,4637,16,3,4,5,7,9,10,12,14,15,19
2013-10-21,08:00,4638,2,4,5,6,7,9,11,12,15,16,18
2013-10-21,09:00,4639,15,1,2,5,10,11,14,15,16,17,18
2013-10-21,10:00,4640,4,1,2,5,6,9,10,11,17,19,20
2013-10-21,11:00,4641,3,1,2,3,5,10,11,16,17,19,20
2013-10-21,12:00,4642,6,1,3,6,7,8,9,16,18,19,20
2013-10-21,13:00,4643,1,1,2,3,5,8,9,10,12,16,17
2013-10-21,14:00,4644,6,2,3,4,5,6,9,11,14,17,19
2013-10-21,15:00,4645,11,3,5,9,10,12,13,15,17,18,20
2013-10-21,16:00,4646,7,4,5,6,7,11,12,13,15,16,17
2013-10-21,17:00,4647,12,4,6,8,10,11,12,13,14,16,20
2013-10-21,18:00,4648,10,2,5,6,7,8,11,15,17,19,20
2013-10-21,19:00,4649,20,2,4,7,9,10,13,14,16,17,18
2013-10-21,20:00,4650,11,2,4,5,6,8,9,10,14,16,20
2013-10-21,21:00,4651,2,3,5,6,7,9,12,14,16,18,19
2013-10-21,22:00,4652,8,1,7,8,9,10,11,13,16,19,20
2013-10-21,23:00,4653,6,1,2,4,5,6,9,11,14,19,20
2013-10-22,07:00,4654,16,2,3,5,7,10,11,12,13,14,18
2013-10-22,08:00,4655,1,3,6,7,10,11,12,17,18,19,20
2013-10-22,09:00,4656,2,3,4,6,8,9,10,12,15,19,20
2013-10-22,10:00,4657,1,1,2,3,4,8,12,15,16,19,20
2013-10-22,11:00,4658,12,2,3,4,8,9,14,15,16,17,18
2013-10-22,12:00,4659,3,2,4,5,7,11,12,13,15,16,17
2013-10-22,13:00,4660,2,2,3,8,10,11,13,14,15,16,19
2013-10-22,14:00,4661,15,1,6,7,8,9,11,12,17,19,20
2013-10-22,15:00,4662,7,2,3,5,9,11,13,15,17,19,20
2013-10-22,16:00,4663,17,2,3,6,7,8,10,14,15,16,18
2013-10-22,17:00,4664,6,4,7,9,10,11,12,13,16,17,20
2013-10-22,18:00,4665,13,2,3,4,10,11,14,15,16,17,19
2013-10-22,19:00,4666,15,2,5,7,8,9,10,12,14,17,19
2013-10-22,20:00,4667,9,1,3,8,9,10,11,15,16,18,19
2013-10-22,21:00,4668,10,4,6,7,8,10,11,16,18,19,20
2013-10-22,22:00,4669,20,1,2,3,4,9,11,12,13,14,17
2013-10-22,23:00,4670,19,1,2,3,4,6,7,8,12,13,16
2013-10-23,07:00,4671,13,2,6,8,9,10,11,12,14,17,19
2013-10-23,08:00,4672,4,1,3,4,7,10,13,14,17,18,19
2013-10-23,09:00,4673,2,2,4,5,6,7,9,10,11,16,19
2013-10-23,10:00,4674,11,2,3,4,8,10,11,12,15,18,20
2013-10-23,11:00,4675,14,2,6,7,8,10,11,12,16,17,20
2013-10-23,12:00,4676,8,3,5,7,9,12,13,15,16,17,19
2013-10-23,13:00,4677,5,5,8,9,11,12,13,14,16,18,20
2013-10-23,14:00,4678,12,1,3,4,6,7,9,12,14,17,20
2013-10-23,15:00,4679,4,3,4,6,7,8,9,12,13,15,16
2013-10-23,16:00,4680,3,1,2,3,4,5,13,15,18,19,20
2013-10-23,17:00,4681,17,4,6,9,10,12,14,16,18,19,20
2013-10-23,18:00,4682,3,3,5,6,7,9,11,12,15,16,20
2013-10-23,19:00,4683,1,1,2,4,6,8,12,13,16,17,18
2013-10-23,20:00,4684,12,2,3,7,9,10,13,14,16,17,18
2013-10-23,21:00,4685,12,2,4,5,7,8,9,13,14,15,18
2013-10-23,22:00,4686,15,2,4,7,8,9,14,15,17,18,19
2013-10-23,23:00,4687,18,3,4,6,9,12,14,15,18,19,20
2013-10-24,07:00,4688,5,3,4,6,9,11,12,13,16,17,20
2013-10-24,08:00,4689,1,1,3,6,7,8,12,13,15,16,20
2013-10-24,09:00,4690,16,1,3,4,8,10,15,16,17,18,20
2013-10-24,10:00,4691,14,1,2,3,4,5,7,10,15,19,20
2013-10-24,11:00,4692,18,3,4,5,12,14,15,17,18,19,20
2013-10-24,12:00,4693,16,2,5,7,9,10,12,14,15,18,20
2013-10-24,13:00,4694,7,1,2,4,9,12,13,14,16,18,20
2013-10-24,14:00,4695,3,4,5,8,9,11,13,14,16,17,18
2013-10-24,15:00,4696,1,1,2,5,8,10,12,16,17,19,20
2013-10-24,16:00,4697,19,1,2,5,6,10,11,12,14,17,20
2013-10-24,17:00,4698,12,2,4,8,9,10,11,13,14,15,20
2013-10-24,18:00,4699,2,2,3,4,7,9,11,12,16,17,20
2013-10-24,19:00,4700,12,3,4,6,7,8,10,12,13,15,20
2013-10-24,20:00,4701,6,2,4,6,8,9,12,15,17,19,20
2013-10-24,21:00,4702,16,4,5,7,8,9,10,11,15,17,20
2013-10-24,22:00,4703,16,5,7,10,11,12,14,16,17,18,20
2013-10-24,23:00,4704,20,1,2,3,4,5,10,11,12,16,17
2013-10-25,07:00,4705,9,1,4,6,7,8,9,11,13,16,18
2013-10-25,08:00,4706,14,1,5,8,9,10,11,12,13,14,19
2013-10-25,09:00,4707,13,1,4,5,7,8,10,11,12,13,17
2013-10-25,10:00,4708,1,1,5,6,8,9,10,11,12,13,15
2013-10-25,11:00,4709,4,3,4,5,6,7,9,12,13,16,18
2013-10-25,12:00,4710,15,1,2,4,5,8,9,15,16,17,20
2013-10-25,13:00,4711,3,1,3,4,5,6,9,11,17,18,19
2013-10-25,14:00,4712,5,2,3,4,5,6,11,12,16,19,20
2013-10-25,15:00,4713,5,1,2,3,9,12,16,17,18,19,20
2013-10-25,16:00,4714,5,1,5,9,12,13,14,16,17,18,20
2013-10-25,17:00,4715,13,1,3,5,8,9,10,11,16,17,20
2013-10-25,18:00,4716,18,1,2,3,4,7,13,14,15,16,19
2013-10-25,19:00,4717,14,1,5,8,9,11,12,13,15,16,19
2013-10-25,20:00,4718,15,5,7,8,10,12,13,14,16,18,20
2013-10-25,21:00,4719,18,1,2,3,8,11,12,14,16,17,20
2013-10-25,22:00,4720,15,1,5,6,9,10,11,12,15,16,20
2013-10-25,23:00,4721,18,1,8,9,11,12,14,15,17,19,20
2013-10-26,07:00,4722,4,1,2,5,6,7,8,13,15,19,20
2013-10-26,08:00,4723,12,2,3,5,7,8,10,11,14,19,20
2013-10-26,09:00,4724,9,1,3,4,5,7,8,9,11,12,15
2013-10-26,10:00,4725,13,1,3,4,5,6,8,9,14,17,19
2013-10-26,11:00,4726,3,1,3,6,7,9,10,11,12,16,20
2013-10-26,12:00,4727,10,2,3,6,8,9,11,12,13,18,20
2013-10-26,13:00,4728,7,3,4,5,7,8,9,11,12,16,20
2013-10-26,14:00,4729,20,5,6,7,8,10,13,14,15,17,20
2013-10-26,15:00,4730,7,4,5,8,10,11,13,14,15,16,20
2013-10-26,16:00,4731,18,1,2,3,6,8,12,13,14,15,20
2013-10-26,17:00,4732,14,3,4,7,8,11,13,14,15,16,18
2013-10-26,18:00,4733,3,1,3,8,9,11,13,14,18,19,20
2013-10-26,19:00,4734,4,3,4,5,7,8,13,14,17,18,19
2013-10-26,20:00,4735,4,1,2,3,4,5,7,11,12,13,20
2013-10-26,21:00,4736,10,2,4,5,7,9,10,12,14,16,20
2013-10-26,22:00,4737,14,2,3,5,7,9,13,14,15,18,19
2013-10-26,23:00,4738,3,1,4,5,7,8,9,10,15,16,20
2013-10-27,07:00,4739,11,1,4,7,8,9,11,12,14,15,18
2013-10-27,08:00,4740,5,1,3,7,9,10,11,14,16,17,18
2013-10-27,09:00,4741,3,3,4,5,6,8,9,10,13,15,17
2013-10-27,10:00,4742,13,4,6,9,11,13,14,15,17,18,19
2013-10-27,11:00,4743,15,3,5,6,7,8,9,14,15,17,20
2013-10-27,12:00,4744,11,1,3,4,5,6,7,9,10,14,19
2013-10-27,13:00,4745,17,4,5,6,8,9,13,14,17,18,19
2013-10-27,14:00,4746,4,1,4,5,6,8,9,13,15,17,18
2013-10-27,15:00,4747,19,5,6,8,10,11,13,16,17,18,20
2013-10-27,16:00,4748,1,2,4,6,8,9,10,13,16,17,19
2013-10-27,17:00,4749,9,3,4,5,7,9,10,12,16,18,19
2013-10-27,18:00,4750,10,4,5,6,7,8,9,10,12,13,15
2013-10-27,19:00,4751,2,3,5,6,7,10,13,14,17,19,20
2013-10-27,20:00,4752,17,1,2,3,6,8,9,12,13,16,17
2013-10-27,21:00,4753,11,1,3,5,7,11,13,14,15,17,19
2013-10-27,22:00,4754,14,1,2,4,8,10,11,15,18,19,20
2013-10-27,23:00,4755,9,1,2,7,8,9,10,12,13,14,18
2013-10-28,07:00,4756,6,4,5,6,7,8,10,11,13,15,17
2013-10-28,08:00,4757,2,1,4,5,6,7,10,14,16,17,18
2013-10-28,09:00,4758,15,7,11,12,13,14,15,17,18,19,20
2013-10-28,10:00,4759,7,1,2,4,6,8,9,13,15,17,18
2013-10-28,11:00,4760,5,3,4,5,6,7,10,11,14,19,20
2013-10-28,12:00,4761,16,2,3,7,11,12,13,14,16,17,18
2013-10-28,13:00,4762,2,1,4,6,10,11,12,14,17,19,20
2013-10-28,14:00,4763,9,3,4,6,10,11,12,13,14,16,20
2013-10-28,15:00,4764,18,2,3,4,5,7,10,12,13,15,20
2013-10-28,16:00,4765,8,2,3,4,5,7,8,10,12,15,20
2013-10-28,17:00,4766,11,2,3,6,7,9,11,12,13,14,16
2013-10-28,18:00,4767,9,3,4,6,7,10,12,13,16,19,20
2013-10-28,19:00,4768,12,2,4,7,10,11,12,14,16,17,20
2013-10-28,20:00,4769,8,4,6,8,9,10,11,12,18,19,20
2013-10-28,21:00,4770,4,3,5,6,7,8,10,11,14,17,19
2013-10-28,22:00,4771,13,2,6,8,9,10,11,12,13,16,20
2013-10-28,23:00,4772,18,1,4,7,9,11,13,16,17,18,20
2013-10-29,07:00,4773,8,1,2,3,5,7,9,11,12,14,18
2013-10-29,08:00,4774,16,4,5,8,9,10,11,13,14,17,20
2013-10-29,09:00,4775,17,5,6,7,11,12,13,15,16,18,19
2013-10-29,10:00,4776,11,3,5,8,10,12,14,15,16,18,20
2013-10-29,11:00,4777,8,1,4,5,7,11,14,15,16,18,19
2013-10-29,12:00,4778,17,1,2,3,7,9,10,12,15,18,20
2013-10-29,13:00,4779,8,3,4,5,6,7,8,10,15,16,17
2013-10-29,14:00,4780,6,1,4,7,8,11,13,14,15,17,19
2013-10-29,15:00,4781,12,3,4,6,7,8,14,15,16,18,20
2013-10-29,16:00,4782,15,1,2,3,4,8,16,17,18,19,20
2013-10-29,17:00,4783,11,1,2,4,5,11,12,13,16,18,19
2013-10-29,18:00,4784,6,1,3,4,6,9,12,16,17,19,20
2013-10-29,19:00,4785,17,4,7,8,10,13,15,16,17,18,19
2013-10-29,20:00,4786,12,1,4,8,11,12,14,15,16,18,19
2013-10-29,21:00,4787,5,1,3,4,5,8,10,11,12,15,19
2013-10-29,22:00,4788,9,2,3,5,6,10,11,15,17,19,20
2013-10-29,23:00,4789,3,1,3,4,6,8,11,12,16,17,18
2013-10-30,07:00,4790,3,2,6,7,10,12,13,14,15,18,19
2013-10-30,08:00,4791,11,1,2,5,6,12,13,14,16,17,18
2013-10-30,09:00,4792,18,1,2,4,5,11,13,14,15,16,17
2013-10-30,10:00,4793,10,2,5,6,8,9,11,12,15,16,20
2013-10-30,11:00,4794,3,2,3,5,8,9,11,12,14,15,17
2013-10-30,12:00,4795,7,1,2,3,5,6,7,11,12,15,16
2013-10-30,13:00,4796,15,3,4,6,7,8,14,17,18,19,20
2013-10-30,14:00,4797,13,1,2,4,8,9,10,14,15,17,20
2013-10-30,15:00,4798,11,2,3,4,6,7,8,11,13,14,17
2013-10-30,16:00,4799,3,1,2,4,7,10,11,16,18,19,20
2013-10-30,17:00,4800,5,1,3,4,8,10,12,14,15,18,19
2013-10-30,18:00,4801,1,2,6,7,8,9,12,15,17,19,20
2013-10-30,19:00,4802,17,2,3,6,7,8,10,11,12,15,18
2013-10-30,20:00,4803,16,1,4,6,7,9,13,15,16,18,20
2013-10-30,21:00,4804,9,3,5,6,7,8,11,14,15,17,20
2013-10-30,22:00,4805,8,4,5,6,8,9,14,15,17,18,19
2013-10-30,23:00,4806,1,1,2,6,8,9,10,13,14,17,20
2013-10-31,07:00,4807,6,2,6,8,9,10,12,13,16,17,20
2013-10-31,08:00,4808,4,1,4,5,9,10,13,14,16,19,20
2013-10-31,09:00,4809,6,2,3,4,5,7,8,12,14,18,19
2013-10-31,10:00,4810,11,1,3,7,9,12,15,16,17,18,19
2013-10-31,11:00,4811,10,2,4,6,8,9,12,13,15,16,19
2013-10-31,12:00,4812,17,4,6,10,11,14,15,16,18,19,20
2013-10-31,13:00,4813,7,1,2,3,6,10,12,14,16,19,20
2013-10-31,14:00,4814,14,2,4,8,9,11,12,13,18,19,20
2013-10-31,15:00,4815,8,1,2,4,5,8,10,14,15,16,17
2013-10-31,16:00,4816,14,4,6,9,10,11,12,13,15,18,20
2013-10-31,17:00,4817,8,2,3,4,5,6,7,14,17,19,20
2013-10-31,18:00,4818,7,5,7,8,11,14,16,17,18,19,20
2013-10-31,19:00,4819,4,1,2,3,4,9,11,14,15,16,18
2013-10-31,20:00,4820,1,1,5,8,10,12,14,15,18,19,20
2013-10-31,21:00,4821,8,1,3,4,7,10,11,12,13,18,19
2013-10-31,22:00,4822,7,3,6,7,8,11,12,13,14,15,18
2013-10-31,23:00,4823,18,1,2,4,7,8,13,14,16,18,19
2013-11-01,07:00,4824,5,1,2,6,7,8,9,10,12,17,20
2013-11-01,08:00,4825,18,3,4,5,6,9,10,12,13,18,20
2013-11-01,09:00,4826,15,1,4,5,7,9,12,13,15,17,19
2013-11-01,10:00,4827,8,2,4,7,8,11,12,13,14,15,20
2013-11-01,11:00,4828,3,2,4,6,7,9,11,14,17,18,20
2013-11-01,12:00,4829,19,2,4,5,9,10,11,13,16,17,18
2013-11-01,13:00,4830,3,4,5,7,8,10,14,15,16,18,20
2013-11-01,14:00,4831,2,1,3,4,6,9,13,14,17,19,20
2013-11-01,15:00,4832,15,1,4,7,10,11,12,13,15,16,19
2013-11-01,16:00,4833,7,1,2,3,5,6,9,11,13,18,20
2013-11-01,17:00,4834,6,1,3,5,6,7,8,9,13,16,17
2013-11-01,18:00,4835,19,6,7,8,10,11,12,13,14,15,17
2013-11-01,19:00,4836,4,1,4,6,10,12,13,14,18,19,20
2013-11-01,20:00,4837,16,2,4,9,10,11,14,15,17,18,20
2013-11-01,21:00,4838,16,1,3,5,8,10,11,17,18,19,20
2013-11-01,22:00,4839,3,2,5,7,8,9,12,14,16,17,19
2013-11-01,23:00,4840,11,3,4,5,9,12,14,15,17,18,19
2013-11-02,07:00,4841,7,1,2,3,8,10,11,12,15,19,20
2013-11-02,08:00,4842,11,1,2,3,5,7,11,13,16,17,19
2013-11-02,09:00,4843,2,1,3,9,10,11,13,14,16,17,20
2013-11-02,10:00,4844,11,1,3,5,9,12,13,15,16,17,20
2013-11-02,11:00,4845,9,4,6,8,9,11,14,15,17,18,19
2013-11-02,12:00,4846,8,2,6,8,9,10,14,16,18,19,20
2013-11-02,13:00,4847,2,2,4,9,11,13,14,15,17,18,20
2013-11-02,14:00,4848,2,2,4,6,7,8,9,10,17,19,20
2013-11-02,15:00,4849,16,1,2,3,6,8,9,13,15,18,19
2013-11-02,16:00,4850,4,2,4,5,6,7,9,11,12,14,18
2013-11-02,17:00,4851,11,3,4,6,9,11,12,14,15,17,18
2013-11-02,18:00,4852,2,4,5,6,7,10,11,14,15,17,18
2013-11-02,19:00,4853,7,1,2,4,5,6,11,12,15,18,19
2013-11-02,20:00,4854,1,2,5,8,9,14,16,17,18,19,20
2013-11-02,21:00,4855,7,3,4,6,7,8,10,12,13,14,17
2013-11-02,22:00,4856,1,2,3,4,7,10,12,15,17,18,19
2013-11-02,23:00,4857,11,1,2,5,6,7,10,13,14,15,16
2013-11-03,07:00,4858,19,2,5,6,7,13,14,16,17,18,20
2013-11-03,08:00,4859,9,5,6,9,13,14,15,16,17,18,20
2013-11-03,09:00,4860,2,1,2,3,5,7,8,11,12,19,20
2013-11-03,10:00,4861,17,2,3,4,6,7,10,16,18,19,20
2013-11-03,11:00,4862,17,2,3,4,5,8,9,11,14,19,20
2013-11-03,12:00,4863,11,1,4,8,11,12,13,15,17,18,19
2013-11-03,13:00,4864,6,2,4,9,10,11,13,14,15,16,18
2013-11-03,14:00,4865,7,1,2,3,5,7,8,11,13,16,19
2013-11-03,15:00,4866,17,2,3,5,8,9,11,13,15,16,17
2013-11-03,16:00,4867,20,1,2,3,5,7,10,11,14,15,20
2013-11-03,17:00,4868,18,1,2,3,5,6,7,8,10,15,20
2013-11-03,18:00,4869,6,1,5,6,8,9,10,11,15,16,19
2013-11-03,19:00,4870,18,3,4,9,10,11,12,14,15,17,20
2013-11-03,20:00,4871,5,1,7,8,10,11,13,14,15,19,20
2013-11-03,21:00,4872,4,1,3,5,8,9,12,13,14,18,20
2013-11-03,22:00,4873,15,1,2,3,4,8,9,11,13,16,20
2013-11-03,23:00,4874,5,4,5,7,8,9,11,13,16,19,20
2013-11-04,07:00,4875,10,2,4,5,6,7,8,14,15,16,18
2013-11-04,08:00,4876,10,1,2,3,5,7,8,11,13,17,19
2013-11-04,09:00,4877,4,2,3,4,7,8,14,15,17,18,19
2013-11-04,10:00,4878,12,1,4,7,9,10,11,12,13,15,19
2013-11-04,11:00,4879,16,1,2,4,5,8,9,12,13,19,20
2013-11-04,12:00,4880,5,1,2,8,9,10,12,14,16,17,18
2013-11-04,13:00,4881,18,3,4,7,9,11,12,14,16,19,20
2013-11-04,14:00,4882,6,1,2,3,5,6,8,11,13,16,18
2013-11-04,15:00,4883,8,2,9,10,12,13,14,16,17,19,20
2013-11-04,16:00,4884,8,2,4,7,8,11,13,14,16,17,20
2013-11-04,17:00,4885,5,1,6,8,10,11,13,14,16,17,19
2013-11-04,18:00,4886,16,1,2,3,5,7,8,15,17,18,19
2013-11-04,19:00,4887,13,1,5,6,9,10,11,12,13,16,20
2013-11-04,20:00,4888,2,2,3,4,6,8,11,13,15,16,19
2013-11-04,21:00,4889,15,1,2,3,5,6,9,11,16,18,19
2013-11-04,22:00,4890,6,1,3,4,5,6,13,14,16,18,19
2013-11-04,23:00,4891,4,1,2,3,8,9,10,11,12,16,19
2013-11-05,07:00,4892,4,6,9,11,12,14,15,17,18,19,20
2013-11-05,08:00,4893,11,1,2,3,6,9,11,12,13,19,20
2013-11-05,09:00,4894,9,2,7,8,12,14,15,16,17,18,19
2013-11-05,10:00,4895,10,1,8,10,11,13,14,15,16,17,19
2013-11-05,11:00,4896,3,1,3,6,7,9,12,13,15,18,20
2013-11-05,12:00,4897,12,1,2,6,8,10,11,14,15,16,17
2013-11-05,13:00,4898,4,1,2,4,7,8,10,12,14,15,20
2013-11-05,14:00,4899,11,4,6,8,10,13,14,15,16,17,19
2013-11-05,15:00,4900,7,4,8,9,11,12,14,16,17,18,20
2013-11-05,16:00,4901,10,5,6,8,9,11,12,13,14,16,20
2013-11-05,17:00,4902,12,2,3,6,10,12,14,15,17,18,20
2013-11-05,18:00,4903,9,2,3,4,8,9,10,13,14,18,20
2013-11-05,19:00,4904,7,1,3,4,5,6,9,12,13,14,17
2013-11-05,20:00,4905,16,2,3,5,7,9,10,12,16,17,20
2013-11-05,21:00,4906,19,2,4,5,7,8,9,13,15,17,20
2013-11-05,22:00,4907,20,2,4,5,6,10,12,14,15,16,17
2013-11-05,23:00,4908,20,2,4,5,8,9,10,11,15,16,20
2013-11-06,07:00,4909,2,3,4,5,8,10,11,13,16,17,18
2013-11-06,08:00,4910,16,2,4,6,8,9,10,13,15,18,20
2013-11-06,09:00,4911,17,2,3,5,7,8,9,11,12,15,17
2013-11-06,10:00,4912,14,2,4,5,6,8,10,13,16,17,18
2013-11-06,11:00,4913,6,1,5,6,8,11,13,14,15,16,20
2013-11-06,12:00,4914,10,3,4,6,7,8,15,16,17,18,19
2013-11-06,13:00,4915,1,3,4,9,10,11,14,15,16,17,19
2013-11-06,14:00,4916,6,5,6,7,11,13,14,15,17,18,19
2013-11-06,15:00,4917,5,2,4,5,6,9,14,16,17,18,19
2013-11-06,16:00,4918,19,3,6,8,9,10,11,12,13,14,15
2013-11-06,17:00,4919,17,4,5,6,7,10,11,13,14,18,19
2013-11-06,18:00,4920,13,3,4,5,8,10,11,13,17,19,20
2013-11-06,19:00,4921,7,1,2,3,6,8,9,13,14,15,19
2013-11-06,20:00,4922,4,4,9,10,11,12,16,17,18,19,20
2013-11-06,21:00,4923,9,4,6,8,9,10,14,15,16,18,20
2013-11-06,22:00,4924,1,1,3,4,6,7,11,13,15,17,19
2013-11-06,23:00,4925,6,1,4,5,7,8,9,13,16,17,20
2013-11-07,07:00,4926,14,1,2,3,4,5,6,7,10,14,18
2013-11-07,08:00,4927,17,2,4,5,6,8,10,11,15,17,19
2013-11-07,09:00,4928,5,1,3,6,7,11,13,15,17,18,19
2013-11-07,10:00,4929,8,3,4,7,12,14,15,16,17,19,20
2013-11-07,11:00,4930,13,1,2,5,8,9,10,12,14,17,20
2013-11-07,12:00,4931,4,1,6,7,9,11,12,13,15,16,18
2013-11-07,13:00,4932,18,2,5,7,8,11,13,14,18,19,20
2013-11-07,14:00,4933,11,1,2,3,7,9,10,11,13,15,19
2013-11-07,15:00,4934,13,1,2,4,6,9,10,12,13,15,18
2013-11-07,16:00,4935,3,2,3,4,6,7,11,12,13,17,19
2013-11-07,17:00,4936,15,2,3,6,7,11,14,15,16,18,20
2013-11-07,18:00,4937,10,1,3,7,9,11,14,17,18,19,20
2013-11-07,19:00,4938,6,3,5,6,7,8,11,13,15,18,19
2013-11-07,20:00,4939,8,2,9,11,12,13,14,16,18,19,20
2013-11-07,21:00,4940,6,1,2,3,4,5,6,11,13,14,15
2013-11-07,22:00,4941,8,2,5,6,7,9,11,12,15,17,20
2013-11-07,23:00,4942,5,1,2,4,5,7,8,10,12,13,14
2013-11-08,07:00,4943,4,1,2,4,7,9,11,13,14,16,18
2013-11-08,08:00,4944,20,2,3,4,5,6,9,11,13,15,20
2013-11-08,09:00,4945,10,1,5,8,9,10,11,14,15,19,20
2013-11-08,10:00,4946,11,2,4,7,8,11,14,15,18,19,20
2013-11-08,11:00,4947,12,3,4,6,8,9,11,12,13,14,15
2013-11-08,12:00,4948,1,1,2,4,6,8,11,14,16,18,20
2013-11-08,13:00,4949,2,2,4,6,7,9,11,12,14,16,18
2013-11-08,14:00,4950,11,1,2,3,5,6,8,13,15,16,20
2013-11-08,15:00,4951,6,6,8,9,10,11,13,16,18,19,20
2013-11-08,16:00,4952,5,5,7,8,10,12,14,15,16,17,19
2013-11-08,17:00,4953,6,2,4,5,6,9,11,13,15,17,20
2013-11-08,18:00,4954,7,1,3,4,5,6,9,10,11,14,20
2013-11-08,19:00,4955,17,1,2,5,6,9,12,15,16,17,18
2013-11-08,20:00,4956,11,2,3,4,8,10,12,14,16,17,19
2013-11-08,21:00,4957,17,2,3,4,7,8,10,11,14,17,20
2013-11-08,22:00,4958,19,1,2,4,5,6,7,11,13,17,18
2013-11-08,23:00,4959,12,1,3,5,9,11,13,15,16,17,18
2013-11-09,07:00,4960,8,1,3,4,6,7,8,10,11,15,18
2013-11-09,08:00,4961,5,2,3,5,6,9,10,11,13,14,18
2013-11-09,09:00,4962,16,2,7,8,9,11,12,16,18,19,20
2013-11-09,10:00,4963,13,2,3,4,5,13,15,17,18,19,20
2013-11-09,11:00,4964,10,5,8,9,10,11,13,14,16,18,20
2013-11-09,12:00,4965,8,2,4,6,8,11,12,13,15,16,19
2013-11-09,13:00,4966,1,1,4,7,11,12,14,15,16,17,18
2013-11-09,14:00,4967,4,7,8,9,10,12,14,15,17,18,19
2013-11-09,15:00,4968,5,4,5,7,8,9,10,11,13,14,15
2013-11-09,16:00,4969,11,1,3,4,5,8,9,12,17,18,19
2013-11-09,17:00,4970,8,3,6,7,8,10,12,14,15,16,18
2013-11-09,18:00,4971,8,1,3,9,10,12,14,15,16,17,19
2013-11-09,19:00,4972,17,1,2,5,7,9,10,12,14,17,19
2013-11-09,20:00,4973,17,1,4,6,7,9,10,13,16,19,20
2013-11-09,21:00,4974,4,3,4,5,7,8,11,13,16,18,20
2013-11-09,22:00,4975,5,4,6,10,11,12,13,15,16,19,20
2013-11-09,23:00,4976,10,3,6,7,8,9,11,12,15,16,17
2013-11-10,07:00,4977,5,6,7,10,11,12,13,15,16,18,20
2013-11-10,08:00,4978,8,3,4,5,6,7,8,9,11,18,20
2013-11-10,09:00,4979,1,6,7,9,10,11,12,14,16,17,18
2013-11-10,10:00,4980,6,2,5,6,7,9,10,11,15,16,20
2013-11-10,11:00,4981,7,1,2,5,9,14,15,17,18,19,20
2013-11-10,12:00,4982,11,3,4,6,7,9,12,13,14,15,20
2013-11-10,13:00,4983,5,2,3,4,6,7,8,9,10,18,19
2013-11-10,14:00,4984,6,3,8,9,10,11,12,14,15,16,19
2013-11-10,15:00,4985,12,1,2,3,4,6,7,10,15,16,18
2013-11-10,16:00,4986,5,2,6,7,8,9,11,14,16,17,18
2013-11-10,17:00,4987,17,1,3,7,8,10,11,12,13,14,19
2013-11-10,18:00,4988,1,1,6,7,9,13,14,15,17,19,20
2013-11-10,19:00,4989,9,4,6,8,10,12,14,15,16,19,20
2013-11-10,20:00,4990,19,1,2,9,11,12,13,15,17,18,19
2013-11-10,21:00,4991,11,2,4,7,9,11,13,15,16,18,19
2013-11-10,22:00,4992,18,1,2,6,8,10,12,15,17,18,19
2013-11-10,23:00,4993,2,1,3,8,10,11,12,13,14,15,16
2013-11-11,07:00,4994,15,2,7,9,12,13,14,15,16,17,20
2013-11-11,08:00,4995,17,1,3,4,5,10,11,12,13,14,17
2013-11-11,09:00,4996,14,2,4,5,6,7,8,12,13,14,16
2013-11-11,10:00,4997,15,1,2,4,7,9,10,14,15,19,20
2013-11-11,11:00,4998,15,2,4,8,10,12,14,15,16,17,20
2013-11-11,12:00,4999,12,1,2,3,4,7,10,14,17,18,20
2013-11-11,13:00,5000,8,1,3,4,5,7,9,10,11,14,20
2013-11-11,14:00,5001,12,2,4,5,7,11,12,13,16,17,20
2013-11-11,15:00,5002,20,2,4,5,6,9,13,14,15,17,20
2013-11-11,16:00,5003,17,1,2,6,10,11,16,17,18,19,20
2013-11-11,17:00,5004,4,2,3,4,6,11,12,14,15,17,19
2013-11-11,18:00,5005,17,1,2,6,7,8,10,13,14,18,19
2013-11-11,19:00,5006,16,3,5,7,8,9,11,12,14,16,18
2013-11-11,20:00,5007,7,4,8,11,13,15,16,17,18,19,20
2013-11-11,21:00,5008,16,1,2,4,6,9,12,13,16,19,20
2013-11-11,22:00,5009,14,1,3,5,7,9,13,14,15,16,20
2013-11-11,23:00,5010,8,1,2,4,5,6,7,8,16,17,19
2013-11-12,07:00,5011,15,1,4,5,8,9,10,12,15,18,20
2013-11-12,08:00,5012,8,3,6,7,10,11,12,15,17,18,19
2013-11-12,09:00,5013,4,2,6,9,10,14,15,16,17,18,20
2013-11-12,10:00,5014,15,1,3,5,8,9,13,15,18,19,20
2013-11-12,11:00,5015,18,1,4,6,9,11,12,13,15,17,18
2013-11-12,12:00,5016,4,1,2,4,6,11,14,16,17,19,20
2013-11-12,13:00,5017,3,2,6,7,8,10,15,16,18,19,20
2013-11-12,14:00,5018,12,1,3,5,6,7,9,13,14,16,20
2013-11-12,15:00,5019,20,5,7,10,11,12,14,15,16,18,20
2013-11-12,16:00,5020,12,1,6,7,8,9,13,14,17,18,19
2013-11-12,17:00,5021,5,2,3,4,5,6,9,10,11,17,18
2013-11-12,18:00,5022,18,1,3,4,6,10,12,15,17,19,20
2013-11-12,19:00,5023,10,1,5,8,9,10,13,14,16,18,19
2013-11-12,20:00,5024,13,2,3,4,6,7,10,12,14,19,20
2013-11-12,21:00,5025,7,1,5,6,7,11,12,14,15,16,17
2013-11-12,22:00,5026,19,1,4,7,8,9,10,12,16,17,18
2013-11-12,23:00,5027,14,3,4,5,7,10,12,13,15,16,20
2013-11-13,07:00,5028,18,1,3,4,6,9,13,14,15,17,20
2013-11-13,08:00,5029,18,1,4,5,6,9,11,12,17,19,20
2013-11-13,09:00,5030,17,1,3,4,5,8,12,15,17,18,20
2013-11-13,10:00,5031,10,1,2,5,6,10,11,12,15,18,20
2013-11-13,11:00,5032,5,1,3,5,7,9,10,12,13,16,18
2013-11-13,12:00,5033,12,4,5,6,7,10,12,13,15,16,19
2013-11-13,13:00,5034,9,4,6,7,9,10,11,12,15,16,19
2013-11-13,14:00,5035,9,2,3,4,6,7,9,13,16,19,20
2013-11-13,15:00,5036,10,1,2,8,9,10,11,12,13,14,15
2013-11-13,16:00,5037,14,2,4,5,9,10,11,13,16,17,18
2013-11-13,17:00,5038,17,1,5,6,7,8,9,13,15,17,20
2013-11-13,18:00,5039,5,1,3,4,6,7,8,9,14,16,17
2013-11-13,19:00,5040,9,1,2,5,6,8,10,14,16,18,19
2013-11-13,20:00,5041,19,2,6,8,9,10,11,14,17,18,19
2013-11-13,21:00,5042,3,4,6,7,9,11,12,13,15,19,20
2013-11-13,22:00,5043,1,2,5,8,9,11,13,15,16,17,19
2013-11-13,23:00,5044,9,3,5,6,10,12,13,15,17,18,19
2013-11-14,07:00,5045,18,3,4,5,9,10,14,15,18,19,20
2013-11-14,08:00,5046,19,1,4,5,6,7,10,12,14,18,19
2013-11-14,09:00,5047,5,2,5,6,7,8,10,11,16,17,19
2013-11-14,10:00,5048,11,1,4,5,6,7,8,11,13,14,17
2013-11-14,11:00,5049,19,2,4,5,6,12,14,15,16,17,19
2013-11-14,12:00,5050,15,1,2,6,7,9,11,12,13,17,19
2013-11-14,13:00,5051,8,4,6,7,10,12,13,17,18,19,20
2013-11-14,14:00,5052,12,3,4,5,7,11,13,14,15,19,20
2013-11-14,15:00,5053,10,1,5,6,7,8,9,10,12,13,19
2013-11-14,16:00,5054,6,5,6,8,9,10,11,12,16,17,18
2013-11-14,17:00,5055,14,1,3,4,5,10,13,17,18,19,20
2013-11-14,18:00,5056,1,1,3,4,5,6,8,13,14,17,18
2013-11-14,19:00,5057,12,1,2,3,5,6,7,12,14,16,19
2013-11-14,20:00,5058,13,2,3,6,7,8,10,14,15,17,18
2013-11-14,21:00,5059,16,3,6,7,10,12,14,15,17,18,19
2013-11-14,22:00,5060,5,2,5,6,10,11,12,14,15,16,20
2013-11-14,23:00,5061,16,5,6,7,9,10,11,16,18,19,20
2013-11-15,07:00,5062,16,3,9,10,11,12,13,14,16,17,20
2013-11-15,08:00,5063,11,1,3,4,5,7,8,11,12,13,16
2013-11-15,09:00,5064,8,2,6,7,8,9,11,12,15,19,20
2013-11-15,10:00,5065,8,2,5,6,8,13,14,15,17,18,19
2013-11-15,11:00,5066,4,4,8,10,13,14,15,16,17,18,19
2013-11-15,12:00,5067,20,1,3,4,6,8,9,10,11,15,19
2013-11-15,13:00,5068,2,2,4,5,8,9,10,15,18,19,20
2013-11-15,14:00,5069,3,2,3,6,9,10,12,13,18,19,20
2013-11-15,15:00,5070,15,2,4,5,7,10,11,15,17,19,20
2013-11-15,16:00,5071,14,1,2,3,4,5,7,9,10,11,15
2013-11-15,17:00,5072,10,3,4,6,9,10,12,13,15,17,18
2013-11-15,18:00,5073,6,1,2,4,6,8,14,15,16,17,20
2013-11-15,19:00,5074,13,2,6,8,9,10,11,12,14,17,18
2013-11-15,20:00,5075,16,3,4,5,9,10,11,15,16,17,19
2013-11-15,21:00,5076,14,3,4,5,6,7,8,13,18,19,20
2013-11-15,22:00,5077,12,3,5,6,8,9,10,12,13,16,20
2013-11-15,23:00,5078,19,3,5,7,10,11,12,13,14,16,18
2013-11-16,07:00,5079,2,2,3,9,10,11,14,16,17,19,20
2013-11-16,08:00,5080,9,1,3,4,7,9,10,13,15,17,20
2013-11-16,09:00,5081,16,4,5,6,7,8,10,11,14,16,20
2013-11-16,10:00,5082,18,4,6,8,11,13,15,16,18,19,20
2013-11-16,11:00,5083,10,1,3,5,7,8,10,11,13,17,19
2013-11-16,12:00,5084,1,1,2,6,10,11,14,15,16,17,20
2013-11-16,13:00,5085,18,1,2,5,6,7,8,9,12,14,15
2013-11-16,14:00,5086,16,2,4,8,10,12,13,16,17,19,20
2013-11-16,15:00,5087,6,1,2,3,4,6,7,14,16,17,19
2013-11-16,16:00,5088,20,1,3,6,11,12,14,17,18,19,20
2013-11-16,17:00,5089,7,1,3,7,8,9,11,13,14,16,17
2013-11-16,18:00,5090,20,2,4,5,6,9,12,14,16,17,19
2013-11-16,19:00,5091,3,4,5,6,7,9,16,17,18,19,20
2013-11-16,20:00,5092,11,2,5,7,8,9,11,12,14,16,20
2013-11-16,21:00,5093,2,1,4,6,7,8,13,14,15,16,17
2013-11-16,22:00,5094,11,2,3,4,5,7,11,12,15,16,19
2013-11-16,23:00,5095,18,1,2,3,5,10,12,13,15,16,20
2013-11-17,07:00,5096,4,3,5,6,8,9,10,13,17,18,19
2013-11-17,08:00,5097,19,1,2,4,5,7,11,12,14,16,20
2013-11-17,09:00,5098,13,1,2,4,5,7,8,9,11,19,20
2013-11-17,10:00,5099,1,2,3,4,5,7,8,9,12,14,17
2013-11-17,11:00,5100,2,1,4,5,7,8,11,12,13,18,20
2013-11-17,12:00,5101,11,1,5,6,9,10,13,15,16,17,18
2013-11-17,13:00,5102,2,4,5,6,7,9,10,11,12,17,20
2013-11-17,14:00,5103,13,2,5,6,7,8,11,12,15,18,20
2013-11-17,15:00,5104,3,2,3,6,7,11,12,13,15,16,20
2013-11-17,16:00,5105,18,1,5,7,8,10,12,13,14,16,20
2013-11-17,17:00,5106,1,2,7,9,10,12,14,15,16,18,19
2013-11-17,18:00,5107,20,1,2,6,8,9,10,11,13,15,16
2013-11-17,19:00,5108,8,1,2,3,6,9,10,14,15,18,20
2013-11-17,20:00,5109,6,2,3,5,7,9,10,11,12,14,16
2013-11-17,21:00,5110,11,2,3,5,8,9,11,15,18,19,20
2013-11-17,22:00,5111,20,1,5,7,8,9,11,12,13,16,20
2013-11-17,23:00,5112,3,3,6,10,11,13,14,15,16,18,20
2013-11-18,07:00,5113,6,2,4,8,10,11,12,15,16,17,19
2013-11-18,08:00,5114,6,1,3,4,5,9,10,13,16,18,20
2013-11-18,09:00,5115,12,2,3,4,6,10,14,15,17,18,19
2013-11-18,10:00,5116,18,1,3,4,5,8,9,10,12,19,20
2013-11-18,11:00,5117,14,5,7,8,9,10,13,14,17,18,19
2013-11-18,12:00,5118,8,2,4,6,7,9,10,11,18,19,20
2013-11-18,13:00,5119,18,1,3,4,5,10,13,15,16,17,20
2013-11-18,14:00,5120,18,2,3,6,7,8,11,14,16,17,20
2013-11-18,15:00,5121,16,1,2,4,6,11,12,13,16,18,19
2013-11-18,16:00,5122,16,1,2,5,10,11,12,13,14,18,20
2013-11-18,17:00,5123,10,2,5,6,7,8,15,17,18,19,20
2013-11-18,18:00,5124,5,3,5,6,8,9,12,13,15,16,17
2013-11-18,19:00,5125,8,1,2,5,9,11,12,13,18,19,20
2013-11-18,20:00,5126,1,2,5,6,8,10,11,14,15,16,18
2013-11-18,21:00,5127,8,1,3,4,5,8,11,12,14,17,19
2013-11-18,22:00,5128,5,1,3,5,6,10,12,15,17,18,20
2013-11-18,23:00,5129,19,2,3,4,5,9,10,13,14,16,18
2013-11-19,07:00,5130,12,1,3,4,7,10,13,15,16,19,20
2013-11-19,08:00,5131,8,1,4,5,6,7,9,14,16,17,18
2013-11-19,09:00,5132,14,1,5,7,9,10,11,13,14,16,17
2013-11-19,10:00,5133,9,3,4,7,9,11,12,13,14,15,20
2013-11-19,11:00,5134,13,1,3,4,5,6,8,14,17,18,20
2013-11-19,12:00,5135,7,4,9,10,11,14,15,16,17,19,20
2013-11-19,13:00,5136,20,2,7,8,9,11,12,13,15,16,17
2013-11-19,14:00,5137,13,1,2,3,5,8,11,12,14,16,17
2013-11-19,15:00,5138,14,2,4,5,6,8,13,14,15,16,20
2013-11-19,16:00,5139,11,1,5,6,10,11,13,15,16,19,20
2013-11-19,17:00,5140,4,2,4,5,10,12,14,15,16,18,20
2013-11-19,18:00,5141,11,1,3,4,5,6,8,10,13,15,19
2013-11-19,19:00,5142,17,2,4,8,10,13,15,16,17,18,19
2013-11-19,20:00,5143,1,3,4,8,14,15,16,17,18,19,20
2013-11-19,21:00,5144,6,2,3,5,6,7,9,11,12,16,18
2013-11-19,22:00,5145,16,1,4,5,7,8,9,12,13,14,20
2013-11-19,23:00,5146,9,1,3,6,7,8,9,15,16,18,20
2013-11-20,07:00,5147,12,3,4,8,9,12,14,16,17,19,20
2013-11-20,08:00,5148,11,2,5,6,7,8,14,17,18,19,20
2013-11-20,09:00,5149,11,6,9,10,11,14,15,17,18,19,20
2013-11-20,10:00,5150,15,3,4,5,8,9,10,12,15,17,20
2013-11-20,11:00,5151,20,2,8,9,10,12,13,14,15,18,19
2013-11-20,12:00,5152,1,2,4,6,9,10,12,13,14,15,18
2013-11-20,13:00,5153,5,1,3,4,6,7,9,11,12,14,19
2013-11-20,14:00,5154,1,3,5,6,9,10,12,13,14,16,18
2013-11-20,15:00,5155,14,1,2,5,7,8,10,13,14,15,18
2013-11-20,16:00,5156,13,1,2,4,6,7,8,12,18,19,20
2013-11-20,17:00,5157,8,1,2,3,5,8,10,13,14,15,16
2013-11-20,18:00,5158,10,2,3,6,7,8,9,11,16,18,20
2013-11-20,19:00,5159,8,1,3,4,5,6,8,11,12,16,18
2013-11-20,20:00,5160,6,6,7,10,11,12,14,15,16,17,18
2013-11-20,21:00,5161,19,2,7,8,9,12,13,14,15,16,17
2013-11-20,22:00,5162,14,2,6,7,8,9,10,12,15,16,17
2013-11-20,23:00,5163,11,1,2,4,8,9,10,11,14,17,20
2013-11-21,07:00,5164,15,3,4,9,13,14,15,17,18,19,20
2013-11-21,08:00,5165,3,1,2,3,5,6,7,9,10,16,18
2013-11-21,09:00,5166,6,2,3,4,5,7,9,11,18,19,20
2013-11-21,10:00,5167,14,5,6,8,9,13,14,15,16,18,19
2013-11-21,11:00,5168,20,1,3,4,8,10,13,14,17,18,20
2013-11-21,12:00,5169,4,2,3,4,8,10,13,14,17,19,20
2013-11-21,13:00,5170,13,2,5,7,10,13,14,15,17,19,20
2013-11-21,14:00,5171,10,1,2,3,4,6,7,8,12,15,18
2013-11-21,15:00,5172,7,4,5,6,11,12,13,15,16,17,19
2013-11-21,16:00,5173,7,3,4,6,8,10,11,12,16,18,19
2013-11-21,17:00,5174,9,1,4,5,7,8,10,13,15,16,20
2013-11-21,18:00,5175,4,4,5,6,7,8,10,11,13,15,19
2013-11-21,19:00,5176,1,3,4,5,8,9,12,14,16,19,20
2013-11-21,20:00,5177,15,2,3,5,8,11,14,15,16,17,20
2013-11-21,21:00,5178,19,1,2,4,8,9,11,12,16,17,20
2013-11-21,22:00,5179,3,2,4,6,7,8,10,11,12,16,18
2013-11-21,23:00,5180,2,1,5,6,8,9,14,15,16,17,20
2013-11-22,07:00,5181,7,4,5,7,9,11,12,15,16,17,18
2013-11-22,08:00,5182,17,5,7,9,10,12,13,14,15,17,19
2013-11-22,09:00,5183,13,7,8,9,10,11,12,14,16,17,18
2013-11-22,10:00,5184,12,1,4,5,6,8,13,14,17,19,20
2013-11-22,11:00,5185,9,2,4,5,8,9,10,14,17,19,20
2013-11-22,12:00,5186,4,2,3,5,7,9,11,15,16,17,18
2013-11-22,13:00,5187,8,1,4,6,10,11,12,13,16,17,19
2013-11-22,14:00,5188,12,1,2,4,10,11,12,15,16,19,20
2013-11-22,15:00,5189,1,1,4,5,8,9,10,11,13,17,19
2013-11-22,16:00,5190,15,2,3,7,10,11,13,14,16,17,19
2013-11-22,17:00,5191,2,2,3,4,9,12,13,14,18,19,20
2013-11-22,18:00,5192,12,1,2,5,7,11,15,17,18,19,20
2013-11-22,19:00,5193,17,1,4,5,10,11,12,13,15,16,19
2013-11-22,20:00,5194,2,3,4,5,6,7,9,10,13,15,16
2013-11-22,21:00,5195,10,4,7,8,11,12,14,15,16,17,18
2013-11-22,22:00,5196,5,2,3,5,6,9,14,17,18,19,20
2013-11-22,23:00,5197,10,6,7,8,9,10,11,14,16,19,20
2013-11-23,07:00,5198,15,2,4,5,9,10,12,13,14,15,20
2013-11-23,08:00,5199,10,1,2,3,4,7,10,16,17,18,19
2013-11-23,09:00,5200,12,3,5,6,8,10,13,14,17,19,20
2013-11-23,10:00,5201,19,1,3,4,5,12,13,14,15,18,20
2013-11-23,11:00,5202,13,1,2,8,11,13,14,15,16,17,20
2013-11-23,12:00,5203,11,1,4,6,7,11,13,14,15,17,20
2013-11-23,13:00,5204,13,4,5,6,12,14,15,16,17,18,20
2013-11-23,14:00,5205,7,1,3,4,8,9,11,12,13,16,20
2013-11-23,15:00,5206,9,1,2,4,6,7,8,12,16,17,19
2013-11-23,16:00,5207,7,1,2,4,5,7,10,13,15,17,20
2013-11-23,17:00,5208,13,3,10,12,13,15,16,17,18,19,20
2013-11-23,18:00,5209,8,1,2,5,10,11,12,14,15,17,18
2013-11-23,19:00,5210,4,1,5,7,8,9,14,15,17,18,20
2013-11-23,20:00,5211,2,6,8,10,11,12,13,15,16,17,18
2013-11-23,21:00,5212,6,1,2,5,6,7,9,11,12,15,17
2013-11-23,22:00,5213,12,2,4,5,10,11,13,14,15,16,17
2013-11-23,23:00,5214,12,2,3,4,5,7,10,11,13,15,18
2013-11-24,07:00,5215,7,2,4,6,8,9,10,11,12,13,14
2013-11-24,08:00,5216,2,2,4,5,6,8,9,11,13,16,17
2013-11-24,09:00,5217,17,1,2,6,7,10,11,16,17,18,19
2013-11-24,10:00,5218,19,3,4,5,6,9,10,13,14,15,16
2013-11-24,11:00,5219,4,3,4,5,7,11,12,13,14,19,20
2013-11-24,12:00,5220,3,1,2,5,6,9,12,14,16,18,19
2013-11-24,13:00,5221,3,1,5,8,10,11,12,13,15,18,19
2013-11-24,14:00,5222,18,1,4,5,6,7,12,13,14,15,19
2013-11-24,15:00,5223,8,3,5,8,12,13,14,16,18,19,20
2013-11-24,16:00,5224,9,3,4,5,6,8,10,11,13,14,20
2013-11-24,17:00,5225,3,2,7,10,12,13,14,17,18,19,20
2013-11-24,18:00,5226,9,1,2,3,4,9,13,14,17,19,20
2013-11-24,19:00,5227,6,3,5,6,8,9,14,15,17,18,19
2013-11-24,20:00,5228,12,4,7,10,11,13,14,15,16,18,20
2013-11-24,21:00,5229,2,1,7,8,10,11,12,14,15,17,18
2013-11-24,22:00,5230,16,1,2,3,5,11,13,14,17,19,20
2013-11-24,23:00,5231,18,1,2,3,10,11,13,15,18,19,20
2013-11-25,07:00,5232,7,3,5,8,9,11,12,14,15,18,19
2013-11-25,08:00,5233,7,1,3,4,6,7,8,9,15,17,18
2013-11-25,09:00,5234,11,1,2,3,4,5,9,11,13,15,20
2013-11-25,10:00,5235,10,3,5,7,8,11,12,13,15,18,19
2013-11-25,11:00,5236,3,2,3,7,8,9,13,14,15,16,19
2013-11-25,12:00,5237,5,1,3,5,6,10,13,14,16,17,19
2013-11-25,13:00,5238,13,1,3,4,10,11,12,13,15,17,18
2013-11-25,14:00,5239,14,1,3,4,6,7,10,13,15,17,19
2013-11-25,15:00,5240,15,1,2,3,7,9,10,12,15,17,18
2013-11-25,16:00,5241,15,5,6,8,10,12,13,14,15,16,19
2013-11-25,17:00,5242,15,1,2,3,4,5,8,15,16,17,20
2013-11-25,18:00,5243,12,1,3,6,10,13,14,16,17,19,20
2013-11-25,19:00,5244,9,3,5,6,7,8,10,11,12,16,17
2013-11-25,20:00,5245,5,2,4,5,6,7,8,11,13,14,20
2013-11-25,21:00,5246,17,2,3,5,7,9,11,14,15,17,20
2013-11-25,22:00,5247,4,2,3,5,6,8,11,12,13,14,19
2013-11-25,23:00,5248,13,4,5,6,10,12,14,15,16,17,18
2013-11-26,07:00,5249,17,3,4,5,6,7,9,11,14,18,19
2013-11-26,08:00,5250,13,1,2,3,4,5,6,7,10,11,19
2013-11-26,09:00,5251,7,2,3,4,5,6,7,14,15,19,20
2013-11-26,10:00,5252,20,1,2,5,8,9,11,15,16,19,20
2013-11-26,11:00,5253,10,2,3,5,9,10,11,13,15,19,20
2013-11-26,12:00,5254,13,4,5,6,7,9,11,12,14,15,19
2013-11-26,13:00,5255,8,3,6,7,9,11,13,15,16,19,20
2013-11-26,14:00,5256,6,1,2,3,4,5,6,7,10,11,13
2013-11-26,15:00,5257,9,1,3,4,5,8,12,13,15,16,20
2013-11-26,16:00,5258,15,1,3,4,6,7,8,9,10,14,19
2013-11-26,17:00,5259,13,4,6,10,11,12,13,14,15,16,17
2013-11-26,18:00,5260,16,4,5,6,8,9,12,13,14,17,18
2013-11-26,19:00,5261,19,4,5,7,9,11,12,13,16,17,20
2013-11-26,20:00,5262,8,1,3,4,6,7,8,9,13,17,20
2013-11-26,21:00,5263,5,3,4,7,8,9,10,13,17,18,20
2013-11-26,22:00,5264,6,2,4,6,7,8,12,13,14,17,19
2013-11-26,23:00,5265,3,1,3,5,6,7,9,12,13,18,19
2013-11-27,07:00,5266,4,2,5,7,8,9,10,11,15,18,20
2013-11-27,08:00,5267,5,3,5,6,9,12,13,17,18,19,20
2013-11-27,09:00,5268,2,1,4,5,7,11,12,17,18,19,20
2013-11-27,10:00,5269,7,2,4,7,10,11,12,13,16,18,19
2013-11-27,11:00,5270,13,2,4,5,6,8,12,13,15,17,18
2013-11-27,12:00,5271,15,1,2,4,6,10,11,12,14,18,19
2013-11-27,13:00,5272,9,1,2,6,7,8,11,13,16,17,18
2013-11-27,14:00,5273,16,1,4,7,8,11,15,16,17,19,20
2013-11-27,15:00,5274,11,1,3,5,8,9,11,12,15,18,19
2013-11-27,16:00,5275,12,1,2,4,9,12,13,15,16,18,19
2013-11-27,17:00,5276,19,1,7,8,13,14,15,16,17,18,20
2013-11-27,18:00,5277,17,1,2,3,7,8,9,10,17,18,20
2013-11-27,19:00,5278,19,2,4,6,10,13,15,16,18,19,20
2013-11-27,20:00,5279,5,1,2,3,4,9,12,14,17,19,20
2013-11-27,21:00,5280,20,3,5,7,10,11,14,15,17,18,19
2013-11-27,22:00,5281,19,2,6,7,8,9,11,12,13,17,18
2013-11-27,23:00,5282,20,6,7,10,12,13,14,15,16,17,20
2013-11-28,07:00,5283,4,1,2,4,5,8,10,11,12,17,19
2013-11-28,08:00,5284,17,1,2,3,5,8,12,16,17,18,20
2013-11-28,09:00,5285,2,5,7,9,10,12,13,14,17,18,19
2013-11-28,10:00,5286,7,2,4,6,7,10,11,14,16,19,20
2013-11-28,11:00,5287,18,1,6,7,8,9,10,13,15,16,19
2013-11-28,12:00,5288,4,3,4,7,9,10,14,15,17,19,20
2013-11-28,13:00,5289,5,1,2,3,4,8,9,10,11,12,19
2013-11-28,14:00,5290,6,3,5,6,7,8,9,10,14,15,17
2013-11-28,15:00,5291,9,4,6,7,10,13,14,15,17,18,20
2013-11-28,16:00,5292,10,2,3,8,9,10,12,14,16,17,18
2013-11-28,17:00,5293,14,1,6,7,10,13,14,16,17,18,20
2013-11-28,18:00,5294,9,1,3,4,6,9,11,13,16,18,19
2013-11-28,19:00,5295,10,1,3,5,6,8,10,12,13,14,15
2013-11-28,20:00,5296,4,2,6,7,10,12,14,16,17,18,20
2013-11-28,21:00,5297,3,1,4,6,8,9,10,11,12,14,19
2013-11-28,22:00,5298,14,3,6,7,9,10,12,15,16,17,19
2013-11-28,23:00,5299,5,1,2,4,8,10,12,13,15,17,19
2013-11-29,07:00,5300,8,2,3,4,7,9,11,12,16,18,19
2013-11-29,08:00,5301,7,1,3,4,8,10,11,13,16,17,19
2013-11-29,09:00,5302,15,2,3,7,12,14,15,16,17,18,20
2013-11-29,10:00,5303,9,1,2,4,6,7,10,11,13,14,16
2013-11-29,11:00,5304,17,3,4,5,6,7,8,12,15,17,18
2013-11-29,12:00,5305,11,1,4,5,7,8,10,11,14,15,16
2013-11-29,13:00,5306,2,1,3,4,8,9,10,11,13,14,16
2013-11-29,14:00,5307,11,1,2,4,6,9,10,11,13,15,18
2013-11-29,15:00,5308,12,1,2,5,6,7,10,11,12,14,20
2013-11-29,16:00,5309,12,5,8,9,10,11,12,17,18,19,20
2013-11-29,17:00,5310,2,3,7,8,11,12,13,15,16,18,19
2013-11-29,18:00,5311,2,4,6,8,9,10,14,15,17,18,19
2013-11-29,19:00,5312,15,3,9,10,11,12,14,15,16,17,20
2013-11-29,20:00,5313,15,3,4,6,7,9,10,11,12,14,20
2013-11-29,21:00,5314,18,4,5,8,9,12,13,14,17,18,19
2013-11-29,22:00,5315,19,4,5,6,7,9,11,13,15,16,18
2013-11-29,23:00,5316,15,2,3,4,7,9,10,11,13,14,17
2013-11-30,07:00,5317,7,2,3,4,5,6,8,9,10,12,20
2013-11-30,08:00,5318,5,1,2,4,5,10,11,13,14,17,20
2013-11-30,09:00,5319,19,2,3,4,7,8,9,11,13,18,19
2013-11-30,10:00,5320,19,1,3,4,6,7,11,12,14,16,17
2013-11-30,11:00,5321,15,3,4,5,6,11,15,16,17,18,19
2013-11-30,12:00,5322,2,1,2,8,9,10,12,15,16,17,20
2013-11-30,13:00,5323,12,2,5,6,9,11,15,16,17,18,19
2013-11-30,14:00,5324,3,1,2,3,5,7,9,11,14,16,17
2013-11-30,15:00,5325,8,2,7,9,10,11,13,14,15,17,20
2013-11-30,16:00,5326,9,2,4,6,9,10,12,13,14,16,17
2013-11-30,17:00,5327,7,3,5,7,8,9,10,11,13,14,20
2013-11-30,18:00,5328,17,2,3,4,5,7,10,15,17,18,19
2013-11-30,19:00,5329,15,2,3,4,6,7,8,9,10,11,12
2013-11-30,20:00,5330,19,3,6,9,10,11,12,13,14,17,20
2013-11-30,21:00,5331,11,2,3,5,7,9,13,14,15,18,20
2013-11-30,22:00,5332,14,2,5,6,7,8,9,10,11,13,15
2013-11-30,23:00,5333,14,3,6,7,9,11,12,13,14,15,16
2013-12-01,07:00,5334,3,2,4,5,8,11,14,15,18,19,20
2013-12-01,08:00,5335,14,3,6,7,9,11,12,13,14,18,20
2013-12-01,09:00,5336,3,1,3,6,9,12,15,16,17,18,19
2013-12-01,10:00,5337,11,2,4,5,7,8,9,12,14,15,20
2013-12-01,11:00,5338,2,1,2,3,6,9,14,15,18,19,20
2013-12-01,12:00,5339,11,1,2,6,8,9,12,14,15,16,20
2013-12-01,13:00,5340,17,1,2,4,5,6,7,13,15,17,20
2013-12-01,14:00,5341,4,2,3,4,7,9,14,16,18,19,20
2013-12-01,15:00,5342,13,2,5,6,7,8,9,12,14,19,20
2013-12-01,16:00,5343,17,2,3,4,6,11,12,13,14,16,19
2013-12-01,17:00,5344,20,3,5,6,7,8,9,12,13,14,20
2013-12-01,18:00,5345,10,1,2,4,5,8,10,11,16,18,20
2013-12-01,19:00,5346,10,3,4,6,9,10,12,15,16,18,20
2013-12-01,20:00,5347,11,1,2,5,6,7,10,15,16,19,20
2013-12-01,21:00,5348,7,3,4,6,7,8,10,13,14,15,20
2013-12-01,22:00,5349,14,1,2,6,7,13,14,15,18,19,20
2013-12-01,23:00,5350,6,1,2,3,7,8,9,13,15,17,18
2013-12-02,07:00,5351,20,2,4,7,8,10,13,15,17,18,20
2013-12-02,08:00,5352,18,1,3,7,8,10,12,13,16,17,19
2013-12-02,09:00,5353,10,1,5,7,8,12,13,14,15,18,20
2013-12-02,10:00,5354,18,1,2,4,6,8,11,13,14,15,20
2013-12-02,11:00,5355,3,1,3,4,5,10,14,15,17,18,20
2013-12-02,12:00,5356,19,1,2,7,9,10,12,14,16,18,19
2013-12-02,13:00,5357,8,3,5,9,10,11,12,14,16,17,19
2013-12-02,14:00,5358,20,3,5,6,10,11,12,14,15,19,20
2013-12-02,15:00,5359,20,1,2,3,7,9,10,14,15,18,19
2013-12-02,16:00,5360,13,1,4,5,6,8,9,13,17,18,19
2013-12-02,17:00,5361,9,2,3,7,11,12,13,14,15,17,20
2013-12-02,18:00,5362,5,1,2,6,7,10,11,13,15,16,17
2013-12-02,19:00,5363,15,1,3,4,7,8,11,13,16,17,19
2013-12-02,20:00,5364,17,1,3,7,9,10,13,14,17,19,20
2013-12-02,21:00,5365,4,1,2,3,4,7,10,12,16,17,18
2013-12-02,22:00,5366,2,1,3,5,6,8,11,12,15,18,19
2013-12-02,23:00,5367,10,1,2,5,7,9,10,12,13,16,19
2013-12-03,07:00,5368,12,5,6,7,8,10,11,13,17,18,20
2013-12-03,08:00,5369,18,1,3,5,7,9,12,13,16,19,20
2013-12-03,09:00,5370,10,1,2,4,5,7,9,11,14,18,19
2013-12-03,10:00,5371,3,1,3,5,6,7,13,14,15,17,19
2013-12-03,11:00,5372,11,3,7,8,9,11,13,14,16,18,20
2013-12-03,12:00,5373,4,5,6,7,8,10,14,16,17,18,20
2013-12-03,13:00,5374,20,1,5,6,9,10,11,12,13,14,16
2013-12-03,14:00,5375,16,4,5,7,8,10,11,12,14,15,17
2013-12-03,15:00,5376,13,1,2,5,6,10,14,15,17,18,19
2013-12-03,16:00,5377,18,1,3,4,6,7,8,9,14,15,18
2013-12-03,17:00,5378,2,2,3,6,7,9,10,14,16,18,19
2013-12-03,18:00,5379,9,1,3,4,5,6,9,12,14,17,20
2013-12-03,19:00,5380,11,2,3,4,6,8,11,12,15,16,18
2013-12-03,20:00,5381,12,2,3,6,7,9,13,15,16,18,20
2013-12-03,21:00,5382,12,4,5,6,7,8,10,11,13,15,20
2013-12-03,22:00,5383,7,2,3,5,6,9,10,11,15,16,18
2013-12-03,23:00,5384,13,1,2,6,7,9,11,12,16,17,18
2013-12-04,07:00,5385,19,1,3,4,5,8,9,13,14,19,20
2013-12-04,08:00,5386,4,5,7,8,9,10,11,13,16,18,20
2013-12-04,09:00,5387,10,3,4,5,9,11,13,15,16,18,20
2013-12-04,10:00,5388,11,1,3,6,8,11,12,16,17,18,19
2013-12-04,11:00,5389,15,2,3,7,9,11,12,13,14,17,19
2013-12-04,12:00,5390,9,1,3,4,5,7,9,10,11,12,18
2013-12-04,13:00,5391,7,2,4,6,7,9,10,13,15,16,18
2013-12-04,14:00,5392,18,3,5,6,10,12,13,14,16,19,20
2013-12-04,15:00,5393,19,2,5,7,8,9,12,13,14,16,17
2013-12-04,16:00,5394,19,1,2,3,5,6,7,8,10,16,20
2013-12-04,17:00,5395,7,1,2,3,5,7,8,12,15,18,19
2013-12-04,18:00,5396,4,2,3,6,7,10,12,13,14,19,20
2013-12-04,19:00,5397,20,1,2,5,10,11,12,15,16,19,20
2013-12-04,20:00,5398,17,1,3,6,7,11,13,14,16,19,20
2013-12-04,21:00,5399,20,1,2,4,10,11,12,13,14,16,17
2013-12-04,22:00,5400,13,2,3,5,6,11,14,15,17,18,20
2013-12-04,23:00,5401,16,3,4,6,7,8,13,15,16,17,20
2013-12-05,07:00,5402,2,1,3,4,5,8,13,15,17,18,20
2013-12-05,08:00,5403,11,1,2,4,6,10,12,13,16,17,20
2013-12-05,09:00,5404,5,4,5,8,10,11,13,14,16,18,19
2013-12-05,10:00,5405,2,2,3,4,5,6,8,9,14,15,17
2013-12-05,11:00,5406,17,1,2,3,7,8,9,10,16,18,19
2013-12-05,12:00,5407,5,2,8,10,11,12,13,14,16,17,20
2013-12-05,13:00,5408,10,1,3,4,5,8,9,10,12,14,17
2013-12-05,14:00,5409,5,2,3,6,9,11,12,13,15,19,20
2013-12-05,15:00,5410,16,3,4,6,8,12,14,15,16,17,20
2013-12-05,16:00,5411,9,1,4,6,10,11,12,16,18,19,20
2013-12-05,17:00,5412,9,6,8,10,11,12,13,14,17,19,20
2013-12-05,18:00,5413,16,2,3,4,5,6,7,9,17,19,20
2013-12-05,19:00,5414,6,2,3,6,7,8,10,11,12,14,20
2013-12-05,20:00,5415,17,1,2,6,7,8,10,12,15,19,20
2013-12-05,21:00,5416,3,1,2,5,6,8,9,11,13,17,20
2013-12-05,22:00,5417,20,2,4,5,10,12,14,15,18,19,20
2013-12-05,23:00,5418,10,2,3,5,6,7,8,14,16,18,19
2013-12-06,07:00,5419,8,1,2,3,6,7,8,12,15,16,19
2013-12-06,08:00,5420,16,2,5,6,8,9,10,11,12,14,20
2013-12-06,09:00,5421,4,2,3,5,7,8,9,11,16,17,19
2013-12-06,10:00,5422,16,1,4,5,8,11,12,14,15,16,20
2013-12-06,11:00,5423,4,4,5,6,7,12,14,15,17,18,20
2013-12-06,12:00,5424,3,3,4,5,10,11,14,17,18,19,20
2013-12-06,13:00,5425,3,1,3,4,6,10,14,15,16,18,20
2013-12-06,14:00,5426,19,1,4,5,8,10,11,13,15,17,19
2013-12-06,15:00,5427,19,1,2,4,5,6,13,14,15,17,20
2013-12-06,16:00,5428,20,4,7,9,11,13,14,15,16,17,18
2013-12-06,17:00,5429,15,1,2,5,6,10,15,16,17,18,20
2013-12-06,18:00,5430,9,1,2,3,4,7,8,11,14,17,18
2013-12-06,19:00,5431,5,2,3,4,5,6,9,12,15,16,17
2013-12-06,20:00,5432,7,2,3,4,5,7,9,13,14,15,19
2013-12-06,21:00,5433,17,2,3,5,6,7,8,17,18,19,20
2013-12-06,22:00,5434,3,2,3,4,7,10,11,12,13,19,20
2013-12-06,23:00,5435,14,1,5,6,9,10,12,15,16,17,19
2013-12-07,07:00,5436,17,1,2,9,10,11,12,13,17,19,20
2013-12-07,08:00,5437,4,1,3,4,8,10,11,13,14,16,20
2013-12-07,09:00,5438,2,1,4,5,7,8,10,12,17,18,20
2013-12-07,10:00,5439,14,1,5,9,11,12,13,15,17,18,20
2013-12-07,11:00,5440,15,3,4,6,10,11,13,14,17,19,20
2013-12-07,12:00,5441,11,5,6,8,9,10,14,15,16,18,19
2013-12-07,13:00,5442,5,1,2,7,9,11,15,16,17,19,20
2013-12-07,14:00,5443,17,2,4,6,10,13,14,16,17,19,20
2013-12-07,15:00,5444,1,3,4,5,6,8,9,11,12,15,17
2013-12-07,16:00,5445,17,2,3,5,6,7,8,9,12,13,18
2013-12-07,17:00,5446,17,3,5,6,12,13,15,16,17,18,19
2013-12-07,18:00,5447,10,2,3,6,10,13,14,15,16,18,20
2013-12-07,19:00,5448,19,2,4,6,7,13,14,15,17,18,19
2013-12-07,20:00,5449,17,1,4,5,6,9,10,13,16,17,20
2013-12-07,21:00,5450,13,1,2,3,5,8,12,13,15,17,19
2013-12-07,22:00,5451,7,2,3,4,6,10,11,14,18,19,20
2013-12-07,23:00,5452,20,2,5,10,13,14,15,17,18,19,20
2013-12-08,07:00,5453,19,1,4,5,6,7,10,13,14,15,20
2013-12-08,08:00,5454,16,1,2,3,4,5,12,13,15,17,20
2013-12-08,09:00,5455,8,2,3,7,8,11,12,13,17,18,19
2013-12-08,10:00,5456,3,2,7,8,10,12,13,14,16,18,19
2013-12-08,11:00,5457,18,3,7,8,9,10,12,13,16,18,20
2013-12-08,12:00,5458,15,1,3,5,7,8,10,11,14,15,17
2013-12-08,13:00,5459,17,2,5,6,7,9,11,14,16,18,20
2013-12-08,14:00,5460,11,1,2,3,4,5,6,9,10,11,19
2013-12-08,15:00,5461,15,2,4,5,8,9,10,12,14,19,20
2013-12-08,16:00,5462,13,1,3,4,8,9,10,11,14,15,20
2013-12-08,17:00,5463,9,2,3,4,6,8,11,12,13,14,19
2013-12-08,18:00,5464,9,1,4,5,7,8,11,13,14,17,18
2013-12-08,19:00,5465,9,1,2,4,5,8,10,14,15,17,20
2013-12-08,20:00,5466,6,2,4,5,9,11,12,16,18,19,20
2013-12-08,21:00,5467,15,1,3,4,5,6,7,8,11,18,20
2013-12-08,22:00,5468,15,1,2,3,5,7,8,9,10,11,18
2013-12-08,23:00,5469,20,1,4,6,7,9,10,11,12,17,19
2013-12-09,07:00,5470,8,3,5,6,10,12,13,14,15,18,20
2013-12-09,08:00,5471,6,1,2,3,5,7,8,9,11,12,17
2013-12-09,09:00,5472,19,1,5,8,12,14,15,17,18,19,20
2013-12-09,10:00,5473,20,2,3,4,7,11,12,13,15,16,19
2013-12-09,11:00,5474,5,1,3,6,7,9,13,14,15,16,20
2013-12-09,12:00,5475,20,1,2,4,5,7,10,11,12,14,19
2013-12-09,13:00,5476,1,1,2,3,5,11,12,14,15,16,20
2013-12-09,14:00,5477,11,1,2,4,8,10,11,12,13,16,18
2013-12-09,15:00,5478,4,1,2,3,4,6,8,10,13,18,19
2013-12-09,16:00,5479,11,1,2,5,7,11,12,13,14,16,20
2013-12-09,17:00,5480,7,1,6,9,11,12,14,15,16,17,19
2013-12-09,18:00,5481,13,1,2,3,4,7,8,10,13,15,17
2013-12-09,19:00,5482,13,5,6,7,9,11,12,14,15,17,18
2013-12-09,20:00,5483,10,3,7,9,12,13,16,17,18,19,20
2013-12-09,21:00,5484,2,2,3,6,7,8,10,15,17,18,20
2013-12-09,22:00,5485,19,3,4,7,12,13,14,15,16,17,18
2013-12-09,23:00,5486,12,2,4,5,6,9,10,14,16,18,20
2013-12-10,07:00,5487,19,1,2,4,5,7,10,13,14,15,18
2013-12-10,08:00,5488,5,2,3,6,7,8,11,15,16,17,20
2013-12-10,09:00,5489,4,1,4,5,10,11,14,17,18,19,20
2013-12-10,10:00,5490,8,2,4,7,8,14,15,16,18,19,20
2013-12-10,11:00,5491,14,5,8,9,10,11,14,15,16,17,18
2013-12-10,12:00,5492,5,1,3,5,6,8,10,11,12,17,19
2013-12-10,13:00,5493,15,2,3,6,7,8,12,17,18,19,20
2013-12-10,14:00,5494,1,1,2,4,6,8,9,11,13,14,16
2013-12-10,15:00,5495,7,1,3,4,6,7,8,10,12,15,18
2013-12-10,16:00,5496,11,1,5,7,8,11,13,14,15,19,20
2013-12-10,17:00,5497,17,1,2,3,4,5,9,10,11,15,19
2013-12-10,18:00,5498,13,2,3,4,5,6,11,13,16,19,20
2013-12-10,19:00,5499,3,2,3,4,6,9,10,13,14,18,19
2013-12-10,20:00,5500,7,2,4,5,7,8,14,15,16,19,20
2013-12-10,21:00,5501,19,1,3,5,7,10,11,12,15,16,17
2013-12-10,22:00,5502,17,1,2,3,10,11,12,14,15,17,18
2013-12-10,23:00,5503,13,1,2,6,7,9,13,14,15,18,20
2013-12-11,07:00,5504,1,1,3,6,8,11,12,14,15,18,20
2013-12-11,08:00,5505,10,1,5,6,10,11,13,14,15,16,20
2013-12-11,09:00,5506,2,2,6,7,8,10,15,16,18,19,20
2013-12-11,10:00,5507,6,5,6,7,9,10,11,13,14,18,20
2013-12-11,11:00,5508,17,1,2,4,6,8,10,13,14,19,20
2013-12-11,12:00,5509,4,1,3,5,9,10,13,16,17,18,20
2013-12-11,13:00,5510,17,2,3,6,7,10,11,12,13,15,16
2013-12-11,14:00,5511,12,2,3,6,8,9,10,11,13,17,19
2013-12-11,15:00,5512,10,1,2,6,10,12,14,15,16,18,19
2013-12-11,16:00,5513,10,3,5,6,7,9,10,14,16,19,20
2013-12-11,17:00,5514,13,3,4,8,12,13,15,16,17,18,20
2013-12-11,18:00,5515,12,1,2,8,9,12,13,15,17,18,19
2013-12-11,19:00,5516,1,4,5,6,12,13,15,16,18,19,20
2013-12-11,20:00,5517,15,3,4,5,6,7,10,13,17,19,20
2013-12-11,21:00,5518,7,1,2,6,8,10,11,12,13,18,19
2013-12-11,22:00,5519,14,2,4,5,7,13,15,17,18,19,20
2013-12-11,23:00,5520,11,2,3,5,6,7,9,11,14,15,18
2013-12-12,07:00,5521,20,1,3,4,5,6,8,10,14,17,18
2013-12-12,08:00,5522,13,3,6,7,8,14,15,16,17,18,19
2013-12-12,09:00,5523,1,1,5,7,9,10,11,12,14,15,18
2013-12-12,10:00,5524,14,2,3,6,10,13,14,16,17,18,19
2013-12-12,11:00,5525,12,3,5,9,12,13,16,17,18,19,20
2013-12-12,12:00,5526,18,1,2,4,6,7,11,13,16,18,19
2013-12-12,13:00,5527,6,2,6,10,12,13,14,15,16,17,19
2013-12-12,14:00,5528,3,2,5,6,7,8,11,12,15,18,19
2013-12-12,15:00,5529,3,2,4,10,11,12,13,15,16,17,18
2013-12-12,16:00,5530,10,1,3,6,8,9,11,12,15,16,18
2013-12-12,17:00,5531,5,2,3,4,5,8,10,11,18,19,20
2013-12-12,18:00,5532,11,2,5,6,7,8,9,11,14,16,20
2013-12-12,19:00,5533,14,7,9,11,12,13,14,15,16,17,19
2013-12-12,20:00,5534,5,3,4,5,8,9,14,15,18,19,20
2013-12-12,21:00,5535,14,1,7,8,9,11,12,14,15,17,19
2013-12-12,22:00,5536,6,1,7,8,9,10,11,12,17,18,20
2013-12-12,23:00,5537,16,3,4,7,8,9,12,13,15,16,18
2013-12-13,07:00,5538,11,2,6,9,14,15,16,17,18,19,20
2013-12-13,08:00,5539,11,4,7,8,9,10,12,13,16,18,20
2013-12-13,09:00,5540,13,1,2,3,6,9,15,17,18,19,20
2013-12-13,10:00,5541,8,1,3,4,5,6,10,11,16,17,19
2013-12-13,11:00,5542,6,4,6,7,10,11,14,17,18,19,20
2013-12-13,12:00,5543,19,1,2,4,6,7,9,10,11,12,20
2013-12-13,13:00,5544,1,1,2,6,7,8,12,14,16,18,20
2013-12-13,14:00,5545,5,6,7,9,12,13,14,15,17,18,20
2013-12-13,15:00,5546,7,1,2,3,8,9,10,11,15,16,19
2013-12-13,16:00,5547,13,1,2,4,6,9,11,14,15,16,17
2013-12-13,17:00,5548,1,1,3,4,5,7,11,13,14,15,20
2013-12-13,18:00,5549,12,1,3,7,9,10,11,12,13,18,19
2013-12-13,19:00,5550,10,1,7,8,9,11,13,14,16,19,20
2013-12-13,20:00,5551,5,2,4,6,7,11,12,14,17,19,20
2013-12-13,21:00,5552,2,1,2,6,12,14,15,16,18,19,20
2013-12-13,22:00,5553,8,1,2,3,4,6,10,12,13,15,19
2013-12-13,23:00,5554,12,1,5,10,11,12,15,16,17,18,19
2013-12-14,07:00,5555,16,1,2,7,8,11,12,13,14,16,20
2013-12-14,08:00,5556,4,4,5,6,8,11,12,13,14,17,18
2013-12-14,09:00,5557,3,1,5,6,7,12,14,15,16,17,20
2013-12-14,10:00,5558,17,1,3,4,7,9,12,14,15,19,20
2013-12-14,11:00,5559,16,1,2,5,7,11,13,14,16,18,19
2013-12-14,12:00,5560,20,1,2,4,8,9,10,13,14,17,20
2013-12-14,13:00,5561,11,3,4,9,10,12,14,15,17,19,20
2013-12-14,14:00,5562,5,1,4,5,7,10,11,12,17,18,20
2013-12-14,15:00,5563,5,1,4,6,7,8,9,10,16,18,20
2013-12-14,16:00,5564,6,1,2,4,5,7,8,11,13,15,19
2013-12-14,17:00,5565,17,2,4,5,9,10,11,12,14,16,18
2013-12-14,18:00,5566,11,2,3,4,5,8,11,13,14,15,18
2013-12-14,19:00,5567,10,2,3,5,6,13,14,15,16,17,19
2013-12-14,20:00,5568,6,1,2,4,5,7,10,11,13,15,17
2013-12-14,21:00,5569,5,1,4,5,7,10,14,15,16,17,18
2013-12-14,22:00,5570,4,2,4,8,9,10,12,14,15,19,20
2013-12-14,23:00,5571,11,1,3,5,6,7,9,14,15,17,18
2013-12-15,07:00,5572,5,3,5,9,10,14,15,16,17,19,20
2013-12-15,08:00,5573,9,4,6,7,9,11,14,16,17,18,20
2013-12-15,09:00,5574,13,3,4,5,8,10,12,13,14,15,20
2013-12-15,10:00,5575,19,1,4,5,7,9,10,11,12,15,20
2013-12-15,11:00,5576,16,4,7,8,9,10,11,12,14,18,19
2013-12-15,12:00,5577,5,1,2,3,4,6,8,11,15,18,20
2013-12-15,13:00,5578,17,5,6,7,8,9,11,14,16,18,19
2013-12-15,14:00,5579,3,2,5,6,7,8,10,12,13,15,18
2013-12-15,15:00,5580,3,4,5,6,7,10,11,12,13,16,17
2013-12-15,16:00,5581,13,1,4,7,8,9,11,13,16,17,19
2013-12-15,17:00,5582,2,1,3,4,5,6,8,10,16,19,20
2013-12-15,18:00,5583,6,1,2,5,6,8,10,12,13,14,16
2013-12-15,19:00,5584,7,3,4,6,10,12,13,14,15,19,20
2013-12-15,20:00,5585,15,2,3,4,5,10,12,15,17,19,20
2013-12-15,21:00,5586,18,4,5,7,9,10,11,14,15,16,17
2013-12-15,22:00,5587,3,1,2,3,5,6,9,12,13,14,20
2013-12-15,23:00,5588,17,1,3,5,6,7,8,11,15,18,20
2013-12-16,07:00,5589,14,2,4,5,6,7,11,13,14,18,20
2013-12-16,08:00,5590,14,1,2,5,6,9,14,16,17,18,20
2013-12-16,09:00,5591,15,3,4,6,7,8,9,10,11,12,20
2013-12-16,10:00,5592,13,1,2,8,9,10,15,16,17,18,20
2013-12-16,11:00,5593,20,2,6,9,10,11,14,15,16,17,18
2013-12-16,12:00,5594,12,2,4,5,6,8,13,15,16,19,20
2013-12-16,13:00,5595,7,1,3,4,7,9,12,13,14,18,19
2013-12-16,14:00,5596,15,2,4,5,6,9,11,12,13,14,18
2013-12-16,15:00,5597,19,2,4,5,6,8,9,14,15,18,20
2013-12-16,16:00,5598,8,1,5,7,9,10,11,12,15,16,18
2013-12-16,17:00,5599,13,1,2,3,5,7,11,12,13,17,19
2013-12-16,18:00,5600,12,1,3,5,6,10,11,12,13,18,19
2013-12-16,19:00,5601,11,2,5,6,9,10,12,15,17,18,19
2013-12-16,20:00,5602,13,2,6,7,8,9,10,12,14,15,16
2013-12-16,21:00,5603,15,1,4,6,7,8,9,10,15,17,18
2013-12-16,22:00,5604,10,2,4,6,7,8,11,12,15,17,19
2013-12-16,23:00,5605,10,3,4,8,11,12,14,15,18,19,20
2013-12-17,07:00,5606,12,2,4,6,9,10,14,15,17,19,20
2013-12-17,08:00,5607,12,1,3,4,8,9,11,14,15,18,20
2013-12-17,09:00,5608,10,2,4,5,6,8,9,11,13,17,20
2013-12-17,10:00,5609,8,2,5,8,10,11,13,14,17,19,20
2013-12-17,11:00,5610,13,1,2,4,5,6,7,8,9,10,17
2013-12-17,12:00,5611,2,2,3,6,10,11,15,16,17,19,20
2013-12-17,13:00,5612,10,2,4,7,10,11,13,14,17,18,19
2013-12-17,14:00,5613,11,1,4,5,6,9,11,14,16,18,20
2013-12-17,15:00,5614,10,4,5,6,8,12,13,14,15,16,18
2013-12-17,16:00,5615,1,2,4,5,6,8,10,13,14,15,17
2013-12-17,17:00,5616,1,3,5,7,8,10,12,14,16,17,20
2013-12-17,18:00,5617,8,1,2,5,6,9,10,15,17,18,19
2013-12-17,19:00,5618,14,1,3,6,7,9,12,13,14,16,20
2013-12-17,20:00,5619,14,1,3,4,5,7,8,10,12,13,16
2013-12-17,21:00,5620,3,3,7,11,12,13,14,15,16,17,19
2013-12-17,22:00,5621,12,3,4,6,7,10,11,15,16,19,20
2013-12-17,23:00,5622,20,2,3,4,5,8,9,14,16,17,18
2013-12-18,07:00,5623,3,1,2,3,4,6,8,9,10,11,19
2013-12-18,08:00,5624,1,1,3,4,5,6,10,12,15,17,19
2013-12-18,09:00,5625,18,4,5,6,8,10,11,12,13,16,19
2013-12-18,10:00,5626,10,2,4,7,9,10,11,14,15,16,19
2013-12-18,11:00,5627,12,3,5,7,8,11,12,15,17,18,19
2013-12-18,12:00,5628,14,1,2,5,7,8,10,11,13,14,19
2013-12-18,13:00,5629,8,2,3,4,6,8,9,10,12,13,17
2013-12-18,14:00,5630,15,1,2,5,6,8,9,10,15,18,20
2013-12-18,15:00,5631,17,2,3,5,9,11,12,14,15,16,20
2013-12-18,16:00,5632,6,2,4,6,7,8,10,12,15,17,19
2013-12-18,17:00,5633,17,1,2,10,11,13,14,15,18,19,20
2013-12-18,18:00,5634,9,1,4,5,8,10,11,14,15,17,19
2013-12-18,19:00,5635,19,2,4,5,8,10,13,14,15,18,19
2013-12-18,20:00,5636,6,5,6,7,8,9,12,13,16,17,18
2013-12-18,21:00,5637,13,2,3,5,7,9,10,13,15,19,20
2013-12-18,22:00,5638,14,4,5,6,8,10,11,15,16,17,18
2013-12-18,23:00,5639,3,1,2,3,12,13,14,15,17,18,20
2013-12-19,07:00,5640,1,4,5,6,10,12,13,14,15,16,17
2013-12-19,08:00,5641,16,3,4,5,6,7,10,11,14,15,20
2013-12-19,09:00,5642,11,1,4,5,10,12,13,15,17,18,20
2013-12-19,10:00,5643,11,2,3,4,8,14,15,17,18,19,20
2013-12-19,11:00,5644,7,1,2,4,6,7,8,10,12,13,18
2013-12-19,12:00,5645,19,1,4,6,7,10,13,16,17,18,19
2013-12-19,13:00,5646,9,2,3,7,14,15,16,17,18,19,20
2013-12-19,14:00,5647,14,2,3,4,6,10,13,15,17,18,20
2013-12-19,15:00,5648,13,1,3,4,7,8,9,12,14,15,19
2013-12-19,16:00,5649,19,1,6,7,8,9,12,13,15,17,20
2013-12-19,17:00,5650,4,1,3,8,12,13,15,16,17,19,20
2013-12-19,18:00,5651,18,4,7,8,9,11,16,17,18,19,20
2013-12-19,19:00,5652,7,1,5,7,9,11,12,13,14,15,20
2013-12-19,20:00,5653,12,2,3,4,5,6,8,12,15,18,19
2013-12-19,21:00,5654,15,5,6,7,8,9,10,14,15,19,20
2013-12-19,22:00,5655,1,1,10,11,13,14,15,16,17,18,19
2013-12-19,23:00,5656,18,3,4,6,8,11,12,14,15,16,20
2013-12-20,07:00,5657,19,1,2,4,5,9,10,11,13,14,17
2013-12-20,08:00,5658,13,2,4,5,10,11,14,15,16,18,19
2013-12-20,09:00,5659,19,2,3,4,5,10,12,13,14,15,19
2013-12-20,10:00,5660,14,1,2,4,5,6,7,10,15,19,20
2013-12-20,11:00,5661,16,2,5,6,9,11,12,14,16,18,19
2013-12-20,12:00,5662,6,2,4,9,10,12,14,16,18,19,20
2013-12-20,13:00,5663,16,1,6,7,8,11,13,14,15,17,20
2013-12-20,14:00,5664,1,2,5,7,8,9,13,15,17,19,20
2013-12-20,15:00,5665,20,1,2,3,5,6,9,10,14,16,17
2013-12-20,16:00,5666,9,2,3,4,7,9,10,11,15,16,20
2013-12-20,17:00,5667,5,1,2,5,6,9,11,14,15,18,20
2013-12-20,18:00,5668,16,1,5,6,7,9,11,14,15,16,17
2013-12-20,19:00,5669,8,1,2,5,7,11,13,15,16,17,19
2013-12-20,20:00,5670,5,3,4,6,7,9,12,14,15,16,19
2013-12-20,21:00,5671,7,2,3,4,6,8,10,11,14,16,20
2013-12-20,22:00,5672,12,1,2,5,7,8,10,13,14,15,17
2013-12-20,23:00,5673,1,3,6,8,9,10,11,12,13,18,19
2013-12-21,07:00,5674,17,2,3,4,5,6,7,9,10,12,13
2013-12-21,08:00,5675,4,2,6,7,9,10,11,12,17,18,19
2013-12-21,09:00,5676,7,4,7,9,12,13,16,17,18,19,20
2013-12-21,10:00,5677,11,4,7,9,11,12,14,16,17,18,19
2013-12-21,11:00,5678,16,1,5,6,8,10,12,13,14,18,19
2013-12-21,12:00,5679,18,1,3,4,5,6,11,15,16,18,19
2013-12-21,13:00,5680,7,1,2,5,8,9,12,14,16,18,19
2013-12-21,14:00,5681,6,1,2,4,7,8,9,10,12,19,20
2013-12-21,15:00,5682,9,3,5,6,7,8,10,12,14,16,17
2013-12-21,16:00,5683,11,3,5,9,10,12,13,15,16,17,19
2013-12-21,17:00,5684,5,1,5,6,7,9,11,16,17,19,20
2013-12-21,18:00,5685,20,1,2,8,10,13,14,17,18,19,20
2013-12-21,19:00,5686,11,1,2,4,5,8,12,13,14,15,19
2013-12-21,20:00,5687,2,4,5,6,11,13,14,17,18,19,20
2013-12-21,21:00,5688,7,2,4,5,8,9,11,13,14,16,20
2013-12-21,22:00,5689,6,6,7,8,9,10,12,15,17,18,20
2013-12-21,23:00,5690,15,1,3,4,5,6,7,8,9,13,20
2013-12-22,07:00,5691,15,1,2,4,5,7,8,11,12,19,20
2013-12-22,08:00,5692,15,2,3,4,5,6,7,13,18,19,20
2013-12-22,09:00,5693,16,5,6,7,10,12,13,15,17,18,19
2013-12-22,10:00,5694,8,1,3,5,7,8,11,15,17,18,19
2013-12-22,11:00,5695,16,1,5,6,7,10,11,14,15,17,20
2013-12-22,12:00,5696,7,2,3,5,6,8,10,14,16,19,20
2013-12-22,13:00,5697,15,4,6,8,12,13,14,15,16,19,20
2013-12-22,14:00,5698,12,7,9,10,11,13,15,16,17,18,20
2013-12-22,15:00,5699,6,4,6,7,8,10,11,12,15,16,19
2013-12-22,16:00,5700,13,1,5,6,8,10,11,13,18,19,20
2013-12-22,17:00,5701,5,1,4,5,6,7,8,12,13,16,17
2013-12-22,18:00,5702,7,3,4,6,7,13,14,16,17,18,20
2013-12-22,19:00,5703,4,1,7,9,11,13,16,17,18,19,20
2013-12-22,20:00,5704,5,1,3,6,7,8,10,11,15,17,20
2013-12-22,21:00,5705,14,1,2,4,6,9,10,13,14,15,19
2013-12-22,22:00,5706,9,1,2,3,4,5,7,10,13,14,18
2013-12-22,23:00,5707,8,2,5,6,9,12,14,16,17,19,20
2013-12-23,07:00,5708,13,3,4,5,6,8,9,13,14,18,19
2013-12-23,08:00,5709,20,4,5,6,8,12,15,16,17,18,20
2013-12-23,09:00,5710,11,1,3,5,7,8,10,11,12,14,15
2013-12-23,10:00,5711,11,2,4,5,6,8,11,12,17,18,20
2013-12-23,11:00,5712,4,1,4,5,7,9,10,11,12,13,17
2013-12-23,12:00,5713,3,5,6,12,13,14,15,17,18,19,20
2013-12-23,13:00,5714,19,2,4,6,7,8,13,14,16,18,20
2013-12-23,14:00,5715,19,2,3,7,9,11,12,14,15,19,20
2013-12-23,15:00,5716,1,1,6,7,8,10,11,12,14,15,20
2013-12-23,16:00,5717,8,3,4,6,7,9,12,14,15,16,17
2013-12-23,17:00,5718,20,2,4,5,6,7,8,10,12,14,17
2013-12-23,18:00,5719,19,2,6,7,12,13,14,15,16,17,20
2013-12-23,19:00,5720,19,3,4,5,8,10,13,14,16,17,18
2013-12-23,20:00,5721,6,4,5,6,8,11,12,13,14,17,19
2013-12-23,21:00,5722,19,1,2,6,7,10,12,15,17,18,19
2013-12-23,22:00,5723,7,2,3,6,8,9,12,14,15,18,20
2013-12-23,23:00,5724,14,1,2,7,9,10,13,16,17,19,20
2013-12-24,07:00,5725,9,1,2,5,6,9,11,12,13,15,19
2013-12-24,08:00,5726,4,2,5,6,8,9,13,14,15,18,19
2013-12-24,09:00,5727,6,3,4,5,6,10,11,12,18,19,20
2013-12-24,10:00,5728,12,1,3,4,5,8,9,12,14,15,19
2013-12-24,11:00,5729,7,1,2,3,8,9,10,13,18,19,20
2013-12-24,12:00,5730,9,1,3,4,5,6,7,8,12,14,18
2013-12-24,13:00,5731,20,2,4,6,7,8,11,12,13,15,18
2013-12-24,14:00,5732,13,1,2,3,4,7,10,11,17,18,19
2013-12-24,15:00,5733,10,2,4,6,7,10,13,14,17,19,20
2013-12-24,16:00,5734,17,1,4,7,8,10,11,12,13,17,20
2013-12-24,17:00,5735,1,3,6,7,8,12,13,14,15,16,19
2013-12-24,18:00,5736,5,2,5,6,8,13,14,15,16,17,19
2013-12-24,19:00,5737,19,2,3,5,6,7,8,12,17,19,20
2013-12-24,20:00,5738,1,3,4,6,8,10,11,13,14,17,18
2013-12-24,21:00,5739,13,3,4,5,6,8,10,14,15,17,20
2013-12-24,22:00,5740,2,4,6,7,8,9,15,16,18,19,20
2013-12-24,23:00,5741,20,3,6,7,8,10,11,14,16,17,19
2013-12-25,07:00,5742,5,1,2,3,5,6,7,8,14,16,17
2013-12-25,08:00,5743,10,2,4,5,9,11,12,16,17,18,20
2013-12-25,09:00,5744,13,3,6,8,9,11,13,15,16,17,19
2013-12-25,10:00,5745,20,1,2,4,5,9,12,13,15,18,20
2013-12-25,11:00,5746,13,4,9,10,11,12,13,14,16,17,20
2013-12-25,12:00,5747,15,1,3,4,5,8,9,10,17,18,19
2013-12-25,13:00,5748,5,3,4,6,10,13,14,15,16,18,19
2013-12-25,14:00,5749,12,3,4,6,7,9,10,15,17,19,20
2013-12-25,15:00,5750,14,1,2,3,5,8,12,14,18,19,20
2013-12-25,16:00,5751,20,1,4,5,8,12,14,15,16,19,20
2013-12-25,17:00,5752,14,5,6,7,8,11,13,14,15,18,19
2013-12-25,18:00,5753,17,1,2,7,8,9,11,15,17,19,20
2013-12-25,19:00,5754,5,1,3,4,5,7,8,11,12,13,15
2013-12-25,20:00,5755,10,1,2,9,10,11,13,14,17,18,19
2013-12-25,21:00,5756,9,1,6,7,8,9,11,12,13,16,19
2013-12-25,22:00,5757,8,1,3,4,7,8,9,12,13,18,20
2013-12-25,23:00,5758,8,3,4,6,7,8,9,10,14,15,20
2013-12-26,07:00,5759,17,2,3,4,5,6,7,13,14,18,20
2013-12-26,08:00,5760,4,1,3,4,6,10,11,12,15,18,19
2013-12-26,09:00,5761,18,1,3,4,8,11,12,13,15,16,20
2013-12-26,10:00,5762,9,3,4,5,7,9,10,12,14,15,17
2013-12-26,11:00,5763,19,1,6,7,10,11,13,14,16,17,20
2013-12-26,12:00,5764,2,1,2,4,6,7,9,10,14,15,18
2013-12-26,13:00,5765,6,1,2,5,9,12,13,14,16,19,20
2013-12-26,14:00,5766,7,1,2,4,8,9,11,17,18,19,20
2013-12-26,15:00,5767,3,1,3,4,5,6,10,12,14,16,17
2013-12-26,16:00,5768,9,1,3,6,8,11,16,17,18,19,20
2013-12-26,17:00,5769,5,3,4,5,9,10,11,12,15,17,19
2013-12-26,18:00,5770,12,1,2,3,7,8,10,11,15,16,19
2013-12-26,19:00,5771,20,1,2,3,4,5,7,8,16,18,19
2013-12-26,20:00,5772,11,1,5,6,9,12,13,15,16,18,19
2013-12-26,21:00,5773,2,2,3,4,5,9,11,14,16,17,19
2013-12-26,22:00,5774,3,2,7,8,9,11,14,15,16,17,20
2013-12-26,23:00,5775,18,1,2,5,6,8,15,16,17,18,19
2013-12-27,07:00,5776,12,1,6,8,9,11,12,13,17,18,20
2013-12-27,08:00,5777,20,1,3,4,6,9,11,14,15,16,18
2013-12-27,09:00,5778,6,1,2,5,6,7,14,15,17,18,20
2013-12-27,10:00,5779,7,4,5,7,8,10,12,15,18,19,20
2013-12-27,11:00,5780,9,1,4,8,10,11,12,13,14,15,19
2013-12-27,12:00,5781,15,3,7,8,10,11,13,14,16,19,20
2013-12-27,13:00,5782,14,3,4,5,8,11,14,15,16,17,19
2013-12-27,14:00,5783,15,2,3,4,7,8,10,12,13,16,17
2013-12-27,15:00,5784,16,1,5,8,9,12,13,14,16,18,19
2013-12-27,16:00,5785,17,3,5,7,8,13,15,16,17,18,19
2013-12-27,17:00,5786,1,3,5,6,7,9,11,13,15,16,19
2013-12-27,18:00,5787,17,1,4,5,7,10,11,12,14,16,19
2013-12-27,19:00,5788,9,1,2,5,6,10,11,14,16,18,19
2013-12-27,20:00,5789,8,2,4,5,8,9,10,12,14,15,19
2013-12-27,21:00,5790,5,2,3,4,6,7,8,9,11,12,13
2013-12-27,22:00,5791,11,2,4,5,6,7,8,10,13,14,17
2013-12-27,23:00,5792,7,1,2,4,6,9,10,11,15,17,19
2013-12-28,07:00,5793,17,4,8,9,11,12,14,15,16,17,19
2013-12-28,08:00,5794,8,1,2,3,5,7,13,16,17,19,20
2013-12-28,09:00,5795,14,3,4,5,7,9,11,14,15,17,19
2013-12-28,10:00,5796,8,1,4,8,13,15,16,17,18,19,20
2013-12-28,11:00,5797,20,1,2,3,4,5,9,12,14,16,19
2013-12-28,12:00,5798,4,1,4,6,7,8,12,13,16,17,18
2013-12-28,13:00,5799,6,2,3,6,10,13,15,16,17,19,20
2013-12-28,14:00,5800,20,4,5,7,9,12,15,16,17,18,19
2013-12-28,15:00,5801,5,6,8,12,13,15,16,17,18,19,20
2013-12-28,16:00,5802,2,2,6,7,9,11,13,15,16,17,18
2013-12-28,17:00,5803,6,1,4,6,7,8,10,11,12,17,20
2013-12-28,18:00,5804,9,2,3,5,6,7,8,14,17,18,20
2013-12-28,19:00,5805,20,1,3,4,5,8,9,10,12,13,17
2013-12-28,20:00,5806,14,2,9,11,12,13,14,15,16,17,18
2013-12-28,21:00,5807,6,1,3,4,5,8,10,11,15,17,19
2013-12-28,22:00,5808,16,2,5,7,9,11,12,15,18,19,20
2013-12-28,23:00,5809,8,3,4,5,6,7,8,11,16,17,18
2013-12-29,07:00,5810,16,1,2,3,4,7,8,9,10,11,19
2013-12-29,08:00,5811,17,1,7,8,11,12,13,15,16,19,20
2013-12-29,09:00,5812,6,1,5,6,7,9,10,15,17,18,19
2013-12-29,10:00,5813,7,4,6,9,10,11,12,14,15,16,19
2013-12-29,11:00,5814,17,1,2,4,7,8,9,10,11,13,19
2013-12-29,12:00,5815,14,2,3,4,5,9,10,16,17,19,20
2013-12-29,13:00,5816,11,1,2,3,9,10,11,12,16,18,20
2013-12-29,14:00,5817,3,2,3,4,6,9,12,13,14,19,20
2013-12-29,15:00,5818,2,1,4,7,9,10,12,13,14,18,19
2013-12-29,16:00,5819,20,1,4,5,6,10,12,13,14,17,18
2013-12-29,17:00,5820,6,1,2,5,6,7,10,11,14,16,17
2013-12-29,18:00,5821,2,1,2,5,6,8,9,12,13,14,17
2013-12-29,19:00,5822,2,1,2,5,6,9,12,15,17,19,20
2013-12-29,20:00,5823,12,4,6,10,11,12,13,14,15,16,17
2013-12-29,21:00,5824,8,2,3,5,8,9,10,11,13,15,20
2013-12-29,22:00,5825,6,1,4,6,7,8,10,12,14,17,18
2013-12-29,23:00,5826,1,2,3,7,11,12,13,15,17,19,20
2013-12-30,07:00,5827,8,1,5,9,11,15,16,17,18,19,20
2013-12-30,08:00,5828,16,3,4,6,7,9,12,14,16,17,18
2013-12-30,09:00,5829,14,1,3,7,8,9,11,14,15,19,20
2013-12-30,10:00,5830,19,3,4,6,7,8,11,13,17,18,20
2013-12-30,11:00,5831,18,4,5,6,7,10,12,13,14,16,18
2013-12-30,12:00,5832,4,6,9,11,13,14,15,16,17,19,20
2013-12-30,13:00,5833,12,2,4,5,8,11,14,15,16,18,20
2013-12-30,14:00,5834,7,1,2,4,5,7,13,15,16,18,20
2013-12-30,15:00,5835,18,2,4,5,6,7,10,13,15,16,17
2013-12-30,16:00,5836,20,1,4,5,8,10,12,13,14,16,17
2013-12-30,17:00,5837,4,4,7,10,11,12,14,15,16,18,20
2013-12-30,18:00,5838,1,3,6,10,11,12,15,16,17,19,20
2013-12-30,19:00,5839,10,1,2,3,7,8,9,10,11,16,18
2013-12-30,20:00,5840,10,2,6,10,11,13,15,16,18,19,20
2013-12-30,21:00,5841,18,1,2,7,9,10,12,14,16,17,18
2013-12-30,22:00,5842,12,1,2,5,6,9,10,11,15,19,20
2013-12-30,23:00,5843,3,2,3,4,5,11,12,14,15,19,20
2013-12-31,07:00,5844,2,2,4,5,7,8,10,11,12,13,15
2013-12-31,08:00,5845,19,2,3,5,6,10,14,15,17,18,19
2013-12-31,09:00,5846,17,1,7,10,12,14,15,16,17,19,20
2013-12-31,10:00,5847,12,3,4,7,11,14,16,17,18,19,20
2013-12-31,11:00,5848,15,3,4,5,9,11,13,14,17,18,19
2013-12-31,12:00,5849,3,2,3,4,5,6,8,11,12,14,15
2013-12-31,13:00,5850,14,4,5,9,11,12,13,14,15,16,17
2013-12-31,14:00,5851,6,4,5,7,9,12,13,14,15,17,20
2013-12-31,15:00,5852,11,1,2,8,9,10,12,13,14,16,18
2013-12-31,16:00,5853,4,1,3,4,7,8,12,13,14,15,17
2013-12-31,17:00,5854,11,6,7,9,12,13,14,15,16,19,20
2013-12-31,18:00,5855,2,2,3,5,6,7,13,16,17,18,20
2013-12-31,19:00,5856,11,4,7,9,12,14,15,16,17,18,19
2013-12-31,20:00,5857,6,1,6,7,10,11,12,13,16,17,20
2013-12-31,21:00,5858,18,1,2,3,5,8,11,13,16,19,20
2013-12-31,22:00,5859,13,1,3,4,5,8,12,13,17,18,20
2013-12-31,23:00,5860,19,4,5,9,10,13,14,15,17,19,20
