date,time,contest,numerone,n1,n2,n3,n4,n5,n6,n7,n8,n9,n10
2017-01-01,07:00,1,16,1,2,3,4,5,8,11,14,17,18
2017-01-01,08:00,2,18,1,2,4,7,8,13,14,15,19,20
2017-01-01,09:00,3,12,2,3,10,11,13,16,17,18,19,20
2017-01-01,10:00,4,11,1,2,7,9,10,13,14,15,17,18
2017-01-01,11:00,5,7,1,3,9,11,12,13,15,17,18,20
2017-01-01,12:00,6,16,1,2,3,6,7,9,12,15,16,20
2017-01-01,13:00,7,15,2,5,6,7,9,10,14,15,16,19
2017-01-01,14:00,8,2,1,2,4,7,10,11,12,14,16,20
2017-01-01,15:00,9,17,1,7,8,9,10,12,14,17,18,20
2017-01-01,16:00,10,11,1,2,4,6,7,12,17,18,19,20
2017-01-01,17:00,11,7,3,4,5,11,12,13,15,17,18,20
2017-01-01,18:00,12,20,4,6,9,11,14,16,17,18,19,20
2017-01-01,19:00,13,18,1,5,7,9,10,12,14,15,17,20
2017-01-01,20:00,14,3,2,7,8,10,11,12,13,15,17,18
2017-01-01,21:00,15,16,4,5,6,11,12,13,14,15,16,20
2017-01-01,22:00,16,7,1,3,4,5,6,7,10,12,14,18
2017-01-01,23:00,17,19,2,3,4,5,10,12,13,14,18,19
2017-01-02,07:00,18,10,4,8,10,11,12,13,14,15,19,20
2017-01-02,08:00,19,16,3,4,6,7,10,11,12,13,14,16
2017-01-02,09:00,20,18,3,4,8,9,11,12,13,15,16,17
2017-01-02,10:00,21,9,2,3,5,7,10,11,15,18,19,20
2017-01-02,11:00,22,6,4,5,7,8,9,10,12,14,16,20
2017-01-02,12:00,23,6,3,4,5,9,10,11,14,16,18,19
2017-01-02,13:00,24,8,2,3,5,6,7,9,15,17,18,19
2017-01-02,14:00,25,16,2,3,5,6,10,11,12,13,14,18
2017-01-02,15:00,26,7,2,3,4,9,10,13,15,18,19,20
2017-01-02,16:00,27,1,2,6,9,10,11,12,13,15,16,20
2017-01-02,17:00,28,6,1,2,5,6,7,8,13,14,16,19
2017-01-02,18:00,29,6,4,7,8,9,10,11,13,14,17,18
2017-01-02,19:00,30,14,2,3,4,5,6,7,8,9,15,16
2017-01-02,20:00,31,8,1,3,4,6,7,11,12,14,16,19
2017-01-02,21:00,32,20,3,4,8,9,10,11,15,17,19,20
2017-01-02,22:00,33,1,1,3,5,11,12,13,15,18,19,20
2017-01-02,23:00,34,17,1,3,6,7,8,15,16,17,19,20
2017-01-03,07:00,35,7,2,4,5,10,12,15,16,18,19,20
2017-01-03,08:00,36,3,1,5,10,11,12,14,16,17,18,20
2017-01-03,09:00,37,7,1,2,3,7,8,11,13,16,18,20
2017-01-03,10:00,38,20,2,3,4,5,6,10,11,15,19,20
2017-01-03,11:00,39,4,4,9,10,11,12,13,16,18,19,20
2017-01-03,12:00,40,8,2,3,9,10,11,13,15,16,17,19
2017-01-03,13:00,41,2,3,4,6,9,11,12,15,16,18,20
2017-01-03,14:00,42,6,1,4,5,8,10,12,14,15,17,19
2017-01-03,15:00,43,6,3,4,7,8,9,10,11,13,17,20
2017-01-03,16:00,44,15,5,6,7,9,11,12,15,18,19,20
2017-01-03,17:00,45,1,3,4,6,7,8,9,10,12,17,20
2017-01-03,18:00,46,17,3,4,5,7,10,14,15,17,18,20
2017-01-03,19:00,47,20,1,2,3,4,7,8,14,16,17,19
2017-01-03,20:00,48,4,1,3,4,8,9,12,14,16,18,20
2017-01-03,21:00,49,13,1,6,7,8,11,12,17,18,19,20
2017-01-03,22:00,50,14,1,3,4,6,7,12,15,16,19,20
2017-01-03,23:00,51,2,2,3,4,10,11,12,15,16,18,19
2017-01-04,07:00,52,8,6,7,8,10,12,13,15,18,19,20
2017-01-04,08:00,53,6,1,3,4,7,9,10,12,15,17,19
2017-01-04,09:00,54,19,1,7,8,9,10,11,12,14,15,17
2017-01-04,10:00,55,9,2,6,7,9,10,11,12,13,14,15
2017-01-04,11:00,56,19,1,2,4,5,8,9,11,12,18,20
2017-01-04,12:00,57,7,3,5,6,9,11,14,16,18,19,20
2017-01-04,13:00,58,15,4,6,8,9,10,11,12,13,14,19
2017-01-04,14:00,59,11,2,4,7,9,10,11,14,15,16,17
2017-01-04,15:00,60,1,2,3,5,6,7,8,15,16,17,19
2017-01-04,16:00,61,3,4,6,7,9,10,11,12,13,15,19
2017-01-04,17:00,62,3,5,6,7,8,10,12,13,14,15,20
2017-01-04,18:00,63,9,1,2,6,7,13,15,16,18,19,20
2017-01-04,19:00,64,18,2,3,4,5,7,12,14,15,18,20
2017-01-04,20:00,65,9,2,3,8,9,11,13,15,16,18,20
2017-01-04,21:00,66,20,3,5,7,8,9,12,13,15,16,18
2017-01-04,22:00,67,19,1,5,6,7,10,12,13,14,15,19
2017-01-04,23:00,68,20,1,2,4,5,6,7,9,13,16,20
2017-01-05,07:00,69,3,1,2,3,6,10,12,13,16,17,18
2017-01-05,08:00,70,13,1,2,4,6,7,11,13,14,17,18
2017-01-05,09:00,71,3,3,4,7,12,13,14,15,17,18,19
2017-01-05,10:00,72,5,1,3,5,6,13,14,16,17,18,19
2017-01-05,11:00,73,15,3,4,5,6,8,11,13,14,17,20
2017-01-05,12:00,74,3,1,4,6,8,9,11,14,16,17,20
2017-01-05,13:00,75,15,1,2,3,4,6,8,9,12,17,18
2017-01-05,14:00,76,20,1,3,4,5,7,9,10,11,18,19
2017-01-05,15:00,77,20,1,4,8,9,10,11,12,17,18,19
2017-01-05,16:00,78,8,1,2,3,4,8,9,10,17,18,19
2017-01-05,17:00,79,2,3,5,7,8,9,10,11,13,17,19
2017-01-05,18:00,80,17,1,2,3,11,12,13,14,16,17,19
2017-01-05,19:00,81,4,2,3,4,5,10,11,12,16,19,20
2017-01-05,20:00,82,8,3,4,9,10,11,12,16,18,19,20
2017-01-05,21:00,83,12,1,3,4,8,10,11,12,17,19,20
2017-01-05,22:00,84,10,1,4,7,10,11,12,13,14,17,19
2017-01-05,23:00,85,6,2,3,5,7,9,10,15,16,18,19
2017-01-06,07:00,86,11,2,4,6,8,9,10,13,14,19,20
2017-01-06,08:00,87,18,1,6,7,9,11,13,15,17,18,19
2017-01-06,09:00,88,2,1,2,3,6,7,9,11,13,15,17
2017-01-06,10:00,89,18,2,4,7,9,12,13,15,16,17,19
2017-01-06,11:00,90,13,1,2,5,6,12,13,14,15,18,20
2017-01-06,12:00,91,8,2,3,5,7,8,14,16,17,18,20
2017-01-06,13:00,92,13,1,5,7,10,11,12,16,18,19,20
2017-01-06,14:00,93,3,4,7,8,12,14,15,16,17,19,20
2017-01-06,15:00,94,6,2,5,10,11,13,14,15,17,19,20
2017-01-06,16:00,95,1,1,3,11,13,14,15,16,17,18,20
2017-01-06,17:00,96,6,1,5,10,12,14,15,16,17,19,20
2017-01-06,18:00,97,17,2,3,4,6,8,9,13,14,16,18
2017-01-06,19:00,98,13,2,4,7,9,10,14,15,16,17,19
2017-01-06,20:00,99,11,2,3,5,7,9,12,14,16,17,18
2017-01-06,21:00,100,13,1,3,4,7,12,13,15,17,18,20
2017-01-06,22:00,101,14,1,2,4,9,10,12,13,15,17,18
2017-01-06,23:00,102,12,2,6,7,8,11,12,13,14,16,19
2017-01-07,07:00,103,4,1,4,5,7,8,9,10,13,14,18
2017-01-07,08:00,104,10,1,2,3,4,5,6,9,11,18,19
2017-01-07,09:00,105,10,2,3,4,5,10,12,15,17,19,20
2017-01-07,10:00,106,3,4,5,6,7,11,12,13,14,15,16
2017-01-07,11:00,107,12,1,3,5,6,8,9,13,17,18,19
2017-01-07,12:00,108,10,1,2,5,7,8,10,13,16,17,19
2017-01-07,13:00,109,9,2,4,5,8,9,10,11,14,16,17
2017-01-07,14:00,110,10,1,2,5,7,8,10,11,12,13,16
2017-01-07,15:00,111,13,1,3,5,8,9,14,15,16,19,20
2017-01-07,16:00,112,3,1,3,4,5,11,14,15,16,17,19
2017-01-07,17:00,113,11,1,6,7,9,10,11,13,18,19,20
2017-01-07,18:00,114,19,1,2,3,5,6,7,12,14,15,17
2017-01-07,19:00,115,2,2,3,4,5,6,12,16,17,19,20
2017-01-07,20:00,116,4,1,4,5,8,9,10,13,17,18,20
2017-01-07,21:00,117,14,3,4,5,6,9,12,13,15,18,19
2017-01-07,22:00,118,19,2,3,5,6,7,10,16,17,18,19
2017-01-07,23:00,119,3,2,3,5,9,10,12,13,16,17,18
2017-01-08,07:00,120,4,1,2,3,5,7,8,10,15,17,18
2017-01-08,08:00,121,2,1,3,5,7,11,13,15,17,18,20
2017-01-08,09:00,122,14,2,4,8,9,10,13,14,15,17,20
2017-01-08,10:00,123,11,2,3,4,7,8,10,13,15,16,18
2017-01-08,11:00,124,3,1,5,6,7,12,14,15,17,18,20
2017-01-08,12:00,125,13,1,2,4,8,9,10,12,14,15,16
2017-01-08,13:00,126,16,4,6,8,10,11,12,15,16,17,20
2017-01-08,14:00,127,6,4,7,8,10,11,12,14,17,19,20
2017-01-08,15:00,128,4,1,2,3,5,6,8,10,14,17,19
2017-01-08,16:00,129,3,2,3,7,9,10,12,13,14,16,19
2017-01-08,17:00,130,9,3,4,5,8,9,10,12,14,18,20
2017-01-08,18:00,131,17,2,3,5,8,9,10,11,15,18,20
2017-01-08,19:00,132,5,1,2,5,8,10,12,13,15,17,19
2017-01-08,20:00,133,8,2,5,6,7,9,10,13,15,18,19
2017-01-08,21:00,134,9,1,2,4,5,6,8,12,13,16,19
2017-01-08,22:00,135,11,1,2,8,9,10,11,12,17,18,19
2017-01-08,23:00,136,5,1,9,10,11,12,13,15,16,18,19
2017-01-09,07:00,137,20,1,3,5,9,10,12,13,14,17,19
2017-01-09,08:00,138,3,1,6,7,8,9,12,13,14,17,20
2017-01-09,09:00,139,9,2,3,7,8,9,11,12,15,19,20
2017-01-09,10:00,140,8,2,3,5,9,13,14,17,18,19,20
2017-01-09,11:00,141,20,4,6,7,9,11,12,13,14,16,17
2017-01-09,12:00,142,4,3,4,7,8,9,12,13,16,18,19
2017-01-09,13:00,143,17,3,4,7,8,10,12,13,17,19,20
2017-01-09,14:00,144,15,3,8,10,11,12,13,14,15,17,19
2017-01-09,15:00,145,17,4,5,9,10,11,13,14,15,17,20
2017-01-09,16:00,146,3,1,3,4,10,11,12,14,16,19,20
2017-01-09,17:00,147,10,1,2,4,5,6,7,10,13,19,20
2017-01-09,18:00,148,19,3,4,6,9,10,12,14,18,19,20
2017-01-09,19:00,149,4,2,3,4,5,6,7,12,13,15,18
2017-01-09,20:00,150,16,3,8,10,12,13,14,16,17,18,19
2017-01-09,21:00,151,19,1,6,7,8,11,12,14,15,18,19
2017-01-09,22:00,152,11,2,3,5,7,8,10,13,16,17,18
2017-01-09,23:00,153,13,3,4,8,10,11,12,13,14,16,20
2017-01-10,07:00,154,10,2,3,4,6,9,10,15,16,17,18
2017-01-10,08:00,155,1,1,4,5,12,15,16,17,18,19,20
2017-01-10,09:00,156,15,1,4,7,8,12,13,14,15,17,20
2017-01-10,10:00,157,10,1,5,7,8,10,11,12,13,14,18
2017-01-10,11:00,158,15,1,2,3,5,7,9,13,17,18,19
2017-01-10,12:00,159,4,4,6,9,10,11,12,13,14,15,20
2017-01-10,13:00,160,3,2,3,5,7,9,13,15,17,18,19
2017-01-10,14:00,161,20,3,4,5,6,8,9,10,12,15,20
2017-01-10,15:00,162,12,2,3,4,6,10,11,15,16,17,19
2017-01-10,16:00,163,14,3,4,5,6,12,13,16,17,18,20
2017-01-10,17:00,164,1,1,3,4,5,6,7,10,12,16,18
2017-01-10,18:00,165,16,3,5,6,11,12,13,14,15,17,20
2017-01-10,19:00,166,7,2,3,4,6,8,12,16,17,19,20
2017-01-10,20:00,167,4,2,3,5,7,8,9,10,15,16,19
2017-01-10,21:00,168,18,2,3,4,5,8,10,12,14,17,20
2017-01-10,22:00,169,6,3,4,5,7,8,12,14,16,17,18
2017-01-10,23:00,170,9,1,3,7,11,12,14,16,17,18,19
2017-01-11,07:00,171,1,1,3,4,5,7,12,14,15,17,18
2017-01-11,08:00,172,8,2,3,4,5,6,7,8,14,19,20
2017-01-11,09:00,173,12,4,5,6,10,12,13,15,17,19,20
2017-01-11,10:00,174,11,1,2,7,9,11,15,16,17,19,20
2017-01-11,11:00,175,9,3,4,6,7,9,11,13,15,16,18
2017-01-11,12:00,176,9,1,2,3,5,8,12,13,15,16,18
2017-01-11,13:00,177,10,4,5,7,10,11,13,14,15,17,18
2017-01-11,14:00,178,4,5,6,7,8,12,13,14,15,16,19
2017-01-11,15:00,179,17,2,7,8,10,11,13,15,16,18,20
2017-01-11,16:00,180,8,1,3,4,6,10,12,15,16,18,19
2017-01-11,17:00,181,16,1,2,3,14,15,16,17,18,19,20
2017-01-11,18:00,182,9,2,4,5,8,9,10,13,17,19,20
2017-01-11,19:00,183,7,1,4,5,7,9,10,11,12,15,16
2017-01-11,20:00,184,17,1,2,4,5,6,7,8,14,16,19
2017-01-11,21:00,185,9,1,3,4,8,9,11,12,16,17,19
2017-01-11,22:00,186,14,4,7,9,11,12,13,14,15,16,18
2017-01-11,23:00,187,15,2,3,4,7,9,10,13,15,17,19
2017-01-12,07:00,188,13,3,5,6,7,8,9,13,18,19,20
2017-01-12,08:00,189,5,1,4,6,7,9,13,16,17,19,20
2017-01-12,09:00,190,4,2,6,7,11,13,16,17,18,19,20
2017-01-12,10:00,191,4,2,4,5,7,9,13,16,18,19,20
2017-01-12,11:00,192,10,1,2,3,6,9,10,11,12,13,14
2017-01-12,12:00,193,14,2,3,4,5,6,7,8,10,14,17
2017-01-12,13:00,194,20,1,2,4,5,8,9,10,11,13,18
2017-01-12,14:00,195,9,1,2,4,5,10,13,14,15,16,18
2017-01-12,15:00,196,3,1,5,6,7,10,11,14,18,19,20
2017-01-12,16:00,197,8,2,3,5,7,11,13,16,17,19,20
2017-01-12,17:00,198,7,1,4,5,6,13,14,15,17,19,20
2017-01-12,18:00,199,3,1,3,4,6,9,10,11,12,14,15
2017-01-12,19:00,200,14,3,5,8,10,12,14,15,16,17,20
2017-01-12,20:00,201,19,1,7,8,9,10,11,12,14,15,17
2017-01-12,21:00,202,7,1,2,4,6,7,9,11,15,18,20
2017-01-12,22:00,203,9,1,4,9,10,15,16,17,18,19,20
2017-01-12,23:00,204,19,3,5,6,9,10,12,14,15,19,20
2017-01-13,07:00,205,5,2,3,11,12,14,15,17,18,19,20
2017-01-13,08:00,206,17,2,3,4,5,6,7,11,12,15,19
2017-01-13,09:00,207,12,1,3,4,8,10,11,12,15,17,18
2017-01-13,10:00,208,16,1,2,5,7,9,11,13,15,16,19
2017-01-13,11:00,209,17,2,3,7,9,10,11,14,17,18,20
2017-01-13,12:00,210,13,4,5,6,7,9,10,12,14,15,16
2017-01-13,13:00,211,2,1,2,3,4,6,11,15,17,18,19
2017-01-13,14:00,212,8,1,3,4,5,9,13,15,16,18,19
2017-01-13,15:00,213,16,1,2,3,7,10,11,12,16,17,20
2017-01-13,16:00,214,1,3,4,7,8,9,10,12,13,15,17
2017-01-13,17:00,215,17,5,6,7,8,12,15,16,18,19,20
2017-01-13,18:00,216,8,1,3,4,7,9,11,13,14,16,17
2017-01-13,19:00,217,17,2,3,5,6,9,12,13,15,16,18
2017-01-13,20:00,218,4,2,4,6,7,11,15,16,17,19,20
2017-01-13,21:00,219,19,5,7,8,10,11,13,14,16,17,20
2017-01-13,22:00,220,17,2,4,5,7,11,12,15,18,19,20
2017-01-13,23:00,221,12,6,7,9,10,11,13,14,15,18,20
2017-01-14,07:00,222,1,1,4,6,7,9,11,14,17,19,20
2017-01-14,08:00,223,11,3,4,5,9,10,12,14,15,16,18
2017-01-14,09:00,224,5,2,3,8,9,12,13,15,16,17,20
2017-01-14,10:00,225,1,4,8,9,10,11,12,16,17,18,20
2017-01-14,11:00,226,17,1,2,5,7,8,11,13,14,15,19
2017-01-14,12:00,227,8,4,5,6,7,8,9,13,14,16,19
2017-01-14,13:00,228,19,1,4,5,6,7,8,10,11,14,19
2017-01-14,14:00,229,7,2,3,4,6,7,8,12,14,18,20
2017-01-14,15:00,230,1,1,3,4,5,8,13,14,15,17,18
2017-01-14,16:00,231,20,1,2,3,5,8,10,11,12,15,20
2017-01-14,17:00,232,1,1,2,4,5,8,10,12,14,15,16
2017-01-14,18:00,233,1,2,3,4,6,7,9,10,12,18,19
2017-01-14,19:00,234,16,2,3,5,8,10,13,14,15,17,19
2017-01-14,20:00,235,3,1,6,7,8,9,14,15,16,17,20
2017-01-14,21:00,236,5,1,3,4,5,7,10,14,15,16,20
2017-01-14,22:00,237,7,3,4,8,12,14,15,16,17,18,19
2017-01-14,23:00,238,1,2,3,4,5,7,9,11,12,16,19
2017-01-15,07:00,239,1,2,3,7,8,11,12,15,17,18,19
2017-01-15,08:00,240,14,2,7,8,10,11,12,14,15,17,18
2017-01-15,09:00,241,20,1,2,3,5,7,10,16,17,18,19
2017-01-15,10:00,242,17,2,6,7,10,11,12,13,14,17,19
2017-01-15,11:00,243,1,2,3,4,6,8,9,12,17,18,19
2017-01-15,12:00,244,19,2,3,4,5,6,7,8,14,18,20
2017-01-15,13:00,245,12,2,4,6,10,12,13,14,15,18,20
2017-01-15,14:00,246,19,1,2,4,7,8,9,11,12,14,16
2017-01-15,15:00,247,20,1,2,7,8,9,10,11,15,17,19
2017-01-15,16:00,248,14,1,2,5,6,8,11,12,15,16,19
2017-01-15,17:00,249,7,1,2,3,4,9,11,13,17,18,19
2017-01-15,18:00,250,8,2,3,4,7,9,10,13,15,16,17
2017-01-15,19:00,251,8,2,3,8,10,13,14,16,17,18,19
2017-01-15,20:00,252,17,3,6,8,10,11,12,15,18,19,20
2017-01-15,21:00,253,11,1,5,6,7,11,13,15,16,19,20
2017-01-15,22:00,254,15,1,6,9,12,13,14,15,16,18,19
2017-01-15,23:00,255,2,4,6,7,9,10,11,14,15,16,20
2017-01-16,07:00,256,18,3,5,6,8,9,10,13,14,17,19
2017-01-16,08:00,257,2,1,2,4,6,8,9,10,12,16,18
2017-01-16,09:00,258,8,3,6,9,10,11,12,13,17,18,19
2017-01-16,10:00,259,4,2,3,7,10,11,12,15,16,17,20
2017-01-16,11:00,260,11,6,8,9,10,11,13,15,16,18,20
2017-01-16,12:00,261,16,3,4,10,11,13,14,15,16,17,20
2017-01-16,13:00,262,20,1,2,3,8,11,13,14,15,19,20
2017-01-16,14:00,263,11,2,5,6,9,10,13,14,17,18,20
2017-01-16,15:00,264,18,1,5,8,9,10,11,15,16,18,19
2017-01-16,16:00,265,4,7,8,9,10,11,15,16,18,19,20
2017-01-16,17:00,266,2,1,3,4,5,8,9,11,13,14,17
2017-01-16,18:00,267,5,5,6,8,9,10,12,13,18,19,20
2017-01-16,19:00,268,13,3,5,8,9,10,11,12,14,15,20
2017-01-16,20:00,269,14,2,5,8,9,10,15,17,18,19,20
2017-01-16,21:00,270,16,1,4,5,6,8,13,17,18,19,20
2017-01-16,22:00,271,5,2,4,5,7,9,11,14,17,19,20
2017-01-16,23:00,272,17,3,5,7,8,9,11,12,13,15,17
2017-01-17,07:00,273,14,4,7,9,11,12,13,15,16,18,19
2017-01-17,08:00,274,12,1,3,4,5,7,12,13,16,17,20
2017-01-17,09:00,275,10,4,5,6,8,9,10,12,13,14,18
2017-01-17,10:00,276,20,2,6,7,8,9,10,11,14,16,20
2017-01-17,11:00,277,3,1,2,4,5,11,13,14,15,19,20
2017-01-17,12:00,278,11,1,2,5,6,7,8,11,13,14,15
2017-01-17,13:00,279,3,1,4,5,10,11,12,13,14,19,20
2017-01-17,14:00,280,15,1,2,3,4,7,8,9,11,12,14
2017-01-17,15:00,281,11,1,4,5,7,9,10,14,17,18,20
2017-01-17,16:00,282,5,2,3,7,10,11,12,13,15,16,19
2017-01-17,17:00,283,8,2,7,9,10,11,13,15,16,18,20
2017-01-17,18:00,284,18,4,7,9,13,14,15,16,17,18,19
2017-01-17,19:00,285,10,3,4,7,8,9,10,11,13,15,17
2017-01-17,20:00,286,20,2,4,6,8,9,10,13,17,18,19
2017-01-17,21:00,287,10,4,5,6,7,8,10,12,14,19,20
2017-01-17,22:00,288,8,1,2,3,5,9,11,13,15,19,20
2017-01-17,23:00,289,20,3,4,5,9,10,12,14,15,16,18
2017-01-18,07:00,290,5,1,4,5,8,10,11,13,14,15,18
2017-01-18,08:00,291,14,2,3,5,6,8,9,13,15,19,20
2017-01-18,09:00,292,4,5,6,8,10,11,12,13,16,18,20
2017-01-18,10:00,293,20,1,2,6,8,13,15,16,17,18,19
2017-01-18,11:00,294,8,2,3,4,7,8,11,14,15,16,17
2017-01-18,12:00,295,12,1,3,4,6,7,14,16,18,19,20
2017-01-18,13:00,296,20,2,3,5,7,8,11,12,13,14,18
2017-01-18,14:00,297,17,1,2,4,5,7,8,9,15,17,19
2017-01-18,15:00,298,11,1,2,4,6,7,10,11,14,16,18
2017-01-18,16:00,299,1,2,5,6,7,8,12,13,14,18,20
2017-01-18,17:00,300,18,1,4,9,10,11,14,15,16,18,19
2017-01-18,18:00,301,3,1,3,7,8,9,10,14,16,18,19
2017-01-18,19:00,302,15,7,8,9,10,13,14,15,16,18,20
2017-01-18,20:00,303,18,1,2,4,8,9,10,11,12,15,20
2017-01-18,21:00,304,15,1,2,3,4,5,10,14,16,17,20
2017-01-18,22:00,305,1,1,3,4,10,11,12,13,16,18,19
2017-01-18,23:00,306,15,6,8,9,10,12,14,16,18,19,20
2017-01-19,07:00,307,13,3,5,9,10,11,12,13,18,19,20
2017-01-19,08:00,308,14,2,6,7,8,11,13,14,16,18,20
2017-01-19,09:00,309,20,3,4,6,10,11,12,14,15,17,20
2017-01-19,10:00,310,3,4,5,6,7,9,11,14,15,16,18
2017-01-19,11:00,311,15,1,2,3,11,12,14,15,17,18,19
2017-01-19,12:00,312,15,2,3,4,12,13,14,16,17,18,20
2017-01-19,13:00,313,18,2,4,10,11,12,15,16,18,19,20
2017-01-19,14:00,314,6,1,4,6,7,8,9,11,14,15,16
2017-01-19,15:00,315,4,1,2,7,12,14,15,16,17,18,20
2017-01-19,16:00,316,6,1,2,3,5,6,7,12,16,18,19
2017-01-19,17:00,317,9,2,6,7,8,11,13,14,17,18,19
2017-01-19,18:00,318,20,4,6,8,9,10,11,13,14,16,19
2017-01-19,19:00,319,5,2,3,6,7,8,9,11,12,14,19
2017-01-19,20:00,320,17,4,6,7,8,9,10,12,16,19,20
2017-01-19,21:00,321,11,1,6,8,10,11,12,14,15,17,20
2017-01-19,22:00,322,9,3,4,6,9,10,14,15,16,17,20
2017-01-19,23:00,323,20,2,8,9,10,13,15,16,17,19,20
2017-01-20,07:00,324,14,2,4,5,6,7,10,11,16,18,20
2017-01-20,08:00,325,19,4,6,7,8,10,14,15,17,18,19
2017-01-20,09:00,326,14,1,3,4,5,7,10,12,13,14,19
2017-01-20,10:00,327,6,3,4,5,6,9,10,11,13,18,19
2017-01-20,11:00,328,11,1,4,5,7,9,12,16,17,18,19
2017-01-20,12:00,329,8,1,3,4,5,8,14,16,17,19,20
2017-01-20,13:00,330,13,2,3,6,7,8,11,12,13,16,18
2017-01-20,14:00,331,11,2,6,7,9,12,13,14,15,17,18
2017-01-20,15:00,332,12,1,3,4,7,13,16,17,18,19,20
2017-01-20,16:00,333,17,1,3,4,5,6,10,15,16,19,20
2017-01-20,17:00,334,13,1,4,5,7,8,9,10,16,18,20
2017-01-20,18:00,335,10,1,4,8,10,11,13,14,15,17,20
2017-01-20,19:00,336,17,1,2,3,4,11,12,15,17,18,20
2017-01-20,20:00,337,6,1,4,8,11,13,14,15,18,19,20
2017-01-20,21:00,338,9,1,5,7,8,9,12,14,17,18,20
2017-01-20,22:00,339,18,1,3,5,6,11,13,16,17,19,20
2017-01-20,23:00,340,19,2,3,4,6,8,11,13,16,17,20
2017-01-21,07:00,341,1,2,3,5,8,10,13,14,15,18,20
2017-01-21,08:00,342,3,2,4,6,10,11,13,14,16,18,19
2017-01-21,09:00,343,5,1,2,4,6,8,9,13,14,16,19
2017-01-21,10:00,344,12,1,2,3,4,5,6,7,11,12,19
2017-01-21,11:00,345,9,2,8,9,12,13,14,15,16,19,20
2017-01-21,12:00,346,14,1,4,5,7,13,14,15,17,18,20
2017-01-21,13:00,347,4,1,2,6,7,9,12,15,17,18,20
2017-01-21,14:00,348,2,1,5,6,7,10,11,14,15,19,20
2017-01-21,15:00,349,7,1,2,3,5,8,10,11,18,19,20
2017-01-21,16:00,350,18,2,5,6,9,10,11,17,18,19,20
2017-01-21,17:00,351,13,6,8,10,11,13,14,15,17,18,19
2017-01-21,18:00,352,18,1,3,5,8,9,10,15,16,17,19
2017-01-21,19:00,353,9,1,4,6,7,9,10,11,13,16,17
2017-01-21,20:00,354,8,1,6,7,10,11,12,16,18,19,20
2017-01-21,21:00,355,2,1,2,3,8,10,12,13,16,17,19
2017-01-21,22:00,356,18,2,3,4,5,9,12,13,16,19,20
2017-01-21,23:00,357,19,4,6,8,11,13,14,16,17,18,19
2017-01-22,07:00,358,3,2,3,9,11,13,14,16,17,18,20
2017-01-22,08:00,359,20,2,4,5,6,7,8,13,15,18,20
2017-01-22,09:00,360,2,2,3,4,10,12,14,15,17,19,20
2017-01-22,10:00,361,17,1,2,3,5,6,11,13,15,17,20
2017-01-22,11:00,362,18,2,3,5,8,10,12,16,17,18,19
2017-01-22,12:00,363,5,1,3,5,6,8,11,12,13,15,20
2017-01-22,13:00,364,11,1,4,6,7,10,12,13,16,19,20
2017-01-22,14:00,365,17,1,3,6,9,11,12,15,16,19,20
2017-01-22,15:00,366,17,2,3,6,7,10,11,15,16,18,19
2017-01-22,16:00,367,2,2,3,4,6,8,10,12,13,14,15
2017-01-22,17:00,368,20,1,4,6,8,9,10,11,17,18,20
2017-01-22,18:00,369,10,3,5,9,10,11,13,14,15,18,20
2017-01-22,19:00,370,3,1,3,4,5,6,10,11,13,15,19
2017-01-22,20:00,371,18,4,6,7,8,9,12,13,14,18,20
2017-01-22,21:00,372,10,1,3,4,5,6,7,10,12,14,15
2017-01-22,22:00,373,8,7,8,10,11,12,13,15,16,19,20
2017-01-22,23:00,374,15,1,2,4,6,7,10,13,17,18,20
2017-01-23,07:00,375,1,1,3,4,10,11,12,13,17,19,20
2017-01-23,08:00,376,10,1,3,5,9,10,12,13,16,18,20
2017-01-23,09:00,377,19,1,3,5,8,9,11,12,13,14,16
2017-01-23,10:00,378,7,1,2,3,8,11,14,15,17,18,20
2017-01-23,11:00,379,1,1,2,6,9,10,11,16,17,18,19
2017-01-23,12:00,380,14,1,2,3,4,5,7,13,14,18,19
2017-01-23,13:00,381,9,1,2,5,6,8,9,11,12,15,20
2017-01-23,14:00,382,10,2,3,6,7,9,11,12,13,16,19
2017-01-23,15:00,383,11,2,4,5,8,10,12,13,17,18,19
2017-01-23,16:00,384,6,4,6,8,9,12,14,15,16,19,20
2017-01-23,17:00,385,2,2,3,4,7,9,12,15,18,19,20
2017-01-23,18:00,386,15,1,2,5,10,12,15,16,17,19,20
2017-01-23,19:00,387,2,4,5,6,9,11,12,13,15,18,19
2017-01-23,20:00,388,1,3,5,6,7,10,12,13,14,15,17
2017-01-23,21:00,389,8,2,3,4,6,11,12,13,14,17,20
2017-01-23,22:00,390,13,2,3,4,5,9,14,16,17,18,20
2017-01-23,23:00,391,6,4,8,10,11,12,15,16,17,18,19
2017-01-24,07:00,392,11,2,3,6,8,9,10,11,14,19,20
2017-01-24,08:00,393,15,2,3,4,6,7,9,11,12,15,19
2017-01-24,09:00,394,16,1,2,3,5,7,10,11,12,13,14
2017-01-24,10:00,395,11,1,3,4,8,9,12,14,16,17,20
2017-01-24,11:00,396,17,2,4,6,7,10,11,12,15,19,20
2017-01-24,12:00,397,2,3,4,6,8,10,11,15,17,19,20
2017-01-24,13:00,398,5,2,3,7,9,13,14,16,17,18,20
2017-01-24,14:00,399,14,1,2,3,7,9,10,12,13,16,18
2017-01-24,15:00,400,10,2,5,6,8,11,12,14,15,18,19
2017-01-24,16:00,401,16,2,6,8,10,15,16,17,18,19,20
2017-01-24,17:00,402,18,2,5,6,8,10,11,16,17,19,20
2017-01-24,18:00,403,15,2,4,6,9,11,12,13,17,19,20
2017-01-24,19:00,404,6,1,3,5,9,13,14,15,16,17,20
2017-01-24,20:00,405,15,4,6,8,9,11,13,15,18,19,20
2017-01-24,21:00,406,1,3,5,6,8,10,12,14,15,16,20
2017-01-24,22:00,407,1,2,3,5,6,9,10,11,14,15,19
2017-01-24,23:00,408,15,2,6,7,8,10,11,12,13,15,19
2017-01-25,07:00,409,15,1,4,6,7,8,11,12,14,15,19
2017-01-25,08:00,410,5,1,2,5,8,9,10,14,15,16,17
2017-01-25,09:00,411,4,1,2,3,4,7,8,9,11,17,18
2017-01-25,10:00,412,15,1,5,8,9,10,12,15,16,17,18
2017-01-25,11:00,413,8,4,6,8,9,10,11,12,15,17,20
2017-01-25,12:00,414,13,3,8,9,10,11,13,15,17,18,19
2017-01-25,13:00,415,19,1,2,3,5,7,10,11,12,13,18
2017-01-25,14:00,416,3,1,4,6,9,10,11,14,16,19,20
2017-01-25,15:00,417,18,2,7,10,13,14,15,16,17,19,20
2017-01-25,16:00,418,20,1,2,4,5,7,8,12,14,19,20
2017-01-25,17:00,419,14,2,3,6,8,9,10,11,13,16,20
2017-01-25,18:00,420,14,1,2,4,5,6,8,10,12,15,16
2017-01-25,19:00,421,2,3,4,5,6,7,9,10,16,18,20
2017-01-25,20:00,422,6,1,3,4,6,7,12,15,16,17,19
2017-01-25,21:00,423,15,1,2,5,6,14,15,17,18,19,20
2017-01-25,22:00,424,19,1,3,6,7,8,9,12,14,16,18
2017-01-25,23:00,425,12,2,6,7,9,10,11,15,16,17,18
2017-01-26,07:00,426,5,1,3,5,8,9,13,15,17,18,19
2017-01-26,08:00,427,14,3,5,7,8,11,12,13,17,18,19
2017-01-26,09:00,428,17,1,2,3,5,7,10,12,16,17,20
2017-01-26,10:00,429,6,1,2,3,4,6,9,11,16,19,20
2017-01-26,11:00,430,12,2,5,6,8,9,11,12,16,17,18
2017-01-26,12:00,431,19,1,4,10,12,13,14,15,17,18,20
2017-01-26,13:00,432,13,1,3,5,6,9,10,12,13,15,19
2017-01-26,14:00,433,9,2,3,4,5,8,9,10,11,17,20
2017-01-26,15:00,434,6,2,3,4,5,7,9,13,17,18,19
2017-01-26,16:00,435,17,3,4,5,8,10,13,14,18,19,20
2017-01-26,17:00,436,16,1,3,4,5,8,11,12,16,17,18
2017-01-26,18:00,437,1,4,5,6,7,9,11,12,14,16,20
2017-01-26,19:00,438,14,3,5,8,9,10,11,13,15,17,18
2017-01-26,20:00,439,6,2,3,6,12,13,14,17,18,19,20
2017-01-26,21:00,440,16,1,2,3,4,6,8,11,13,14,20
2017-01-26,22:00,441,15,2,4,5,6,7,8,9,12,13,17
2017-01-26,23:00,442,18,1,6,9,11,12,13,15,16,19,20
2017-01-27,07:00,443,6,2,4,7,8,9,13,15,16,17,20
2017-01-27,08:00,444,20,2,3,5,6,8,14,15,18,19,20
2017-01-27,09:00,445,1,1,5,6,9,10,11,14,17,18,19
2017-01-27,10:00,446,14,2,4,5,6,7,13,15,17,18,20
2017-01-27,11:00,447,13,2,5,8,11,13,14,17,18,19,20
2017-01-27,12:00,448,10,2,3,4,8,13,14,17,18,19,20
2017-01-27,13:00,449,18,3,6,7,9,10,11,17,18,19,20
2017-01-27,14:00,450,20,1,2,8,9,10,14,16,18,19,20
2017-01-27,15:00,451,19,4,5,7,8,9,10,14,16,17,20
2017-01-27,16:00,452,11,1,2,3,4,8,9,12,14,16,17
2017-01-27,17:00,453,15,2,5,8,10,11,13,16,17,18,19
2017-01-27,18:00,454,6,1,2,3,4,5,8,9,13,17,20
2017-01-27,19:00,455,18,1,2,4,7,8,10,11,17,18,20
2017-01-27,20:00,456,13,1,3,4,5,9,13,14,16,17,20
2017-01-27,21:00,457,5,2,3,4,7,8,9,14,15,19,20
2017-01-27,22:00,458,15,3,4,5,7,9,10,14,16,17,18
2017-01-27,23:00,459,2,1,2,4,5,6,9,10,14,15,19
2017-01-28,07:00,460,18,5,7,8,12,13,14,15,17,19,20
2017-01-28,08:00,461,8,2,3,6,9,10,11,12,16,18,20
2017-01-28,09:00,462,3,1,3,6,7,10,11,13,15,16,20
2017-01-28,10:00,463,1,1,3,7,9,10,11,14,16,18,19
2017-01-28,11:00,464,3,2,7,8,10,11,12,14,16,17,18
2017-01-28,12:00,465,19,1,2,4,5,9,11,12,15,18,20
2017-01-28,13:00,466,20,3,5,6,7,11,12,15,16,17,20
2017-01-28,14:00,467,3,1,2,3,5,6,10,12,15,19,20
2017-01-28,15:00,468,3,1,3,5,6,9,10,13,16,18,19
2017-01-28,16:00,469,14,1,3,6,7,9,14,16,17,19,20
2017-01-28,17:00,470,9,2,3,6,7,8,10,12,13,19,20
2017-01-28,18:00,471,3,1,4,6,7,9,10,12,14,15,19
2017-01-28,19:00,472,1,1,3,5,7,8,11,12,15,19,20
2017-01-28,20:00,473,16,4,7,8,10,12,14,16,17,18,20
2017-01-28,21:00,474,8,1,2,3,5,6,7,8,13,15,16
2017-01-28,22:00,475,1,2,4,9,11,13,14,16,17,18,20
2017-01-28,23:00,476,17,1,3,5,6,11,12,13,14,17,19
2017-01-29,07:00,477,20,1,2,7,8,10,12,13,16,18,20
2017-01-29,08:00,478,5,1,2,5,6,8,10,11,12,13,15
2017-01-29,09:00,479,12,2,4,5,7,10,13,15,16,18,20
2017-01-29,10:00,480,8,4,6,9,10,12,13,14,16,17,20
2017-01-29,11:00,481,10,2,4,8,11,12,16,17,18,19,20
2017-01-29,12:00,482,5,1,2,3,4,6,8,13,14,16,18
2017-01-29,13:00,483,17,1,2,6,7,8,12,14,15,18,20
2017-01-29,14:00,484,1,3,5,6,7,8,11,14,15,17,18
2017-01-29,15:00,485,9,2,3,5,7,8,10,14,15,16,17
2017-01-29,16:00,486,5,1,2,3,4,6,7,9,12,13,14
2017-01-29,17:00,487,12,2,4,5,6,8,9,13,17,18,19
2017-01-29,18:00,488,1,3,4,6,9,10,12,16,17,19,20
2017-01-29,19:00,489,17,2,3,6,7,9,12,13,16,17,20
2017-01-29,20:00,490,11,3,5,7,8,10,12,15,16,18,20
2017-01-29,21:00,491,4,5,6,7,8,9,10,12,13,16,20
2017-01-29,22:00,492,3,1,2,5,7,9,10,11,16,18,19
2017-01-29,23:00,493,7,1,4,6,10,11,12,14,15,17,19
2017-01-30,07:00,494,11,5,6,7,8,9,10,12,13,15,16
2017-01-30,08:00,495,14,1,3,5,6,10,11,13,15,19,20
2017-01-30,09:00,496,15,1,2,3,5,8,12,13,14,16,18
2017-01-30,10:00,497,4,2,3,7,8,10,13,15,16,18,20
2017-01-30,11:00,498,7,2,5,6,7,8,12,13,14,16,20
2017-01-30,12:00,499,15,5,8,9,12,13,15,16,17,19,20
2017-01-30,13:00,500,14,3,5,6,7,12,13,14,16,17,19
2017-01-30,14:00,501,8,3,4,5,7,10,13,15,16,17,18
2017-01-30,15:00,502,9,1,4,6,8,10,13,15,16,18,19
2017-01-30,16:00,503,6,2,3,5,7,8,9,10,13,15,19
2017-01-30,17:00,504,3,1,6,8,9,12,13,14,15,17,20
2017-01-30,18:00,505,2,1,2,5,6,7,9,11,14,15,19
2017-01-30,19:00,506,1,2,3,6,10,11,12,13,16,17,19
2017-01-30,20:00,507,8,1,2,4,5,6,9,15,16,19,20
2017-01-30,21:00,508,18,1,4,6,8,10,11,15,16,18,20
2017-01-30,22:00,509,20,1,3,6,7,8,11,12,17,18,19
2017-01-30,23:00,510,18,1,2,9,10,11,12,13,15,17,18
2017-01-31,07:00,511,18,1,3,6,7,8,13,14,16,18,20
2017-01-31,08:00,512,19,4,7,8,10,11,12,14,15,16,18
2017-01-31,09:00,513,14,1,2,5,6,7,8,11,13,14,15
2017-01-31,10:00,514,12,1,3,6,9,11,12,14,15,16,17
2017-01-31,11:00,515,17,3,4,5,7,8,9,12,13,15,18
2017-01-31,12:00,516,20,1,2,3,7,12,13,15,16,19,20
2017-01-31,13:00,517,16,1,2,5,6,7,8,13,15,17,19
2017-01-31,14:00,518,4,3,5,6,7,8,13,14,16,17,18
2017-01-31,15:00,519,2,3,4,5,7,9,11,13,15,17,19
2017-01-31,16:00,520,19,3,4,5,6,7,13,14,15,16,20
2017-01-31,17:00,521,11,2,6,11,12,13,14,15,16,18,19
2017-01-31,18:00,522,15,5,7,9,10,11,12,14,15,17,20
2017-01-31,19:00,523,12,3,4,5,6,11,12,14,15,17,18
2017-01-31,20:00,524,7,1,9,12,13,14,15,16,17,19,20
2017-01-31,21:00,525,5,1,3,4,6,7,11,14,15,17,20
2017-01-31,22:00,526,16,4,5,6,7,9,15,16,17,18,20
2017-01-31,23:00,527,1,1,4,5,6,7,9,12,13,19,20
2017-02-01,07:00,528,17,2,3,4,7,11,13,14,15,17,20
2017-02-01,08:00,529,5,2,3,4,6,7,9,10,12,16,19
2017-02-01,09:00,530,3,1,2,3,8,11,12,13,16,17,20
2017-02-01,10:00,531,14,2,3,4,6,7,9,12,16,17,19
2017-02-01,11:00,532,1,1,4,5,7,9,10,13,15,18,19
2017-02-01,12:00,533,14,2,3,5,7,8,11,13,14,17,20
2017-02-01,13:00,534,9,1,4,6,11,13,14,17,18,19,20
2017-02-01,14:00,535,17,5,8,10,11,13,14,15,16,18,19
2017-02-01,15:00,536,2,2,4,5,6,8,9,11,13,16,18
2017-02-01,16:00,537,19,5,7,8,9,12,13,15,16,19,20
2017-02-01,17:00,538,15,1,6,8,10,12,15,16,17,19,20
2017-02-01,18:00,539,13,1,2,3,4,6,7,8,13,16,18
2017-02-01,19:00,540,2,2,3,5,6,9,14,15,16,19,20
2017-02-01,20:00,541,18,3,5,7,8,9,10,11,14,15,16
2017-02-01,21:00,542,9,2,4,6,7,10,11,12,16,17,20
2017-02-01,22:00,543,2,1,4,6,7,8,9,10,11,13,15
2017-02-01,23:00,544,8,2,4,8,11,12,13,16,17,19,20
2017-02-02,07:00,545,6,3,4,5,7,9,10,11,18,19,20
2017-02-02,08:00,546,15,1,5,8,11,13,14,16,17,18,20
2017-02-02,09:00,547,12,2,4,6,7,8,11,15,16,18,20
2017-02-02,10:00,548,12,1,3,8,10,12,13,15,16,17,19
2017-02-02,11:00,549,1,2,3,4,6,7,8,12,13,16,19
2017-02-02,12:00,550,5,2,6,10,11,13,14,15,16,19,20
2017-02-02,13:00,551,16,1,5,7,9,10,11,12,14,16,19
2017-02-02,14:00,552,16,3,5,6,8,9,16,17,18,19,20
2017-02-02,15:00,553,17,3,4,5,7,9,12,13,17,18,20
2017-02-02,16:00,554,4,1,5,7,10,11,12,13,15,16,20
2017-02-02,17:00,555,10,2,3,8,11,13,14,15,18,19,20
2017-02-02,18:00,556,17,1,2,3,4,6,7,16,17,18,20
2017-02-02,19:00,557,11,4,6,7,8,9,13,14,15,16,18
2017-02-02,20:00,558,12,1,5,6,7,8,14,15,16,19,20
2017-02-02,21:00,559,13,1,2,6,7,8,9,12,15,17,19
2017-02-02,22:00,560,19,1,2,5,6,8,9,11,14,17,20
2017-02-02,23:00,561,20,3,4,7,8,14,15,17,18,19,20
2017-02-03,07:00,562,18,4,6,7,9,10,11,13,15,16,17
2017-02-03,08:00,563,5,1,6,8,9,12,14,16,17,18,20
2017-02-03,09:00,564,13,2,3,7,8,10,11,14,15,19,20
2017-02-03,10:00,565,3,1,2,6,9,11,12,16,17,18,20
2017-02-03,11:00,566,4,1,2,3,4,5,6,10,17,18,20
2017-02-03,12:00,567,1,1,3,4,6,8,11,12,13,16,20
2017-02-03,13:00,568,9,5,8,10,11,14,15,16,17,19,20
2017-02-03,14:00,569,11,2,7,8,9,12,14,15,16,18,19
2017-02-03,15:00,570,7,1,5,8,10,11,12,13,16,18,19
2017-02-03,16:00,571,14,1,2,4,9,10,11,12,16,19,20
2017-02-03,17:00,572,4,1,6,7,10,12,14,15,17,19,20
2017-02-03,18:00,573,18,2,5,6,9,14,15,16,17,18,20
2017-02-03,19:00,574,3,3,6,7,9,10,11,12,16,17,18
2017-02-03,20:00,575,4,2,4,5,6,9,10,11,16,19,20
2017-02-03,21:00,576,8,1,3,4,7,12,15,17,18,19,20
2017-02-03,22:00,577,14,2,3,7,10,11,14,15,16,18,19
2017-02-03,23:00,578,16,1,2,3,5,7,8,9,10,14,15
2017-02-04,07:00,579,20,1,2,4,5,8,10,11,16,17,19
2017-02-04,08:00,580,2,1,2,5,9,10,11,12,15,17,19
2017-02-04,09:00,581,3,1,6,7,8,11,12,13,14,18,20
2017-02-04,10:00,582,20,1,3,6,9,10,12,13,16,19,20
2017-02-04,11:00,583,4,4,5,7,8,9,12,13,14,19,20
2017-02-04,12:00,584,6,1,4,6,7,9,10,11,12,17,18
2017-02-04,13:00,585,20,1,3,4,11,12,13,14,16,17,18
2017-02-04,14:00,586,13,2,3,4,8,9,10,12,16,19,20
2017-02-04,15:00,587,8,4,5,6,7,9,10,12,14,18,19
2017-02-04,16:00,588,7,2,3,5,8,9,10,13,16,17,19
2017-02-04,17:00,589,8,4,5,6,9,10,15,17,18,19,20
2017-02-04,18:00,590,16,1,5,7,8,9,11,13,14,15,17
2017-02-04,19:00,591,18,3,5,10,12,13,14,15,16,17,20
2017-02-04,20:00,592,10,2,5,7,8,10,12,14,16,19,20
2017-02-04,21:00,593,9,1,3,5,6,8,9,10,11,14,18
2017-02-04,22:00,594,13,1,2,5,6,9,10,12,14,16,18
2017-02-04,23:00,595,2,1,3,5,7,8,9,11,15,17,20
2017-02-05,07:00,596,6,1,2,3,6,9,12,14,15,19,20
2017-02-05,08:00,597,15,1,4,5,6,13,14,15,17,18,20
2017-02-05,09:00,598,3,1,3,5,6,7,8,10,14,16,17
2017-02-05,10:00,599,20,4,6,7,8,9,10,11,12,13,15
2017-02-05,11:00,600,11,3,5,6,7,9,10,11,16,17,20
2017-02-05,12:00,601,20,1,3,4,7,8,10,12,13,15,18
2017-02-05,13:00,602,2,1,3,4,12,14,15,16,17,19,20
2017-02-05,14:00,603,10,1,2,4,5,8,9,10,12,13,20
2017-02-05,15:00,604,19,1,4,5,8,9,12,13,15,19,20
2017-02-05,16:00,605,15,3,4,5,7,8,9,11,14,17,20
2017-02-05,17:00,606,7,1,4,5,6,7,11,13,17,18,20
2017-02-05,18:00,607,8,1,3,4,5,6,10,11,15,19,20
2017-02-05,19:00,608,8,1,2,4,7,9,14,17,18,19,20
2017-02-05,20:00,609,3,9,10,11,13,14,15,16,17,19,20
2017-02-05,21:00,610,18,1,2,3,6,8,9,12,13,15,16
2017-02-05,22:00,611,10,2,4,6,7,8,12,13,14,16,18
2017-02-05,23:00,612,18,1,2,3,4,8,9,10,12,18,20
2017-02-06,07:00,613,2,3,6,10,11,12,15,16,18,19,20
2017-02-06,08:00,614,1,1,3,4,6,7,8,9,15,17,18
2017-02-06,09:00,615,13,1,2,5,6,12,15,16,17,18,19
2017-02-06,10:00,616,12,1,2,6,7,10,13,15,16,17,19
2017-02-06,11:00,617,2,2,3,4,6,7,8,9,10,12,16
2017-02-06,12:00,618,18,1,2,3,5,6,12,13,14,15,17
2017-02-06,13:00,619,13,1,3,4,5,6,10,14,16,19,20
2017-02-06,14:00,620,20,6,7,9,10,11,13,15,16,18,19
2017-02-06,15:00,621,13,1,4,6,7,8,9,12,14,16,19
2017-02-06,16:00,622,16,2,5,8,12,13,14,15,17,18,19
2017-02-06,17:00,623,18,4,6,8,10,11,15,16,17,18,19
2017-02-06,18:00,624,8,2,3,5,6,8,9,10,11,14,18
2017-02-06,19:00,625,2,2,4,6,8,9,10,12,13,17,19
2017-02-06,20:00,626,4,5,6,7,9,12,14,15,17,18,20
2017-02-06,21:00,627,3,2,5,6,8,10,11,12,15,17,20
2017-02-06,22:00,628,10,5,7,9,10,11,13,15,17,18,20
2017-02-06,23:00,629,7,4,6,7,9,10,13,15,16,19,20
2017-02-07,07:00,630,14,1,2,3,5,7,8,9,14,15,18
2017-02-07,08:00,631,16,1,4,5,6,8,10,12,13,16,20
2017-02-07,09:00,632,19,1,3,6,8,9,11,15,16,19,20
2017-02-07,10:00,633,10,2,3,8,9,12,14,15,17,19,20
2017-02-07,11:00,634,19,1,2,5,11,12,16,17,18,19,20
2017-02-07,12:00,635,11,5,8,9,10,13,14,16,17,18,20
2017-02-07,13:00,636,15,2,3,6,7,8,9,11,14,17,20
2017-02-07,14:00,637,3,1,4,6,8,9,11,14,17,18,19
2017-02-07,15:00,638,9,2,4,6,7,8,13,15,16,17,18
2017-02-07,16:00,639,5,2,3,7,8,9,10,11,14,15,18
2017-02-07,17:00,640,3,1,3,4,8,10,12,13,14,17,19
2017-02-07,18:00,641,4,1,3,6,7,8,10,11,12,16,19
2017-02-07,19:00,642,7,1,2,5,6,7,11,12,14,16,19
2017-02-07,20:00,643,9,2,4,5,6,9,11,12,14,16,18
2017-02-07,21:00,644,15,3,4,5,8,12,13,14,16,17,18
2017-02-07,22:00,645,12,4,7,10,11,12,13,14,15,16,17
2017-02-07,23:00,646,12,3,4,5,6,9,11,12,16,18,19
2017-02-08,07:00,647,12,1,3,4,5,8,11,12,16,18,19
2017-02-08,08:00,648,10,4,5,6,7,10,11,12,13,14,20
2017-02-08,09:00,649,12,1,3,5,6,7,12,13,15,17,20
2017-02-08,10:00,650,7,1,3,5,6,8,9,16,17,18,20
2017-02-08,11:00,651,4,1,4,9,10,11,13,14,16,18,19
2017-02-08,12:00,652,20,2,3,4,6,7,13,14,17,18,20
2017-02-08,13:00,653,19,4,5,6,7,11,12,14,15,17,20
2017-02-08,14:00,654,12,6,7,9,11,13,14,15,16,18,20
2017-02-08,15:00,655,2,2,3,4,7,8,9,11,13,17,19
2017-02-08,16:00,656,10,1,2,4,5,10,11,12,14,16,18
2017-02-08,17:00,657,13,1,2,4,5,6,8,10,12,17,20
2017-02-08,18:00,658,6,1,2,3,6,13,14,16,18,19,20
2017-02-08,19:00,659,20,1,5,6,7,9,10,15,17,18,20
2017-02-08,20:00,660,13,1,2,9,10,11,12,13,15,16,19
2017-02-08,21:00,661,7,2,4,5,7,11,12,13,15,16,17
2017-02-08,22:00,662,20,1,3,5,6,7,9,12,14,15,16
2017-02-08,23:00,663,16,1,4,7,8,11,12,13,14,15,19
2017-02-09,07:00,664,5,2,7,10,11,13,14,15,16,17,19
2017-02-09,08:00,665,18,3,4,5,6,9,10,11,12,13,19
2017-02-09,09:00,666,5,1,2,3,5,8,13,14,16,19,20
2017-02-09,10:00,667,6,1,2,5,6,8,11,14,18,19,20
2017-02-09,11:00,668,16,3,6,7,8,12,13,14,18,19,20
2017-02-09,12:00,669,4,1,9,12,14,15,16,17,18,19,20
2017-02-09,13:00,670,1,1,2,3,5,7,9,12,14,16,19
2017-02-09,14:00,671,13,1,3,8,9,10,14,15,17,18,19
2017-02-09,15:00,672,17,1,3,5,6,7,11,14,18,19,20
2017-02-09,16:00,673,6,1,3,5,6,7,8,10,11,13,17
2017-02-09,17:00,674,5,2,3,4,5,7,11,15,18,19,20
2017-02-09,18:00,675,9,1,2,3,4,7,9,10,12,13,14
2017-02-09,19:00,676,9,1,4,7,8,9,10,11,12,18,19
2017-02-09,20:00,677,17,1,4,5,7,9,10,13,15,18,20
2017-02-09,21:00,678,18,1,3,4,6,7,8,11,15,16,20
2017-02-09,22:00,679,9,1,2,3,4,11,12,14,15,18,20
2017-02-09,23:00,680,14,2,3,5,6,8,10,15,17,18,20
2017-02-10,07:00,681,2,1,3,5,6,7,8,13,15,16,20
2017-02-10,08:00,682,14,6,9,10,11,14,15,16,18,19,20
2017-02-10,09:00,683,5,1,4,5,7,8,10,11,13,14,16
2017-02-10,10:00,684,6,1,2,4,5,6,9,11,14,17,19
2017-02-10,11:00,685,2,3,4,7,9,10,11,12,16,17,18
2017-02-10,12:00,686,9,1,2,3,4,5,8,10,13,17,20
2017-02-10,13:00,687,11,2,4,6,8,11,12,13,14,16,19
2017-02-10,14:00,688,8,1,2,3,4,5,6,7,13,16,17
2017-02-10,15:00,689,19,1,3,7,9,11,12,13,15,17,18
2017-02-10,16:00,690,18,3,4,5,6,8,10,14,16,17,20
2017-02-10,17:00,691,14,1,4,7,8,9,10,12,13,16,17
2017-02-10,18:00,692,20,2,3,5,6,8,14,15,17,18,20
2017-02-10,19:00,693,3,1,2,4,6,9,10,12,15,16,17
2017-02-10,20:00,694,3,1,4,5,8,9,10,14,15,17,20
2017-02-10,21:00,695,3,1,2,3,4,6,8,12,14,16,19
2017-02-10,22:00,696,19,2,8,12,14,15,16,17,18,19,20
2017-02-10,23:00,697,16,1,3,4,5,10,11,13,14,17,20
2017-02-11,07:00,698,2,1,5,9,10,11,12,15,17,18,19
2017-02-11,08:00,699,1,1,3,9,10,11,13,14,15,16,17
2017-02-11,09:00,700,11,2,4,7,8,9,10,11,12,13,19
2017-02-11,10:00,701,7,1,2,4,6,8,9,11,16,18,20
2017-02-11,11:00,702,7,2,3,5,8,11,13,15,16,17,20
2017-02-11,12:00,703,1,1,3,4,7,10,13,14,15,18,20
2017-02-11,13:00,704,2,1,3,4,7,9,12,14,15,18,20
2017-02-11,14:00,705,5,4,5,6,7,8,9,10,16,17,19
2017-02-11,15:00,706,11,3,5,6,7,9,11,14,16,18,20
2017-02-11,16:00,707,4,1,3,5,7,10,11,14,15,17,20
2017-02-11,17:00,708,4,2,4,5,6,7,10,12,13,15,19
2017-02-11,18:00,709,1,1,2,3,6,7,9,11,12,14,18
2017-02-11,19:00,710,19,1,3,4,6,7,8,9,10,12,13
2017-02-11,20:00,711,4,1,3,6,7,8,9,13,15,16,17
2017-02-11,21:00,712,14,3,5,6,7,8,10,16,17,19,20
2017-02-11,22:00,713,14,2,4,6,9,10,13,14,15,19,20
2017-02-11,23:00,714,11,4,6,8,11,13,14,16,18,19,20
2017-02-12,07:00,715,17,3,5,6,7,8,10,14,16,18,19
2017-02-12,08:00,716,10,1,2,3,4,5,7,8,9,13,15
2017-02-12,09:00,717,13,1,2,3,4,5,10,13,15,16,19
2017-02-12,10:00,718,16,1,2,3,4,6,7,12,15,17,19
2017-02-12,11:00,719,8,1,2,3,8,9,10,11,14,18,20
2017-02-12,12:00,720,7,3,4,6,7,8,10,11,13,17,18
2017-02-12,13:00,721,16,2,3,5,7,8,11,13,14,16,17
2017-02-12,14:00,722,2,2,3,6,7,10,12,15,16,18,19
2017-02-12,15:00,723,1,2,5,6,10,11,12,14,15,18,19
2017-02-12,16:00,724,9,1,8,9,11,13,14,15,16,17,18
2017-02-12,17:00,725,2,2,5,6,10,13,14,15,17,18,19
2017-02-12,18:00,726,14,1,2,5,6,7,9,10,12,15,19
2017-02-12,19:00,727,2,1,3,7,9,12,13,16,17,18,20
2017-02-12,20:00,728,6,1,5,7,8,10,12,13,15,16,18
2017-02-12,21:00,729,6,1,5,7,8,10,13,14,17,18,20
2017-02-12,22:00,730,6,5,10,11,12,13,14,15,16,17,18
2017-02-12,23:00,731,10,1,2,3,4,6,8,9,11,14,20
2017-02-13,07:00,732,19,4,8,9,11,12,13,16,18,19,20
2017-02-13,08:00,733,17,4,5,6,7,11,13,14,16,17,19
2017-02-13,09:00,734,11,1,3,6,7,8,9,14,16,18,20
2017-02-13,10:00,735,3,1,3,7,9,10,12,13,14,16,19
2017-02-13,11:00,736,12,2,3,4,5,7,8,12,15,16,19
2017-02-13,12:00,737,14,1,2,6,8,10,12,14,15,17,20
2017-02-13,13:00,738,7,5,8,9,10,12,14,17,18,19,20
2017-02-13,14:00,739,17,1,2,3,5,6,7,8,16,18,19
2017-02-13,15:00,740,3,1,5,9,11,12,13,15,17,19,20
2017-02-13,16:00,741,10,3,4,6,8,9,13,14,16,18,19
2017-02-13,17:00,742,14,1,5,6,7,11,12,15,18,19,20
2017-02-13,18:00,743,19,2,4,10,12,14,16,17,18,19,20
2017-02-13,19:00,744,5,1,4,5,7,9,11,12,17,19,20
2017-02-13,20:00,745,5,3,4,9,12,13,15,16,17,19,20
2017-02-13,21:00,746,6,4,5,6,7,11,12,15,16,17,20
2017-02-13,22:00,747,2,1,2,3,9,11,12,13,16,17,19
2017-02-13,23:00,748,1,3,4,7,8,10,12,13,15,17,18
2017-02-14,07:00,749,18,2,4,7,10,11,12,14,15,17,18
2017-02-14,08:00,750,14,1,2,4,6,10,14,15,16,17,19
2017-02-14,09:00,751,13,2,3,6,12,13,14,15,17,19,20
2017-02-14,10:00,752,15,4,5,7,9,11,12,13,14,15,20
2017-02-14,11:00,753,10,1,3,6,7,8,9,11,15,17,20
2017-02-14,12:00,754,9,1,2,4,10,11,12,13,14,15,18
2017-02-14,13:00,755,19,1,2,3,4,5,7,8,10,16,18
2017-02-14,14:00,756,2,1,3,7,10,11,14,16,17,19,20
2017-02-14,15:00,757,8,1,5,6,7,8,10,11,12,18,20
2017-02-14,16:00,758,2,4,5,6,10,11,12,14,16,19,20
2017-02-14,17:00,759,11,1,2,3,4,8,9,12,15,18,20
2017-02-14,18:00,760,7,1,3,8,10,12,14,15,16,18,19
2017-02-14,19:00,761,20,1,2,7,8,12,13,14,16,17,19
2017-02-14,20:00,762,15,1,2,6,8,9,11,12,14,19,20
2017-02-14,21:00,763,13,2,3,5,6,7,9,11,12,18,19
2017-02-14,22:00,764,12,1,4,5,6,9,11,13,14,16,18
2017-02-14,23:00,765,10,2,4,9,10,13,14,15,16,19,20
2017-02-15,07:00,766,12,2,3,5,9,11,12,15,16,17,20
2017-02-15,08:00,767,16,2,4,7,11,13,15,17,18,19,20
2017-02-15,09:00,768,5,3,4,5,6,8,11,12,16,17,20
2017-02-15,10:00,769,4,1,2,6,9,10,14,15,16,17,19
2017-02-15,11:00,770,12,1,5,7,8,10,11,14,15,19,20
2017-02-15,12:00,771,9,3,4,7,8,13,14,15,16,17,20
2017-02-15,13:00,772,4,1,2,6,8,10,15,16,18,19,20
2017-02-15,14:00,773,18,2,3,5,7,11,12,15,18,19,20
2017-02-15,15:00,774,4,2,3,7,9,11,13,14,16,17,19
2017-02-15,16:00,775,20,1,2,5,7,9,13,14,15,19,20
2017-02-15,17:00,776,1,2,3,4,5,6,9,10,13,19,20
2017-02-15,18:00,777,12,1,2,3,5,6,8,10,14,15,16
2017-02-15,19:00,778,6,3,4,6,8,9,10,11,12,14,16
2017-02-15,20:00,779,13,1,5,6,7,8,10,12,15,17,18
2017-02-15,21:00,780,5,2,4,6,7,11,12,16,18,19,20
2017-02-15,22:00,781,6,2,4,6,9,10,13,14,15,17,18
2017-02-15,23:00,782,13,1,4,5,6,11,12,13,14,17,18
2017-02-16,07:00,783,17,2,3,5,7,12,15,16,17,18,19
2017-02-16,08:00,784,20,1,2,3,4,5,10,11,15,16,20
2017-02-16,09:00,785,12,3,7,9,11,12,13,15,16,18,19
2017-02-16,10:00,786,17,2,3,4,6,8,10,11,12,14,18
2017-02-16,11:00,787,20,1,3,5,8,9,10,12,13,15,18
2017-02-16,12:00,788,15,2,4,6,7,9,10,12,14,15,18
2017-02-16,13:00,789,12,3,5,7,9,10,11,13,14,17,18
2017-02-16,14:00,790,20,3,5,7,10,11,15,16,17,18,20
2017-02-16,15:00,791,10,1,3,4,5,6,9,12,15,19,20
2017-02-16,16:00,792,3,1,2,5,6,10,12,13,16,17,20
2017-02-16,17:00,793,2,1,3,5,6,8,10,15,16,19,20
2017-02-16,18:00,794,3,2,4,7,8,13,15,17,18,19,20
2017-02-16,19:00,795,5,4,6,7,8,9,12,13,14,15,20
2017-02-16,20:00,796,12,4,5,7,8,9,10,14,15,18,20
2017-02-16,21:00,797,10,1,4,5,6,7,12,14,17,19,20
2017-02-16,22:00,798,16,1,2,3,4,5,7,13,14,17,18
2017-02-16,23:00,799,4,3,7,10,11,12,15,17,18,19,20
2017-02-17,07:00,800,5,1,2,3,4,6,10,13,17,19,20
2017-02-17,08:00,801,12,3,5,6,8,9,11,12,13,14,20
2017-02-17,09:00,802,7,1,2,3,4,5,6,11,14,15,16
2017-02-17,10:00,803,2,1,2,4,8,9,15,16,17,18,19
2017-02-17,11:00,804,8,2,3,4,5,6,7,8,9,12,16
2017-02-17,12:00,805,20,2,3,8,10,12,14,16,17,19,20
2017-02-17,13:00,806,2,1,3,4,6,7,9,10,11,13,17
2017-02-17,14:00,807,16,1,2,3,7,10,11,12,15,17,18
2017-02-17,15:00,808,17,1,3,5,6,7,10,14,15,18,20
2017-02-17,16:00,809,20,1,4,6,9,10,11,12,18,19,20
2017-02-17,17:00,810,11,1,4,10,13,14,15,16,18,19,20
2017-02-17,18:00,811,3,1,3,4,5,6,8,14,17,19,20
2017-02-17,19:00,812,5,3,6,9,11,12,13,14,16,18,19
2017-02-17,20:00,813,9,2,4,5,7,8,10,14,15,17,19
2017-02-17,21:00,814,15,1,2,4,5,6,7,13,16,17,19
2017-02-17,22:00,815,5,1,2,3,4,11,12,13,15,17,18
2017-02-17,23:00,816,9,2,4,6,7,8,9,12,14,16,19
2017-02-18,07:00,817,6,3,5,6,9,12,15,16,17,19,20
2017-02-18,08:00,818,5,1,5,6,7,8,12,14,16,17,19
2017-02-18,09:00,819,9,1,3,8,10,12,14,16,18,19,20
2017-02-18,10:00,820,19,1,3,4,7,8,10,12,15,18,20
2017-02-18,11:00,821,7,1,8,11,12,13,15,17,18,19,20
2017-02-18,12:00,822,8,1,2,3,5,7,8,9,12,14,15
2017-02-18,13:00,823,18,5,6,8,9,11,13,14,17,18,19
2017-02-18,14:00,824,16,3,5,7,8,10,11,12,14,16,19
2017-02-18,15:00,825,17,4,5,6,7,9,10,12,14,15,19
2017-02-18,16:00,826,4,1,2,8,9,11,12,14,15,16,19
2017-02-18,17:00,827,7,1,2,3,6,7,9,11,12,13,16
2017-02-18,18:00,828,14,1,4,7,8,9,11,12,14,18,20
2017-02-18,19:00,829,17,3,5,7,9,10,11,14,17,18,19
2017-02-18,20:00,830,13,2,7,9,10,11,13,15,17,18,19
2017-02-18,21:00,831,20,2,3,4,8,9,12,15,16,17,20
2017-02-18,22:00,832,20,1,3,4,6,7,8,11,17,18,19
2017-02-18,23:00,833,2,5,6,7,8,9,11,14,16,17,20
2017-02-19,07:00,834,14,2,5,7,12,13,14,16,17,18,19
2017-02-19,08:00,835,19,1,2,3,4,7,9,12,13,17,20
2017-02-19,09:00,836,4,3,4,5,6,7,9,12,13,14,16
2017-02-19,10:00,837,2,5,6,8,9,12,14,15,17,18,20
2017-02-19,11:00,838,16,2,4,5,6,7,8,10,11,12,19
2017-02-19,12:00,839,17,1,4,5,8,10,11,14,16,18,20
2017-02-19,13:00,840,11,1,2,3,4,8,9,11,12,16,18
2017-02-19,14:00,841,4,1,2,5,6,9,11,14,15,16,20
2017-02-19,15:00,842,5,1,3,4,10,11,12,13,16,17,18
2017-02-19,16:00,843,7,3,7,8,9,10,12,15,17,18,19
2017-02-19,17:00,844,8,1,2,3,7,8,13,17,18,19,20
2017-02-19,18:00,845,16,2,3,4,5,6,8,11,13,16,19
2017-02-19,19:00,846,19,1,2,3,4,5,8,12,15,18,20
2017-02-19,20:00,847,9,3,6,8,10,12,13,15,16,18,19
2017-02-19,21:00,848,13,1,2,4,5,7,8,10,15,17,18
2017-02-19,22:00,849,18,2,3,4,5,7,9,13,15,18,19
2017-02-19,23:00,850,20,3,4,6,9,10,11,15,17,18,19
2017-02-20,07:00,851,9,1,3,4,5,6,10,11,13,14,17
2017-02-20,08:00,852,2,1,4,5,6,9,10,14,16,18,19
2017-02-20,09:00,853,12,1,2,4,6,8,9,10,13,17,18
2017-02-20,10:00,854,13,1,2,3,4,7,14,15,18,19,20
2017-02-20,11:00,855,19,1,3,5,6,7,11,13,16,17,18
2017-02-20,12:00,856,13,3,4,5,10,12,14,15,18,19,20
2017-02-20,13:00,857,13,1,2,4,6,7,11,13,16,19,20
2017-02-20,14:00,858,3,1,9,12,13,15,16,17,18,19,20
2017-02-20,15:00,859,14,1,2,5,6,11,15,17,18,19,20
2017-02-20,16:00,860,17,2,5,7,10,13,14,15,16,19,20
2017-02-20,17:00,861,20,2,3,4,5,6,7,14,16,17,19
2017-02-20,18:00,862,12,2,9,10,11,12,13,14,15,16,17
2017-02-20,19:00,863,8,1,3,4,6,7,8,15,18,19,20
2017-02-20,20:00,864,4,4,5,7,8,9,11,12,13,16,18
2017-02-20,21:00,865,3,4,5,6,7,10,11,12,16,17,20
2017-02-20,22:00,866,14,1,4,10,11,12,15,16,17,18,19
2017-02-20,23:00,867,9,1,2,3,4,6,7,8,9,13,14
2017-02-21,07:00,868,8,3,4,5,7,8,10,13,14,17,18
2017-02-21,08:00,869,17,5,6,7,11,12,14,17,18,19,20
2017-02-21,09:00,870,5,1,3,4,5,6,9,11,14,17,18
2017-02-21,10:00,871,1,2,3,5,6,7,11,16,17,18,19
2017-02-21,11:00,872,17,1,3,5,10,11,14,15,18,19,20
2017-02-21,12:00,873,19,1,2,3,4,5,7,9,13,16,18
2017-02-21,13:00,874,6,1,2,6,7,8,9,10,13,15,18
2017-02-21,14:00,875,8,2,3,4,7,10,11,14,15,16,17
2017-02-21,15:00,876,8,1,2,8,9,11,12,13,14,18,20
2017-02-21,16:00,877,10,1,3,4,8,9,10,11,13,14,20
2017-02-21,17:00,878,14,3,4,5,6,7,9,12,15,17,20
2017-02-21,18:00,879,4,2,3,4,5,6,9,12,14,16,17
2017-02-21,19:00,880,14,4,5,7,10,11,12,13,15,16,20
2017-02-21,20:00,881,11,1,3,7,8,10,14,15,16,18,20
2017-02-21,21:00,882,13,1,6,9,10,11,12,13,14,15,16
2017-02-21,22:00,883,12,1,2,4,5,7,9,12,16,18,19
2017-02-21,23:00,884,16,1,2,5,8,9,10,12,13,17,18
2017-02-22,07:00,885,7,1,4,6,8,9,10,12,13,16,18
2017-02-22,08:00,886,4,3,4,6,10,11,12,13,15,16,18
2017-02-22,09:00,887,19,1,2,5,11,12,13,14,15,19,20
2017-02-22,10:00,888,7,4,7,8,9,10,12,13,14,15,20
2017-02-22,11:00,889,12,2,4,6,9,11,12,13,15,16,17
2017-02-22,12:00,890,10,1,2,5,8,9,10,14,15,17,19
2017-02-22,13:00,891,16,1,2,3,4,6,8,10,13,17,18
2017-02-22,14:00,892,12,1,2,6,9,11,13,14,17,19,20
2017-02-22,15:00,893,18,1,5,6,8,9,10,11,16,18,19
2017-02-22,16:00,894,5,3,4,7,9,11,13,14,15,16,17
2017-02-22,17:00,895,13,2,7,8,10,11,12,15,17,19,20
2017-02-22,18:00,896,14,1,3,4,6,7,8,10,12,15,18
2017-02-22,19:00,897,4,3,4,5,6,11,12,16,17,19,20
2017-02-22,20:00,898,1,2,3,6,7,8,9,13,16,19,20
2017-02-22,21:00,899,9,1,2,6,8,9,12,13,16,17,18
2017-02-22,22:00,900,10,1,3,4,6,11,12,14,16,17,18
2017-02-22,23:00,901,16,1,2,3,7,8,13,14,15,16,19
2017-02-23,07:00,902,2,2,6,8,9,10,15,16,18,19,20
2017-02-23,08:00,903,5,3,4,5,6,8,10,11,12,15,17
2017-02-23,09:00,904,6,1,2,3,4,9,10,13,16,17,18
2017-02-23,10:00,905,5,4,5,6,7,11,13,14,16,18,20
2017-02-23,11:00,906,6,2,3,4,11,13,15,16,17,19,20
2017-02-23,12:00,907,1,3,8,9,11,13,15,16,17,18,19
2017-02-23,13:00,908,7,2,4,5,9,10,12,13,17,18,20
2017-02-23,14:00,909,7,2,4,5,7,8,10,12,16,17,18
2017-02-23,15:00,910,16,1,2,3,4,6,13,16,18,19,20
2017-02-23,16:00,911,15,4,5,6,8,9,11,12,13,16,18
2017-02-23,17:00,912,15,2,4,6,8,10,11,13,16,18,19
2017-02-23,18:00,913,14,1,6,7,8,9,12,13,15,17,19
2017-02-23,19:00,914,17,3,4,5,6,11,12,13,16,17,20
2017-02-23,20:00,915,19,1,5,6,9,13,14,16,17,19,20
2017-02-23,21:00,916,4,1,3,5,6,9,11,12,15,18,20
2017-02-23,22:00,917,14,1,2,3,5,6,9,10,13,16,17
2017-02-23,23:00,918,20,1,3,4,5,10,13,15,17,18,20
2017-02-24,07:00,919,13,1,2,3,8,9,10,12,15,16,19
2017-02-24,08:00,920,9,1,2,4,5,8,9,13,16,18,19
2017-02-24,09:00,921,20,2,4,5,7,9,13,14,15,16,20
2017-02-24,10:00,922,17,1,3,4,5,7,8,9,13,17,18
2017-02-24,11:00,923,18,1,4,6,7,8,13,15,16,18,20
2017-02-24,12:00,924,3,1,2,7,8,9,10,13,14,16,18
2017-02-24,13:00,925,16,1,3,6,9,10,11,13,15,17,20
2017-02-24,14:00,926,7,1,3,4,6,8,10,12,13,18,19
2017-02-24,15:00,927,18,1,2,3,4,8,9,12,14,17,18
2017-02-24,16:00,928,14,1,2,3,4,5,6,17,18,19,20
2017-02-24,17:00,929,14,1,2,3,4,7,8,9,12,14,17
2017-02-24,18:00,930,10,1,2,3,4,6,7,8,10,16,18
2017-02-24,19:00,931,1,4,5,6,8,10,12,14,15,17,20
2017-02-24,20:00,932,5,1,4,7,8,11,12,13,14,15,17
2017-02-24,21:00,933,16,1,2,3,5,7,8,9,12,15,19
2017-02-24,22:00,934,18,1,2,3,4,7,8,9,10,15,20
2017-02-24,23:00,935,6,3,5,6,7,11,12,15,18,19,20
2017-02-25,07:00,936,12,1,2,3,5,6,7,13,14,15,17
2017-02-25,08:00,937,4,5,6,8,10,11,12,13,16,17,19
2017-02-25,09:00,938,16,1,2,3,11,13,14,15,16,18,19
2017-02-25,10:00,939,17,1,2,5,7,8,9,10,13,14,18
2017-02-25,11:00,940,9,1,6,9,10,12,13,16,17,18,20
2017-02-25,12:00,941,10,1,2,3,5,7,9,12,13,15,17
2017-02-25,13:00,942,7,2,3,4,9,10,13,14,15,17,18
2017-02-25,14:00,943,14,2,3,4,5,7,11,13,16,19,20
2017-02-25,15:00,944,3,3,5,7,8,9,10,13,17,18,19
2017-02-25,16:00,945,13,1,2,4,5,6,12,13,16,17,19
2017-02-25,17:00,946,6,1,2,3,6,7,8,13,16,18,20
2017-02-25,18:00,947,17,2,8,9,10,12,14,16,18,19,20
2017-02-25,19:00,948,9,1,2,3,6,11,12,15,17,19,20
2017-02-25,20:00,949,16,2,3,6,8,10,12,14,16,17,20
2017-02-25,21:00,950,19,2,3,4,7,8,10,11,13,16,20
2017-02-25,22:00,951,6,1,2,4,7,8,9,10,11,17,20
2017-02-25,23:00,952,16,1,3,6,10,11,13,14,17,18,20
2017-02-26,07:00,953,11,4,5,7,8,9,10,16,17,18,19
2017-02-26,08:00,954,16,1,3,4,7,12,15,16,17,18,20
2017-02-26,09:00,955,11,2,4,5,7,9,10,12,13,16,17
2017-02-26,10:00,956,1,1,4,9,11,12,13,16,18,19,20
2017-02-26,11:00,957,10,3,4,5,7,8,9,14,16,18,19
2017-02-26,12:00,958,8,1,3,4,6,8,10,11,12,14,18
2017-02-26,13:00,959,7,1,9,11,12,13,16,17,18,19,20
2017-02-26,14:00,960,14,1,2,6,7,9,12,16,17,18,19
2017-02-26,15:00,961,6,2,3,5,8,10,13,16,17,18,19
2017-02-26,16:00,962,15,3,4,6,7,8,9,10,11,15,19
2017-02-26,17:00,963,13,1,4,7,8,10,14,15,16,17,19
2017-02-26,18:00,964,4,1,2,4,6,8,10,12,13,14,18
2017-02-26,19:00,965,11,1,2,5,6,8,14,15,18,19,20
2017-02-26,20:00,966,16,1,2,3,4,6,7,8,10,13,14
2017-02-26,21:00,967,16,1,2,4,5,10,11,14,17,18,20
2017-02-26,22:00,968,16,1,5,7,8,9,12,15,17,18,20
2017-02-26,23:00,969,5,2,3,5,6,12,16,17,18,19,20
2017-02-27,07:00,970,9,2,3,4,7,8,10,13,14,15,19
2017-02-27,08:00,971,13,1,5,6,8,10,11,12,14,17,20
2017-02-27,09:00,972,18,1,2,3,5,7,10,11,12,16,18
2017-02-27,10:00,973,6,1,4,5,8,10,11,12,14,18,19
2017-02-27,11:00,974,13,1,2,5,7,8,9,12,16,17,19
2017-02-27,12:00,975,2,3,4,5,8,9,11,13,17,18,20
2017-02-27,13:00,976,15,1,2,3,4,7,9,10,12,15,19
2017-02-27,14:00,977,5,4,5,8,10,12,13,14,15,16,17
2017-02-27,15:00,978,14,1,4,8,9,11,12,13,14,15,19
2017-02-27,16:00,979,5,2,3,4,8,11,13,14,15,16,17
2017-02-27,17:00,980,17,2,3,4,6,8,15,16,18,19,20
2017-02-27,18:00,981,16,1,3,5,6,7,9,14,16,18,19
2017-02-27,19:00,982,15,1,2,4,8,9,12,15,16,18,20
2017-02-27,20:00,983,11,1,5,7,8,9,11,12,14,16,19
2017-02-27,21:00,984,11,2,4,6,8,12,14,15,16,17,18
2017-02-27,22:00,985,5,1,3,4,7,9,11,12,13,14,17
2017-02-27,23:00,986,9,3,5,6,7,11,12,13,15,18,19
2017-02-28,07:00,987,9,1,2,5,6,7,8,11,15,19,20
2017-02-28,08:00,988,20,2,3,4,7,12,14,16,17,19,20
2017-02-28,09:00,989,19,1,3,4,5,9,10,14,15,16,18
2017-02-28,10:00,990,11,1,2,5,6,7,8,13,14,17,18
2017-02-28,11:00,991,6,1,2,4,10,13,15,16,17,18,19
2017-02-28,12:00,992,7,6,8,9,10,11,12,13,14,19,20
2017-02-28,13:00,993,20,1,4,6,7,8,13,14,15,18,19
2017-02-28,14:00,994,17,2,3,10,11,13,14,15,16,17,18
2017-02-28,15:00,995,9,4,5,6,7,8,9,14,15,17,19
2017-02-28,16:00,996,14,3,4,8,9,10,14,15,17,19,20
2017-02-28,17:00,997,7,3,6,10,11,12,13,14,16,18,19
2017-02-28,18:00,998,19,1,2,3,4,5,12,13,14,17,20
2017-02-28,19:00,999,9,4,6,7,9,10,11,15,17,18,20
2017-02-28,20:00,1000,3,4,5,6,8,9,10,12,17,19,20
2017-02-28,21:00,1001,1,2,3,4,9,12,14,16,17,18,19
2017-02-28,22:00,1002,20,1,2,3,5,8,9,14,17,18,20
2017-02-28,23:00,1003,4,4,6,7,10,11,13,14,16,19,20
2017-03-01,07:00,1004,9,1,2,5,7,8,11,12,17,18,20
2017-03-01,08:00,1005,11,1,2,4,7,13,14,15,17,19,20
2017-03-01,09:00,1006,13,2,3,5,9,10,11,12,14,15,16
2017-03-01,10:00,1007,7,4,5,7,11,13,14,15,18,19,20
2017-03-01,11:00,1008,11,1,2,4,6,7,11,13,17,18,20
2017-03-01,12:00,1009,14,2,3,7,10,12,15,16,17,18,20
2017-03-01,13:00,1010,2,2,3,4,5,7,10,14,15,16,20
2017-03-01,14:00,1011,18,3,5,6,7,8,11,12,16,18,19
2017-03-01,15:00,1012,20,2,3,5,7,11,12,14,15,19,20
2017-03-01,16:00,1013,15,1,3,5,7,8,9,11,13,14,20
2017-03-01,17:00,1014,14,1,2,4,7,10,11,13,15,16,19
2017-03-01,18:00,1015,2,1,3,4,7,9,12,14,15,16,19
2017-03-01,19:00,1016,11,1,3,4,7,8,10,13,15,18,20
2017-03-01,20:00,1017,1,2,3,5,10,11,12,13,14,15,17
2017-03-01,21:00,1018,1,1,3,6,8,9,12,15,18,19,20
2017-03-01,22:00,1019,9,2,5,8,12,13,14,15,16,17,20
2017-03-01,23:00,1020,3,2,3,4,5,6,7,10,13,14,19
2017-03-02,07:00,1021,15,1,2,6,7,9,10,13,16,17,20
2017-03-02,08:00,1022,20,3,4,6,10,12,13,14,16,17,18
2017-03-02,09:00,1023,6,1,2,3,6,9,10,15,16,17,20
2017-03-02,10:00,1024,13,3,5,8,12,15,16,17,18,19,20
2017-03-02,11:00,1025,10,1,2,3,6,8,13,14,17,19,20
2017-03-02,12:00,1026,12,1,2,4,5,8,11,12,13,16,19
2017-03-02,13:00,1027,12,1,4,7,9,11,12,15,17,18,20
2017-03-02,14:00,1028,15,4,6,7,8,10,11,12,14,16,18
2017-03-02,15:00,1029,2,1,2,5,7,8,11,13,14,15,19
2017-03-02,16:00,1030,1,1,4,6,7,8,9,14,15,16,18
2017-03-02,17:00,1031,20,1,2,3,6,7,9,10,12,16,19
2017-03-02,18:00,1032,20,1,3,4,5,10,12,14,17,19,20
2017-03-02,19:00,1033,5,5,9,11,13,14,16,17,18,19,20
2017-03-02,20:00,1034,20,2,4,5,7,8,14,15,17,18,20
2017-03-02,21:00,1035,16,1,3,4,6,8,9,13,14,16,19
2017-03-02,22:00,1036,18,1,4,5,10,11,13,15,16,18,19
2017-03-02,23:00,1037,14,1,2,3,4,6,10,12,14,17,18
2017-03-03,07:00,1038,3,1,2,5,7,8,10,12,13,15,17
2017-03-03,08:00,1039,14,2,3,5,6,7,8,12,16,18,20
2017-03-03,09:00,1040,18,2,3,4,5,7,8,11,14,15,16
2017-03-03,10:00,1041,11,1,4,6,7,8,11,14,16,19,20
2017-03-03,11:00,1042,19,1,4,6,7,8,11,15,16,19,20
2017-03-03,12:00,1043,9,3,7,8,11,12,14,15,16,17,20
2017-03-03,13:00,1044,16,1,4,8,9,11,13,16,18,19,20
2017-03-03,14:00,1045,4,3,4,5,11,12,14,15,16,17,18
2017-03-03,15:00,1046,14,1,2,5,6,7,11,12,16,19,20
2017-03-03,16:00,1047,5,2,3,6,8,9,10,13,15,18,20
2017-03-03,17:00,1048,7,1,3,4,8,9,10,13,17,18,19
2017-03-03,18:00,1049,6,5,6,7,11,13,16,17,18,19,20
2017-03-03,19:00,1050,9,4,6,7,8,9,12,13,15,17,18
2017-03-03,20:00,1051,6,1,3,4,6,7,13,14,16,19,20
2017-03-03,21:00,1052,19,1,2,3,4,6,10,11,12,14,15
2017-03-03,22:00,1053,7,3,7,10,12,14,15,17,18,19,20
2017-03-03,23:00,1054,7,1,4,5,6,7,8,12,15,17,20
2017-03-04,07:00,1055,15,3,4,5,8,9,10,13,16,19,20
2017-03-04,08:00,1056,14,2,8,10,11,12,14,15,16,17,18
2017-03-04,09:00,1057,17,1,2,6,12,13,14,16,18,19,20
2017-03-04,10:00,1058,3,1,2,5,6,7,12,14,15,18,20
2017-03-04,11:00,1059,7,1,3,6,7,9,11,13,14,17,20
2017-03-04,12:00,1060,1,1,3,4,8,10,11,12,13,15,17
2017-03-04,13:00,1061,10,1,2,3,4,5,7,8,13,14,17
2017-03-04,14:00,1062,3,1,3,5,8,11,12,13,15,17,19
2017-03-04,15:00,1063,8,1,2,3,9,11,14,16,18,19,20
2017-03-04,16:00,1064,13,1,3,5,6,7,10,15,16,18,20
2017-03-04,17:00,1065,15,2,3,4,5,7,10,12,15,16,20
2017-03-04,18:00,1066,3,1,2,4,5,7,8,9,11,16,19
2017-03-04,19:00,1067,1,1,4,5,6,8,9,11,12,13,18
2017-03-04,20:00,1068,18,2,3,4,5,6,7,8,11,15,20
2017-03-04,21:00,1069,17,3,4,5,6,9,10,15,18,19,20
2017-03-04,22:00,1070,15,1,4,5,7,8,11,12,14,18,20
2017-03-04,23:00,1071,17,1,2,3,6,8,9,13,15,16,18
2017-03-05,07:00,1072,2,1,2,4,5,9,10,11,16,17,19
2017-03-05,08:00,1073,8,1,2,7,9,11,12,15,16,17,18
2017-03-05,09:00,1074,14,2,7,9,10,11,12,16,17,19,20
2017-03-05,10:00,1075,13,3,4,5,6,9,11,13,15,17,20
2017-03-05,11:00,1076,12,3,5,7,8,9,10,12,13,18,20
2017-03-05,12:00,1077,20,1,2,3,6,7,12,14,15,17,18
2017-03-05,13:00,1078,5,1,3,4,6,8,9,10,15,17,20
2017-03-05,14:00,1079,1,2,4,5,7,8,9,13,15,17,20
2017-03-05,15:00,1080,11,1,2,5,6,7,10,11,12,17,19
2017-03-05,16:00,1081,10,1,7,8,9,10,11,15,17,19,20
2017-03-05,17:00,1082,19,1,5,6,9,10,14,15,16,18,20
2017-03-05,18:00,1083,13,1,2,4,7,10,11,14,15,16,17
2017-03-05,19:00,1084,1,1,3,7,8,9,10,14,15,19,20
2017-03-05,20:00,1085,8,1,2,3,4,7,12,13,14,15,16
2017-03-05,21:00,1086,13,1,2,4,6,7,8,13,15,16,19
2017-03-05,22:00,1087,6,1,5,6,9,10,13,14,17,19,20
2017-03-05,23:00,1088,11,1,3,4,8,11,16,17,18,19,20
2017-03-06,07:00,1089,17,1,3,6,8,10,11,12,15,16,17
2017-03-06,08:00,1090,9,1,2,4,8,9,10,11,13,19,20
2017-03-06,09:00,1091,3,3,4,7,10,11,13,14,15,17,19
2017-03-06,10:00,1092,2,1,4,6,8,9,12,13,14,17,18
2017-03-06,11:00,1093,20,1,6,8,10,13,14,15,16,18,20
2017-03-06,12:00,1094,5,1,2,3,5,11,13,14,15,19,20
2017-03-06,13:00,1095,8,1,3,4,5,6,11,12,15,16,18
2017-03-06,14:00,1096,15,1,3,4,6,10,12,14,16,18,19
2017-03-06,15:00,1097,4,2,3,4,9,10,13,15,17,18,19
2017-03-06,16:00,1098,7,1,4,8,10,11,13,15,16,18,20
2017-03-06,17:00,1099,3,5,6,10,11,12,14,16,17,19,20
2017-03-06,18:00,1100,12,2,3,5,9,10,11,13,14,15,18
2017-03-06,19:00,1101,17,3,4,7,8,9,11,13,15,19,20
2017-03-06,20:00,1102,2,1,4,7,9,11,12,13,14,17,19
2017-03-06,21:00,1103,8,1,7,9,10,11,12,13,14,15,18
2017-03-06,22:00,1104,17,2,4,5,6,7,9,11,13,16,20
2017-03-06,23:00,1105,9,1,2,4,5,7,8,12,13,18,19
2017-03-07,07:00,1106,6,2,3,6,7,8,9,11,12,14,19
2017-03-07,08:00,1107,11,1,2,6,9,11,12,13,14,16,18
2017-03-07,09:00,1108,5,2,4,7,8,9,10,11,14,18,20
2017-03-07,10:00,1109,6,1,4,5,7,10,14,15,16,19,20
2017-03-07,11:00,1110,12,4,5,6,9,12,13,17,18,19,20
2017-03-07,12:00,1111,16,1,2,4,9,11,13,15,16,18,20
2017-03-07,13:00,1112,19,2,7,8,9,11,13,17,18,19,20
2017-03-07,14:00,1113,14,1,2,3,8,13,14,16,17,18,19
2017-03-07,15:00,1114,15,1,2,3,4,7,8,11,13,16,20
2017-03-07,16:00,1115,12,1,3,5,7,8,9,15,17,18,20
2017-03-07,17:00,1116,18,3,4,5,8,9,13,15,17,19,20
2017-03-07,18:00,1117,3,2,7,8,11,12,14,15,17,19,20
2017-03-07,19:00,1118,9,2,3,6,7,11,13,15,16,19,20
2017-03-07,20:00,1119,18,3,6,7,8,10,12,14,15,18,19
2017-03-07,21:00,1120,10,1,3,6,7,8,9,11,13,14,18
2017-03-07,22:00,1121,14,3,4,6,7,8,9,15,16,18,20
2017-03-07,23:00,1122,8,1,3,4,8,9,10,11,12,15,16
2017-03-08,07:00,1123,3,5,6,8,9,10,11,12,16,17,19
2017-03-08,08:00,1124,3,1,2,4,8,12,13,16,17,18,19
2017-03-08,09:00,1125,6,1,2,3,4,10,13,15,17,18,19
2017-03-08,10:00,1126,11,1,4,6,7,8,9,11,15,16,20
2017-03-08,11:00,1127,11,1,3,4,5,7,9,10,11,16,19
2017-03-08,12:00,1128,17,1,4,7,9,10,11,12,14,18,19
2017-03-08,13:00,1129,6,5,6,7,8,9,10,11,14,16,17
2017-03-08,14:00,1130,15,1,3,6,7,9,10,13,14,16,19
2017-03-08,15:00,1131,14,5,6,7,12,13,14,15,16,17,20
2017-03-08,16:00,1132,19,2,3,4,5,10,11,13,17,19,20
2017-03-08,17:00,1133,9,4,5,6,7,9,11,12,13,18,19
2017-03-08,18:00,1134,18,1,2,6,8,9,10,15,16,18,20
2017-03-08,19:00,1135,17,2,3,7,8,9,14,15,16,19,20
2017-03-08,20:00,1136,12,3,4,9,11,14,15,17,18,19,20
2017-03-08,21:00,1137,5,1,2,3,5,6,10,13,15,16,17
2017-03-08,22:00,1138,14,1,3,4,5,6,8,11,15,17,20
2017-03-08,23:00,1139,7,1,2,4,6,9,10,12,13,16,20
2017-03-09,07:00,1140,19,5,8,9,10,12,13,15,17,18,20
2017-03-09,08:00,1141,4,2,4,5,6,7,12,13,14,15,19
2017-03-09,09:00,1142,8,2,4,5,9,10,13,15,16,18,20
2017-03-09,10:00,1143,8,1,2,7,8,9,13,16,18,19,20
2017-03-09,11:00,1144,3,4,6,8,10,11,12,14,16,18,19
2017-03-09,12:00,1145,1,1,2,3,4,5,6,7,9,12,19
2017-03-09,13:00,1146,18,1,2,4,5,7,12,13,15,19,20
2017-03-09,14:00,1147,3,1,2,4,6,8,12,13,15,19,20
2017-03-09,15:00,1148,9,3,4,8,9,10,11,13,14,15,20
2017-03-09,16:00,1149,2,2,3,5,6,8,11,13,14,17,18
2017-03-09,17:00,1150,11,2,3,4,5,6,7,8,10,14,16
2017-03-09,18:00,1151,14,1,2,9,10,11,13,15,17,19,20
2017-03-09,19:00,1152,14,4,6,7,9,10,11,13,14,16,19
2017-03-09,20:00,1153,18,2,3,6,8,9,10,12,14,17,18
2017-03-09,21:00,1154,16,2,8,9,10,11,14,15,16,18,20
2017-03-09,22:00,1155,3,2,3,6,10,11,12,14,15,19,20
2017-03-09,23:00,1156,10,3,6,10,12,13,14,17,18,19,20
2017-03-10,07:00,1157,2,1,6,10,11,12,13,14,15,16,19
2017-03-10,08:00,1158,17,2,3,5,8,10,12,13,14,15,19
2017-03-10,09:00,1159,16,1,8,9,10,11,12,15,16,17,18
2017-03-10,10:00,1160,4,1,6,7,9,10,11,12,16,17,19
2017-03-10,11:00,1161,11,3,5,6,7,8,9,11,12,16,19
2017-03-10,12:00,1162,7,5,6,8,9,12,13,15,16,17,18
2017-03-10,13:00,1163,18,1,2,7,11,13,14,15,17,18,20
2017-03-10,14:00,1164,7,1,3,4,5,7,11,12,13,16,20
2017-03-10,15:00,1165,17,1,6,9,10,13,14,15,17,18,19
2017-03-10,16:00,1166,6,2,3,5,10,11,12,14,16,17,20
2017-03-10,17:00,1167,12,1,3,5,7,8,10,13,14,17,18
2017-03-10,18:00,1168,19,1,2,7,8,9,11,13,14,18,20
2017-03-10,19:00,1169,1,2,4,5,8,9,12,14,15,17,20
2017-03-10,20:00,1170,3,1,2,3,4,7,10,14,16,18,20
2017-03-10,21:00,1171,17,1,2,3,11,14,15,17,18,19,20
2017-03-10,22:00,1172,8,1,2,4,10,12,14,15,17,18,19
2017-03-10,23:00,1173,15,4,5,9,10,12,13,15,18,19,20
2017-03-11,07:00,1174,14,1,2,3,4,5,7,9,10,17,18
2017-03-11,08:00,1175,13,2,4,5,6,7,8,14,16,18,19
2017-03-11,09:00,1176,7,1,4,5,10,11,12,13,15,18,19
2017-03-11,10:00,1177,1,1,2,3,4,5,10,13,17,18,20
2017-03-11,11:00,1178,6,2,4,5,7,9,12,13,15,16,17
2017-03-11,12:00,1179,13,1,2,4,7,10,11,13,16,18,19
2017-03-11,13:00,1180,10,1,2,3,5,7,9,13,15,18,20
2017-03-11,14:00,1181,5,2,3,4,6,7,13,14,18,19,20
2017-03-11,15:00,1182,8,2,4,5,10,11,12,13,14,17,18
2017-03-11,16:00,1183,4,1,3,7,9,13,14,16,17,18,19
2017-03-11,17:00,1184,1,1,4,7,8,11,12,13,14,16,19
2017-03-11,18:00,1185,9,2,3,6,8,9,12,14,15,16,19
2017-03-11,19:00,1186,2,3,8,9,10,11,12,14,16,17,20
2017-03-11,20:00,1187,11,4,5,6,7,11,12,14,15,17,18
2017-03-11,21:00,1188,10,2,6,8,9,10,12,14,15,16,18
2017-03-11,22:00,1189,8,2,3,5,7,8,9,10,12,15,17
2017-03-11,23:00,1190,16,5,6,7,8,9,10,13,14,17,20
2017-03-12,07:00,1191,2,1,2,3,7,8,9,12,16,17,20
2017-03-12,08:00,1192,17,3,4,6,7,8,12,14,15,18,20
2017-03-12,09:00,1193,6,2,3,5,8,9,11,13,16,17,19
2017-03-12,10:00,1194,12,1,2,4,6,7,10,11,16,18,20
2017-03-12,11:00,1195,1,3,4,5,6,11,12,16,17,18,20
2017-03-12,12:00,1196,15,2,3,5,7,8,12,16,18,19,20
2017-03-12,13:00,1197,2,2,3,4,6,8,10,11,13,14,15
2017-03-12,14:00,1198,18,1,4,5,7,8,9,11,17,19,20
2017-03-12,15:00,1199,7,1,4,6,8,9,13,14,16,17,18
2017-03-12,16:00,1200,17,1,3,4,6,8,9,10,12,18,19
2017-03-12,17:00,1201,20,2,4,8,9,10,12,13,16,18,20
2017-03-12,18:00,1202,5,2,3,4,8,9,11,14,15,19,20
2017-03-12,19:00,1203,19,2,5,6,7,10,12,13,15,16,19
2017-03-12,20:00,1204,8,3,8,9,11,12,13,15,16,18,19
2017-03-12,21:00,1205,14,1,2,6,7,9,10,11,14,19,20
2017-03-12,22:00,1206,14,2,6,7,8,9,10,11,13,16,20
2017-03-12,23:00,1207,13,1,2,4,5,7,8,11,12,13,20
2017-03-13,07:00,1208,16,3,4,5,7,8,9,11,12,13,15
2017-03-13,08:00,1209,4,1,3,4,5,6,7,9,10,11,12
2017-03-13,09:00,1210,10,3,6,10,13,14,15,16,17,18,19
2017-03-13,10:00,1211,14,1,3,4,6,7,9,10,11,13,14
2017-03-13,11:00,1212,14,1,3,4,7,8,9,11,12,15,20
2017-03-13,12:00,1213,14,2,4,5,6,8,9,11,15,17,18
2017-03-13,13:00,1214,13,1,2,3,4,6,10,12,14,18,19
2017-03-13,14:00,1215,13,2,5,7,8,12,13,14,17,18,20
2017-03-13,15:00,1216,6,7,8,10,11,14,15,16,17,19,20
2017-03-13,16:00,1217,20,4,5,9,10,11,13,14,15,16,17
2017-03-13,17:00,1218,6,1,5,6,7,9,10,11,14,15,19
2017-03-13,18:00,1219,15,4,5,6,7,8,9,14,16,19,20
2017-03-13,19:00,1220,5,1,2,3,5,8,9,15,17,18,19
2017-03-13,20:00,1221,5,1,2,4,5,8,9,11,12,15,20
2017-03-13,21:00,1222,11,1,7,8,9,11,12,14,15,16,18
2017-03-13,22:00,1223,12,1,5,10,11,13,16,17,18,19,20
2017-03-13,23:00,1224,2,2,3,6,7,12,13,14,15,16,20
2017-03-14,07:00,1225,13,2,3,4,6,8,12,13,15,17,20
2017-03-14,08:00,1226,5,1,4,6,8,10,11,15,17,18,19
2017-03-14,09:00,1227,12,1,2,3,6,7,9,12,16,17,19
2017-03-14,10:00,1228,8,1,3,5,9,12,13,14,16,17,18
2017-03-14,11:00,1229,12,1,4,8,10,12,13,15,17,19,20
2017-03-14,12:00,1230,20,2,3,7,13,14,15,17,18,19,20
2017-03-14,13:00,1231,15,1,2,3,6,8,9,11,17,18,19
2017-03-14,14:00,1232,8,3,4,5,6,7,10,11,14,18,20
2017-03-14,15:00,1233,10,2,3,4,5,7,8,12,13,16,19
2017-03-14,16:00,1234,8,1,3,8,12,13,14,16,18,19,20
2017-03-14,17:00,1235,14,2,3,8,9,10,13,14,17,18,20
2017-03-14,18:00,1236,9,2,3,4,9,13,14,15,17,18,20
2017-03-14,19:00,1237,5,1,4,7,9,12,14,15,16,17,19
2017-03-14,20:00,1238,15,3,4,6,7,8,12,16,17,18,20
2017-03-14,21:00,1239,14,1,2,3,4,8,9,12,16,17,18
2017-03-14,22:00,1240,1,1,2,5,7,10,12,13,14,17,18
2017-03-14,23:00,1241,12,1,3,7,10,11,12,13,14,15,19
2017-03-15,07:00,1242,20,2,4,5,8,9,11,15,17,19,20
2017-03-15,08:00,1243,11,1,3,4,5,8,10,11,16,18,19
2017-03-15,09:00,1244,3,2,4,5,6,7,8,12,13,18,20
2017-03-15,10:00,1245,14,1,6,7,8,9,13,15,16,17,18
2017-03-15,11:00,1246,18,5,6,7,8,11,12,16,17,18,20
2017-03-15,12:00,1247,4,1,3,4,5,7,9,12,15,16,18
2017-03-15,13:00,1248,16,1,4,5,9,10,11,13,14,15,16
2017-03-15,14:00,1249,10,1,2,5,8,10,14,15,16,17,18
2017-03-15,15:00,1250,14,1,2,5,6,8,9,13,14,19,20
2017-03-15,16:00,1251,19,1,4,5,6,7,10,13,16,17,18
2017-03-15,17:00,1252,13,2,3,6,9,14,15,17,18,19,20
2017-03-15,18:00,1253,12,2,3,4,6,7,8,10,11,14,20
2017-03-15,19:00,1254,19,2,3,4,5,7,11,14,16,19,20
2017-03-15,20:00,1255,2,2,4,5,6,7,9,10,16,17,18
2017-03-15,21:00,1256,12,1,2,3,7,9,10,13,14,17,19
2017-03-15,22:00,1257,16,3,4,5,6,7,9,12,14,16,19
2017-03-15,23:00,1258,8,1,3,5,8,9,12,13,14,18,19
2017-03-16,07:00,1259,18,2,4,6,9,11,12,13,14,17,18
2017-03-16,08:00,1260,4,1,2,3,8,9,12,13,14,17,19
2017-03-16,09:00,1261,16,1,3,4,6,7,8,10,11,14,16
2017-03-16,10:00,1262,9,1,3,5,8,11,12,13,14,17,19
2017-03-16,11:00,1263,1,2,4,5,7,8,9,10,12,17,18
2017-03-16,12:00,1264,18,2,3,6,10,13,14,15,17,18,20
2017-03-16,13:00,1265,18,3,4,7,9,10,12,13,14,15,18
2017-03-16,14:00,1266,8,2,3,4,8,9,10,11,12,16,19
2017-03-16,15:00,1267,7,1,2,4,7,10,13,14,16,17,20
2017-03-16,16:00,1268,1,2,4,5,6,8,9,11,12,14,20
2017-03-16,17:00,1269,19,4,5,8,12,14,15,17,18,19,20
2017-03-16,18:00,1270,5,3,4,5,7,10,11,12,13,17,18
2017-03-16,19:00,1271,3,2,4,8,9,12,13,14,15,16,18
2017-03-16,20:00,1272,7,1,6,8,11,12,14,15,16,18,20
2017-03-16,21:00,1273,14,4,6,9,10,11,12,16,17,19,20
2017-03-16,22:00,1274,19,1,5,9,11,12,13,14,16,18,19
2017-03-16,23:00,1275,12,1,4,7,8,10,12,14,15,17,18
2017-03-17,07:00,1276,13,1,2,4,5,6,12,15,16,19,20
2017-03-17,08:00,1277,17,2,4,5,9,11,15,17,18,19,20
2017-03-17,09:00,1278,4,1,3,4,7,9,11,13,15,19,20
2017-03-17,10:00,1279,11,1,3,4,7,8,10,13,15,18,19
2017-03-17,11:00,1280,17,1,2,3,6,7,11,12,15,17,19
2017-03-17,12:00,1281,15,1,2,4,6,7,11,13,16,19,20
2017-03-17,13:00,1282,20,6,8,9,10,11,12,15,16,17,18
2017-03-17,14:00,1283,11,2,4,5,7,11,14,15,16,17,18
2017-03-17,15:00,1284,4,2,3,7,8,10,11,12,15,17,20
2017-03-17,16:00,1285,15,2,3,5,6,8,9,14,15,16,18
2017-03-17,17:00,1286,13,2,3,5,7,8,9,10,11,14,20
2017-03-17,18:00,1287,18,2,3,4,6,7,10,12,13,16,19
2017-03-17,19:00,1288,18,1,3,4,8,10,14,15,16,18,20
2017-03-17,20:00,1289,19,2,3,4,5,8,12,14,15,19,20
2017-03-17,21:00,1290,16,2,4,7,9,10,11,12,13,15,16
2017-03-17,22:00,1291,3,3,4,8,12,14,15,16,17,18,20
2017-03-17,23:00,1292,15,1,5,7,9,10,12,15,18,19,20
2017-03-18,07:00,1293,11,2,3,4,7,11,12,13,14,15,17
2017-03-18,08:00,1294,8,4,6,8,11,12,13,14,15,18,19
2017-03-18,09:00,1295,12,1,4,8,9,10,11,12,13,15,17
2017-03-18,10:00,1296,2,3,4,5,6,8,9,15,17,19,20
2017-03-18,11:00,1297,14,1,2,3,5,6,7,10,13,16,17
2017-03-18,12:00,1298,14,1,4,5,8,10,11,13,14,16,20
2017-03-18,13:00,1299,13,3,4,7,9,11,13,15,18,19,20
2017-03-18,14:00,1300,9,2,3,4,5,7,8,9,17,18,19
2017-03-18,15:00,1301,2,2,3,4,8,10,12,15,16,18,20
2017-03-18,16:00,1302,18,1,3,4,5,6,10,12,15,19,20
2017-03-18,17:00,1303,13,2,3,4,5,8,10,13,15,17,19
2017-03-18,18:00,1304,2,3,6,8,11,13,15,16,18,19,20
2017-03-18,19:00,1305,10,1,2,5,8,9,10,11,15,16,18
2017-03-18,20:00,1306,16,1,2,6,8,10,11,14,15,16,18
2017-03-18,21:00,1307,5,1,4,5,8,9,11,12,13,14,15
2017-03-18,22:00,1308,16,1,2,4,6,8,9,10,15,16,17
2017-03-18,23:00,1309,20,5,6,7,9,11,12,14,15,19,20
2017-03-19,07:00,1310,9,1,3,4,6,11,12,15,16,19,20
2017-03-19,08:00,1311,12,3,6,7,9,11,12,13,14,18,20
2017-03-19,09:00,1312,18,1,2,5,6,7,9,10,14,15,17
2017-03-19,10:00,1313,2,2,3,4,6,8,14,17,18,19,20
2017-03-19,11:00,1314,16,1,3,4,5,6,10,11,12,14,18
2017-03-19,12:00,1315,20,1,2,3,4,5,13,16,17,18,20
2017-03-19,13:00,1316,20,2,7,8,10,13,14,16,17,19,20
2017-03-19,14:00,1317,9,3,4,5,6,7,12,15,16,18,20
2017-03-19,15:00,1318,20,3,4,6,10,11,12,13,15,17,19
2017-03-19,16:00,1319,16,2,5,9,10,11,13,14,15,16,20
2017-03-19,17:00,1320,6,1,2,3,4,7,9,13,15,16,17
2017-03-19,18:00,1321,10,1,3,4,6,10,11,13,14,17,20
2017-03-19,19:00,1322,9,5,7,10,11,12,13,14,15,18,20
2017-03-19,20:00,1323,2,2,4,5,9,10,11,12,14,19,20
2017-03-19,21:00,1324,4,1,2,3,4,6,7,9,16,17,18
2017-03-19,22:00,1325,1,1,2,5,11,14,15,16,18,19,20
2017-03-19,23:00,1326,11,1,2,10,11,12,14,15,16,18,19
2017-03-20,07:00,1327,11,1,3,4,5,6,10,13,15,16,18
2017-03-20,08:00,1328,6,1,3,4,5,6,10,11,14,15,16
2017-03-20,09:00,1329,18,1,2,4,5,7,9,13,15,16,18
2017-03-20,10:00,1330,15,1,4,5,7,8,9,12,14,19,20
2017-03-20,11:00,1331,1,2,3,4,5,8,13,14,15,18,19
2017-03-20,12:00,1332,4,2,3,5,7,12,13,14,16,18,19
2017-03-20,13:00,1333,11,2,6,8,9,11,12,14,15,17,20
2017-03-20,14:00,1334,1,4,6,7,9,12,13,15,16,18,20
2017-03-20,15:00,1335,19,3,4,6,7,10,11,14,16,17,19
2017-03-20,16:00,1336,14,2,4,5,6,9,14,15,17,19,20
2017-03-20,17:00,1337,11,1,2,6,8,9,14,16,17,18,19
2017-03-20,18:00,1338,18,5,6,7,8,9,10,17,18,19,20
2017-03-20,19:00,1339,12,1,5,6,8,9,14,15,16,18,20
2017-03-20,20:00,1340,8,5,7,9,10,12,13,14,16,18,20
2017-03-20,21:00,1341,4,1,2,8,9,10,12,13,14,19,20
2017-03-20,22:00,1342,3,2,3,4,5,7,9,10,16,18,20
2017-03-20,23:00,1343,8,3,6,7,8,9,11,13,15,19,20
2017-03-21,07:00,1344,8,1,2,3,5,7,10,11,12,13,17
2017-03-21,08:00,1345,3,1,2,3,6,8,10,12,15,16,19
2017-03-21,09:00,1346,12,3,5,6,8,11,12,14,15,18,19
2017-03-21,10:00,1347,18,1,5,7,8,11,12,14,15,17,18
2017-03-21,11:00,1348,1,1,2,3,4,8,9,14,16,18,20
2017-03-21,12:00,1349,19,1,3,4,6,7,10,11,14,17,20
2017-03-21,13:00,1350,14,3,4,8,9,11,15,16,18,19,20
2017-03-21,14:00,1351,5,1,3,4,7,8,9,10,11,12,16
2017-03-21,15:00,1352,10,2,3,5,6,11,13,15,16,18,20
2017-03-21,16:00,1353,12,1,4,9,13,14,16,17,18,19,20
2017-03-21,17:00,1354,14,2,3,7,10,11,12,14,17,18,19
2017-03-21,18:00,1355,8,4,5,7,8,9,11,12,14,18,20
2017-03-21,19:00,1356,17,1,3,4,5,6,10,12,14,15,20
2017-03-21,20:00,1357,20,2,3,4,6,10,11,12,14,15,16
2017-03-21,21:00,1358,5,2,3,4,5,9,11,12,13,14,16
2017-03-21,22:00,1359,10,4,5,6,7,11,12,15,17,18,19
2017-03-21,23:00,1360,8,1,3,7,9,13,14,15,16,19,20
2017-03-22,07:00,1361,14,1,2,4,6,7,8,9,11,13,16
2017-03-22,08:00,1362,20,1,5,6,9,10,11,12,16,18,19
2017-03-22,09:00,1363,10,1,2,5,6,7,9,16,17,18,20
2017-03-22,10:00,1364,16,3,4,6,9,10,11,13,15,17,18
2017-03-22,11:00,1365,20,1,2,4,7,9,10,11,17,18,20
2017-03-22,12:00,1366,20,1,2,3,4,5,9,11,14,15,19
2017-03-22,13:00,1367,8,1,3,6,8,10,11,14,16,17,19
2017-03-22,14:00,1368,12,1,3,7,8,10,12,16,18,19,20
2017-03-22,15:00,1369,1,1,3,5,7,10,12,13,16,18,19
2017-03-22,16:00,1370,9,2,3,4,5,6,7,10,12,14,16
2017-03-22,17:00,1371,12,1,3,5,7,9,10,13,14,17,18
2017-03-22,18:00,1372,4,2,3,4,5,13,14,15,16,17,20
2017-03-22,19:00,1373,3,2,3,7,11,12,13,14,16,17,20
2017-03-22,20:00,1374,6,2,3,4,5,6,8,9,12,13,15
2017-03-22,21:00,1375,15,5,7,9,11,12,14,15,17,18,20
2017-03-22,22:00,1376,6,1,5,6,7,8,9,13,14,19,20
2017-03-22,23:00,1377,4,1,2,10,13,14,16,17,18,19,20
2017-03-23,07:00,1378,13,2,3,6,10,12,13,14,15,17,18
2017-03-23,08:00,1379,4,2,4,6,9,11,15,16,17,18,19
2017-03-23,09:00,1380,6,3,4,6,8,9,12,13,14,15,20
2017-03-23,10:00,1381,11,1,3,4,5,6,9,12,13,14,18
2017-03-23,11:00,1382,10,1,4,5,7,13,14,17,18,19,20
2017-03-23,12:00,1383,16,1,2,4,6,8,10,12,13,14,18
2017-03-23,13:00,1384,11,1,2,8,9,11,13,15,16,17,20
2017-03-23,14:00,1385,6,3,8,11,12,13,14,16,17,19,20
2017-03-23,15:00,1386,5,4,5,8,9,11,12,16,17,19,20
2017-03-23,16:00,1387,4,2,3,4,6,9,13,14,15,16,18
2017-03-23,17:00,1388,16,2,4,5,6,8,10,13,16,17,20
2017-03-23,18:00,1389,6,2,3,4,8,10,14,16,17,18,19
2017-03-23,19:00,1390,9,3,4,5,6,8,9,10,11,16,19
2017-03-23,20:00,1391,14,2,3,4,5,8,11,12,14,18,20
2017-03-23,21:00,1392,11,1,2,4,7,9,12,13,14,15,20
2017-03-23,22:00,1393,7,1,3,5,7,11,12,13,15,17,20
2017-03-23,23:00,1394,7,5,6,7,8,10,11,16,17,19,20
2017-03-24,07:00,1395,8,3,5,6,7,8,9,11,13,14,18
2017-03-24,08:00,1396,5,2,4,6,7,11,12,14,16,17,20
2017-03-24,09:00,1397,8,5,6,7,8,9,10,11,16,18,20
2017-03-24,10:00,1398,18,3,5,6,7,9,11,12,13,16,17
2017-03-24,11:00,1399,5,4,8,10,11,12,13,14,15,18,19
2017-03-24,12:00,1400,4,1,2,3,7,9,11,12,16,17,20
2017-03-24,13:00,1401,17,1,2,3,7,11,14,15,16,17,20
2017-03-24,14:00,1402,3,1,2,3,5,6,7,11,12,13,18
2017-03-24,15:00,1403,11,1,2,5,6,9,11,13,18,19,20
2017-03-24,16:00,1404,11,1,4,5,7,11,13,15,18,19,20
2017-03-24,17:00,1405,9,1,5,8,9,10,11,15,16,18,19
2017-03-24,18:00,1406,13,2,4,6,7,9,11,15,16,19,20
2017-03-24,19:00,1407,12,1,2,3,6,7,8,9,10,13,19
2017-03-24,20:00,1408,7,2,5,6,7,9,12,16,17,18,20
2017-03-24,21:00,1409,11,1,3,5,7,12,13,14,16,17,18
2017-03-24,22:00,1410,7,2,4,5,6,9,10,14,15,18,19
2017-03-24,23:00,1411,20,5,7,8,11,12,13,14,16,19,20
2017-03-25,07:00,1412,4,1,4,5,11,12,14,17,18,19,20
2017-03-25,08:00,1413,15,1,2,4,5,7,8,10,14,16,17
2017-03-25,09:00,1414,17,4,5,6,7,10,12,13,14,15,19
2017-03-25,10:00,1415,14,1,3,6,7,8,10,14,15,18,19
2017-03-25,11:00,1416,4,1,4,5,7,8,9,10,11,13,20
2017-03-25,12:00,1417,18,3,7,8,10,11,12,14,15,16,18
2017-03-25,13:00,1418,11,1,2,3,4,6,10,11,13,16,19
2017-03-25,14:00,1419,8,3,6,9,10,12,13,16,17,18,19
2017-03-25,15:00,1420,2,3,4,7,8,10,11,12,16,17,19
2017-03-25,16:00,1421,9,4,5,6,9,10,11,12,16,17,18
2017-03-25,17:00,1422,7,3,4,7,8,9,10,11,13,16,17
2017-03-25,18:00,1423,7,4,6,7,8,10,14,15,16,17,20
2017-03-25,19:00,1424,9,1,3,7,8,9,10,12,13,17,20
2017-03-25,20:00,1425,1,1,3,5,9,11,13,14,16,18,20
2017-03-25,21:00,1426,16,1,2,3,6,8,9,10,13,15,18
2017-03-25,22:00,1427,19,3,4,5,6,9,12,13,16,17,19
2017-03-25,23:00,1428,2,2,3,4,5,7,11,12,14,17,20
2017-03-26,07:00,1429,16,2,4,5,10,11,12,13,14,18,20
2017-03-26,08:00,1430,1,2,3,4,5,7,10,11,13,15,17
2017-03-26,09:00,1431,16,1,4,5,6,8,11,12,13,16,19
2017-03-26,10:00,1432,11,3,5,7,9,10,12,13,15,16,20
2017-03-26,11:00,1433,20,4,6,7,8,9,12,13,17,18,19
2017-03-26,12:00,1434,9,1,3,6,8,11,13,14,16,17,19
2017-03-26,13:00,1435,6,2,3,5,6,8,13,15,17,19,20
2017-03-26,14:00,1436,6,3,4,5,8,9,10,13,15,19,20
2017-03-26,15:00,1437,2,3,5,6,7,8,10,11,13,16,19
2017-03-26,16:00,1438,20,4,6,8,9,10,11,15,16,18,19
2017-03-26,17:00,1439,10,1,3,5,8,9,10,12,13,15,20
2017-03-26,18:00,1440,7,1,2,3,4,5,8,9,16,18,20
2017-03-26,19:00,1441,8,1,2,3,4,5,8,9,14,17,18
2017-03-26,20:00,1442,5,1,3,6,9,13,15,16,17,19,20
2017-03-26,21:00,1443,12,2,6,8,9,10,12,14,15,18,20
2017-03-26,22:00,1444,17,1,3,7,8,10,11,16,18,19,20
2017-03-26,23:00,1445,19,1,2,3,4,5,7,8,13,15,16
2017-03-27,07:00,1446,12,3,8,10,11,12,13,15,17,18,19
2017-03-27,08:00,1447,16,1,2,3,5,6,7,8,11,13,19
2017-03-27,09:00,1448,11,1,5,6,7,9,12,14,15,16,17
2017-03-27,10:00,1449,10,2,5,7,8,9,10,11,12,13,20
2017-03-27,11:00,1450,19,1,3,4,8,11,12,16,17,19,20
2017-03-27,12:00,1451,2,2,4,7,9,11,14,16,18,19,20
2017-03-27,13:00,1452,8,2,4,6,7,10,11,12,13,17,19
2017-03-27,14:00,1453,7,1,4,6,7,8,9,11,12,16,17
2017-03-27,15:00,1454,14,1,3,4,6,9,13,16,17,19,20
2017-03-27,16:00,1455,17,1,2,4,7,10,12,14,16,17,19
2017-03-27,17:00,1456,12,1,3,5,7,9,10,11,13,19,20
2017-03-27,18:00,1457,4,1,2,5,9,10,12,13,15,17,19
2017-03-27,19:00,1458,5,7,8,10,12,13,14,15,16,18,20
2017-03-27,20:00,1459,8,1,2,3,4,5,8,10,13,16,18
2017-03-27,21:00,1460,14,3,7,9,10,11,12,15,16,18,19
2017-03-27,22:00,1461,1,3,5,6,9,10,11,12,17,19,20
2017-03-27,23:00,1462,2,1,3,4,8,11,13,16,17,18,19
2017-03-28,07:00,1463,5,3,5,6,9,11,12,13,15,18,19
2017-03-28,08:00,1464,3,3,6,8,9,10,11,12,15,16,17
2017-03-28,09:00,1465,18,1,3,5,8,11,14,15,17,18,20
2017-03-28,10:00,1466,8,2,3,6,7,9,11,12,15,17,19
2017-03-28,11:00,1467,2,1,3,4,6,7,9,13,17,18,19
2017-03-28,12:00,1468,4,1,4,6,8,11,12,14,15,17,19
2017-03-28,13:00,1469,8,3,4,5,9,10,13,14,15,16,17
2017-03-28,14:00,1470,17,1,2,4,8,9,10,11,17,18,19
2017-03-28,15:00,1471,13,2,3,4,8,10,13,16,17,19,20
2017-03-28,16:00,1472,18,1,3,4,7,8,11,12,13,15,20
2017-03-28,17:00,1473,1,2,3,4,7,8,9,15,16,17,18
2017-03-28,18:00,1474,11,1,4,5,7,8,11,13,14,17,20
2017-03-28,19:00,1475,3,4,5,6,7,9,10,12,13,17,20
2017-03-28,20:00,1476,9,1,5,6,8,9,11,12,13,17,19
2017-03-28,21:00,1477,8,1,2,4,6,10,11,12,15,16,20
2017-03-28,22:00,1478,20,4,5,6,8,9,11,13,14,16,18
2017-03-28,23:00,1479,12,1,5,6,9,10,11,12,14,16,20
2017-03-29,07:00,1480,18,1,4,6,7,10,13,14,15,16,19
2017-03-29,08:00,1481,20,5,7,8,9,10,12,13,14,17,18
2017-03-29,09:00,1482,8,2,4,10,12,13,15,16,17,18,19
2017-03-29,10:00,1483,10,3,4,10,11,12,14,15,16,17,19
2017-03-29,11:00,1484,3,2,4,5,7,10,11,13,14,19,20
2017-03-29,12:00,1485,6,1,3,4,6,8,9,10,14,19,20
2017-03-29,13:00,1486,20,2,5,7,9,10,12,13,15,19,20
2017-03-29,14:00,1487,18,1,4,7,8,9,10,12,14,17,19
2017-03-29,15:00,1488,19,1,2,3,4,5,7,8,10,14,16
2017-03-29,16:00,1489,19,1,3,5,8,12,13,15,16,17,19
2017-03-29,17:00,1490,17,3,7,9,10,12,13,17,18,19,20
2017-03-29,18:00,1491,9,1,2,3,6,9,13,14,15,17,20
2017-03-29,19:00,1492,20,1,2,3,9,10,15,16,18,19,20
2017-03-29,20:00,1493,1,1,2,3,5,7,8,14,15,16,20
2017-03-29,21:00,1494,13,4,5,6,9,13,14,15,16,17,20
2017-03-29,22:00,1495,16,1,4,7,9,10,13,14,15,17,20
2017-03-29,23:00,1496,3,4,5,6,7,8,9,15,16,18,20
2017-03-30,07:00,1497,10,1,4,7,8,10,12,14,16,17,20
2017-03-30,08:00,1498,17,1,2,4,6,7,12,14,15,16,19
2017-03-30,09:00,1499,12,3,4,5,6,7,9,11,12,13,14
2017-03-30,10:00,1500,10,2,3,4,7,8,11,12,15,17,20
2017-03-30,11:00,1501,19,1,2,5,9,10,13,15,16,17,18
2017-03-30,12:00,1502,10,1,4,8,9,12,13,14,15,16,20
2017-03-30,13:00,1503,19,1,3,11,12,13,14,16,17,18,19
2017-03-30,14:00,1504,19,1,2,3,6,8,11,12,13,14,18
2017-03-30,15:00,1505,12,2,4,5,6,9,10,15,16,18,19
2017-03-30,16:00,1506,5,2,3,6,8,9,13,14,17,18,19
2017-03-30,17:00,1507,18,5,8,9,10,12,13,16,17,18,20
2017-03-30,18:00,1508,18,1,2,4,7,9,13,14,15,17,18
2017-03-30,19:00,1509,18,2,3,5,6,7,9,10,12,15,19
2017-03-30,20:00,1510,15,1,3,7,8,9,10,14,15,17,19
2017-03-30,21:00,1511,18,2,6,7,8,10,11,15,17,18,19
2017-03-30,22:00,1512,10,1,2,6,7,8,9,11,16,17,20
2017-03-30,23:00,1513,18,3,4,6,7,8,10,12,14,17,19
2017-03-31,07:00,1514,4,2,3,4,5,6,8,10,12,14,19
2017-03-31,08:00,1515,12,1,3,5,6,8,14,15,18,19,20
2017-03-31,09:00,1516,17,3,7,11,12,14,15,16,17,19,20
2017-03-31,10:00,1517,14,1,2,4,5,6,8,10,12,16,20
2017-03-31,11:00,1518,13,1,3,4,6,7,9,10,14,19,20
2017-03-31,12:00,1519,20,4,5,6,10,12,13,14,15,18,20
2017-03-31,13:00,1520,6,2,3,6,7,10,15,16,18,19,20
2017-03-31,14:00,1521,9,3,4,5,6,7,8,12,15,16,17
2017-03-31,15:00,1522,7,1,2,3,5,6,9,10,12,13,20
2017-03-31,16:00,1523,16,2,5,6,8,9,11,12,14,15,18
2017-03-31,17:00,1524,18,1,7,8,11,12,14,15,16,17,18
2017-03-31,18:00,1525,20,1,2,5,6,10,12,13,15,16,18
2017-03-31,19:00,1526,11,3,5,7,8,9,10,13,14,18,19
2017-03-31,20:00,1527,18,2,3,7,8,9,10,12,13,14,18
2017-03-31,21:00,1528,3,1,3,6,9,10,11,14,16,17,19
2017-03-31,22:00,1529,14,1,2,3,4,5,7,8,15,16,18
2017-03-31,23:00,1530,15,1,2,4,5,6,7,8,10,14,18
2017-04-01,07:00,1531,4,1,2,3,5,8,10,14,16,17,20
2017-04-01,08:00,1532,1,1,3,5,6,7,8,10,11,12,14
2017-04-01,09:00,1533,20,1,2,4,5,6,13,14,15,16,19
2017-04-01,10:00,1534,11,1,2,6,8,9,13,14,15,16,17
2017-04-01,11:00,1535,1,1,3,5,6,7,8,9,10,11,17
2017-04-01,12:00,1536,17,1,3,4,5,8,11,12,13,15,16
2017-04-01,13:00,1537,8,3,4,7,8,9,11,13,15,16,17
2017-04-01,14:00,1538,11,2,3,4,5,6,11,14,15,17,20
2017-04-01,15:00,1539,16,2,3,5,8,14,16,17,18,19,20
2017-04-01,16:00,1540,3,1,3,5,6,8,9,10,11,17,19
2017-04-01,17:00,1541,12,1,3,5,7,9,11,12,14,15,16
2017-04-01,18:00,1542,15,2,3,4,5,6,8,10,16,19,20
2017-04-01,19:00,1543,19,3,4,5,7,8,10,11,14,15,18
2017-04-01,20:00,1544,12,4,5,6,7,9,11,15,16,18,20
2017-04-01,21:00,1545,14,2,3,5,6,8,11,12,14,16,20
2017-04-01,22:00,1546,3,2,3,4,5,6,8,10,13,14,17
2017-04-01,23:00,1547,7,1,2,4,8,9,12,15,16,17,19
2017-04-02,07:00,1548,14,4,5,6,8,13,14,16,18,19,20
2017-04-02,08:00,1549,6,1,7,9,10,11,13,14,18,19,20
2017-04-02,09:00,1550,19,1,3,4,7,8,14,16,17,18,20
2017-04-02,10:00,1551,5,2,3,8,11,14,15,16,17,18,20
2017-04-02,11:00,1552,9,2,3,4,7,8,12,14,15,17,20
2017-04-02,12:00,1553,18,2,3,5,10,11,12,13,14,19,20
2017-04-02,13:00,1554,3,2,3,7,8,9,12,14,15,16,18
2017-04-02,14:00,1555,6,1,2,6,7,10,12,15,17,19,20
2017-04-02,15:00,1556,10,1,3,4,10,11,13,15,16,18,19
2017-04-02,16:00,1557,3,1,4,8,11,12,14,16,17,18,19
2017-04-02,17:00,1558,19,1,4,6,8,10,11,13,14,15,18
2017-04-02,18:00,1559,8,2,3,4,7,9,11,13,14,16,17
2017-04-02,19:00,1560,13,1,7,9,10,13,14,15,17,19,20
2017-04-02,20:00,1561,14,4,7,9,11,12,14,16,18,19,20
2017-04-02,21:00,1562,19,1,2,3,6,7,9,10,15,17,20
2017-04-02,22:00,1563,12,1,2,3,6,10,12,14,16,18,20
2017-04-02,23:00,1564,18,1,2,3,5,6,9,12,13,16,20
2017-04-03,07:00,1565,14,1,2,3,4,5,6,7,9,13,15
2017-04-03,08:00,1566,14,1,4,5,6,7,10,12,15,17,20
2017-04-03,09:00,1567,19,1,2,4,6,7,10,13,15,18,20
2017-04-03,10:00,1568,8,2,4,7,8,10,11,13,14,15,18
2017-04-03,11:00,1569,4,3,4,5,6,7,9,10,13,15,19
2017-04-03,12:00,1570,5,4,5,8,10,13,16,17,18,19,20
2017-04-03,13:00,1571,3,3,5,6,7,8,10,13,15,16,19
2017-04-03,14:00,1572,18,3,4,5,8,12,14,15,16,18,19
2017-04-03,15:00,1573,11,2,3,8,9,10,11,13,14,15,16
2017-04-03,16:00,1574,20,1,2,3,7,9,10,11,13,14,16
2017-04-03,17:00,1575,2,3,4,7,8,9,13,16,17,19,20
2017-04-03,18:00,1576,12,1,2,4,12,13,15,16,17,18,20
2017-04-03,19:00,1577,1,2,4,5,7,11,12,13,14,17,18
2017-04-03,20:00,1578,13,2,3,4,7,8,10,11,15,19,20
2017-04-03,21:00,1579,3,1,3,4,5,6,8,10,16,18,19
2017-04-03,22:00,1580,12,1,2,3,4,5,6,9,14,18,20
2017-04-03,23:00,1581,6,2,8,9,12,13,14,15,16,17,18
2017-04-04,07:00,1582,5,1,2,3,4,5,6,8,13,14,20
2017-04-04,08:00,1583,12,1,2,5,10,11,13,16,18,19,20
2017-04-04,09:00,1584,15,1,2,3,4,5,9,12,14,19,20
2017-04-04,10:00,1585,19,2,5,6,7,10,12,15,18,19,20
2017-04-04,11:00,1586,2,1,5,7,9,10,14,15,16,19,20
2017-04-04,12:00,1587,2,2,3,4,6,7,8,9,14,16,17
2017-04-04,13:00,1588,11,2,5,6,7,8,10,11,14,15,17
2017-04-04,14:00,1589,14,1,3,5,6,12,13,14,15,16,20
2017-04-04,15:00,1590,5,3,5,6,8,9,10,12,14,16,18
2017-04-04,16:00,1591,8,2,4,8,9,10,13,14,15,19,20
2017-04-04,17:00,1592,1,1,3,4,12,14,15,16,17,19,20
2017-04-04,18:00,1593,6,1,2,3,4,9,10,12,13,14,15
2017-04-04,19:00,1594,3,3,4,5,8,10,12,15,16,17,19
2017-04-04,20:00,1595,19,2,6,7,8,9,10,11,12,15,18
2017-04-04,21:00,1596,17,1,3,6,7,10,11,12,16,18,20
2017-04-04,22:00,1597,2,1,2,6,8,9,10,12,13,14,17
2017-04-04,23:00,1598,4,3,5,7,8,9,11,13,14,15,20
2017-04-05,07:00,1599,4,2,4,7,9,12,13,16,17,18,19
2017-04-05,08:00,1600,13,1,5,9,10,11,12,13,15,18,19
2017-04-05,09:00,1601,17,1,3,4,5,7,9,11,14,15,19
2017-04-05,10:00,1602,2,1,6,7,11,12,14,15,18,19,20
2017-04-05,11:00,1603,11,1,2,3,6,7,8,12,13,15,18
2017-04-05,12:00,1604,6,1,5,8,10,13,14,15,18,19,20
2017-04-05,13:00,1605,9,1,3,4,5,7,9,14,17,19,20
2017-04-05,14:00,1606,7,2,3,5,6,10,12,13,15,16,18
2017-04-05,15:00,1607,8,1,7,9,10,11,12,15,17,18,19
2017-04-05,16:00,1608,13,1,4,8,10,12,13,15,16,17,20
2017-04-05,17:00,1609,15,2,3,4,5,8,9,10,12,17,20
2017-04-05,18:00,1610,8,2,3,5,8,10,11,15,16,19,20
2017-04-05,19:00,1611,9,1,2,3,4,6,12,14,15,18,20
2017-04-05,20:00,1612,10,3,5,8,9,11,15,16,17,18,19
2017-04-05,21:00,1613,2,3,4,7,8,9,10,14,15,17,20
2017-04-05,22:00,1614,6,3,10,11,12,13,14,15,16,18,19
2017-04-05,23:00,1615,12,1,3,5,6,7,8,10,11,16,19
2017-04-06,07:00,1616,9,1,3,4,9,10,11,13,15,17,18
2017-04-06,08:00,1617,9,2,3,4,5,6,9,10,11,14,18
2017-04-06,09:00,1618,12,1,3,6,9,10,13,14,15,18,20
2017-04-06,10:00,1619,11,2,4,5,7,8,9,11,16,17,19
2017-04-06,11:00,1620,12,4,5,6,7,8,11,12,13,15,18
2017-04-06,12:00,1621,1,2,3,7,11,12,14,17,18,19,20
2017-04-06,13:00,1622,16,5,6,7,9,11,12,14,17,18,20
2017-04-06,14:00,1623,7,1,2,8,9,11,12,13,17,19,20
2017-04-06,15:00,1624,4,5,6,8,10,11,13,14,15,18,19
2017-04-06,16:00,1625,11,1,6,7,9,11,12,14,17,18,20
2017-04-06,17:00,1626,10,1,2,7,9,10,11,13,14,16,19
2017-04-06,18:00,1627,12,1,2,4,7,9,11,13,17,18,19
2017-04-06,19:00,1628,19,1,2,3,5,7,8,9,10,11,13
2017-04-06,20:00,1629,5,2,4,5,8,11,14,15,16,18,19
2017-04-06,21:00,1630,12,2,4,6,7,10,12,13,15,16,17
2017-04-06,22:00,1631,19,1,4,7,8,9,15,16,17,18,19
2017-04-06,23:00,1632,15,1,2,5,10,11,12,13,14,16,18
2017-04-07,07:00,1633,19,4,6,8,12,13,15,16,17,18,20
2017-04-07,08:00,1634,6,1,2,3,4,9,11,13,15,17,20
2017-04-07,09:00,1635,7,2,3,5,6,9,11,13,14,18,19
2017-04-07,10:00,1636,3,6,7,8,9,11,13,14,15,17,20
2017-04-07,11:00,1637,4,1,3,4,10,12,14,15,16,17,19
2017-04-07,12:00,1638,10,1,2,5,8,11,14,15,16,17,18
2017-04-07,13:00,1639,2,1,3,6,7,10,11,12,14,15,20
2017-04-07,14:00,1640,13,1,6,9,10,11,15,16,18,19,20
2017-04-07,15:00,1641,18,1,5,6,8,9,12,13,16,18,19
2017-04-07,16:00,1642,5,2,7,9,10,11,14,15,16,18,20
2017-04-07,17:00,1643,14,3,4,5,6,8,9,10,13,16,20
2017-04-07,18:00,1644,17,3,4,5,6,9,13,16,17,18,20
2017-04-07,19:00,1645,7,4,5,8,9,10,11,12,13,15,17
2017-04-07,20:00,1646,7,1,2,3,6,8,11,14,17,19,20
2017-04-07,21:00,1647,10,1,3,7,10,11,12,15,16,17,19
2017-04-07,22:00,1648,3,1,2,4,5,6,9,10,13,15,18
2017-04-07,23:00,1649,6,2,6,7,8,10,12,13,14,18,20
2017-04-08,07:00,1650,13,1,2,6,10,11,14,15,16,19,20
2017-04-08,08:00,1651,20,3,5,6,7,12,13,15,17,18,20
2017-04-08,09:00,1652,18,3,4,6,9,10,13,15,17,18,20
2017-04-08,10:00,1653,15,2,4,5,6,8,13,15,17,18,19
2017-04-08,11:00,1654,16,1,3,6,8,13,14,15,16,17,19
2017-04-08,12:00,1655,11,1,8,9,10,11,12,13,18,19,20
2017-04-08,13:00,1656,14,1,2,4,6,7,9,10,12,17,20
2017-04-08,14:00,1657,15,4,6,7,10,11,12,13,16,18,20
2017-04-08,15:00,1658,11,1,4,5,7,8,9,10,12,16,17
2017-04-08,16:00,1659,17,7,8,9,10,11,12,13,14,17,19
2017-04-08,17:00,1660,16,2,4,5,8,10,12,15,16,19,20
2017-04-08,18:00,1661,15,1,3,5,6,9,11,12,15,19,20
2017-04-08,19:00,1662,11,1,4,8,9,11,13,15,16,17,20
2017-04-08,20:00,1663,5,5,6,9,12,13,14,15,17,18,19
2017-04-08,21:00,1664,18,2,4,6,7,11,12,14,15,16,17
2017-04-08,22:00,1665,13,1,3,4,7,9,14,15,16,18,20
2017-04-08,23:00,1666,8,1,3,4,5,7,8,13,15,17,18
2017-04-09,07:00,1667,13,1,2,3,7,8,10,12,13,17,20
2017-04-09,08:00,1668,3,2,5,8,9,12,13,15,16,17,19
2017-04-09,09:00,1669,2,1,2,7,8,11,12,13,14,16,19
2017-04-09,10:00,1670,16,3,4,6,7,8,10,12,13,15,20
2017-04-09,11:00,1671,16,4,5,6,7,9,13,14,17,19,20
2017-04-09,12:00,1672,11,5,9,11,12,13,14,15,16,18,20
2017-04-09,13:00,1673,16,1,2,3,4,5,8,10,15,16,18
2017-04-09,14:00,1674,3,1,2,3,8,10,11,12,18,19,20
2017-04-09,15:00,1675,19,1,5,8,10,12,14,15,16,19,20
2017-04-09,16:00,1676,16,1,5,6,7,8,10,13,14,18,20
2017-04-09,17:00,1677,12,1,4,8,9,10,14,15,17,19,20
2017-04-09,18:00,1678,12,1,3,5,6,7,9,11,12,15,17
2017-04-09,19:00,1679,20,1,2,3,7,8,10,11,12,13,17
2017-04-09,20:00,1680,1,2,5,6,11,12,13,15,16,17,18
2017-04-09,21:00,1681,9,3,4,5,7,9,12,13,17,18,20
2017-04-09,22:00,1682,6,1,3,5,6,7,8,12,14,16,18
2017-04-09,23:00,1683,20,1,3,6,7,9,12,15,16,17,18
2017-04-10,07:00,1684,4,1,2,5,6,9,13,14,15,16,17
2017-04-10,08:00,1685,9,1,4,6,8,9,13,15,16,17,19
2017-04-10,09:00,1686,1,1,2,3,11,12,13,15,16,17,19
2017-04-10,10:00,1687,4,1,2,3,6,9,10,14,16,17,18
2017-04-10,11:00,1688,11,4,6,7,9,10,13,17,18,19,20
2017-04-10,12:00,1689,6,2,4,6,7,10,13,14,15,17,19
2017-04-10,13:00,1690,9,2,3,6,10,12,13,14,17,18,20
2017-04-10,14:00,1691,5,1,4,5,6,7,11,12,13,16,17
2017-04-10,15:00,1692,16,1,5,6,7,9,11,13,14,17,20
2017-04-10,16:00,1693,7,1,2,4,5,7,13,14,15,16,17
2017-04-10,17:00,1694,18,1,2,3,8,10,12,13,14,15,17
2017-04-10,18:00,1695,10,3,4,5,6,8,12,15,16,17,20
2017-04-10,19:00,1696,11,6,7,8,9,10,15,16,17,19,20
2017-04-10,20:00,1697,1,1,2,9,10,11,12,13,15,18,19
2017-04-10,21:00,1698,1,1,2,3,4,7,8,11,16,17,19
2017-04-10,22:00,1699,7,3,4,5,9,10,12,13,15,17,19
2017-04-10,23:00,1700,17,3,4,5,6,7,9,10,11,17,19
2017-04-11,07:00,1701,5,2,3,4,6,8,9,14,15,16,18
2017-04-11,08:00,1702,11,1,3,4,6,7,16,17,18,19,20
2017-04-11,09:00,1703,16,1,2,5,7,9,11,12,13,19,20
2017-04-11,10:00,1704,16,1,3,4,8,10,11,12,13,15,19
2017-04-11,11:00,1705,11,4,5,8,11,12,14,15,16,17,19
2017-04-11,12:00,1706,20,2,3,6,7,10,13,14,15,16,17
2017-04-11,13:00,1707,8,2,7,8,9,10,11,12,13,15,18
2017-04-11,14:00,1708,17,1,3,4,7,12,14,15,17,18,20
2017-04-11,15:00,1709,19,2,4,8,10,11,12,15,16,18,20
2017-04-11,16:00,1710,6,2,3,5,6,11,13,14,15,18,19
2017-04-11,17:00,1711,4,3,6,7,8,10,12,14,15,17,19
2017-04-11,18:00,1712,5,4,5,8,9,12,13,15,18,19,20
2017-04-11,19:00,1713,3,4,7,8,9,10,11,15,17,18,20
2017-04-11,20:00,1714,7,3,4,5,6,8,10,12,14,15,20
2017-04-11,21:00,1715,9,2,3,5,6,7,9,11,14,16,18
2017-04-11,22:00,1716,5,1,5,6,7,8,11,13,14,15,19
2017-04-11,23:00,1717,14,4,7,8,11,13,14,15,17,19,20
2017-04-12,07:00,1718,12,2,4,8,9,10,11,14,17,18,19
2017-04-12,08:00,1719,13,3,4,8,10,12,14,15,16,17,20
2017-04-12,09:00,1720,17,2,4,5,6,8,9,13,16,18,19
2017-04-12,10:00,1721,3,1,2,3,7,11,13,15,17,18,20
2017-04-12,11:00,1722,5,1,4,6,7,8,11,12,14,18,20
2017-04-12,12:00,1723,12,5,6,7,8,9,11,14,16,19,20
2017-04-12,13:00,1724,8,1,4,5,12,13,14,15,16,18,20
2017-04-12,14:00,1725,6,5,6,7,9,10,11,13,17,18,20
2017-04-12,15:00,1726,7,1,3,4,5,10,12,16,18,19,20
2017-04-12,16:00,1727,9,2,4,6,11,12,14,15,17,18,20
2017-04-12,17:00,1728,19,3,4,5,8,9,10,13,15,18,20
2017-04-12,18:00,1729,18,2,3,4,8,10,13,14,15,19,20
2017-04-12,19:00,1730,18,3,5,7,10,14,15,17,18,19,20
2017-04-12,20:00,1731,10,1,2,3,5,6,7,8,17,19,20
2017-04-12,21:00,1732,6,3,6,7,8,9,10,12,13,16,19
2017-04-12,22:00,1733,9,3,5,10,11,12,13,17,18,19,20
2017-04-12,23:00,1734,17,2,4,6,7,9,13,14,16,17,20
2017-04-13,07:00,1735,11,2,3,4,9,10,12,14,15,16,17
2017-04-13,08:00,1736,14,1,4,6,9,10,12,13,15,16,18
2017-04-13,09:00,1737,7,2,5,6,8,14,16,17,18,19,20
2017-04-13,10:00,1738,6,2,5,6,8,11,12,17,18,19,20
2017-04-13,11:00,1739,7,3,4,7,8,11,12,15,16,18,19
2017-04-13,12:00,1740,13,2,3,6,8,10,11,12,13,15,20
2017-04-13,13:00,1741,18,2,3,6,7,11,13,14,17,18,19
2017-04-13,14:00,1742,15,1,3,4,6,10,11,14,17,18,20
2017-04-13,15:00,1743,13,1,4,5,8,9,12,14,15,18,19
2017-04-13,16:00,1744,17,1,4,5,7,8,9,13,14,15,17
2017-04-13,17:00,1745,16,1,2,4,5,6,12,13,17,18,20
2017-04-13,18:00,1746,2,3,5,6,7,11,14,15,16,17,19
2017-04-13,19:00,1747,20,3,4,5,7,9,10,11,13,17,18
2017-04-13,20:00,1748,16,1,3,6,8,9,12,13,14,17,18
2017-04-13,21:00,1749,8,1,3,4,5,6,8,9,12,15,16
2017-04-13,22:00,1750,1,1,2,3,5,6,7,11,13,16,18
2017-04-13,23:00,1751,11,4,5,6,12,13,15,17,18,19,20
2017-04-14,07:00,1752,12,1,5,7,11,12,14,15,17,18,19
2017-04-14,08:00,1753,14,4,5,8,10,11,13,15,16,19,20
2017-04-14,09:00,1754,19,1,7,10,11,12,13,14,16,18,20
2017-04-14,10:00,1755,5,1,2,5,6,8,9,10,12,17,20
2017-04-14,11:00,1756,14,1,4,5,7,10,11,15,16,17,19
2017-04-14,12:00,1757,7,2,3,4,5,7,13,15,17,19,20
2017-04-14,13:00,1758,12,3,4,7,10,11,12,14,15,17,20
2017-04-14,14:00,1759,1,2,5,6,8,12,13,14,16,18,19
2017-04-14,15:00,1760,7,2,3,7,10,12,14,15,16,18,20
2017-04-14,16:00,1761,14,1,6,7,8,9,10,12,13,18,19
2017-04-14,17:00,1762,5,1,3,4,6,7,11,13,15,16,20
2017-04-14,18:00,1763,20,1,2,3,4,7,12,13,14,16,18
2017-04-14,19:00,1764,14,1,2,5,6,9,11,12,17,18,20
2017-04-14,20:00,1765,12,3,4,7,8,10,12,13,16,17,19
2017-04-14,21:00,1766,14,1,3,5,7,9,11,12,13,17,19
2017-04-14,22:00,1767,17,5,7,8,9,10,13,16,17,18,19
2017-04-14,23:00,1768,10,1,3,4,5,6,7,8,11,12,20
2017-04-15,07:00,1769,4,1,3,10,11,12,13,15,16,17,19
2017-04-15,08:00,1770,20,2,3,4,5,6,9,10,11,16,18
2017-04-15,09:00,1771,8,1,2,4,7,11,12,13,14,16,20
2017-04-15,10:00,1772,20,1,2,4,6,8,9,11,14,18,19
2017-04-15,11:00,1773,5,2,4,7,10,11,12,13,14,15,16
2017-04-15,12:00,1774,10,1,4,5,6,9,11,13,16,18,20
2017-04-15,13:00,1775,8,1,2,6,7,13,15,16,17,18,20
2017-04-15,14:00,1776,4,3,4,6,8,9,13,14,18,19,20
2017-04-15,15:00,1777,19,1,2,3,4,5,6,7,10,13,20
2017-04-15,16:00,1778,7,1,3,4,8,10,11,13,14,15,16
2017-04-15,17:00,1779,12,4,8,9,10,12,14,17,18,19,20
2017-04-15,18:00,1780,2,1,2,3,4,5,10,11,17,18,20
2017-04-15,19:00,1781,20,3,4,8,10,12,13,15,18,19,20
2017-04-15,20:00,1782,20,2,3,4,6,8,9,12,16,17,20
2017-04-15,21:00,1783,13,5,6,8,10,13,14,15,16,18,19
2017-04-15,22:00,1784,3,1,2,3,4,5,8,9,13,15,19
2017-04-15,23:00,1785,14,1,2,3,10,11,12,15,16,17,20
2017-04-16,07:00,1786,20,1,2,4,5,7,10,11,12,14,17
2017-04-16,08:00,1787,13,4,5,6,7,9,10,13,14,16,17
2017-04-16,09:00,1788,20,1,2,6,7,9,10,11,14,15,17
2017-04-16,10:00,1789,8,1,3,7,10,11,14,15,18,19,20
2017-04-16,11:00,1790,1,2,3,6,9,13,16,17,18,19,20
2017-04-16,12:00,1791,12,1,3,5,10,11,12,13,17,18,19
2017-04-16,13:00,1792,4,2,3,4,7,9,12,13,14,15,18
2017-04-16,14:00,1793,12,2,3,4,8,9,12,13,14,15,17
2017-04-16,15:00,1794,3,2,6,7,8,12,14,16,17,19,20
2017-04-16,16:00,1795,12,1,2,4,5,6,9,10,17,18,20
2017-04-16,17:00,1796,10,1,2,4,5,6,9,10,11,15,16
2017-04-16,18:00,1797,9,1,3,7,8,13,14,15,17,18,20
2017-04-16,19:00,1798,19,4,5,6,7,8,9,13,16,17,18
2017-04-16,20:00,1799,15,1,2,3,4,8,9,12,13,17,20
2017-04-16,21:00,1800,17,1,2,4,9,10,12,13,14,17,18
2017-04-16,22:00,1801,9,2,3,4,6,7,8,9,10,13,20
2017-04-16,23:00,1802,3,2,3,4,5,7,10,13,14,16,17
2017-04-17,07:00,1803,11,2,5,7,8,12,15,16,17,18,20
2017-04-17,08:00,1804,19,2,3,6,8,11,12,16,17,18,20
2017-04-17,09:00,1805,14,2,3,4,6,7,10,12,13,15,18
2017-04-17,10:00,1806,19,1,6,9,10,11,12,13,16,17,20
2017-04-17,11:00,1807,6,1,4,6,10,11,12,13,15,16,18
2017-04-17,12:00,1808,9,4,8,9,10,11,12,15,16,18,20
2017-04-17,13:00,1809,16,1,3,8,11,12,13,14,15,16,20
2017-04-17,14:00,1810,18,1,2,3,7,9,11,12,13,14,18
2017-04-17,15:00,1811,15,2,5,6,8,10,12,16,18,19,20
2017-04-17,16:00,1812,3,2,5,6,9,11,13,15,16,18,19
2017-04-17,17:00,1813,19,2,3,9,10,12,13,14,16,17,20
2017-04-17,18:00,1814,15,2,6,7,10,12,13,14,17,18,19
2017-04-17,19:00,1815,1,1,2,8,11,12,14,16,17,18,19
2017-04-17,20:00,1816,18,2,3,4,5,7,10,15,17,19,20
2017-04-17,21:00,1817,7,4,7,8,10,11,13,15,17,18,20
2017-04-17,22:00,1818,5,6,7,8,9,11,13,14,15,16,18
2017-04-17,23:00,1819,15,4,5,6,7,9,10,14,16,17,20
2017-04-18,07:00,1820,18,2,3,5,6,8,10,12,14,16,19
2017-04-18,08:00,1821,5,1,5,7,10,12,15,17,18,19,20
2017-04-18,09:00,1822,5,1,2,3,4,5,9,12,16,18,20
2017-04-18,10:00,1823,16,1,3,4,6,7,9,10,12,15,18
2017-04-18,11:00,1824,8,1,3,6,7,8,11,12,14,16,19
2017-04-18,12:00,1825,19,1,5,7,8,11,16,17,18,19,20
2017-04-18,13:00,1826,15,2,3,4,5,6,8,13,15,17,19
2017-04-18,14:00,1827,17,2,4,5,7,8,9,14,15,16,17
2017-04-18,15:00,1828,12,3,6,8,9,11,12,14,15,19,20
2017-04-18,16:00,1829,15,2,3,6,7,8,10,11,13,19,20
2017-04-18,17:00,1830,1,1,5,6,9,10,14,16,17,19,20
2017-04-18,18:00,1831,2,6,7,9,10,12,13,14,15,16,19
2017-04-18,19:00,1832,4,2,3,9,11,12,14,15,16,19,20
2017-04-18,20:00,1833,2,1,3,4,6,8,10,11,14,15,17
2017-04-18,21:00,1834,12,1,2,3,5,8,9,14,15,16,20
2017-04-18,22:00,1835,11,3,4,5,7,10,11,12,13,14,17
2017-04-18,23:00,1836,18,4,5,6,7,9,11,12,17,18,20
2017-04-19,07:00,1837,17,2,4,6,7,10,14,15,16,17,18
2017-04-19,08:00,1838,10,1,2,9,10,11,12,15,16,18,19
2017-04-19,09:00,1839,15,2,3,4,5,7,10,15,16,17,19
2017-04-19,10:00,1840,16,1,2,4,5,7,11,13,15,16,18
2017-04-19,11:00,1841,16,2,5,6,7,9,11,13,14,16,20
2017-04-19,12:00,1842,20,2,3,5,9,10,12,14,15,17,18
2017-04-19,13:00,1843,19,7,8,9,10,13,16,17,18,19,20
2017-04-19,14:00,1844,8,2,5,7,10,11,12,13,15,19,20
2017-04-19,15:00,1845,3,1,2,3,6,8,9,11,14,18,20
2017-04-19,16:00,1846,13,2,5,6,9,11,13,15,17,18,19
2017-04-19,17:00,1847,4,1,2,4,5,7,10,13,14,15,19
2017-04-19,18:00,1848,18,2,4,5,6,10,11,12,13,16,17
2017-04-19,19:00,1849,8,1,3,4,5,7,12,13,14,15,17
2017-04-19,20:00,1850,15,1,3,4,5,10,13,14,16,17,20
2017-04-19,21:00,1851,18,2,3,7,9,10,11,12,13,15,19
2017-04-19,22:00,1852,12,4,7,8,9,11,12,14,15,17,20
2017-04-19,23:00,1853,18,2,4,6,9,10,12,13,14,15,17
2017-04-20,07:00,1854,14,1,2,5,6,8,12,13,14,19,20
2017-04-20,08:00,1855,7,2,5,8,10,12,13,14,18,19,20
2017-04-20,09:00,1856,18,1,2,4,8,9,11,12,14,15,16
2017-04-20,10:00,1857,13,3,4,6,8,10,13,14,15,16,18
2017-04-20,11:00,1858,17,5,6,7,9,11,13,14,16,18,19
2017-04-20,12:00,1859,16,1,2,3,5,8,11,16,17,19,20
2017-04-20,13:00,1860,3,4,7,9,10,11,12,15,17,19,20
2017-04-20,14:00,1861,17,2,3,4,8,10,13,14,15,19,20
2017-04-20,15:00,1862,13,1,2,3,5,6,7,10,11,13,19
2017-04-20,16:00,1863,15,2,5,7,9,10,11,12,14,15,18
2017-04-20,17:00,1864,3,1,2,4,6,7,9,13,14,15,17
2017-04-20,18:00,1865,10,2,3,4,5,8,14,16,17,19,20
2017-04-20,19:00,1866,7,2,4,5,7,8,9,13,15,18,19
2017-04-20,20:00,1867,8,1,2,5,6,7,12,13,16,17,20
2017-04-20,21:00,1868,17,1,3,4,6,7,10,12,13,16,18
2017-04-20,22:00,1869,5,1,2,3,11,13,14,17,18,19,20
2017-04-20,23:00,1870,13,2,4,5,9,11,13,14,15,16,18
2017-04-21,07:00,1871,15,1,2,7,8,9,10,11,12,17,19
2017-04-21,08:00,1872,5,1,2,3,6,7,9,10,13,15,19
2017-04-21,09:00,1873,8,2,4,6,9,10,11,12,14,16,18
2017-04-21,10:00,1874,6,2,6,7,8,9,11,13,16,17,20
2017-04-21,11:00,1875,13,2,3,9,11,12,13,14,16,19,20
2017-04-21,12:00,1876,13,2,4,8,9,12,13,15,16,18,20
2017-04-21,13:00,1877,3,2,3,4,6,12,13,14,15,16,20
2017-04-21,14:00,1878,11,2,4,6,7,10,12,13,17,18,19
2017-04-21,15:00,1879,16,1,3,4,8,10,11,13,15,17,19
2017-04-21,16:00,1880,20,1,2,3,4,7,9,14,16,18,20
2017-04-21,17:00,1881,12,3,4,5,8,9,12,13,14,18,20
2017-04-21,18:00,1882,11,4,5,6,8,11,12,13,14,17,18
2017-04-21,19:00,1883,18,1,2,3,5,6,7,8,11,12,17
2017-04-21,20:00,1884,6,1,3,4,6,8,13,14,17,18,19
2017-04-21,21:00,1885,17,3,4,6,8,11,12,13,15,17,20
2017-04-21,22:00,1886,16,1,3,7,8,9,10,11,13,17,18
2017-04-21,23:00,1887,17,2,3,4,5,7,11,12,13,16,20
2017-04-22,07:00,1888,15,2,3,4,5,9,11,14,16,19,20
2017-04-22,08:00,1889,7,1,2,5,7,8,9,10,15,16,19
2017-04-22,09:00,1890,8,1,2,5,7,9,12,13,14,15,16
2017-04-22,10:00,1891,15,2,3,4,5,6,7,11,15,16,20
2017-04-22,11:00,1892,2,2,3,4,6,8,11,12,18,19,20
2017-04-22,12:00,1893,20,1,6,9,11,12,14,15,16,18,20
2017-04-22,13:00,1894,16,2,5,7,8,9,13,14,16,17,19
2017-04-22,14:00,1895,12,1,4,7,8,10,14,16,17,19,20
2017-04-22,15:00,1896,6,2,3,4,5,6,7,8,12,13,18
2017-04-22,16:00,1897,14,2,3,6,7,14,15,16,17,18,19
2017-04-22,17:00,1898,10,1,2,3,9,13,16,17,18,19,20
2017-04-22,18:00,1899,3,1,2,5,9,13,14,17,18,19,20
2017-04-22,19:00,1900,13,1,7,8,9,13,14,15,16,17,19
2017-04-22,20:00,1901,10,1,3,9,11,13,14,15,16,17,20
2017-04-22,21:00,1902,15,1,2,4,7,8,12,14,15,17,19
2017-04-22,22:00,1903,18,1,3,4,5,6,9,13,14,15,16
2017-04-22,23:00,1904,10,1,3,4,7,11,13,14,16,17,19
2017-04-23,07:00,1905,20,2,6,7,8,9,10,14,17,18,19
2017-04-23,08:00,1906,1,1,2,3,5,7,8,14,16,18,19
2017-04-23,09:00,1907,2,1,3,6,9,10,12,13,16,19,20
2017-04-23,10:00,1908,17,3,4,5,7,9,11,12,14,15,16
2017-04-23,11:00,1909,19,3,6,7,8,9,10,12,14,18,19
2017-04-23,12:00,1910,17,1,4,7,9,10,11,12,15,16,17
2017-04-23,13:00,1911,19,1,2,3,6,8,11,12,14,16,17
2017-04-23,14:00,1912,3,1,4,6,7,10,11,12,13,17,19
2017-04-23,15:00,1913,12,1,3,5,6,8,10,14,16,17,18
2017-04-23,16:00,1914,13,1,3,5,9,11,13,15,17,18,20
2017-04-23,17:00,1915,4,1,5,7,9,11,13,14,18,19,20
2017-04-23,18:00,1916,6,6,7,9,10,12,14,16,18,19,20
2017-04-23,19:00,1917,10,1,2,5,6,9,10,12,13,14,18
2017-04-23,20:00,1918,12,4,6,8,11,12,14,16,18,19,20
2017-04-23,21:00,1919,2,3,8,9,10,11,12,13,14,15,20
2017-04-23,22:00,1920,3,1,2,3,5,11,13,15,16,18,19
2017-04-23,23:00,1921,7,2,4,5,6,8,9,10,13,19,20
2017-04-24,07:00,1922,3,2,3,4,5,6,9,16,17,18,20
2017-04-24,08:00,1923,13,2,3,5,7,8,9,12,14,15,16
2017-04-24,09:00,1924,20,1,6,8,10,11,12,13,16,17,18
2017-04-24,10:00,1925,8,2,3,4,6,9,13,15,16,17,18
2017-04-24,11:00,1926,18,1,2,3,4,6,7,16,17,18,19
2017-04-24,12:00,1927,10,2,3,4,8,10,12,14,15,16,19
2017-04-24,13:00,1928,4,1,6,7,8,9,12,14,16,19,20
2017-04-24,14:00,1929,2,5,6,7,8,9,12,15,16,18,20
2017-04-24,15:00,1930,6,1,2,3,6,7,9,10,11,13,19
2017-04-24,16:00,1931,13,3,4,6,8,12,13,14,15,17,18
2017-04-24,17:00,1932,1,1,2,3,4,7,9,14,15,16,17
2017-04-24,18:00,1933,7,2,4,5,7,8,10,11,12,15,17
2017-04-24,19:00,1934,1,1,2,5,10,11,12,14,15,16,20
2017-04-24,20:00,1935,3,2,4,5,8,11,12,14,15,18,19
2017-04-24,21:00,1936,18,3,6,7,10,11,16,17,18,19,20
2017-04-24,22:00,1937,8,1,2,3,9,10,13,15,18,19,20
2017-04-24,23:00,1938,11,1,7,9,10,12,13,16,17,19,20
2017-04-25,07:00,1939,17,3,8,9,11,14,15,16,17,18,19
2017-04-25,08:00,1940,6,2,3,8,9,11,12,14,16,17,18
2017-04-25,09:00,1941,16,2,3,6,9,11,12,13,14,15,20
2017-04-25,10:00,1942,8,2,3,4,5,6,8,9,11,12,14
2017-04-25,11:00,1943,13,2,3,5,9,14,15,17,18,19,20
2017-04-25,12:00,1944,4,2,4,6,7,10,12,13,14,17,19
2017-04-25,13:00,1945,5,2,7,9,10,11,12,13,14,19,20
2017-04-25,14:00,1946,7,1,2,6,7,9,10,14,15,16,20
2017-04-25,15:00,1947,4,4,5,7,8,9,11,12,16,19,20
2017-04-25,16:00,1948,19,2,4,5,7,11,12,13,15,16,17
2017-04-25,17:00,1949,9,2,3,4,6,9,10,12,13,17,18
2017-04-25,18:00,1950,18,2,5,8,9,13,15,16,18,19,20
2017-04-25,19:00,1951,16,5,8,9,11,12,15,16,18,19,20
2017-04-25,20:00,1952,3,2,3,4,6,8,10,12,14,19,20
2017-04-25,21:00,1953,10,8,9,12,13,14,15,17,18,19,20
2017-04-25,22:00,1954,12,2,4,6,8,9,11,12,14,18,19
2017-04-25,23:00,1955,4,2,3,5,6,9,12,16,17,18,19
2017-04-26,07:00,1956,13,1,4,5,7,12,13,17,18,19,20
2017-04-26,08:00,1957,3,6,9,10,12,13,14,15,16,17,20
2017-04-26,09:00,1958,10,1,3,4,5,6,9,13,16,18,20
2017-04-26,10:00,1959,9,1,2,6,7,10,11,12,17,18,20
2017-04-26,11:00,1960,10,1,2,4,7,8,13,15,16,18,19
2017-04-26,12:00,1961,3,1,5,8,9,10,12,13,14,16,18
2017-04-26,13:00,1962,15,2,4,5,7,8,9,11,12,15,20
2017-04-26,14:00,1963,4,4,5,6,9,10,12,15,16,17,18
2017-04-26,15:00,1964,4,2,4,5,6,7,9,15,18,19,20
2017-04-26,16:00,1965,18,1,3,5,7,9,11,13,14,16,18
2017-04-26,17:00,1966,18,1,3,4,5,6,11,15,17,18,19
2017-04-26,18:00,1967,3,5,7,8,9,10,12,14,15,18,19
2017-04-26,19:00,1968,19,1,3,4,11,12,13,14,15,16,19
2017-04-26,20:00,1969,14,2,3,6,8,10,11,13,15,19,20
2017-04-26,21:00,1970,3,4,6,7,8,9,14,15,17,18,20
2017-04-26,22:00,1971,18,1,5,6,7,8,11,12,14,15,16
2017-04-26,23:00,1972,3,1,3,4,5,6,12,14,15,16,18
2017-04-27,07:00,1973,16,2,3,5,6,7,8,12,14,15,16
2017-04-27,08:00,1974,18,2,4,5,6,7,8,9,10,13,20
2017-04-27,09:00,1975,7,1,3,5,6,8,11,13,17,18,19
2017-04-27,10:00,1976,15,3,4,7,10,11,12,14,16,18,19
2017-04-27,11:00,1977,13,7,8,9,10,11,13,14,15,17,19
2017-04-27,12:00,1978,5,1,3,4,7,10,14,15,16,18,20
2017-04-27,13:00,1979,4,1,2,4,6,9,10,11,14,15,18
2017-04-27,14:00,1980,14,3,4,5,8,9,10,12,15,16,18
2017-04-27,15:00,1981,16,2,8,9,10,11,12,15,16,19,20
2017-04-27,16:00,1982,16,1,2,4,6,7,9,10,14,15,17
2017-04-27,17:00,1983,19,1,3,4,9,10,12,13,17,19,20
2017-04-27,18:00,1984,10,5,7,9,11,14,15,16,17,18,20
2017-04-27,19:00,1985,12,1,6,8,10,12,13,14,16,17,18
2017-04-27,20:00,1986,2,1,2,4,6,7,11,12,15,19,20
2017-04-27,21:00,1987,9,1,2,3,9,10,12,14,16,17,19
2017-04-27,22:00,1988,9,2,3,4,5,8,13,15,16,19,20
2017-04-27,23:00,1989,9,1,3,4,5,9,10,14,15,17,19
2017-04-28,07:00,1990,1,4,8,9,10,13,14,15,17,19,20
2017-04-28,08:00,1991,4,2,3,5,8,9,10,11,12,14,16
2017-04-28,09:00,1992,5,1,5,6,8,10,13,14,15,19,20
2017-04-28,10:00,1993,9,1,2,4,6,8,9,16,17,18,19
2017-04-28,11:00,1994,18,3,4,5,6,10,13,14,16,17,20
2017-04-28,12:00,1995,12,3,8,9,10,11,12,14,15,18,19
2017-04-28,13:00,1996,2,1,4,8,9,12,14,16,17,19,20
2017-04-28,14:00,1997,9,1,4,6,7,10,14,15,16,17,18
2017-04-28,15:00,1998,6,1,2,7,10,11,12,15,16,17,18
2017-04-28,16:00,1999,14,3,4,6,8,9,11,16,18,19,20
2017-04-28,17:00,2000,6,1,2,3,4,5,8,11,15,17,19
2017-04-28,18:00,2001,19,5,6,7,11,12,15,16,18,19,20
2017-04-28,19:00,2002,20,3,4,6,7,10,11,12,13,16,17
2017-04-28,20:00,2003,10,1,2,5,8,14,15,16,17,18,20
2017-04-28,21:00,2004,20,1,2,3,4,5,7,8,12,14,18
2017-04-28,22:00,2005,19,2,4,6,9,11,14,16,18,19,20
2017-04-28,23:00,2006,5,6,7,8,9,10,11,13,16,18,20
2017-04-29,07:00,2007,1,1,2,5,9,11,12,14,15,16,19
2017-04-29,08:00,2008,18,1,4,6,10,11,12,13,17,18,19
2017-04-29,09:00,2009,4,2,5,8,10,11,14,15,16,17,19
2017-04-29,10:00,2010,10,1,2,3,5,6,7,13,14,16,19
2017-04-29,11:00,2011,20,1,3,5,6,7,8,12,14,17,19
2017-04-29,12:00,2012,18,1,9,10,11,12,13,14,18,19,20
2017-04-29,13:00,2013,6,5,7,8,10,11,12,13,14,16,20
2017-04-29,14:00,2014,14,5,7,10,11,12,13,15,16,19,20
2017-04-29,15:00,2015,14,4,5,6,7,8,10,11,16,17,18
2017-04-29,16:00,2016,16,2,3,5,8,9,10,14,16,18,20
2017-04-29,17:00,2017,1,2,4,5,6,9,12,13,14,15,18
2017-04-29,18:00,2018,20,1,4,10,13,14,15,16,17,18,20
2017-04-29,19:00,2019,11,2,3,5,8,10,12,15,16,17,18
2017-04-29,20:00,2020,19,1,2,3,4,6,9,11,13,17,20
2017-04-29,21:00,2021,11,1,4,7,10,11,16,17,18,19,20
2017-04-29,22:00,2022,8,2,4,7,9,11,13,16,17,18,20
2017-04-29,23:00,2023,15,4,5,6,8,10,11,14,15,17,20
2017-04-30,07:00,2024,2,2,3,5,7,9,11,14,15,17,18
2017-04-30,08:00,2025,6,1,6,7,8,10,12,15,16,17,18
2017-04-30,09:00,2026,13,1,3,4,5,6,9,10,12,15,19
2017-04-30,10:00,2027,7,2,3,5,6,9,11,12,13,14,18
2017-04-30,11:00,2028,11,2,3,5,6,9,11,12,14,16,19
2017-04-30,12:00,2029,7,2,4,9,10,11,12,13,14,19,20
2017-04-30,13:00,2030,13,4,5,7,9,10,11,14,15,18,19
2017-04-30,14:00,2031,12,2,3,8,9,11,12,13,15,16,18
2017-04-30,15:00,2032,3,1,6,10,11,12,15,17,18,19,20
2017-04-30,16:00,2033,14,4,6,8,10,11,12,13,15,17,19
2017-04-30,17:00,2034,7,4,5,6,8,10,11,12,14,19,20
2017-04-30,18:00,2035,12,1,3,4,6,7,9,11,13,14,19
2017-04-30,19:00,2036,11,1,3,5,6,8,10,11,15,16,17
2017-04-30,20:00,2037,12,2,4,5,9,10,11,12,13,17,20
2017-04-30,21:00,2038,12,2,3,4,7,8,13,14,16,17,20
2017-04-30,22:00,2039,1,5,6,7,9,13,14,16,17,19,20
2017-04-30,23:00,2040,17,3,4,5,10,11,12,13,15,16,19
2017-05-01,07:00,2041,9,1,2,5,7,10,11,13,14,16,17
2017-05-01,08:00,2042,15,2,3,4,5,9,10,13,15,16,20
2017-05-01,09:00,2043,11,2,3,4,8,10,11,14,15,16,17
2017-05-01,10:00,2044,3,1,3,5,8,12,15,16,18,19,20
2017-05-01,11:00,2045,19,2,3,4,6,7,8,16,18,19,20
2017-05-01,12:00,2046,8,2,5,6,8,10,12,14,16,17,18
2017-05-01,13:00,2047,10,1,4,5,6,7,8,9,15,17,18
2017-05-01,14:00,2048,5,5,6,7,11,12,13,16,17,18,19
2017-05-01,15:00,2049,15,2,4,6,7,9,10,12,14,15,17
2017-05-01,16:00,2050,19,2,3,4,5,7,11,14,15,19,20
2017-05-01,17:00,2051,1,1,5,6,9,10,11,14,16,17,20
2017-05-01,18:00,2052,10,1,3,4,6,11,13,14,15,16,19
2017-05-01,19:00,2053,16,1,3,4,5,8,11,12,14,16,20
2017-05-01,20:00,2054,15,2,3,8,9,11,12,13,16,19,20
2017-05-01,21:00,2055,16,1,2,4,10,11,13,14,16,17,20
2017-05-01,22:00,2056,14,1,2,4,5,7,9,12,13,17,18
2017-05-01,23:00,2057,9,3,5,6,9,12,13,17,18,19,20
2017-05-02,07:00,2058,11,3,4,6,9,10,12,14,15,16,20
2017-05-02,08:00,2059,12,3,4,5,6,7,9,10,12,13,18
2017-05-02,09:00,2060,11,4,6,9,10,12,13,15,16,17,18
2017-05-02,10:00,2061,18,1,4,5,7,12,13,16,17,18,19
2017-05-02,11:00,2062,5,2,4,7,8,10,11,12,14,19,20
2017-05-02,12:00,2063,3,2,3,4,5,7,9,10,17,18,20
2017-05-02,13:00,2064,1,5,6,7,10,11,12,14,15,17,20
2017-05-02,14:00,2065,9,2,6,7,9,12,13,16,17,19,20
2017-05-02,15:00,2066,6,3,5,8,9,10,11,12,13,15,16
2017-05-02,16:00,2067,1,1,3,8,9,12,14,15,16,19,20
2017-05-02,17:00,2068,20,1,2,3,5,7,9,15,16,19,20
2017-05-02,18:00,2069,8,1,3,5,6,11,12,13,17,18,19
2017-05-02,19:00,2070,3,1,2,4,6,7,9,12,16,17,20
2017-05-02,20:00,2071,16,2,3,5,9,12,13,14,15,17,18
2017-05-02,21:00,2072,5,1,2,3,4,5,6,9,12,16,17
2017-05-02,22:00,2073,14,1,2,3,7,9,10,12,13,18,20
2017-05-02,23:00,2074,11,1,4,5,6,7,11,14,15,16,17
2017-05-03,07:00,2075,17,1,2,4,7,10,11,13,15,17,18
2017-05-03,08:00,2076,14,1,2,3,4,6,12,14,17,18,19
2017-05-03,09:00,2077,18,3,5,6,8,9,10,14,17,19,20
2017-05-03,10:00,2078,7,1,3,4,10,11,12,13,15,16,18
2017-05-03,11:00,2079,11,1,5,6,7,8,9,11,13,15,19
2017-05-03,12:00,2080,10,1,3,6,8,10,11,13,14,15,19
2017-05-03,13:00,2081,18,1,2,3,7,8,9,10,12,19,20
2017-05-03,14:00,2082,8,1,3,8,10,11,13,17,18,19,20
2017-05-03,15:00,2083,14,2,6,7,9,10,12,13,15,18,19
2017-05-03,16:00,2084,13,1,2,4,6,8,9,13,14,17,20
2017-05-03,17:00,2085,20,2,3,5,6,8,9,10,11,12,15
2017-05-03,18:00,2086,5,1,4,5,8,12,13,14,16,18,20
2017-05-03,19:00,2087,10,1,3,4,5,9,11,13,15,17,20
2017-05-03,20:00,2088,4,2,4,8,10,13,14,15,16,17,18
2017-05-03,21:00,2089,13,1,2,5,7,8,12,14,15,16,19
2017-05-03,22:00,2090,10,1,5,6,9,10,11,12,17,18,19
2017-05-03,23:00,2091,7,3,4,5,6,9,10,15,16,18,20
2017-05-04,07:00,2092,5,3,5,6,9,10,12,13,17,19,20
2017-05-04,08:00,2093,6,2,3,4,8,9,11,15,16,17,18
2017-05-04,09:00,2094,9,1,3,4,5,6,9,10,13,14,20
2017-05-04,10:00,2095,2,1,2,4,6,8,10,12,13,14,19
2017-05-04,11:00,2096,12,1,2,3,4,6,9,12,13,16,18
2017-05-04,12:00,2097,11,1,2,4,6,7,9,11,13,15,20
2017-05-04,13:00,2098,20,2,5,6,8,9,10,12,13,16,19
2017-05-04,14:00,2099,5,2,3,4,7,8,10,12,17,19,20
2017-05-04,15:00,2100,9,1,2,3,5,9,11,12,15,19,20
2017-05-04,16:00,2101,13,1,3,7,8,10,11,12,16,18,19
2017-05-04,17:00,2102,2,4,5,8,9,12,14,15,16,19,20
2017-05-04,18:00,2103,19,2,3,4,5,6,11,14,16,17,18
2017-05-04,19:00,2104,18,2,3,5,8,10,11,13,15,18,19
2017-05-04,20:00,2105,9,1,3,5,6,7,8,11,12,14,17
2017-05-04,21:00,2106,17,1,3,4,7,8,9,10,15,19,20
2017-05-04,22:00,2107,15,3,4,5,6,7,8,10,15,17,20
2017-05-04,23:00,2108,14,2,3,4,5,9,12,13,14,16,17
2017-05-05,07:00,2109,5,2,3,4,5,7,9,10,16,17,19
2017-05-05,08:00,2110,13,1,3,7,8,9,10,11,13,14,16
2017-05-05,09:00,2111,14,1,2,3,4,7,8,12,17,18,19
2017-05-05,10:00,2112,18,1,4,5,8,13,14,15,16,17,20
2017-05-05,11:00,2113,6,3,7,8,9,11,13,14,16,18,19
2017-05-05,12:00,2114,16,1,3,4,8,11,12,13,16,17,20
2017-05-05,13:00,2115,14,2,3,4,5,8,10,13,15,18,20
2017-05-05,14:00,2116,3,2,3,4,5,6,9,11,13,16,19
2017-05-05,15:00,2117,11,4,6,8,11,12,13,14,15,16,19
2017-05-05,16:00,2118,4,2,4,6,7,9,11,12,13,19,20
2017-05-05,17:00,2119,8,1,4,8,9,11,14,15,16,19,20
2017-05-05,18:00,2120,15,2,3,6,9,10,11,15,17,19,20
2017-05-05,19:00,2121,14,3,4,7,8,9,10,13,16,18,19
2017-05-05,20:00,2122,2,1,3,5,7,9,13,15,16,17,20
2017-05-05,21:00,2123,12,3,4,5,7,8,9,12,17,19,20
2017-05-05,22:00,2124,19,2,5,7,9,12,13,15,18,19,20
2017-05-05,23:00,2125,12,1,4,7,8,10,12,15,16,17,19
2017-05-06,07:00,2126,1,2,3,6,7,8,9,11,16,19,20
2017-05-06,08:00,2127,11,1,2,3,7,9,11,12,16,17,19
2017-05-06,09:00,2128,20,1,3,4,5,10,11,12,14,18,19
2017-05-06,10:00,2129,20,1,6,7,9,11,12,14,16,18,20
2017-05-06,11:00,2130,3,1,3,4,7,8,9,15,18,19,20
2017-05-06,12:00,2131,7,1,4,5,7,11,12,13,14,17,20
2017-05-06,13:00,2132,4,1,3,4,5,8,12,15,16,17,18
2017-05-06,14:00,2133,2,6,7,9,10,12,16,17,18,19,20
2017-05-06,15:00,2134,4,1,5,7,13,14,16,17,18,19,20
2017-05-06,16:00,2135,16,1,4,5,11,12,14,15,16,18,20
2017-05-06,17:00,2136,11,1,2,4,7,11,12,13,16,17,19
2017-05-06,18:00,2137,10,4,5,7,8,9,11,15,16,17,18
2017-05-06,19:00,2138,19,1,2,6,8,9,10,11,14,18,20
2017-05-06,20:00,2139,3,4,5,10,12,13,15,16,18,19,20
2017-05-06,21:00,2140,3,2,3,4,5,13,15,16,17,18,19
2017-05-06,22:00,2141,3,3,4,6,7,8,10,11,12,13,17
2017-05-06,23:00,2142,14,1,2,4,5,7,10,13,14,16,17
2017-05-07,07:00,2143,18,2,3,6,7,11,13,15,16,17,20
2017-05-07,08:00,2144,18,1,4,6,9,10,11,14,15,18,19
2017-05-07,09:00,2145,5,2,7,10,11,12,13,14,15,18,20
2017-05-07,10:00,2146,2,4,6,11,12,13,15,16,17,18,20
2017-05-07,11:00,2147,18,1,3,5,9,10,12,15,16,17,20
2017-05-07,12:00,2148,5,1,3,5,6,8,9,12,15,16,20
2017-05-07,13:00,2149,17,2,5,7,12,13,16,17,18,19,20
2017-05-07,14:00,2150,13,1,3,5,6,9,13,14,17,19,20
2017-05-07,15:00,2151,3,1,3,4,7,13,15,17,18,19,20
2017-05-07,16:00,2152,4,3,7,8,9,10,11,12,16,18,20
2017-05-07,17:00,2153,16,2,3,7,8,10,12,15,16,18,20
2017-05-07,18:00,2154,18,4,6,7,10,11,12,13,15,17,19
2017-05-07,19:00,2155,16,1,2,3,5,10,13,14,15,16,19
2017-05-07,20:00,2156,5,1,3,4,5,7,8,10,11,17,18
2017-05-07,21:00,2157,9,1,2,4,9,10,11,13,15,18,19
2017-05-07,22:00,2158,13,2,4,5,8,9,10,14,18,19,20
2017-05-07,23:00,2159,14,1,3,6,8,11,15,16,17,18,20
2017-05-08,07:00,2160,1,1,3,4,5,6,7,10,11,14,15
2017-05-08,08:00,2161,12,2,5,7,9,10,13,15,16,17,18
2017-05-08,09:00,2162,13,3,6,11,12,13,14,17,18,19,20
2017-05-08,10:00,2163,3,1,2,3,4,5,6,9,11,17,18
2017-05-08,11:00,2164,8,2,3,5,7,9,11,12,14,15,17
2017-05-08,12:00,2165,20,1,2,7,8,9,11,15,16,18,19
2017-05-08,13:00,2166,7,2,4,6,9,10,13,15,18,19,20
2017-05-08,14:00,2167,14,1,5,6,7,10,11,12,13,19,20
2017-05-08,15:00,2168,12,3,5,6,7,12,13,14,15,19,20
2017-05-08,16:00,2169,10,4,5,6,10,11,13,15,17,18,19
2017-05-08,17:00,2170,8,1,2,4,6,9,11,14,16,18,19
2017-05-08,18:00,2171,7,4,6,7,9,12,13,14,15,18,20
2017-05-08,19:00,2172,5,2,3,6,7,8,10,11,14,15,20
2017-05-08,20:00,2173,2,1,5,6,7,8,13,15,17,19,20
2017-05-08,21:00,2174,18,1,2,3,8,9,10,13,15,17,18
2017-05-08,22:00,2175,3,2,3,6,7,11,14,16,18,19,20
2017-05-08,23:00,2176,14,1,2,4,5,6,7,9,10,12,17
2017-05-09,07:00,2177,7,2,3,4,5,8,10,13,18,19,20
2017-05-09,08:00,2178,14,3,4,6,7,9,11,15,17,18,20
2017-05-09,09:00,2179,4,1,3,6,10,14,15,16,17,18,20
2017-05-09,10:00,2180,12,1,3,4,6,7,9,11,17,18,20
2017-05-09,11:00,2181,13,4,5,6,11,12,15,16,18,19,20
2017-05-09,12:00,2182,5,1,2,3,4,5,9,11,14,18,20
2017-05-09,13:00,2183,19,4,5,6,10,11,12,13,15,16,17
2017-05-09,14:00,2184,17,1,3,5,6,9,10,14,15,18,20
2017-05-09,15:00,2185,19,2,3,5,6,8,11,13,14,17,20
2017-05-09,16:00,2186,1,1,2,4,5,6,9,10,11,16,18
2017-05-09,17:00,2187,7,1,2,6,8,11,12,13,15,18,20
2017-05-09,18:00,2188,2,1,2,4,7,9,10,16,17,19,20
2017-05-09,19:00,2189,1,1,2,4,5,10,13,15,16,17,18
2017-05-09,20:00,2190,4,2,4,6,10,12,13,14,15,18,20
2017-05-09,21:00,2191,13,1,3,5,6,7,11,12,15,16,18
2017-05-09,22:00,2192,19,1,4,11,12,13,14,15,16,18,19
2017-05-09,23:00,2193,20,1,2,5,7,11,12,13,14,16,17
2017-05-10,07:00,2194,8,1,5,6,8,10,13,14,15,19,20
2017-05-10,08:00,2195,19,4,6,7,8,9,11,13,16,18,19
2017-05-10,09:00,2196,4,1,4,5,6,11,12,13,15,16,19
2017-05-10,10:00,2197,8,1,3,7,8,9,10,12,13,14,15
2017-05-10,11:00,2198,16,4,5,6,10,11,12,13,17,18,19
2017-05-10,12:00,2199,2,2,3,4,5,6,7,12,14,15,18
2017-05-10,13:00,2200,15,2,3,4,5,10,12,15,16,17,19
2017-05-10,14:00,2201,4,3,5,6,9,13,14,15,16,18,19
2017-05-10,15:00,2202,3,1,2,3,4,5,7,12,13,15,19
2017-05-10,16:00,2203,8,1,3,4,5,8,10,11,13,16,19
2017-05-10,17:00,2204,5,2,5,6,7,9,11,12,13,16,17
2017-05-10,18:00,2205,20,1,4,7,11,12,13,16,17,19,20
2017-05-10,19:00,2206,6,1,2,7,8,10,12,13,14,16,17
2017-05-10,20:00,2207,4,1,2,3,4,8,9,14,16,19,20
2017-05-10,21:00,2208,13,2,5,6,7,9,11,13,15,16,19
2017-05-10,22:00,2209,15,2,3,6,7,10,11,14,17,18,20
2017-05-10,23:00,2210,9,4,6,7,8,10,15,16,17,18,20
2017-05-11,07:00,2211,15,1,8,9,10,13,14,15,18,19,20
2017-05-11,08:00,2212,11,1,2,4,6,7,13,15,16,18,20
2017-05-11,09:00,2213,15,1,3,5,6,10,12,15,17,18,20
2017-05-11,10:00,2214,14,3,5,6,8,10,11,13,16,17,18
2017-05-11,11:00,2215,13,1,2,3,7,8,9,11,14,16,19
2017-05-11,12:00,2216,4,2,3,4,10,11,12,15,16,17,20
2017-05-11,13:00,2217,16,1,2,4,5,6,10,12,15,17,20
2017-05-11,14:00,2218,10,2,3,4,6,7,9,10,13,15,20
2017-05-11,15:00,2219,9,3,4,6,8,12,13,14,15,19,20
2017-05-11,16:00,2220,15,1,3,5,8,9,10,13,14,17,19
2017-05-11,17:00,2221,4,3,7,8,9,10,11,15,17,18,20
2017-05-11,18:00,2222,9,2,7,10,11,12,13,14,15,16,18
2017-05-11,19:00,2223,14,2,4,5,6,7,8,12,14,16,18
2017-05-11,20:00,2224,6,3,4,6,9,11,12,13,14,16,18
2017-05-11,21:00,2225,1,1,2,4,9,10,11,14,17,19,20
2017-05-11,22:00,2226,3,3,4,5,10,11,12,14,16,18,20
2017-05-11,23:00,2227,1,1,5,7,8,10,11,13,14,17,20
2017-05-12,07:00,2228,15,1,2,3,7,8,9,11,15,17,18
2017-05-12,08:00,2229,1,5,6,7,8,9,11,12,15,17,18
2017-05-12,09:00,2230,20,2,3,8,11,12,13,14,18,19,20
2017-05-12,10:00,2231,2,1,3,5,9,12,13,14,16,18,20
2017-05-12,11:00,2232,1,1,2,4,7,8,13,14,15,16,17
2017-05-12,12:00,2233,15,1,3,4,10,13,15,16,17,19,20
2017-05-12,13:00,2234,16,1,6,8,11,12,13,14,15,18,20
2017-05-12,14:00,2235,14,1,2,4,5,11,14,16,17,18,19
2017-05-12,15:00,2236,2,2,4,6,8,9,13,16,17,19,20
2017-05-12,16:00,2237,6,4,5,7,8,11,13,15,17,19,20
2017-05-12,17:00,2238,9,1,3,5,7,8,9,13,14,15,18
2017-05-12,18:00,2239,7,2,6,7,8,9,13,15,18,19,20
2017-05-12,19:00,2240,19,1,3,4,7,9,10,12,14,17,20
2017-05-12,20:00,2241,6,1,2,6,7,10,12,13,15,17,19
2017-05-12,21:00,2242,11,1,2,5,6,8,11,13,16,19,20
2017-05-12,22:00,2243,17,1,2,6,7,9,10,12,17,18,20
2017-05-12,23:00,2244,10,1,2,5,6,7,9,10,12,16,18
2017-05-13,07:00,2245,5,2,6,9,12,15,16,17,18,19,20
2017-05-13,08:00,2246,20,2,3,4,7,8,10,12,15,16,17
2017-05-13,09:00,2247,12,2,4,7,8,10,12,13,14,17,19
2017-05-13,10:00,2248,6,1,5,6,8,10,11,12,15,17,20
2017-05-13,11:00,2249,12,2,3,4,8,12,14,15,16,18,19
2017-05-13,12:00,2250,18,1,5,6,10,12,13,14,15,18,20
2017-05-13,13:00,2251,12,2,3,6,7,10,13,15,16,17,19
2017-05-13,14:00,2252,5,1,2,4,5,6,12,14,15,19,20
2017-05-13,15:00,2253,18,1,2,3,5,6,7,8,13,15,16
2017-05-13,16:00,2254,9,2,5,6,8,10,12,14,16,17,18
2017-05-13,17:00,2255,1,1,3,7,9,10,11,12,14,15,16
2017-05-13,18:00,2256,17,4,5,9,11,12,13,15,16,17,18
2017-05-13,19:00,2257,11,1,2,4,8,11,13,14,15,17,19
2017-05-13,20:00,2258,18,4,5,7,8,10,12,16,17,18,20
2017-05-13,21:00,2259,4,2,5,6,7,11,15,16,17,18,20
2017-05-13,22:00,2260,5,1,2,4,8,9,10,13,15,16,17
2017-05-13,23:00,2261,6,1,2,5,7,10,11,12,13,14,18
2017-05-14,07:00,2262,15,1,2,3,4,6,8,16,17,18,19
2017-05-14,08:00,2263,7,1,2,6,7,10,11,12,16,17,19
2017-05-14,09:00,2264,6,1,2,3,5,9,10,11,13,14,20
2017-05-14,10:00,2265,15,4,5,6,9,12,14,15,16,17,19
2017-05-14,11:00,2266,6,1,4,6,7,11,12,13,17,19,20
2017-05-14,12:00,2267,19,2,4,6,10,13,14,15,17,18,19
2017-05-14,13:00,2268,3,1,3,5,8,12,13,14,17,18,19
2017-05-14,14:00,2269,9,2,4,5,7,8,11,16,17,18,20
2017-05-14,15:00,2270,2,1,3,4,5,9,10,11,13,19,20
2017-05-14,16:00,2271,17,3,5,7,9,11,13,14,16,19,20
2017-05-14,17:00,2272,13,1,3,7,9,10,11,12,15,16,17
2017-05-14,18:00,2273,6,2,3,8,9,10,12,13,17,18,19
2017-05-14,19:00,2274,1,1,2,4,5,11,13,14,17,18,19
2017-05-14,20:00,2275,3,6,7,8,9,10,11,12,13,15,20
2017-05-14,21:00,2276,11,1,2,4,6,7,8,12,14,18,19
2017-05-14,22:00,2277,3,1,2,5,7,8,12,14,15,19,20
2017-05-14,23:00,2278,7,1,3,5,7,9,10,13,14,17,20
2017-05-15,07:00,2279,15,3,5,7,8,9,11,12,15,16,18
2017-05-15,08:00,2280,17,1,2,3,5,7,11,14,16,19,20
2017-05-15,09:00,2281,6,5,6,9,10,11,13,14,16,19,20
2017-05-15,10:00,2282,3,3,4,5,6,10,11,12,13,16,19
2017-05-15,11:00,2283,2,2,3,5,9,10,11,12,14,17,18
2017-05-15,12:00,2284,17,3,4,8,9,10,11,12,17,18,20
2017-05-15,13:00,2285,7,1,4,5,6,11,12,15,16,17,18
2017-05-15,14:00,2286,11,2,3,6,9,12,13,14,16,17,18
2017-05-15,15:00,2287,18,5,8,9,10,12,13,16,17,18,20
2017-05-15,16:00,2288,16,3,5,9,12,13,14,15,16,18,19
2017-05-15,17:00,2289,20,2,3,8,11,13,14,16,17,19,20
2017-05-15,18:00,2290,8,1,3,4,10,11,12,13,14,16,20
2017-05-15,19:00,2291,19,2,4,7,8,10,12,14,16,17,18
2017-05-15,20:00,2292,10,2,3,4,5,6,8,9,12,14,17
2017-05-15,21:00,2293,13,3,5,6,7,8,9,10,11,13,14
2017-05-15,22:00,2294,16,2,4,6,7,8,10,12,13,17,18
2017-05-15,23:00,2295,19,5,6,10,12,13,14,15,18,19,20
2017-05-16,07:00,2296,17,1,2,6,9,11,13,14,16,17,18
2017-05-16,08:00,2297,17,2,3,4,6,8,9,11,15,17,20
2017-05-16,09:00,2298,20,2,3,4,6,7,10,13,16,19,20
2017-05-16,10:00,2299,7,1,4,5,7,9,12,17,18,19,20
2017-05-16,11:00,2300,6,2,6,9,12,13,14,15,17,19,20
2017-05-16,12:00,2301,6,2,3,10,11,12,13,14,18,19,20
2017-05-16,13:00,2302,7,1,3,4,5,7,8,10,12,15,17
2017-05-16,14:00,2303,10,1,3,5,6,8,9,12,14,16,19
2017-05-16,15:00,2304,16,3,4,5,6,8,10,11,13,14,16
2017-05-16,16:00,2305,14,2,4,8,10,13,14,15,16,17,20
2017-05-16,17:00,2306,17,2,4,6,7,8,9,12,13,14,15
2017-05-16,18:00,2307,10,1,3,5,7,8,10,14,17,19,20
2017-05-16,19:00,2308,8,1,2,7,10,11,15,16,17,19,20
2017-05-16,20:00,2309,1,1,2,4,7,8,11,14,16,18,20
2017-05-16,21:00,2310,5,2,3,5,7,12,13,17,18,19,20
2017-05-16,22:00,2311,13,2,3,4,10,11,12,14,15,19,20
2017-05-16,23:00,2312,5,1,2,3,5,9,11,12,14,17,18
2017-05-17,07:00,2313,13,1,2,4,5,6,9,13,15,16,19
2017-05-17,08:00,2314,13,2,3,4,5,6,7,10,13,14,19
2017-05-17,09:00,2315,11,1,4,7,8,12,14,17,18,19,20
2017-05-17,10:00,2316,5,1,3,4,5,7,12,14,15,16,19
2017-05-17,11:00,2317,18,2,3,4,5,7,13,15,18,19,20
2017-05-17,12:00,2318,4,2,6,8,10,12,13,15,16,19,20
2017-05-17,13:00,2319,20,3,5,7,8,9,11,13,15,18,20
2017-05-17,14:00,2320,8,1,4,5,6,8,10,11,12,14,20
2017-05-17,15:00,2321,3,2,3,7,9,10,13,14,17,19,20
2017-05-17,16:00,2322,1,3,7,9,11,12,13,14,15,17,20
2017-05-17,17:00,2323,20,1,2,4,8,10,12,13,14,17,18
2017-05-17,18:00,2324,20,1,6,8,9,12,13,14,17,19,20
2017-05-17,19:00,2325,2,1,2,4,5,6,9,11,16,18,19
2017-05-17,20:00,2326,7,4,6,9,11,14,15,16,17,18,20
2017-05-17,21:00,2327,20,1,5,8,10,12,13,14,15,19,20
2017-05-17,22:00,2328,7,1,5,8,10,12,13,15,16,19,20
2017-05-17,23:00,2329,11,1,2,4,6,9,13,14,15,17,19
2017-05-18,07:00,2330,14,1,3,5,6,9,11,14,17,18,20
2017-05-18,08:00,2331,6,1,4,7,10,14,15,16,17,18,19
2017-05-18,09:00,2332,13,2,5,6,10,11,12,13,14,16,18
2017-05-18,10:00,2333,10,1,4,7,8,10,12,14,15,18,20
2017-05-18,11:00,2334,13,2,3,5,8,9,12,16,17,18,20
2017-05-18,12:00,2335,16,1,2,4,5,7,10,14,15,16,17
2017-05-18,13:00,2336,19,5,6,7,8,10,13,16,17,19,20
2017-05-18,14:00,2337,5,1,4,6,8,9,10,12,15,18,19
2017-05-18,15:00,2338,10,3,5,6,8,11,13,14,15,16,19
2017-05-18,16:00,2339,8,8,9,10,12,14,15,16,18,19,20
2017-05-18,17:00,2340,9,3,4,7,12,13,14,15,16,19,20
2017-05-18,18:00,2341,14,4,5,6,7,8,9,15,18,19,20
2017-05-18,19:00,2342,18,1,2,3,5,8,9,11,12,13,17
2017-05-18,20:00,2343,2,2,3,6,10,11,12,13,14,16,19
2017-05-18,21:00,2344,15,5,6,7,8,10,11,12,13,17,20
2017-05-18,22:00,2345,1,3,4,5,7,11,12,14,16,18,20
2017-05-18,23:00,2346,1,1,2,4,7,9,12,17,18,19,20
2017-05-19,07:00,2347,19,1,7,9,11,13,15,17,18,19,20
2017-05-19,08:00,2348,7,1,2,3,5,6,7,11,13,14,16
2017-05-19,09:00,2349,17,2,3,5,6,12,13,14,15,16,19
2017-05-19,10:00,2350,15,3,4,9,10,11,13,15,17,18,20
2017-05-19,11:00,2351,2,3,5,6,7,8,9,11,14,17,18
2017-05-19,12:00,2352,12,1,5,6,11,12,13,14,17,19,20
2017-05-19,13:00,2353,10,1,3,4,5,7,8,14,15,17,18
2017-05-19,14:00,2354,12,1,2,3,5,6,9,10,15,16,17
2017-05-19,15:00,2355,1,1,3,5,6,8,10,12,14,16,18
2017-05-19,16:00,2356,10,2,5,9,10,11,12,13,14,15,19
2017-05-19,17:00,2357,19,3,5,6,9,10,11,12,18,19,20
2017-05-19,18:00,2358,16,1,2,5,6,8,15,16,17,18,20
2017-05-19,19:00,2359,10,2,3,8,9,11,14,15,16,17,19
2017-05-19,20:00,2360,20,1,2,3,4,5,6,8,10,17,18
2017-05-19,21:00,2361,1,1,2,3,4,8,10,11,14,17,19
2017-05-19,22:00,2362,1,2,7,8,9,11,12,13,14,15,16
2017-05-19,23:00,2363,20,1,2,3,4,7,9,10,13,15,19
2017-05-20,07:00,2364,2,1,5,6,7,8,11,13,15,16,19
2017-05-20,08:00,2365,13,3,5,6,9,10,13,14,16,17,18
2017-05-20,09:00,2366,7,2,3,5,7,8,9,10,13,14,17
2017-05-20,10:00,2367,18,2,5,9,10,12,13,15,17,19,20
2017-05-20,11:00,2368,16,3,4,7,8,13,16,17,18,19,20
2017-05-20,12:00,2369,6,3,4,6,7,9,12,13,14,17,19
2017-05-20,13:00,2370,15,1,4,5,7,9,13,16,18,19,20
2017-05-20,14:00,2371,3,2,5,6,7,8,9,10,12,13,17
2017-05-20,15:00,2372,4,2,3,4,6,8,10,11,12,18,20
2017-05-20,16:00,2373,20,2,3,6,9,11,13,16,17,18,20
2017-05-20,17:00,2374,15,3,5,6,7,8,10,11,14,18,20
2017-05-20,18:00,2375,4,4,5,8,9,11,12,13,14,17,20
2017-05-20,19:00,2376,6,2,4,5,6,7,8,11,15,16,17
2017-05-20,20:00,2377,6,1,2,4,5,6,7,15,17,18,19
2017-05-20,21:00,2378,17,1,6,7,8,11,15,16,17,19,20
2017-05-20,22:00,2379,20,2,3,4,5,6,11,13,18,19,20
2017-05-20,23:00,2380,20,1,3,4,5,8,9,12,13,15,20
2017-05-21,07:00,2381,10,4,6,7,8,9,14,15,16,17,20
2017-05-21,08:00,2382,18,3,4,6,7,8,10,11,12,17,20
2017-05-21,09:00,2383,2,2,3,7,8,10,11,17,18,19,20
2017-05-21,10:00,2384,20,3,4,6,9,11,13,14,15,17,18
2017-05-21,11:00,2385,8,1,2,5,7,12,13,15,16,17,19
2017-05-21,12:00,2386,17,1,3,5,6,7,12,14,15,18,19
2017-05-21,13:00,2387,18,1,2,3,4,9,10,13,16,19,20
2017-05-21,14:00,2388,4,3,4,5,7,12,15,16,17,18,19
2017-05-21,15:00,2389,11,1,2,3,6,7,8,10,11,14,19
2017-05-21,16:00,2390,6,2,3,6,7,12,13,15,16,18,19
2017-05-21,17:00,2391,4,2,3,4,5,9,11,13,17,18,19
2017-05-21,18:00,2392,14,3,5,6,9,11,13,14,15,17,18
2017-05-21,19:00,2393,4,1,2,3,4,11,12,13,14,15,16
2017-05-21,20:00,2394,14,1,3,4,6,7,8,10,12,14,18
2017-05-21,21:00,2395,16,2,5,7,8,10,12,15,17,18,19
2017-05-21,22:00,2396,7,1,6,8,9,10,11,13,16,19,20
2017-05-21,23:00,2397,10,2,4,7,8,9,11,14,15,18,19
2017-05-22,07:00,2398,9,1,3,4,5,9,10,13,14,15,20
2017-05-22,08:00,2399,12,2,3,4,8,10,13,14,16,18,19
2017-05-22,09:00,2400,15,2,3,4,5,7,9,11,15,17,19
2017-05-22,10:00,2401,17,4,5,6,7,9,10,13,15,16,17
2017-05-22,11:00,2402,20,2,3,4,5,6,7,9,10,12,17
2017-05-22,12:00,2403,10,1,4,6,7,8,9,10,11,13,16
2017-05-22,13:00,2404,16,2,4,5,6,7,9,10,11,13,18
2017-05-22,14:00,2405,1,2,3,4,5,7,10,12,13,14,20
2017-05-22,15:00,2406,15,1,5,7,9,11,12,16,17,18,20
2017-05-22,16:00,2407,2,2,3,4,6,7,8,10,11,13,16
2017-05-22,17:00,2408,7,6,8,10,11,12,13,15,16,18,19
2017-05-22,18:00,2409,5,2,7,11,12,13,14,16,18,19,20
2017-05-22,19:00,2410,13,2,3,4,5,6,7,8,15,16,20
2017-05-22,20:00,2411,11,2,3,6,7,10,12,15,16,17,19
2017-05-22,21:00,2412,10,2,3,6,11,13,14,15,18,19,20
2017-05-22,22:00,2413,11,2,3,5,7,8,10,15,16,17,19
2017-05-22,23:00,2414,9,1,3,4,5,6,10,12,14,18,20
2017-05-23,07:00,2415,7,1,2,4,8,11,14,15,17,19,20
2017-05-23,08:00,2416,11,2,4,7,9,10,14,16,17,18,20
2017-05-23,09:00,2417,14,1,2,5,7,9,10,13,15,17,18
2017-05-23,10:00,2418,12,2,3,5,8,10,11,14,17,18,20
2017-05-23,11:00,2419,19,2,3,4,6,7,9,10,11,19,20
2017-05-23,12:00,2420,7,3,4,5,6,7,9,10,13,17,20
2017-05-23,13:00,2421,19,1,2,3,4,6,7,13,15,16,19
2017-05-23,14:00,2422,5,3,5,6,7,8,15,16,17,18,19
2017-05-23,15:00,2423,4,2,3,4,5,7,8,9,10,13,15
2017-05-23,16:00,2424,12,3,4,5,8,9,11,13,14,15,17
2017-05-23,17:00,2425,13,1,2,3,6,7,10,11,15,18,20
2017-05-23,18:00,2426,4,1,2,5,6,8,12,14,15,19,20
2017-05-23,19:00,2427,18,3,7,9,11,13,14,16,18,19,20
2017-05-23,20:00,2428,19,1,3,4,5,6,7,9,10,16,19
2017-05-23,21:00,2429,10,1,2,3,4,5,8,9,10,12,14
2017-05-23,22:00,2430,12,1,2,5,6,8,10,12,15,19,20
2017-05-23,23:00,2431,3,1,3,5,6,11,12,13,14,16,18
2017-05-24,07:00,2432,17,1,7,9,10,12,14,15,16,17,19
2017-05-24,08:00,2433,8,1,3,5,7,9,11,15,16,17,19
2017-05-24,09:00,2434,18,1,4,7,8,9,11,13,15,18,19
2017-05-24,10:00,2435,8,2,3,4,7,8,9,12,14,16,17
2017-05-24,11:00,2436,15,4,7,9,10,11,14,16,18,19,20
2017-05-24,12:00,2437,9,2,3,4,6,11,14,15,16,17,18
2017-05-24,13:00,2438,11,2,3,4,5,7,10,13,14,15,18
2017-05-24,14:00,2439,8,1,3,5,8,10,12,16,17,18,19
2017-05-24,15:00,2440,5,2,3,9,12,13,14,15,18,19,20
2017-05-24,16:00,2441,20,2,3,5,7,10,11,13,15,19,20
2017-05-24,17:00,2442,11,1,8,9,12,14,15,17,18,19,20
2017-05-24,18:00,2443,11,3,5,6,7,8,9,11,13,18,19
2017-05-24,19:00,2444,8,3,5,6,8,9,10,14,17,18,20
2017-05-24,20:00,2445,17,2,6,7,9,11,12,14,15,19,20
2017-05-24,21:00,2446,14,2,4,6,8,10,11,12,13,14,19
2017-05-24,22:00,2447,2,1,3,4,10,12,13,14,15,16,19
2017-05-24,23:00,2448,14,1,2,3,6,12,13,15,16,17,18
2017-05-25,07:00,2449,2,1,3,4,5,6,11,12,16,17,20
2017-05-25,08:00,2450,18,3,4,5,6,10,11,14,16,17,18
2017-05-25,09:00,2451,19,2,4,5,8,9,10,14,18,19,20
2017-05-25,10:00,2452,17,4,6,7,9,10,11,13,15,18,19
2017-05-25,11:00,2453,19,3,4,6,8,11,13,15,17,18,19
2017-05-25,12:00,2454,14,1,2,4,5,8,9,12,13,16,17
2017-05-25,13:00,2455,4,2,4,5,12,13,15,16,17,18,19
2017-05-25,14:00,2456,1,1,2,4,9,11,12,14,15,16,19
2017-05-25,15:00,2457,12,1,4,6,12,13,14,16,17,18,20
2017-05-25,16:00,2458,8,1,2,4,5,10,13,14,15,16,18
2017-05-25,17:00,2459,20,6,8,9,11,12,14,15,17,18,19
2017-05-25,18:00,2460,20,4,7,11,13,14,15,16,17,19,20
2017-05-25,19:00,2461,16,2,3,5,9,10,11,12,17,18,20
2017-05-25,20:00,2462,2,1,3,5,8,9,10,13,15,17,19
2017-05-25,21:00,2463,1,1,6,7,8,11,14,16,18,19,20
2017-05-25,22:00,2464,17,2,3,4,5,9,12,15,16,17,20
2017-05-25,23:00,2465,17,1,2,3,4,11,12,14,18,19,20
2017-05-26,07:00,2466,20,1,2,4,5,6,7,8,9,10,16
2017-05-26,08:00,2467,20,2,3,8,11,13,15,16,18,19,20
2017-05-26,09:00,2468,7,1,4,10,13,14,16,17,18,19,20
2017-05-26,10:00,2469,8,1,4,6,8,9,11,14,15,18,20
2017-05-26,11:00,2470,6,1,3,4,5,8,9,12,13,16,19
2017-05-26,12:00,2471,14,1,3,4,5,10,11,12,13,16,20
2017-05-26,13:00,2472,14,2,4,7,9,11,12,14,18,19,20
2017-05-26,14:00,2473,10,1,3,5,6,7,12,15,17,19,20
2017-05-26,15:00,2474,3,1,2,6,8,9,10,11,13,18,20
2017-05-26,16:00,2475,3,2,3,4,5,8,13,14,16,19,20
2017-05-26,17:00,2476,16,3,4,5,7,9,11,12,13,15,16
2017-05-26,18:00,2477,20,1,4,5,7,9,11,12,15,16,19
2017-05-26,19:00,2478,9,2,5,6,8,11,13,15,17,18,20
2017-05-26,20:00,2479,9,1,4,5,6,7,8,10,16,17,20
2017-05-26,21:00,2480,13,2,3,6,7,9,11,14,15,16,18
2017-05-26,22:00,2481,7,4,5,6,7,8,10,14,15,17,19
2017-05-26,23:00,2482,4,1,2,3,4,6,9,10,14,16,19
2017-05-27,07:00,2483,18,1,3,4,5,12,14,15,16,18,19
2017-05-27,08:00,2484,1,1,2,6,8,13,15,16,17,18,19
2017-05-27,09:00,2485,4,3,4,7,9,15,16,17,18,19,20
2017-05-27,10:00,2486,17,3,4,5,6,7,8,12,15,16,20
2017-05-27,11:00,2487,20,3,4,6,12,13,14,16,17,18,19
2017-05-27,12:00,2488,10,2,5,6,7,10,11,12,17,18,19
2017-05-27,13:00,2489,14,1,3,5,6,9,11,12,14,17,19
2017-05-27,14:00,2490,13,2,5,7,8,9,10,11,12,13,20
2017-05-27,15:00,2491,8,1,4,6,7,9,14,16,17,18,19
2017-05-27,16:00,2492,20,4,6,8,9,11,12,14,15,16,20
2017-05-27,17:00,2493,4,3,5,7,9,13,14,15,17,18,20
2017-05-27,18:00,2494,1,2,3,6,8,10,13,14,15,17,18
2017-05-27,19:00,2495,14,3,8,9,11,12,13,14,15,16,19
2017-05-27,20:00,2496,7,1,2,4,7,8,9,11,13,16,18
2017-05-27,21:00,2497,11,2,4,5,8,10,14,16,17,18,20
2017-05-27,22:00,2498,1,1,3,8,9,10,12,17,18,19,20
2017-05-27,23:00,2499,6,3,6,9,10,11,13,15,16,17,19
2017-05-28,07:00,2500,13,2,3,4,5,6,8,10,13,14,20
2017-05-28,08:00,2501,2,2,3,4,6,7,8,11,15,16,19
2017-05-28,09:00,2502,10,2,4,6,7,13,14,15,17,18,20
2017-05-28,10:00,2503,6,1,2,6,8,9,10,12,14,17,19
2017-05-28,11:00,2504,16,1,3,4,6,8,9,15,16,17,19
2017-05-28,12:00,2505,7,2,3,7,8,9,11,12,13,17,18
2017-05-28,13:00,2506,8,1,3,4,5,6,8,10,15,16,18
2017-05-28,14:00,2507,5,1,4,5,7,10,13,14,15,17,19
2017-05-28,15:00,2508,4,1,2,4,5,7,8,10,11,15,17
2017-05-28,16:00,2509,15,2,3,6,9,11,12,13,14,17,18
2017-05-28,17:00,2510,3,1,2,3,7,10,11,14,15,16,17
2017-05-28,18:00,2511,17,3,4,8,14,15,16,17,18,19,20
2017-05-28,19:00,2512,13,3,5,6,7,8,9,14,18,19,20
2017-05-28,20:00,2513,3,2,4,8,9,11,12,14,16,17,18
2017-05-28,21:00,2514,2,1,4,5,6,9,13,14,16,17,20
2017-05-28,22:00,2515,2,1,7,8,9,13,14,15,16,18,19
2017-05-28,23:00,2516,18,2,4,5,6,11,13,15,17,18,19
2017-05-29,07:00,2517,11,1,3,6,7,10,13,17,18,19,20
2017-05-29,08:00,2518,4,1,4,9,11,13,15,16,17,18,20
2017-05-29,09:00,2519,7,1,4,5,7,8,9,10,11,12,16
2017-05-29,10:00,2520,19,4,6,8,9,14,15,16,17,19,20
2017-05-29,11:00,2521,19,1,2,3,4,8,14,15,16,17,20
2017-05-29,12:00,2522,5,7,8,11,13,14,15,16,17,18,19
2017-05-29,13:00,2523,19,1,5,11,13,14,15,16,17,19,20
2017-05-29,14:00,2524,18,1,2,3,7,8,13,16,17,18,20
2017-05-29,15:00,2525,17,2,3,4,8,10,12,16,18,19,20
2017-05-29,16:00,2526,6,1,2,3,9,11,13,14,16,17,20
2017-05-29,17:00,2527,5,2,4,5,6,10,11,15,17,19,20
2017-05-29,18:00,2528,13,1,2,5,6,7,8,12,14,18,20
2017-05-29,19:00,2529,20,5,6,8,9,10,11,17,18,19,20
2017-05-29,20:00,2530,20,1,2,7,9,10,11,12,14,15,16
2017-05-29,21:00,2531,9,2,4,5,8,10,13,16,18,19,20
2017-05-29,22:00,2532,15,2,5,6,12,13,14,15,16,18,19
2017-05-29,23:00,2533,3,1,4,5,7,9,10,14,17,18,19
2017-05-30,07:00,2534,4,1,5,6,7,8,10,12,14,15,20
2017-05-30,08:00,2535,11,2,4,5,6,9,10,11,12,15,20
2017-05-30,09:00,2536,18,1,2,3,4,6,11,12,15,18,19
2017-05-30,10:00,2537,13,1,3,11,12,13,15,16,18,19,20
2017-05-30,11:00,2538,9,1,2,5,6,7,10,15,17,18,19
2017-05-30,12:00,2539,5,2,3,4,8,9,11,12,14,17,20
2017-05-30,13:00,2540,6,1,3,5,6,10,11,12,14,15,17
2017-05-30,14:00,2541,13,2,5,7,8,12,14,15,16,17,19
2017-05-30,15:00,2542,15,2,4,5,7,8,10,12,13,14,19
2017-05-30,16:00,2543,12,1,2,5,7,8,11,12,13,15,18
2017-05-30,17:00,2544,3,1,3,4,5,8,11,16,17,19,20
2017-05-30,18:00,2545,17,1,6,7,9,11,12,15,16,19,20
2017-05-30,19:00,2546,14,2,4,5,6,7,11,12,14,17,19
2017-05-30,20:00,2547,6,2,4,6,11,13,14,15,16,17,18
2017-05-30,21:00,2548,13,7,9,13,14,15,16,17,18,19,20
2017-05-30,22:00,2549,12,1,4,5,8,10,13,16,17,19,20
2017-05-30,23:00,2550,19,4,5,8,9,10,11,16,17,18,19
2017-05-31,07:00,2551,2,1,2,3,6,7,9,16,17,19,20
2017-05-31,08:00,2552,2,4,5,7,9,10,12,13,16,18,19
2017-05-31,09:00,2553,20,2,4,5,7,8,10,14,16,17,19
2017-05-31,10:00,2554,16,1,2,3,6,8,9,12,15,17,19
2017-05-31,11:00,2555,6,7,9,10,12,13,14,15,16,18,20
2017-05-31,12:00,2556,13,4,5,7,10,12,13,14,16,19,20
2017-05-31,13:00,2557,12,1,2,3,4,7,8,9,15,18,19
2017-05-31,14:00,2558,4,3,6,7,8,9,10,14,15,19,20
2017-05-31,15:00,2559,12,6,9,10,11,14,15,16,17,18,19
2017-05-31,16:00,2560,14,1,5,7,8,9,11,12,13,18,20
2017-05-31,17:00,2561,1,4,7,8,12,13,15,16,17,18,20
2017-05-31,18:00,2562,16,4,5,6,7,8,9,10,15,18,20
2017-05-31,19:00,2563,5,1,4,6,7,9,10,11,12,17,19
2017-05-31,20:00,2564,4,1,3,5,8,9,11,13,17,18,20
2017-05-31,21:00,2565,16,2,3,6,7,9,16,17,18,19,20
2017-05-31,22:00,2566,11,1,2,4,8,9,13,15,16,17,20
2017-05-31,23:00,2567,16,1,2,3,4,5,10,12,13,17,20
2017-06-01,07:00,2568,19,4,8,9,11,14,15,16,17,19,20
2017-06-01,08:00,2569,3,2,3,4,5,6,7,13,14,15,19
2017-06-01,09:00,2570,6,2,3,5,7,11,12,14,15,16,17
2017-06-01,10:00,2571,18,2,4,5,8,9,11,14,16,17,19
2017-06-01,11:00,2572,8,1,2,3,4,5,8,9,10,14,16
2017-06-01,12:00,2573,14,3,4,7,8,11,12,13,16,17,19
2017-06-01,13:00,2574,11,2,3,4,5,7,11,13,14,16,19
2017-06-01,14:00,2575,2,2,3,4,6,8,9,10,14,15,16
2017-06-01,15:00,2576,7,1,4,5,8,9,10,11,12,16,20
2017-06-01,16:00,2577,18,1,8,9,10,11,15,16,18,19,20
2017-06-01,17:00,2578,1,2,3,6,7,8,10,14,16,19,20
2017-06-01,18:00,2579,16,6,9,10,11,12,13,14,16,18,20
2017-06-01,19:00,2580,16,1,3,5,6,7,9,14,18,19,20
2017-06-01,20:00,2581,20,1,2,3,6,7,12,17,18,19,20
2017-06-01,21:00,2582,7,2,4,6,10,12,13,15,16,19,20
2017-06-01,22:00,2583,1,1,2,3,9,12,13,15,16,18,20
2017-06-01,23:00,2584,7,2,5,7,12,13,16,17,18,19,20
2017-06-02,07:00,2585,11,2,3,5,6,7,8,13,16,17,20
2017-06-02,08:00,2586,11,3,4,6,8,10,11,12,14,17,19
2017-06-02,09:00,2587,9,1,3,6,10,12,13,15,17,18,19
2017-06-02,10:00,2588,4,1,2,9,10,14,15,16,18,19,20
2017-06-02,11:00,2589,11,1,2,3,8,12,13,14,16,17,20
2017-06-02,12:00,2590,8,2,4,5,6,8,13,15,16,18,20
2017-06-02,13:00,2591,13,2,3,7,8,12,13,15,16,17,19
2017-06-02,14:00,2592,1,2,7,8,10,11,12,13,15,16,19
2017-06-02,15:00,2593,7,4,5,6,8,9,11,12,13,15,20
2017-06-02,16:00,2594,10,5,6,7,8,9,10,13,15,16,17
2017-06-02,17:00,2595,20,4,6,7,10,12,13,16,17,18,19
2017-06-02,18:00,2596,8,2,3,5,7,10,11,12,15,18,19
2017-06-02,19:00,2597,11,2,3,4,12,13,15,16,17,18,19
2017-06-02,20:00,2598,6,1,2,3,6,8,10,13,15,16,18
2017-06-02,21:00,2599,7,1,3,5,10,12,13,14,15,17,18
2017-06-02,22:00,2600,7,1,4,5,7,8,9,10,17,18,20
2017-06-02,23:00,2601,3,2,3,6,8,10,11,12,16,18,20
2017-06-03,07:00,2602,9,1,5,8,10,11,13,15,17,19,20
2017-06-03,08:00,2603,12,1,2,3,5,9,10,16,17,18,19
2017-06-03,09:00,2604,3,1,2,6,7,8,15,16,17,18,20
2017-06-03,10:00,2605,9,1,2,3,4,6,12,14,15,16,18
2017-06-03,11:00,2606,13,2,5,6,8,10,12,14,16,19,20
2017-06-03,12:00,2607,3,1,2,10,11,14,15,16,18,19,20
2017-06-03,13:00,2608,3,2,3,4,10,11,12,14,16,17,19
2017-06-03,14:00,2609,4,1,3,4,7,8,10,11,14,16,18
2017-06-03,15:00,2610,9,2,4,6,8,10,13,14,16,17,20
2017-06-03,16:00,2611,16,1,2,4,8,9,10,11,14,16,20
2017-06-03,17:00,2612,14,2,3,7,8,9,10,15,16,19,20
2017-06-03,18:00,2613,6,1,3,7,8,10,11,13,14,19,20
2017-06-03,19:00,2614,19,3,4,8,9,12,13,17,18,19,20
2017-06-03,20:00,2615,15,4,5,6,7,10,12,15,16,19,20
2017-06-03,21:00,2616,1,1,3,4,5,6,9,10,12,14,20
2017-06-03,22:00,2617,13,1,2,3,5,6,8,10,11,12,16
2017-06-03,23:00,2618,9,1,4,6,7,9,10,12,15,18,19
2017-06-04,07:00,2619,8,1,4,5,8,9,12,13,15,16,17
2017-06-04,08:00,2620,6,1,4,5,6,7,9,13,14,16,20
2017-06-04,09:00,2621,3,2,5,6,7,9,14,16,17,18,20
2017-06-04,10:00,2622,19,1,2,3,6,7,8,10,13,14,20
2017-06-04,11:00,2623,10,1,2,5,9,11,12,13,16,17,20
2017-06-04,12:00,2624,10,5,8,10,12,14,15,16,17,19,20
2017-06-04,13:00,2625,16,2,3,5,8,11,12,16,18,19,20
2017-06-04,14:00,2626,10,1,3,5,7,9,11,13,16,18,19
2017-06-04,15:00,2627,4,2,5,6,7,8,9,11,14,16,19
2017-06-04,16:00,2628,10,3,6,7,8,9,13,15,16,19,20
2017-06-04,17:00,2629,11,1,2,7,8,10,11,12,13,15,16
2017-06-04,18:00,2630,5,2,4,5,6,8,9,12,14,16,19
2017-06-04,19:00,2631,14,3,4,6,8,11,13,15,16,17,18
2017-06-04,20:00,2632,20,1,6,7,9,10,12,13,16,17,18
2017-06-04,21:00,2633,14,1,2,8,9,13,14,15,17,18,19
2017-06-04,22:00,2634,18,4,5,6,7,10,14,15,16,17,19
2017-06-04,23:00,2635,15,2,5,7,9,10,15,17,18,19,20
2017-06-05,07:00,2636,16,1,3,9,10,12,13,14,15,18,19
2017-06-05,08:00,2637,15,1,2,4,5,8,9,13,17,18,20
2017-06-05,09:00,2638,19,1,2,4,6,7,8,15,16,18,20
2017-06-05,10:00,2639,16,2,4,6,7,9,11,12,13,16,17
2017-06-05,11:00,2640,19,1,3,4,8,9,11,12,13,17,20
2017-06-05,12:00,2641,17,2,4,5,6,9,11,13,14,15,17
2017-06-05,13:00,2642,7,3,4,6,8,9,11,13,15,18,19
2017-06-05,14:00,2643,7,1,3,4,5,6,11,12,16,18,19
2017-06-05,15:00,2644,5,2,3,5,7,9,13,15,16,17,20
2017-06-05,16:00,2645,12,2,5,7,8,9,11,13,16,17,19
2017-06-05,17:00,2646,20,2,4,9,11,12,13,14,16,18,20
2017-06-05,18:00,2647,10,3,5,7,8,10,12,14,15,16,18
2017-06-05,19:00,2648,9,1,5,6,8,9,12,14,16,17,18
2017-06-05,20:00,2649,17,2,3,4,5,6,8,12,13,17,20
2017-06-05,21:00,2650,16,1,5,6,8,9,10,11,13,15,17
2017-06-05,22:00,2651,20,1,2,3,4,5,9,10,15,16,19
2017-06-05,23:00,2652,18,1,4,11,12,14,15,16,18,19,20
2017-06-06,07:00,2653,6,1,2,3,5,6,10,11,14,17,19
2017-06-06,08:00,2654,12,1,3,5,10,12,14,16,18,19,20
2017-06-06,09:00,2655,7,1,2,4,5,6,9,11,14,19,20
2017-06-06,10:00,2656,9,3,5,8,9,11,13,15,17,19,20
2017-06-06,11:00,2657,9,5,6,7,8,10,11,14,17,18,20
2017-06-06,12:00,2658,19,2,3,5,8,10,11,15,16,18,19
2017-06-06,13:00,2659,13,1,4,5,11,12,13,15,17,18,20
2017-06-06,14:00,2660,8,1,2,4,5,7,9,11,12,13,17
2017-06-06,15:00,2661,9,2,3,4,7,12,13,14,15,18,20
2017-06-06,16:00,2662,11,2,6,9,11,12,14,16,18,19,20
2017-06-06,17:00,2663,4,1,2,3,4,6,7,8,9,10,17
2017-06-06,18:00,2664,5,1,3,4,7,9,14,15,16,17,20
2017-06-06,19:00,2665,18,2,3,4,6,8,13,16,17,18,19
2017-06-06,20:00,2666,14,1,5,7,9,11,13,14,17,18,20
2017-06-06,21:00,2667,18,1,2,4,5,6,7,12,15,16,18
2017-06-06,22:00,2668,14,1,5,6,8,13,14,16,17,18,20
2017-06-06,23:00,2669,16,1,4,7,8,10,12,14,15,16,20
2017-06-07,07:00,2670,19,2,3,4,5,6,8,13,15,17,20
2017-06-07,08:00,2671,12,2,3,10,11,13,14,15,16,17,19
2017-06-07,09:00,2672,1,1,3,4,9,11,14,15,16,18,19
2017-06-07,10:00,2673,19,1,2,3,7,10,12,15,17,18,20
2017-06-07,11:00,2674,2,3,4,6,7,9,12,13,14,16,19
2017-06-07,12:00,2675,4,3,5,7,10,12,14,15,16,18,19
2017-06-07,13:00,2676,10,1,2,6,8,10,11,12,13,18,20
2017-06-07,14:00,2677,5,1,4,9,10,11,12,13,15,16,19
2017-06-07,15:00,2678,3,4,5,7,8,9,13,14,17,18,20
2017-06-07,16:00,2679,11,1,4,5,6,11,13,14,15,16,19
2017-06-07,17:00,2680,17,1,2,5,6,7,9,10,11,18,20
2017-06-07,18:00,2681,11,1,3,4,6,7,10,13,15,16,20
2017-06-07,19:00,2682,2,4,5,7,10,11,12,15,17,18,19
2017-06-07,20:00,2683,16,3,4,5,6,8,10,14,17,18,19
2017-06-07,21:00,2684,10,2,3,8,9,10,11,12,13,15,18
2017-06-07,22:00,2685,7,1,2,4,6,9,10,13,14,15,20
2017-06-07,23:00,2686,14,3,5,6,8,11,12,14,15,16,17
2017-06-08,07:00,2687,14,4,5,8,9,12,13,14,15,17,18
2017-06-08,08:00,2688,2,4,5,6,7,8,11,16,17,18,19
2017-06-08,09:00,2689,10,1,2,3,7,10,11,12,16,17,18
2017-06-08,10:00,2690,2,1,3,6,7,9,10,13,15,19,20
2017-06-08,11:00,2691,7,2,3,4,8,9,12,13,15,16,17
2017-06-08,12:00,2692,2,2,7,8,10,13,14,15,18,19,20
2017-06-08,13:00,2693,1,2,3,4,6,7,9,10,17,18,20
2017-06-08,14:00,2694,13,2,5,6,9,15,16,17,18,19,20
2017-06-08,15:00,2695,9,5,6,7,8,10,11,12,13,16,20
2017-06-08,16:00,2696,8,2,3,5,7,8,10,11,12,14,16
2017-06-08,17:00,2697,1,3,4,5,7,10,13,14,16,17,20
2017-06-08,18:00,2698,2,2,3,4,5,8,9,12,16,17,20
2017-06-08,19:00,2699,7,4,5,7,8,10,12,13,15,17,19
2017-06-08,20:00,2700,19,2,3,5,7,10,12,13,14,15,16
2017-06-08,21:00,2701,15,2,3,5,6,8,9,10,12,13,20
2017-06-08,22:00,2702,5,2,3,6,11,12,15,16,17,18,19
2017-06-08,23:00,2703,9,1,2,3,4,7,10,13,14,15,20
2017-06-09,07:00,2704,3,1,2,5,8,12,13,14,17,19,20
2017-06-09,08:00,2705,11,3,5,7,8,11,12,13,14,15,17
2017-06-09,09:00,2706,19,1,4,6,7,11,12,13,14,16,17
2017-06-09,10:00,2707,1,2,5,6,7,9,11,12,15,17,19
2017-06-09,11:00,2708,11,1,3,6,10,11,15,16,17,19,20
2017-06-09,12:00,2709,13,1,5,6,7,10,14,16,17,18,20
2017-06-09,13:00,2710,14,1,3,6,9,13,15,16,17,18,19
2017-06-09,14:00,2711,20,1,2,4,6,7,8,12,15,16,17
2017-06-09,15:00,2712,4,2,3,6,7,8,10,12,14,17,19
2017-06-09,16:00,2713,20,2,3,7,10,12,13,14,15,16,20
2017-06-09,17:00,2714,8,1,2,3,6,7,8,10,13,17,20
2017-06-09,18:00,2715,8,4,5,6,8,9,11,12,13,18,19
2017-06-09,19:00,2716,10,3,5,7,8,12,13,14,15,17,18
2017-06-09,20:00,2717,13,3,4,6,8,9,10,13,17,19,20
2017-06-09,21:00,2718,16,1,2,3,4,6,7,8,15,16,18
2017-06-09,22:00,2719,5,4,9,10,11,12,13,14,16,18,20
2017-06-09,23:00,2720,20,1,2,3,4,9,10,11,13,16,17
2017-06-10,07:00,2721,10,2,4,5,7,14,15,16,17,18,19
2017-06-10,08:00,2722,1,3,4,5,9,10,11,13,14,17,18
2017-06-10,09:00,2723,14,3,8,9,11,12,14,15,16,18,19
2017-06-10,10:00,2724,6,1,2,5,6,7,9,10,17,18,20
2017-06-10,11:00,2725,11,4,6,9,10,11,13,14,15,17,18
2017-06-10,12:00,2726,4,4,5,6,9,10,13,14,17,19,20
2017-06-10,13:00,2727,7,5,7,8,9,11,13,14,17,19,20
2017-06-10,14:00,2728,18,2,3,4,5,6,9,10,11,15,20
2017-06-10,15:00,2729,19,3,6,7,8,9,10,13,15,16,17
2017-06-10,16:00,2730,7,2,5,7,9,10,11,13,14,15,18
2017-06-10,17:00,2731,7,2,6,8,9,10,12,14,18,19,20
2017-06-10,18:00,2732,11,1,2,3,4,5,6,9,14,16,17
2017-06-10,19:00,2733,15,1,2,5,6,8,10,12,15,18,19
2017-06-10,20:00,2734,1,6,7,9,10,11,15,17,18,19,20
2017-06-10,21:00,2735,17,3,4,6,7,8,9,15,16,19,20
2017-06-10,22:00,2736,15,3,4,6,7,10,16,17,18,19,20
2017-06-10,23:00,2737,18,5,7,9,11,12,15,16,17,18,20
2017-06-11,07:00,2738,17,3,8,10,12,13,14,15,16,17,19
2017-06-11,08:00,2739,11,8,9,10,11,14,16,17,18,19,20
2017-06-11,09:00,2740,17,2,4,5,6,7,9,15,18,19,20
2017-06-11,10:00,2741,5,3,4,5,7,9,11,13,17,19,20
2017-06-11,11:00,2742,6,1,3,4,6,11,14,16,17,18,19
2017-06-11,12:00,2743,20,1,2,4,8,9,13,14,15,18,20
2017-06-11,13:00,2744,18,3,5,6,8,11,13,14,17,18,20
2017-06-11,14:00,2745,17,4,5,6,7,9,12,16,17,19,20
2017-06-11,15:00,2746,17,3,6,8,9,10,16,17,18,19,20
2017-06-11,16:00,2747,18,1,2,6,8,10,12,14,15,16,20
2017-06-11,17:00,2748,2,2,4,5,6,8,10,11,12,15,20
2017-06-11,18:00,2749,6,3,4,6,8,9,10,14,17,19,20
2017-06-11,19:00,2750,2,2,5,7,8,10,11,12,15,16,18
2017-06-11,20:00,2751,16,1,5,6,13,15,16,17,18,19,20
2017-06-11,21:00,2752,2,1,2,7,9,10,12,13,14,17,20
2017-06-11,22:00,2753,1,2,4,7,8,11,12,16,17,18,20
2017-06-11,23:00,2754,11,1,2,3,5,9,10,12,16,17,18
2017-06-12,07:00,2755,5,1,2,4,6,11,12,14,16,19,20
2017-06-12,08:00,2756,14,4,5,7,8,9,10,13,14,19,20
2017-06-12,09:00,2757,10,2,4,6,7,8,10,11,12,16,20
2017-06-12,10:00,2758,2,2,3,5,7,10,12,14,15,17,18
2017-06-12,11:00,2759,1,3,4,5,6,8,10,11,13,14,17
2017-06-12,12:00,2760,6,1,2,3,7,8,9,13,14,19,20
2017-06-12,13:00,2761,12,2,3,4,5,9,11,12,13,15,18
2017-06-12,14:00,2762,9,1,2,3,5,8,9,10,12,14,19
2017-06-12,15:00,2763,19,1,3,8,9,10,11,13,17,19,20
2017-06-12,16:00,2764,16,5,7,8,9,10,11,13,14,19,20
2017-06-12,17:00,2765,12,1,5,6,8,10,11,12,14,15,17
2017-06-12,18:00,2766,11,2,3,4,8,9,10,11,12,13,18
2017-06-12,19:00,2767,7,1,2,4,5,10,13,14,15,17,20
2017-06-12,20:00,2768,5,1,6,8,10,11,15,16,17,18,19
2017-06-12,21:00,2769,18,1,3,4,6,7,8,13,15,17,19
2017-06-12,22:00,2770,15,1,2,4,6,8,11,16,18,19,20
2017-06-12,23:00,2771,15,2,3,4,6,10,12,13,14,18,19
2017-06-13,07:00,2772,20,2,5,6,7,8,9,10,13,18,20
2017-06-13,08:00,2773,14,1,7,8,11,13,14,15,17,19,20
2017-06-13,09:00,2774,7,1,6,9,10,11,12,13,15,17,18
2017-06-13,10:00,2775,1,1,3,10,11,12,15,17,18,19,20
2017-06-13,11:00,2776,5,1,8,9,10,11,12,13,14,15,18
2017-06-13,12:00,2777,3,2,3,4,5,6,7,10,11,13,14
2017-06-13,13:00,2778,14,4,5,8,10,13,14,15,17,18,19
2017-06-13,14:00,2779,9,1,4,5,7,9,12,13,16,18,19
2017-06-13,15:00,2780,13,2,4,5,8,9,11,12,13,15,17
2017-06-13,16:00,2781,15,1,3,4,9,10,13,15,16,18,19
2017-06-13,17:00,2782,7,2,6,8,9,11,14,16,17,18,20
2017-06-13,18:00,2783,20,5,6,10,11,12,13,14,15,16,19
2017-06-13,19:00,2784,7,1,4,5,6,7,9,11,12,14,15
2017-06-13,20:00,2785,6,4,6,7,8,9,10,11,13,14,19
2017-06-13,21:00,2786,10,1,5,7,9,10,11,12,17,18,20
2017-06-13,22:00,2787,6,2,4,7,9,10,11,16,17,18,20
2017-06-13,23:00,2788,13,1,2,5,6,7,9,10,14,15,16
2017-06-14,07:00,2789,16,2,6,7,9,10,11,12,15,19,20
2017-06-14,08:00,2790,18,2,3,6,7,8,11,15,16,18,19
2017-06-14,09:00,2791,5,1,3,4,5,7,8,11,16,17,20
2017-06-14,10:00,2792,12,1,2,3,4,5,6,7,12,17,19
2017-06-14,11:00,2793,1,1,2,3,4,5,10,11,12,15,16
2017-06-14,12:00,2794,4,2,3,5,7,8,9,11,16,17,20
2017-06-14,13:00,2795,11,3,4,5,7,9,11,14,15,17,18
2017-06-14,14:00,2796,6,3,4,5,6,8,10,11,16,18,19
2017-06-14,15:00,2797,2,5,6,8,10,11,12,15,17,18,20
2017-06-14,16:00,2798,15,3,4,6,8,10,11,12,15,19,20
2017-06-14,17:00,2799,8,1,2,4,5,7,10,11,14,19,20
2017-06-14,18:00,2800,15,1,3,5,7,8,10,11,12,14,15
2017-06-14,19:00,2801,18,1,4,5,6,7,13,15,18,19,20
2017-06-14,20:00,2802,3,1,2,5,9,12,13,14,15,16,19
2017-06-14,21:00,2803,4,1,4,5,7,10,11,14,16,17,18
2017-06-14,22:00,2804,6,1,2,3,4,9,10,13,14,15,19
2017-06-14,23:00,2805,3,2,4,6,8,9,14,15,17,19,20
2017-06-15,07:00,2806,7,1,2,4,5,8,9,13,15,16,20
2017-06-15,08:00,2807,19,1,2,3,4,6,7,9,10,14,17
2017-06-15,09:00,2808,17,3,4,5,6,10,12,13,14,15,17
2017-06-15,10:00,2809,20,2,4,6,8,10,12,16,18,19,20
2017-06-15,11:00,2810,9,1,2,4,7,10,11,13,17,18,20
2017-06-15,12:00,2811,13,1,4,6,8,10,12,14,15,19,20
2017-06-15,13:00,2812,8,2,4,5,7,8,9,10,11,14,20
2017-06-15,14:00,2813,12,1,4,8,9,10,12,14,16,18,19
2017-06-15,15:00,2814,11,1,2,3,5,12,14,15,16,18,20
2017-06-15,16:00,2815,17,1,2,3,4,5,9,10,14,16,19
2017-06-15,17:00,2816,15,8,9,10,12,13,15,17,18,19,20
2017-06-15,18:00,2817,18,4,5,6,8,9,10,12,17,18,20
2017-06-15,19:00,2818,15,1,2,4,6,8,9,11,14,17,19
2017-06-15,20:00,2819,9,2,6,7,9,12,14,15,17,19,20
2017-06-15,21:00,2820,8,3,5,6,9,11,12,14,17,19,20
2017-06-15,22:00,2821,18,1,4,5,6,11,12,14,15,17,19
2017-06-15,23:00,2822,12,1,3,4,9,10,13,14,16,18,19
2017-06-16,07:00,2823,16,3,4,7,8,10,11,12,15,16,19
2017-06-16,08:00,2824,9,3,4,6,10,14,15,16,17,18,20
2017-06-16,09:00,2825,2,1,2,3,5,6,8,13,17,18,20
2017-06-16,10:00,2826,12,1,2,3,6,11,12,13,14,15,17
2017-06-16,11:00,2827,4,1,2,3,7,9,10,11,14,15,19
2017-06-16,12:00,2828,3,2,4,5,7,8,12,14,15,18,19
2017-06-16,13:00,2829,8,1,2,4,5,6,7,11,12,17,19
2017-06-16,14:00,2830,18,3,4,5,6,8,11,15,18,19,20
2017-06-16,15:00,2831,16,3,5,7,10,12,14,16,18,19,20
2017-06-16,16:00,2832,10,1,3,4,8,11,12,13,14,18,20
2017-06-16,17:00,2833,14,4,6,7,9,11,14,16,17,19,20
2017-06-16,18:00,2834,18,2,4,6,7,9,10,12,13,18,20
2017-06-16,19:00,2835,16,2,5,7,10,12,13,14,15,16,17
2017-06-16,20:00,2836,1,2,3,4,5,7,9,11,14,15,18
2017-06-16,21:00,2837,7,6,10,12,13,15,16,17,18,19,20
2017-06-16,22:00,2838,6,1,2,5,7,9,11,13,16,19,20
2017-06-16,23:00,2839,3,1,2,4,5,6,7,9,15,16,19
2017-06-17,07:00,2840,16,2,3,4,6,8,9,11,12,17,20
2017-06-17,08:00,2841,6,2,4,6,7,8,11,12,17,18,19
2017-06-17,09:00,2842,1,3,7,8,9,10,11,12,14,16,19
2017-06-17,10:00,2843,1,2,7,8,10,11,14,15,16,19,20
2017-06-17,11:00,2844,19,1,2,3,6,7,9,10,13,16,19
2017-06-17,12:00,2845,16,2,4,5,7,8,9,10,13,16,20
2017-06-17,13:00,2846,8,1,3,4,6,7,15,17,18,19,20
2017-06-17,14:00,2847,9,4,7,9,10,12,13,16,17,19,20
2017-06-17,15:00,2848,14,3,6,10,11,12,14,15,16,18,19
2017-06-17,16:00,2849,7,2,6,7,8,11,12,13,16,17,20
2017-06-17,17:00,2850,9,1,4,5,6,7,8,9,11,17,19
2017-06-17,18:00,2851,4,1,6,10,11,12,14,17,18,19,20
2017-06-17,19:00,2852,8,1,2,5,6,7,8,11,13,14,15
2017-06-17,20:00,2853,6,1,3,7,9,11,12,13,16,18,19
2017-06-17,21:00,2854,14,3,4,6,9,13,14,16,17,18,20
2017-06-17,22:00,2855,11,1,2,5,6,8,13,14,15,19,20
2017-06-17,23:00,2856,5,2,5,7,8,9,10,11,12,15,20
2017-06-18,07:00,2857,10,2,4,5,6,11,13,14,16,17,20
2017-06-18,08:00,2858,8,2,5,8,9,11,12,14,17,18,20
2017-06-18,09:00,2859,16,2,4,6,7,10,11,12,14,15,20
2017-06-18,10:00,2860,10,2,3,4,7,9,12,13,16,18,20
2017-06-18,11:00,2861,3,1,4,7,8,9,13,14,16,19,20
2017-06-18,12:00,2862,9,4,5,6,7,9,13,14,16,19,20
2017-06-18,13:00,2863,10,1,3,4,5,8,10,11,12,14,17
2017-06-18,14:00,2864,17,1,6,7,8,9,10,13,14,17,19
2017-06-18,15:00,2865,12,1,2,4,6,10,13,14,15,16,18
2017-06-18,16:00,2866,16,1,3,5,7,9,10,11,13,14,17
2017-06-18,17:00,2867,2,3,6,7,10,12,13,14,15,19,20
2017-06-18,18:00,2868,1,2,3,5,7,8,10,15,16,17,18
2017-06-18,19:00,2869,12,1,3,5,6,8,10,13,14,18,19
2017-06-18,20:00,2870,9,1,3,4,7,10,13,15,16,17,19
2017-06-18,21:00,2871,14,1,2,3,6,8,12,13,14,15,16
2017-06-18,22:00,2872,17,1,2,4,8,10,11,12,14,17,19
2017-06-18,23:00,2873,15,1,2,5,7,8,11,15,18,19,20
2017-06-19,07:00,2874,10,1,3,5,6,8,10,11,14,16,19
2017-06-19,08:00,2875,3,2,4,5,6,10,12,13,15,18,19
2017-06-19,09:00,2876,19,1,2,4,8,9,10,12,13,17,20
2017-06-19,10:00,2877,6,1,3,4,5,12,14,15,18,19,20
2017-06-19,11:00,2878,17,1,3,6,8,11,12,13,16,18,20
2017-06-19,12:00,2879,17,1,2,4,10,13,14,17,18,19,20
2017-06-19,13:00,2880,7,2,4,6,10,12,14,17,18,19,20
2017-06-19,14:00,2881,1,4,5,6,8,9,10,13,14,18,19
2017-06-19,15:00,2882,12,3,4,7,8,12,13,15,17,18,19
2017-06-19,16:00,2883,13,1,3,5,7,8,12,13,17,18,19
2017-06-19,17:00,2884,5,1,3,4,8,9,10,13,15,17,20
2017-06-19,18:00,2885,11,1,2,4,5,6,8,9,10,12,16
2017-06-19,19:00,2886,7,1,2,3,6,10,13,14,17,19,20
2017-06-19,20:00,2887,10,2,4,6,9,13,14,17,18,19,20
2017-06-19,21:00,2888,12,3,4,5,7,10,12,13,14,18,20
2017-06-19,22:00,2889,9,2,5,7,9,10,12,13,15,17,19
2017-06-19,23:00,2890,3,3,4,6,9,12,13,14,15,18,19
2017-06-20,07:00,2891,2,1,2,3,5,11,12,15,16,18,20
2017-06-20,08:00,2892,3,3,6,8,10,12,13,14,15,16,18
2017-06-20,09:00,2893,5,2,3,4,7,10,11,12,15,16,18
2017-06-20,10:00,2894,17,2,3,5,8,9,10,14,17,19,20
2017-06-20,11:00,2895,7,1,5,7,8,10,12,13,16,18,19
2017-06-20,12:00,2896,2,3,7,8,9,12,14,16,17,18,19
2017-06-20,13:00,2897,3,5,7,8,12,13,14,16,17,18,20
2017-06-20,14:00,2898,1,1,3,5,6,8,12,15,18,19,20
2017-06-20,15:00,2899,20,3,4,5,7,11,12,13,14,18,20
2017-06-20,16:00,2900,15,2,5,7,9,11,12,13,14,17,19
2017-06-20,17:00,2901,5,1,3,4,5,7,10,11,12,19,20
2017-06-20,18:00,2902,2,1,3,7,9,10,11,12,14,16,20
2017-06-20,19:00,2903,7,2,4,8,10,14,15,16,17,19,20
2017-06-20,20:00,2904,20,2,3,4,6,10,12,13,16,18,20
2017-06-20,21:00,2905,6,1,4,5,6,8,9,10,15,16,19
2017-06-20,22:00,2906,15,3,4,6,7,8,10,11,14,18,20
2017-06-20,23:00,2907,16,1,2,4,7,8,10,12,15,18,19
2017-06-21,07:00,2908,2,2,6,7,8,9,10,13,16,19,20
2017-06-21,08:00,2909,19,1,2,6,8,12,13,14,17,19,20
2017-06-21,09:00,2910,19,3,4,6,8,9,13,15,18,19,20
2017-06-21,10:00,2911,8,2,5,7,8,9,12,13,14,15,20
2017-06-21,11:00,2912,13,1,8,9,10,12,14,15,16,18,20
2017-06-21,12:00,2913,3,1,2,5,6,8,10,12,14,17,20
2017-06-21,13:00,2914,6,2,4,7,9,13,14,15,16,18,19
2017-06-21,14:00,2915,10,1,2,3,5,6,7,13,14,16,17
2017-06-21,15:00,2916,5,1,2,3,4,8,12,13,14,15,20
2017-06-21,16:00,2917,11,2,3,4,5,6,9,10,11,18,19
2017-06-21,17:00,2918,14,2,6,7,8,9,11,15,17,18,19
2017-06-21,18:00,2919,13,1,5,6,7,8,11,12,15,16,18
2017-06-21,19:00,2920,15,1,3,4,8,10,11,15,17,18,20
2017-06-21,20:00,2921,3,1,2,4,5,7,11,13,17,19,20
2017-06-21,21:00,2922,9,1,3,5,6,7,10,11,13,18,20
2017-06-21,22:00,2923,17,2,3,4,6,11,15,16,17,19,20
2017-06-21,23:00,2924,5,1,5,7,8,9,13,14,15,16,19
2017-06-22,07:00,2925,17,1,5,6,7,8,10,11,15,17,19
2017-06-22,08:00,2926,10,1,2,4,6,8,10,13,16,18,20
2017-06-22,09:00,2927,9,1,2,4,5,6,10,13,14,18,19
2017-06-22,10:00,2928,15,1,2,3,7,11,12,15,17,18,19
2017-06-22,11:00,2929,5,4,6,7,9,11,12,14,15,16,18
2017-06-22,12:00,2930,10,5,7,9,12,13,14,15,16,17,19
2017-06-22,13:00,2931,14,1,2,3,6,8,11,13,16,17,20
2017-06-22,14:00,2932,15,2,3,6,9,11,13,14,18,19,20
2017-06-22,15:00,2933,4,3,4,11,12,13,15,16,17,18,20
2017-06-22,16:00,2934,7,1,4,7,8,12,13,16,17,19,20
2017-06-22,17:00,2935,20,1,2,3,4,7,8,9,14,17,18
2017-06-22,18:00,2936,6,2,3,4,6,9,10,11,15,17,18
2017-06-22,19:00,2937,4,6,7,9,10,11,12,13,14,17,18
2017-06-22,20:00,2938,17,2,3,4,8,9,10,11,13,14,19
2017-06-22,21:00,2939,10,2,4,5,7,11,14,16,17,19,20
2017-06-22,22:00,2940,6,5,7,9,10,11,14,16,17,18,20
2017-06-22,23:00,2941,17,5,6,8,11,14,15,16,18,19,20
2017-06-23,07:00,2942,7,3,6,7,8,10,11,12,17,18,20
2017-06-23,08:00,2943,4,10,11,12,13,14,15,16,18,19,20
2017-06-23,09:00,2944,1,3,4,7,12,14,15,16,17,18,19
2017-06-23,10:00,2945,1,4,7,8,9,10,12,15,16,17,18
2017-06-23,11:00,2946,10,1,2,4,5,9,10,13,15,18,19
2017-06-23,12:00,2947,5,2,5,6,8,9,11,15,16,17,20
2017-06-23,13:00,2948,20,3,4,6,7,8,9,10,11,13,20
2017-06-23,14:00,2949,12,2,3,4,5,9,10,12,13,18,19
2017-06-23,15:00,2950,4,2,3,4,7,9,12,13,16,18,20
2017-06-23,16:00,2951,13,8,9,11,12,13,14,15,17,18,20
2017-06-23,17:00,2952,17,1,2,4,6,8,10,15,16,17,18
2017-06-23,18:00,2953,11,2,4,6,7,8,9,10,11,14,17
2017-06-23,19:00,2954,12,1,2,5,6,7,12,14,15,16,17
2017-06-23,20:00,2955,6,4,6,7,9,11,13,16,17,18,19
2017-06-23,21:00,2956,19,1,4,5,6,11,12,14,15,16,19
2017-06-23,22:00,2957,7,1,2,4,5,6,8,9,15,17,20
2017-06-23,23:00,2958,11,3,4,6,8,9,10,14,15,18,19
2017-06-24,07:00,2959,12,2,8,9,10,13,14,15,17,18,20
2017-06-24,08:00,2960,5,1,3,5,6,7,11,15,16,18,19
2017-06-24,09:00,2961,2,2,5,8,9,11,12,14,16,17,18
2017-06-24,10:00,2962,3,1,3,5,6,7,13,14,15,17,20
2017-06-24,11:00,2963,11,3,4,5,7,8,10,16,17,18,19
2017-06-24,12:00,2964,9,1,2,6,7,8,9,11,14,15,17
2017-06-24,13:00,2965,2,1,2,4,6,7,8,10,13,16,19
2017-06-24,14:00,2966,12,2,3,5,6,9,10,11,12,15,18
2017-06-24,15:00,2967,17,1,3,7,8,10,12,13,15,19,20
2017-06-24,16:00,2968,19,1,2,4,5,8,10,12,14,16,20
2017-06-24,17:00,2969,6,2,3,4,5,8,10,13,16,17,19
2017-06-24,18:00,2970,5,1,2,3,4,8,11,14,15,16,17
2017-06-24,19:00,2971,17,2,3,4,5,7,8,9,11,17,20
2017-06-24,20:00,2972,19,3,5,6,7,11,12,14,18,19,20
2017-06-24,21:00,2973,2,2,4,7,8,13,14,15,16,17,18
2017-06-24,22:00,2974,19,2,4,6,7,8,9,14,15,18,19
2017-06-24,23:00,2975,14,1,4,5,6,10,12,14,15,17,20
2017-06-25,07:00,2976,3,6,7,8,10,11,12,14,16,17,20
2017-06-25,08:00,2977,13,1,2,4,5,6,10,13,14,18,19
2017-06-25,09:00,2978,16,1,2,4,5,11,12,13,15,16,17
2017-06-25,10:00,2979,17,2,7,10,11,12,13,16,17,19,20
2017-06-25,11:00,2980,13,2,7,9,11,12,13,15,16,18,19
2017-06-25,12:00,2981,8,2,9,10,11,13,14,15,16,18,20
2017-06-25,13:00,2982,4,2,5,7,8,9,13,14,16,18,19
2017-06-25,14:00,2983,8,1,4,5,6,8,10,12,14,15,20
2017-06-25,15:00,2984,5,1,2,3,6,8,13,14,15,18,19
2017-06-25,16:00,2985,17,4,5,6,12,13,14,15,16,18,20
2017-06-25,17:00,2986,13,1,4,5,6,8,11,13,16,18,20
2017-06-25,18:00,2987,9,1,4,8,9,13,14,15,17,18,20
2017-06-25,19:00,2988,12,1,2,3,4,5,7,10,13,16,20
2017-06-25,20:00,2989,1,1,4,5,6,7,12,13,16,19,20
2017-06-25,21:00,2990,10,1,3,4,6,7,12,13,14,15,17
2017-06-25,22:00,2991,10,2,4,7,10,11,12,13,15,17,20
2017-06-25,23:00,2992,8,3,4,5,6,7,10,13,15,17,18
2017-06-26,07:00,2993,8,3,4,5,8,12,13,14,17,19,20
2017-06-26,08:00,2994,1,2,3,6,8,10,13,14,15,16,17
2017-06-26,09:00,2995,19,1,2,4,10,11,12,16,18,19,20
2017-06-26,10:00,2996,6,1,2,4,5,6,7,8,10,13,16
2017-06-26,11:00,2997,17,1,4,5,6,7,8,11,14,19,20
2017-06-26,12:00,2998,10,2,4,5,6,7,10,11,12,15,18
2017-06-26,13:00,2999,3,1,2,4,5,7,8,10,12,13,19
2017-06-26,14:00,3000,17,2,7,8,10,11,12,14,15,17,18
2017-06-26,15:00,3001,15,3,4,6,7,8,11,12,17,18,19
2017-06-26,16:00,3002,10,1,6,7,11,13,15,16,18,19,20
2017-06-26,17:00,3003,3,1,2,4,5,9,13,15,16,17,19
2017-06-26,18:00,3004,14,2,3,4,6,7,10,11,15,16,17
2017-06-26,19:00,3005,13,1,2,3,4,8,10,12,14,17,20
2017-06-26,20:00,3006,19,1,3,5,9,11,12,14,15,17,18
2017-06-26,21:00,3007,18,2,5,6,9,11,14,16,17,18,19
2017-06-26,22:00,3008,15,2,3,4,6,10,13,14,15,17,20
2017-06-26,23:00,3009,7,1,2,3,4,5,9,13,14,17,20
2017-06-27,07:00,3010,18,1,2,3,4,5,7,9,10,11,14
2017-06-27,08:00,3011,14,1,2,3,4,5,6,11,14,17,18
2017-06-27,09:00,3012,14,1,2,3,5,6,7,10,11,12,15
2017-06-27,10:00,3013,13,1,5,6,7,10,11,12,13,14,19
2017-06-27,11:00,3014,3,2,3,8,12,13,14,15,16,17,19
2017-06-27,12:00,3015,13,1,3,4,6,8,11,13,14,16,17
2017-06-27,13:00,3016,12,1,4,5,6,7,10,13,15,16,20
2017-06-27,14:00,3017,10,5,8,9,11,12,13,14,15,16,19
2017-06-27,15:00,3018,2,4,5,7,8,9,10,12,13,14,16
2017-06-27,16:00,3019,18,3,4,6,9,10,12,17,18,19,20
2017-06-27,17:00,3020,10,2,4,5,6,8,9,10,11,14,17
2017-06-27,18:00,3021,7,2,3,4,7,11,12,13,16,17,20
2017-06-27,19:00,3022,18,2,3,5,10,11,13,16,17,18,20
2017-06-27,20:00,3023,19,1,5,6,10,11,14,15,17,18,19
2017-06-27,21:00,3024,10,1,3,4,6,8,9,11,12,15,20
2017-06-27,22:00,3025,18,3,6,7,8,9,10,12,13,17,20
2017-06-27,23:00,3026,3,1,2,6,8,9,12,14,15,17,20
2017-06-28,07:00,3027,5,1,2,9,10,14,15,17,18,19,20
2017-06-28,08:00,3028,15,2,4,5,7,8,11,15,16,18,20
2017-06-28,09:00,3029,1,2,6,8,9,11,13,16,17,19,20
2017-06-28,10:00,3030,9,3,4,6,8,9,12,13,16,17,20
2017-06-28,11:00,3031,8,1,3,5,7,8,9,11,12,14,16
2017-06-28,12:00,3032,16,1,3,5,8,10,13,14,16,17,18
2017-06-28,13:00,3033,13,2,3,4,5,7,8,11,12,14,15
2017-06-28,14:00,3034,16,1,2,6,9,10,11,13,14,15,20
2017-06-28,15:00,3035,13,1,3,4,5,10,11,13,16,17,18
2017-06-28,16:00,3036,13,1,3,4,11,13,15,16,17,18,20
2017-06-28,17:00,3037,3,1,2,8,10,11,12,13,15,16,20
2017-06-28,18:00,3038,11,3,4,6,7,8,9,11,12,16,20
2017-06-28,19:00,3039,5,2,5,7,9,10,11,14,16,17,18
2017-06-28,20:00,3040,17,2,3,4,8,10,12,14,15,16,18
2017-06-28,21:00,3041,8,2,3,7,8,12,14,17,18,19,20
2017-06-28,22:00,3042,8,1,2,7,11,13,14,16,17,18,20
2017-06-28,23:00,3043,20,1,5,6,7,10,11,14,16,18,19
2017-06-29,07:00,3044,4,1,2,5,7,8,10,11,12,13,15
2017-06-29,08:00,3045,1,2,4,6,7,8,9,11,16,17,18
2017-06-29,09:00,3046,16,1,2,7,8,11,13,14,16,17,20
2017-06-29,10:00,3047,10,3,4,5,7,8,11,12,18,19,20
2017-06-29,11:00,3048,8,1,2,3,4,5,6,11,12,13,14
2017-06-29,12:00,3049,18,1,3,7,11,12,13,14,17,18,19
2017-06-29,13:00,3050,12,1,2,8,9,10,11,12,13,15,16
2017-06-29,14:00,3051,13,1,2,3,4,5,6,7,8,13,15
2017-06-29,15:00,3052,6,1,3,4,5,8,9,11,15,16,20
2017-06-29,16:00,3053,14,1,4,6,8,9,14,15,16,17,19
2017-06-29,17:00,3054,12,1,5,6,9,10,11,13,18,19,20
2017-06-29,18:00,3055,2,4,5,6,7,8,11,12,14,15,16
2017-06-29,19:00,3056,11,1,4,6,8,11,12,16,17,19,20
2017-06-29,20:00,3057,15,1,6,8,9,11,12,13,14,17,18
2017-06-29,21:00,3058,8,3,4,6,7,9,11,12,13,15,16
2017-06-29,22:00,3059,18,1,2,3,4,8,9,10,11,17,18
2017-06-29,23:00,3060,2,1,2,4,12,13,14,15,16,18,19
2017-06-30,07:00,3061,16,1,2,3,4,10,11,13,17,18,19
2017-06-30,08:00,3062,16,1,3,4,6,9,10,13,16,19,20
2017-06-30,09:00,3063,15,2,6,11,13,14,15,16,18,19,20
2017-06-30,10:00,3064,8,4,5,8,11,13,15,16,17,18,19
2017-06-30,11:00,3065,18,1,3,4,11,12,13,15,16,19,20
2017-06-30,12:00,3066,7,1,2,7,10,11,13,15,16,18,20
2017-06-30,13:00,3067,5,1,2,7,8,9,11,14,15,17,20
2017-06-30,14:00,3068,20,1,3,5,6,8,13,14,16,18,19
2017-06-30,15:00,3069,1,2,3,4,7,9,11,14,16,18,19
2017-06-30,16:00,3070,1,1,2,6,7,9,10,12,13,14,17
2017-06-30,17:00,3071,7,1,3,4,12,14,16,17,18,19,20
2017-06-30,18:00,3072,10,2,4,5,7,9,11,15,16,17,19
2017-06-30,19:00,3073,16,1,2,4,5,7,9,12,15,19,20
2017-06-30,20:00,3074,5,1,3,4,7,8,9,10,11,18,19
2017-06-30,21:00,3075,15,3,4,6,9,10,14,15,17,19,20
2017-06-30,22:00,3076,10,1,5,6,9,10,11,13,15,17,20
2017-06-30,23:00,3077,11,1,3,6,7,8,10,12,13,17,18
2017-07-01,07:00,3078,11,1,3,4,6,10,11,13,16,18,19
2017-07-01,08:00,3079,7,1,2,3,5,7,12,15,17,18,19
2017-07-01,09:00,3080,13,3,4,6,11,12,15,16,18,19,20
2017-07-01,10:00,3081,8,1,3,4,7,9,14,15,16,17,20
2017-07-01,11:00,3082,11,1,6,7,8,13,16,17,18,19,20
2017-07-01,12:00,3083,12,1,3,4,5,6,7,11,12,17,19
2017-07-01,13:00,3084,10,4,5,9,11,14,15,16,17,18,20
2017-07-01,14:00,3085,4,3,4,6,9,10,13,15,16,17,20
2017-07-01,15:00,3086,6,1,2,3,8,10,11,12,13,17,20
2017-07-01,16:00,3087,12,2,5,6,7,11,12,14,16,17,20
2017-07-01,17:00,3088,14,1,4,5,6,8,15,16,17,18,20
2017-07-01,18:00,3089,10,2,5,6,7,11,13,14,15,16,20
2017-07-01,19:00,3090,10,2,5,6,7,8,12,13,15,16,18
2017-07-01,20:00,3091,14,1,2,4,7,10,11,13,16,17,18
2017-07-01,21:00,3092,8,1,4,6,7,8,12,14,15,16,18
2017-07-01,22:00,3093,19,1,2,6,8,10,11,12,14,18,20
2017-07-01,23:00,3094,1,1,3,7,8,9,13,15,16,17,18
2017-07-02,07:00,3095,1,1,3,4,9,12,13,14,15,16,17
2017-07-02,08:00,3096,10,1,2,3,7,10,12,13,15,16,17
2017-07-02,09:00,3097,19,1,2,5,7,8,9,14,15,17,19
2017-07-02,10:00,3098,17,4,6,7,8,9,10,13,14,19,20
2017-07-02,11:00,3099,16,2,5,7,11,13,14,15,17,18,20
2017-07-02,12:00,3100,2,2,3,5,7,8,9,10,11,13,15
2017-07-02,13:00,3101,3,3,4,5,7,9,11,13,14,18,20
2017-07-02,14:00,3102,7,1,5,6,7,10,11,12,13,15,19
2017-07-02,15:00,3103,16,3,5,6,9,10,13,14,15,16,19
2017-07-02,16:00,3104,1,1,5,7,10,11,12,13,15,18,20
2017-07-02,17:00,3105,12,1,2,4,5,8,12,13,14,19,20
2017-07-02,18:00,3106,11,4,5,6,8,10,11,12,15,18,20
2017-07-02,19:00,3107,5,1,4,12,13,14,16,17,18,19,20
2017-07-02,20:00,3108,17,1,4,5,8,9,11,14,15,16,20
2017-07-02,21:00,3109,8,5,7,8,11,12,13,15,16,18,19
2017-07-02,22:00,3110,8,1,3,5,9,10,14,15,16,19,20
2017-07-02,23:00,3111,1,8,9,11,12,13,14,15,17,18,19
2017-07-03,07:00,3112,15,2,3,6,7,9,13,14,15,17,20
2017-07-03,08:00,3113,4,1,2,3,4,6,7,8,13,17,19
2017-07-03,09:00,3114,11,2,4,6,7,8,9,11,12,13,16
2017-07-03,10:00,3115,13,1,3,4,6,8,9,10,11,14,18
2017-07-03,11:00,3116,9,1,3,4,6,8,12,13,16,17,18
2017-07-03,12:00,3117,12,3,4,5,9,10,11,13,14,15,19
2017-07-03,13:00,3118,16,1,6,7,10,12,13,16,17,18,19
2017-07-03,14:00,3119,7,2,3,4,5,8,10,14,17,18,19
2017-07-03,15:00,3120,2,1,2,3,4,6,7,8,17,18,20
2017-07-03,16:00,3121,15,5,6,7,8,10,13,16,18,19,20
2017-07-03,17:00,3122,19,3,4,5,7,9,12,14,15,18,20
2017-07-03,18:00,3123,19,2,3,4,9,13,14,16,17,18,20
2017-07-03,19:00,3124,10,1,3,7,10,11,12,13,14,15,16
2017-07-03,20:00,3125,17,1,2,3,4,7,9,14,15,17,20
2017-07-03,21:00,3126,18,5,7,8,9,10,11,13,15,16,18
2017-07-03,22:00,3127,19,1,3,7,9,10,12,13,15,18,19
2017-07-03,23:00,3128,7,1,2,3,6,9,12,14,17,18,20
2017-07-04,07:00,3129,16,1,3,8,9,10,11,12,14,17,18
2017-07-04,08:00,3130,20,2,3,6,7,8,12,13,15,17,18
2017-07-04,09:00,3131,13,2,4,5,6,10,11,12,14,18,19
2017-07-04,10:00,3132,12,2,3,7,9,10,11,14,17,18,20
2017-07-04,11:00,3133,18,2,3,5,6,7,10,11,12,13,14
2017-07-04,12:00,3134,7,1,2,7,8,9,13,14,16,19,20
2017-07-04,13:00,3135,17,1,2,3,4,8,9,10,14,16,17
2017-07-04,14:00,3136,12,1,2,3,4,5,6,11,13,14,18
2017-07-04,15:00,3137,18,1,5,6,10,13,14,15,16,18,19
2017-07-04,16:00,3138,13,5,6,8,9,11,12,14,17,18,19
2017-07-04,17:00,3139,2,3,5,6,10,11,13,14,15,19,20
2017-07-04,18:00,3140,6,1,2,4,6,7,13,14,15,19,20
2017-07-04,19:00,3141,9,2,3,5,7,11,12,13,14,18,19
2017-07-04,20:00,3142,20,4,7,8,11,12,13,14,15,17,19
2017-07-04,21:00,3143,7,1,2,3,4,5,7,9,10,19,20
2017-07-04,22:00,3144,3,1,5,6,9,10,11,13,14,19,20
2017-07-04,23:00,3145,3,1,3,5,6,7,8,12,15,16,17
2017-07-05,07:00,3146,18,1,3,4,12,13,14,15,16,18,20
2017-07-05,08:00,3147,8,1,3,6,9,11,12,15,17,19,20
2017-07-05,09:00,3148,8,1,5,6,7,10,11,13,15,16,18
2017-07-05,10:00,3149,7,1,2,3,5,6,9,10,11,12,18
2017-07-05,11:00,3150,16,1,2,4,7,8,11,13,15,17,20
2017-07-05,12:00,3151,16,1,4,5,6,7,11,12,14,15,17
2017-07-05,13:00,3152,13,2,3,4,5,8,10,11,16,17,19
2017-07-05,14:00,3153,10,2,5,6,7,10,14,15,17,18,19
2017-07-05,15:00,3154,3,3,5,6,7,8,11,12,14,15,17
2017-07-05,16:00,3155,6,3,4,6,7,8,9,13,14,15,18
2017-07-05,17:00,3156,13,1,2,6,7,10,12,13,17,18,20
2017-07-05,18:00,3157,19,1,3,7,10,11,12,14,15,16,18
2017-07-05,19:00,3158,9,2,3,5,7,9,11,16,17,19,20
2017-07-05,20:00,3159,18,2,3,4,5,6,7,8,10,15,16
2017-07-05,21:00,3160,1,1,3,4,6,8,9,10,12,17,19
2017-07-05,22:00,3161,12,1,2,4,7,8,12,13,14,18,19
2017-07-05,23:00,3162,11,1,3,4,6,7,9,14,16,18,19
2017-07-06,07:00,3163,10,1,2,6,7,8,10,11,16,18,20
2017-07-06,08:00,3164,14,2,3,6,7,8,9,11,17,19,20
2017-07-06,09:00,3165,18,2,4,5,9,10,12,14,16,17,18
2017-07-06,10:00,3166,10,1,3,4,9,12,13,14,15,16,17
2017-07-06,11:00,3167,6,1,4,5,6,7,8,9,10,13,18
2017-07-06,12:00,3168,20,1,2,6,7,8,12,15,16,19,20
2017-07-06,13:00,3169,9,2,3,4,6,9,12,13,15,17,18
2017-07-06,14:00,3170,12,2,3,5,6,10,13,16,17,18,20
2017-07-06,15:00,3171,9,2,7,10,12,13,14,15,17,18,19
2017-07-06,16:00,3172,12,1,2,4,5,7,9,12,13,14,19
2017-07-06,17:00,3173,19,1,3,4,5,7,10,12,13,15,17
2017-07-06,18:00,3174,13,2,3,8,9,10,15,17,18,19,20
2017-07-06,19:00,3175,5,2,6,7,8,9,10,11,14,18,19
2017-07-06,20:00,3176,5,2,5,7,9,10,11,12,13,16,18
2017-07-06,21:00,3177,20,2,3,7,10,13,14,16,17,19,20
2017-07-06,22:00,3178,2,3,4,5,10,11,12,13,16,17,20
2017-07-06,23:00,3179,15,5,6,7,11,12,15,17,18,19,20
2017-07-07,07:00,3180,13,1,2,5,8,9,12,13,15,18,20
2017-07-07,08:00,3181,13,4,5,7,8,9,11,14,17,18,19
2017-07-07,09:00,3182,13,3,4,8,11,13,14,16,18,19,20
2017-07-07,10:00,3183,17,1,2,4,5,7,8,10,12,18,20
2017-07-07,11:00,3184,12,1,4,7,9,10,12,13,15,16,18
2017-07-07,12:00,3185,19,1,2,4,5,6,9,14,16,17,20
2017-07-07,13:00,3186,14,1,4,5,8,9,11,13,16,17,20
2017-07-07,14:00,3187,3,1,3,4,11,12,13,14,15,17,18
2017-07-07,15:00,3188,16,4,7,8,9,11,13,15,17,19,20
2017-07-07,16:00,3189,3,3,6,7,8,10,11,16,17,18,20
2017-07-07,17:00,3190,6,1,2,7,9,11,13,14,15,16,19
2017-07-07,18:00,3191,2,1,3,7,9,11,13,14,15,16,20
2017-07-07,19:00,3192,18,1,4,6,10,11,13,14,16,17,20
2017-07-07,20:00,3193,12,2,4,6,8,11,13,15,17,19,20
2017-07-07,21:00,3194,6,3,4,6,8,10,15,16,17,18,20
2017-07-07,22:00,3195,10,4,7,8,9,13,14,15,16,19,20
2017-07-07,23:00,3196,17,3,4,6,7,9,12,14,15,16,19
2017-07-08,07:00,3197,6,3,5,8,9,10,11,15,18,19,20
2017-07-08,08:00,3198,4,1,3,5,7,11,13,14,16,18,20
2017-07-08,09:00,3199,13,2,3,8,10,11,13,17,18,19,20
2017-07-08,10:00,3200,20,3,5,6,9,10,11,14,16,18,19
2017-07-08,11:00,3201,10,1,5,6,8,9,11,12,13,19,20
2017-07-08,12:00,3202,10,2,3,4,7,8,11,15,16,17,20
2017-07-08,13:00,3203,18,3,4,5,10,11,12,14,16,18,19
2017-07-08,14:00,3204,16,2,6,7,9,11,12,14,16,17,18
2017-07-08,15:00,3205,19,2,8,9,10,12,13,14,17,19,20
2017-07-08,16:00,3206,15,2,3,7,10,11,15,16,17,19,20
2017-07-08,17:00,3207,7,1,5,6,8,11,14,17,18,19,20
2017-07-08,18:00,3208,6,1,2,6,7,8,11,12,17,18,20
2017-07-08,19:00,3209,8,3,4,5,6,7,9,12,17,18,19
2017-07-08,20:00,3210,17,2,5,6,7,14,16,17,18,19,20
2017-07-08,21:00,3211,14,1,2,4,5,7,11,14,18,19,20
2017-07-08,22:00,3212,8,1,2,4,7,9,13,15,17,19,20
2017-07-08,23:00,3213,3,1,4,5,6,10,11,14,15,16,20
2017-07-09,07:00,3214,6,1,3,4,5,7,9,10,12,18,19
2017-07-09,08:00,3215,12,3,6,8,9,10,11,14,15,18,19
2017-07-09,09:00,3216,19,3,5,8,10,11,12,13,16,17,19
2017-07-09,10:00,3217,4,2,4,5,8,12,13,14,17,18,19
2017-07-09,11:00,3218,9,1,3,5,6,7,9,12,13,17,18
2017-07-09,12:00,3219,10,2,3,5,6,7,8,14,15,19,20
2017-07-09,13:00,3220,3,3,5,7,8,10,11,13,15,16,17
2017-07-09,14:00,3221,8,1,3,4,8,9,12,14,16,19,20
2017-07-09,15:00,3222,14,2,3,4,5,6,11,14,15,19,20
2017-07-09,16:00,3223,2,5,6,7,12,13,14,15,16,17,20
2017-07-09,17:00,3224,4,1,3,6,10,12,14,15,17,18,19
2017-07-09,18:00,3225,9,2,4,5,6,10,14,15,16,18,20
2017-07-09,19:00,3226,9,3,4,5,6,10,12,14,17,18,20
2017-07-09,20:00,3227,20,1,2,5,6,10,11,12,14,15,16
2017-07-09,21:00,3228,19,4,5,6,7,8,10,12,17,19,20
2017-07-09,22:00,3229,19,2,3,6,7,10,11,13,17,18,20
2017-07-09,23:00,3230,13,2,3,5,7,8,9,12,13,16,18
2017-07-10,07:00,3231,12,3,4,8,9,10,11,12,13,14,18
2017-07-10,08:00,3232,6,3,4,6,8,10,13,15,17,19,20
2017-07-10,09:00,3233,10,1,3,4,7,12,14,15,16,18,20
2017-07-10,10:00,3234,7,1,2,3,4,8,14,15,16,17,18
2017-07-10,11:00,3235,2,4,5,6,8,9,12,13,14,17,20
2017-07-10,12:00,3236,1,4,7,9,10,11,12,15,16,17,20
2017-07-10,13:00,3237,16,2,4,7,9,10,12,16,17,18,19
2017-07-10,14:00,3238,19,4,5,6,7,11,15,16,17,18,19
2017-07-10,15:00,3239,1,1,2,3,5,6,9,11,16,17,18
2017-07-10,16:00,3240,11,1,2,4,5,6,9,11,12,16,18
2017-07-10,17:00,3241,12,1,2,5,6,7,9,12,16,19,20
2017-07-10,18:00,3242,10,3,5,6,7,9,11,13,14,15,16
2017-07-10,19:00,3243,4,1,2,3,4,8,10,13,14,15,18
2017-07-10,20:00,3244,15,1,2,3,4,5,9,15,16,17,20
2017-07-10,21:00,3245,19,1,2,5,8,10,11,12,15,16,17
2017-07-10,22:00,3246,10,1,3,4,6,8,9,11,12,15,19
2017-07-10,23:00,3247,9,1,4,6,7,8,9,15,17,18,19
2017-07-11,07:00,3248,15,4,6,7,8,9,10,12,14,17,18
2017-07-11,08:00,3249,13,3,6,8,9,11,12,14,15,17,20
2017-07-11,09:00,3250,4,3,4,5,7,9,10,12,13,14,16
2017-07-11,10:00,3251,16,1,3,4,5,12,13,14,15,18,19
2017-07-11,11:00,3252,14,3,8,9,10,12,13,16,17,19,20
2017-07-11,12:00,3253,18,1,3,4,6,9,11,13,15,16,20
2017-07-11,13:00,3254,7,2,5,7,8,9,10,11,14,15,19
2017-07-11,14:00,3255,8,1,2,6,9,10,11,12,14,16,19
2017-07-11,15:00,3256,12,1,4,6,7,9,10,13,14,18,19
2017-07-11,16:00,3257,10,1,2,6,8,10,14,16,17,18,19
2017-07-11,17:00,3258,20,1,2,3,4,11,12,16,17,18,20
2017-07-11,18:00,3259,4,2,6,10,11,12,13,14,15,16,17
2017-07-11,19:00,3260,6,1,2,3,4,11,12,13,16,18,19
2017-07-11,20:00,3261,3,3,4,6,10,14,15,16,17,18,19
2017-07-11,21:00,3262,10,1,4,7,9,10,11,12,13,14,20
2017-07-11,22:00,3263,10,3,4,6,7,9,10,12,14,16,19
2017-07-11,23:00,3264,13,2,5,7,8,9,11,12,15,16,19
2017-07-12,07:00,3265,6,2,4,7,8,13,14,17,18,19,20
2017-07-12,08:00,3266,3,1,3,4,6,8,9,14,15,16,18
2017-07-12,09:00,3267,8,3,4,7,10,11,12,15,17,18,20
2017-07-12,10:00,3268,6,3,5,6,10,13,14,15,16,17,20
2017-07-12,11:00,3269,15,2,3,4,7,8,11,12,15,18,19
2017-07-12,12:00,3270,11,4,8,9,10,11,12,13,14,16,19
2017-07-12,13:00,3271,1,2,3,4,6,7,9,10,12,13,19
2017-07-12,14:00,3272,14,1,3,7,8,9,11,12,13,15,16
2017-07-12,15:00,3273,12,2,5,6,10,12,13,14,15,16,20
2017-07-12,16:00,3274,10,2,4,5,8,10,11,15,16,17,18
2017-07-12,17:00,3275,10,1,3,7,9,10,11,15,16,17,19
2017-07-12,18:00,3276,14,2,3,5,6,9,11,15,17,18,20
2017-07-12,19:00,3277,9,2,4,6,8,11,13,14,16,17,18
2017-07-12,20:00,3278,10,1,2,3,4,5,7,8,13,17,20
2017-07-12,21:00,3279,19,1,3,5,7,9,10,11,12,14,19
2017-07-12,22:00,3280,8,1,5,6,7,8,10,16,17,18,19
2017-07-12,23:00,3281,15,2,3,6,7,10,11,12,13,14,16
2017-07-13,07:00,3282,11,1,2,3,4,9,10,11,15,16,17
2017-07-13,08:00,3283,10,1,5,7,8,11,12,13,14,15,18
2017-07-13,09:00,3284,20,1,3,5,6,7,9,11,13,14,16
2017-07-13,10:00,3285,2,3,4,7,9,10,13,14,15,17,20
2017-07-13,11:00,3286,9,3,5,7,8,10,11,12,13,14,20
2017-07-13,12:00,3287,7,3,4,5,9,10,11,13,15,16,17
2017-07-13,13:00,3288,5,4,7,8,9,10,11,12,16,17,20
2017-07-13,14:00,3289,9,2,3,5,7,10,11,12,13,18,20
2017-07-13,15:00,3290,1,2,3,4,5,7,11,15,16,17,20
2017-07-13,16:00,3291,5,1,5,9,10,11,12,13,15,17,20
2017-07-13,17:00,3292,13,1,3,4,6,11,12,15,18,19,20
2017-07-13,18:00,3293,13,2,3,6,8,10,12,14,15,16,17
2017-07-13,19:00,3294,5,1,2,5,6,7,8,11,12,15,17
2017-07-13,20:00,3295,9,1,3,4,5,7,8,13,15,17,18
2017-07-13,21:00,3296,10,1,2,5,6,7,11,13,14,15,19
2017-07-13,22:00,3297,1,2,4,5,6,7,8,11,14,17,19
2017-07-13,23:00,3298,15,4,5,6,7,9,11,12,13,14,19
2017-07-14,07:00,3299,20,1,5,7,8,9,11,13,14,18,19
2017-07-14,08:00,3300,1,1,2,5,6,11,14,15,16,19,20
2017-07-14,09:00,3301,18,2,3,4,5,10,12,16,17,18,20
2017-07-14,10:00,3302,15,1,3,4,7,8,9,11,12,17,20
2017-07-14,11:00,3303,20,3,4,5,6,8,11,15,17,19,20
2017-07-14,12:00,3304,7,1,2,3,5,7,8,12,15,16,18
2017-07-14,13:00,3305,11,2,3,8,9,13,14,15,16,19,20
2017-07-14,14:00,3306,5,1,2,4,5,11,12,13,15,17,20
2017-07-14,15:00,3307,10,3,4,8,9,10,11,15,17,18,19
2017-07-14,16:00,3308,11,2,4,7,10,13,15,16,17,18,20
2017-07-14,17:00,3309,19,3,5,6,8,9,10,11,14,19,20
2017-07-14,18:00,3310,12,3,4,5,6,7,10,13,14,16,20
2017-07-14,19:00,3311,18,3,6,9,10,12,14,15,17,19,20
2017-07-14,20:00,3312,6,1,2,4,6,7,9,12,13,16,18
2017-07-14,21:00,3313,3,2,3,4,6,7,9,14,16,17,19
2017-07-14,22:00,3314,15,1,3,8,10,13,14,15,16,17,19
2017-07-14,23:00,3315,5,1,2,3,5,6,7,10,12,14,20
2017-07-15,07:00,3316,11,1,4,10,12,13,15,16,17,18,19
2017-07-15,08:00,3317,13,3,4,6,7,8,11,12,13,15,16
2017-07-15,09:00,3318,20,1,2,3,5,6,7,8,10,13,15
2017-07-15,10:00,3319,14,1,2,5,7,8,9,12,13,16,17
2017-07-15,11:00,3320,15,2,7,12,14,15,16,17,18,19,20
2017-07-15,12:00,3321,12,3,4,5,6,8,9,10,11,14,20
2017-07-15,13:00,3322,3,1,2,6,8,9,10,11,13,15,16
2017-07-15,14:00,3323,14,2,4,5,6,7,9,11,14,15,19
2017-07-15,15:00,3324,17,1,4,6,7,8,12,14,15,16,19
2017-07-15,16:00,3325,3,4,5,8,12,13,15,17,18,19,20
2017-07-15,17:00,3326,5,2,5,6,7,8,13,17,18,19,20
2017-07-15,18:00,3327,3,1,2,4,7,9,13,14,15,16,20
2017-07-15,19:00,3328,1,2,3,5,6,8,9,11,16,18,19
2017-07-15,20:00,3329,11,3,6,7,8,9,10,11,14,17,19
2017-07-15,21:00,3330,15,1,2,7,8,10,13,14,15,16,20
2017-07-15,22:00,3331,18,1,4,5,6,8,12,13,16,18,19
2017-07-15,23:00,3332,8,1,2,5,6,9,10,11,13,15,19
2017-07-16,07:00,3333,3,2,3,4,5,9,10,12,14,17,19
2017-07-16,08:00,3334,12,4,5,6,8,9,15,16,17,18,19
2017-07-16,09:00,3335,11,4,8,9,10,13,15,16,17,19,20
2017-07-16,10:00,3336,5,1,4,8,9,10,11,12,15,16,17
2017-07-16,11:00,3337,7,1,6,7,11,12,14,15,16,18,20
2017-07-16,12:00,3338,12,1,3,4,10,13,14,15,16,19,20
2017-07-16,13:00,3339,18,1,3,5,8,11,12,16,17,18,20
2017-07-16,14:00,3340,5,2,3,4,5,8,9,12,13,15,19
2017-07-16,15:00,3341,11,1,2,3,4,5,6,9,11,14,19
2017-07-16,16:00,3342,6,3,6,7,9,10,14,15,16,19,20
2017-07-16,17:00,3343,17,3,5,6,7,8,9,13,14,15,19
2017-07-16,18:00,3344,13,2,3,4,10,11,12,13,14,16,20
2017-07-16,19:00,3345,14,1,5,7,14,15,16,17,18,19,20
2017-07-16,20:00,3346,19,1,2,4,5,8,11,13,14,18,19
2017-07-16,21:00,3347,9,1,3,4,6,8,9,13,15,17,18
2017-07-16,22:00,3348,5,3,4,5,9,10,13,14,15,17,19
2017-07-16,23:00,3349,12,3,4,6,8,9,10,11,12,14,19
2017-07-17,07:00,3350,5,1,2,4,6,11,14,16,17,18,19
2017-07-17,08:00,3351,5,1,3,4,7,8,10,13,14,15,20
2017-07-17,09:00,3352,18,1,3,5,7,10,12,15,16,18,19
2017-07-17,10:00,3353,3,1,3,4,5,7,8,14,18,19,20
2017-07-17,11:00,3354,16,3,5,6,8,11,14,16,18,19,20
2017-07-17,12:00,3355,14,1,2,7,8,11,12,13,15,18,19
2017-07-17,13:00,3356,18,4,5,6,8,10,14,15,16,17,20
2017-07-17,14:00,3357,14,1,4,5,8,12,14,15,17,19,20
2017-07-17,15:00,3358,11,2,4,7,8,9,15,16,17,18,20
2017-07-17,16:00,3359,2,2,3,5,7,8,11,12,16,17,19
2017-07-17,17:00,3360,4,1,3,6,8,10,15,16,18,19,20
2017-07-17,18:00,3361,15,2,3,7,8,9,10,11,14,18,19
2017-07-17,19:00,3362,18,3,5,7,8,12,13,14,16,18,20
2017-07-17,20:00,3363,13,1,7,8,10,11,12,14,17,19,20
2017-07-17,21:00,3364,11,1,2,3,10,11,12,13,14,17,20
2017-07-17,22:00,3365,10,1,2,3,5,7,9,10,14,16,19
2017-07-17,23:00,3366,6,1,2,3,9,12,13,14,18,19,20
2017-07-18,07:00,3367,9,3,6,7,8,12,14,15,18,19,20
2017-07-18,08:00,3368,7,1,2,3,5,6,8,12,13,14,18
2017-07-18,09:00,3369,5,1,4,6,8,9,11,14,15,16,18
2017-07-18,10:00,3370,18,2,3,4,5,10,11,12,17,18,20
2017-07-18,11:00,3371,20,4,7,9,10,11,12,13,15,17,19
2017-07-18,12:00,3372,9,1,3,8,11,12,13,14,15,19,20
2017-07-18,13:00,3373,16,2,5,6,7,8,13,15,17,18,19
2017-07-18,14:00,3374,16,1,3,4,6,7,8,14,16,17,20
2017-07-18,15:00,3375,13,1,3,4,5,7,9,10,15,16,20
2017-07-18,16:00,3376,10,1,3,6,7,9,10,14,16,19,20
2017-07-18,17:00,3377,14,4,5,7,9,10,12,13,17,19,20
2017-07-18,18:00,3378,1,2,5,6,7,8,14,16,17,18,20
2017-07-18,19:00,3379,17,2,4,5,8,9,13,14,15,16,18
2017-07-18,20:00,3380,8,1,5,6,7,8,9,10,16,18,19
2017-07-18,21:00,3381,19,1,2,6,9,13,15,16,18,19,20
2017-07-18,22:00,3382,17,1,6,7,9,11,12,13,18,19,20
2017-07-18,23:00,3383,18,3,5,6,7,9,11,13,15,17,18
2017-07-19,07:00,3384,20,1,3,6,7,9,10,12,14,15,17
2017-07-19,08:00,3385,20,2,3,4,10,14,15,16,17,18,19
2017-07-19,09:00,3386,2,1,3,8,9,12,14,17,18,19,20
2017-07-19,10:00,3387,17,1,3,7,8,10,11,14,15,16,20
2017-07-19,11:00,3388,17,2,3,4,5,8,9,11,15,16,18
2017-07-19,12:00,3389,10,2,4,5,6,9,11,13,16,17,19
2017-07-19,13:00,3390,18,2,6,7,9,11,13,14,16,17,18
2017-07-19,14:00,3391,4,1,2,3,7,9,10,12,13,17,18
2017-07-19,15:00,3392,19,1,2,3,4,6,7,8,9,13,18
2017-07-19,16:00,3393,8,2,3,4,5,6,10,11,13,14,15
2017-07-19,17:00,3394,19,5,6,7,8,12,13,15,16,17,20
2017-07-19,18:00,3395,12,1,3,5,10,12,15,16,18,19,20
2017-07-19,19:00,3396,9,1,2,3,4,5,6,7,8,16,19
2017-07-19,20:00,3397,12,1,2,5,7,10,14,15,16,17,19
2017-07-19,21:00,3398,11,1,2,5,6,9,11,14,15,16,18
2017-07-19,22:00,3399,1,1,2,3,5,6,8,9,14,16,19
2017-07-19,23:00,3400,6,1,3,9,10,13,14,16,17,19,20
2017-07-20,07:00,3401,11,1,2,3,8,10,12,13,16,18,19
2017-07-20,08:00,3402,9,3,6,7,10,11,14,16,17,18,19
2017-07-20,09:00,3403,4,2,4,10,11,12,13,14,16,18,19
2017-07-20,10:00,3404,11,2,4,5,7,9,12,15,16,17,20
2017-07-20,11:00,3405,1,1,3,5,7,9,10,11,12,14,15
2017-07-20,12:00,3406,18,1,3,4,5,8,10,11,12,15,17
2017-07-20,13:00,3407,15,3,6,7,11,12,13,14,15,16,20
2017-07-20,14:00,3408,11,1,2,4,7,8,11,12,14,15,19
2017-07-20,15:00,3409,13,2,3,5,7,10,12,14,15,18,19
2017-07-20,16:00,3410,6,1,2,5,6,8,9,12,16,19,20
2017-07-20,17:00,3411,15,1,2,6,7,11,12,14,15,16,17
2017-07-20,18:00,3412,14,3,5,6,7,10,13,15,17,18,19
2017-07-20,19:00,3413,11,1,2,3,4,8,12,15,16,17,20
2017-07-20,20:00,3414,5,2,4,6,8,9,10,16,17,18,19
2017-07-20,21:00,3415,13,1,3,4,9,11,12,14,16,18,20
2017-07-20,22:00,3416,9,2,3,5,7,8,9,11,15,16,18
2017-07-20,23:00,3417,5,2,7,8,9,12,13,14,16,17,20
2017-07-21,07:00,3418,20,3,6,7,9,10,12,15,16,18,20
2017-07-21,08:00,3419,2,2,3,6,10,11,12,13,16,17,20
2017-07-21,09:00,3420,17,1,5,6,7,8,13,14,15,18,20
2017-07-21,10:00,3421,15,1,2,3,6,8,9,10,14,15,19
2017-07-21,11:00,3422,14,1,2,4,6,7,11,12,13,14,18
2017-07-21,12:00,3423,3,7,8,10,12,13,15,16,17,19,20
2017-07-21,13:00,3424,2,1,3,5,8,9,10,14,15,18,20
2017-07-21,14:00,3425,2,2,3,4,7,10,11,12,14,18,20
2017-07-21,15:00,3426,6,1,5,7,10,12,14,16,17,19,20
2017-07-21,16:00,3427,5,1,2,3,6,14,15,16,18,19,20
2017-07-21,17:00,3428,10,1,3,4,5,9,11,12,17,19,20
2017-07-21,18:00,3429,3,1,2,3,6,7,8,10,12,13,20
2017-07-21,19:00,3430,6,3,4,6,8,10,11,12,13,15,16
2017-07-21,20:00,3431,5,1,2,3,5,7,8,11,15,16,19
2017-07-21,21:00,3432,11,2,6,7,8,10,11,15,16,18,20
2017-07-21,22:00,3433,7,1,2,4,5,6,11,13,16,17,18
2017-07-21,23:00,3434,10,1,4,6,9,13,15,16,17,18,20
2017-07-22,07:00,3435,9,2,5,8,10,11,13,14,16,17,20
2017-07-22,08:00,3436,6,1,4,6,8,12,14,15,16,18,19
2017-07-22,09:00,3437,6,2,3,6,7,11,13,15,16,19,20
2017-07-22,10:00,3438,19,2,3,6,7,8,11,14,17,18,19
2017-07-22,11:00,3439,17,2,3,4,5,10,11,12,15,16,17
2017-07-22,12:00,3440,13,2,4,6,7,9,11,12,14,16,20
2017-07-22,13:00,3441,10,2,3,5,7,10,11,12,13,14,15
2017-07-22,14:00,3442,17,1,2,6,8,9,10,13,16,19,20
2017-07-22,15:00,3443,9,3,4,6,9,10,12,15,17,18,19
2017-07-22,16:00,3444,13,2,3,4,5,7,8,9,11,13,14
2017-07-22,17:00,3445,1,4,6,8,9,10,13,14,15,17,20
2017-07-22,18:00,3446,11,3,6,9,10,11,13,14,16,18,19
2017-07-22,19:00,3447,10,4,5,7,9,10,13,14,15,17,20
2017-07-22,20:00,3448,18,1,3,7,10,11,12,15,16,18,19
2017-07-22,21:00,3449,14,1,2,4,5,8,12,14,16,17,20
2017-07-22,22:00,3450,15,1,2,3,7,8,10,13,16,18,19
2017-07-22,23:00,3451,1,4,6,7,10,13,14,17,18,19,20
2017-07-23,07:00,3452,15,1,6,7,8,9,11,13,18,19,20
2017-07-23,08:00,3453,8,1,3,5,9,10,12,13,17,19,20
2017-07-23,09:00,3454,13,1,4,5,7,11,13,15,16,18,19
2017-07-23,10:00,3455,5,2,6,7,8,9,11,13,14,16,19
2017-07-23,11:00,3456,10,1,7,8,10,12,14,16,17,18,20
2017-07-23,12:00,3457,17,2,8,10,12,13,14,15,16,17,20
2017-07-23,13:00,3458,5,3,5,6,7,9,10,12,16,19,20
2017-07-23,14:00,3459,9,4,5,6,8,10,15,16,18,19,20
2017-07-23,15:00,3460,11,2,4,5,6,11,13,14,15,17,19
2017-07-23,16:00,3461,18,1,3,5,6,9,12,13,15,16,20
2017-07-23,17:00,3462,14,1,2,3,6,11,12,14,16,18,20
2017-07-23,18:00,3463,5,1,3,5,6,9,10,11,15,17,20
2017-07-23,19:00,3464,7,1,2,3,8,10,14,15,17,18,19
2017-07-23,20:00,3465,8,1,4,5,8,9,11,14,15,18,19
2017-07-23,21:00,3466,2,2,5,6,7,8,9,10,15,16,19
2017-07-23,22:00,3467,20,2,3,4,5,7,8,10,13,17,18
2017-07-23,23:00,3468,15,3,4,9,10,12,15,16,17,18,20
2017-07-24,07:00,3469,2,1,2,5,8,11,12,15,17,18,19
2017-07-24,08:00,3470,13,2,3,4,5,6,8,10,17,19,20
2017-07-24,09:00,3471,9,5,6,7,9,10,11,12,14,18,20
2017-07-24,10:00,3472,9,1,4,6,7,8,9,13,14,17,19
2017-07-24,11:00,3473,4,2,3,4,8,9,11,14,15,17,18
2017-07-24,12:00,3474,8,3,4,8,9,10,11,13,14,15,18
2017-07-24,13:00,3475,18,1,3,4,7,8,10,11,12,16,17
2017-07-24,14:00,3476,3,4,5,7,8,10,15,17,18,19,20
2017-07-24,15:00,3477,1,1,4,5,8,14,16,17,18,19,20
2017-07-24,16:00,3478,19,1,3,4,5,7,8,9,12,13,19
2017-07-24,17:00,3479,3,2,4,7,8,9,13,14,15,16,18
2017-07-24,18:00,3480,14,1,5,7,9,10,11,13,16,17,18
2017-07-24,19:00,3481,13,1,2,4,9,10,12,13,16,17,20
2017-07-24,20:00,3482,9,1,2,4,5,8,11,12,13,16,17
2017-07-24,21:00,3483,12,2,6,9,10,11,14,17,18,19,20
2017-07-24,22:00,3484,19,1,2,4,6,9,12,16,17,19,20
2017-07-24,23:00,3485,7,5,6,7,10,11,12,15,17,19,20
2017-07-25,07:00,3486,1,3,4,8,10,12,14,15,17,19,20
2017-07-25,08:00,3487,9,2,3,4,5,7,11,12,15,18,19
2017-07-25,09:00,3488,13,2,3,5,6,9,10,12,16,17,19
2017-07-25,10:00,3489,16,3,4,5,10,11,12,15,16,17,19
2017-07-25,11:00,3490,17,7,8,9,10,11,12,13,14,15,18
2017-07-25,12:00,3491,16,1,2,4,5,9,10,11,12,16,20
2017-07-25,13:00,3492,3,3,4,10,11,12,13,16,17,18,19
2017-07-25,14:00,3493,12,1,2,3,4,5,8,13,16,19,20
2017-07-25,15:00,3494,4,1,5,6,7,8,9,10,11,14,15
2017-07-25,16:00,3495,1,1,2,6,8,9,10,12,13,19,20
2017-07-25,17:00,3496,20,1,5,11,12,13,14,16,17,18,20
2017-07-25,18:00,3497,11,2,6,7,8,9,10,13,14,16,18
2017-07-25,19:00,3498,20,3,4,5,6,8,13,14,15,16,19
2017-07-25,20:00,3499,16,2,3,4,7,8,10,15,16,17,19
2017-07-25,21:00,3500,20,1,4,5,6,8,9,13,14,15,17
2017-07-25,22:00,3501,7,1,2,4,5,7,15,17,18,19,20
2017-07-25,23:00,3502,14,1,3,5,6,10,11,13,16,18,20
2017-07-26,07:00,3503,15,2,3,4,7,8,9,12,17,19,20
2017-07-26,08:00,3504,13,1,4,5,6,7,8,10,11,12,19
2017-07-26,09:00,3505,6,2,4,5,8,9,10,14,15,18,19
2017-07-26,10:00,3506,14,1,2,3,4,9,11,13,15,17,19
2017-07-26,11:00,3507,1,2,3,7,8,11,12,14,15,17,19
2017-07-26,12:00,3508,11,1,5,7,8,9,10,13,15,16,19
2017-07-26,13:00,3509,14,4,5,6,8,12,13,14,16,19,20
2017-07-26,14:00,3510,4,1,4,5,7,9,10,12,13,14,18
2017-07-26,15:00,3511,8,1,2,6,8,12,13,14,16,17,19
2017-07-26,16:00,3512,14,2,4,7,8,9,11,13,14,16,17
2017-07-26,17:00,3513,8,1,2,6,7,15,16,17,18,19,20
2017-07-26,18:00,3514,8,1,2,3,7,8,10,12,15,17,18
2017-07-26,19:00,3515,18,1,4,8,10,13,14,15,17,18,20
2017-07-26,20:00,3516,14,2,4,6,9,13,14,15,17,19,20
2017-07-26,21:00,3517,12,2,4,8,9,14,16,17,18,19,20
2017-07-26,22:00,3518,8,1,2,3,5,6,7,16,17,18,20
2017-07-26,23:00,3519,18,1,3,4,5,6,7,10,13,14,17
2017-07-27,07:00,3520,8,1,4,5,7,9,11,14,16,18,19
2017-07-27,08:00,3521,18,1,2,9,10,14,15,16,18,19,20
2017-07-27,09:00,3522,7,1,2,4,9,11,12,15,17,18,20
2017-07-27,10:00,3523,16,1,3,4,5,8,12,13,14,15,20
2017-07-27,11:00,3524,19,2,5,8,9,10,11,12,13,16,18
2017-07-27,12:00,3525,4,5,6,7,10,12,14,15,16,17,18
2017-07-27,13:00,3526,2,1,4,5,6,8,12,14,17,18,19
2017-07-27,14:00,3527,12,2,3,8,13,14,15,16,18,19,20
2017-07-27,15:00,3528,10,1,4,7,8,9,13,14,17,18,20
2017-07-27,16:00,3529,18,1,5,8,10,11,12,13,14,15,19
2017-07-27,17:00,3530,7,2,3,6,7,9,13,15,17,19,20
2017-07-27,18:00,3531,12,1,5,7,9,12,13,15,16,17,19
2017-07-27,19:00,3532,5,1,3,7,10,12,15,16,17,18,20
2017-07-27,20:00,3533,1,1,3,4,5,6,8,9,13,17,20
2017-07-27,21:00,3534,12,3,4,6,8,9,12,15,16,17,18
2017-07-27,22:00,3535,14,2,7,9,10,11,13,14,15,16,17
2017-07-27,23:00,3536,19,1,3,5,7,10,12,14,16,17,19
2017-07-28,07:00,3537,12,1,3,4,6,8,10,11,15,17,18
2017-07-28,08:00,3538,2,5,8,9,10,11,13,16,17,19,20
2017-07-28,09:00,3539,13,4,5,7,8,9,11,12,13,17,18
2017-07-28,10:00,3540,9,2,5,6,8,10,12,13,17,18,19
2017-07-28,11:00,3541,3,1,2,3,8,9,11,12,16,17,18
2017-07-28,12:00,3542,12,1,7,8,9,10,12,15,16,19,20
2017-07-28,13:00,3543,18,1,2,3,5,7,9,10,11,16,20
2017-07-28,14:00,3544,12,1,2,5,9,11,12,13,14,15,17
2017-07-28,15:00,3545,1,2,4,7,8,9,11,12,15,18,19
2017-07-28,16:00,3546,10,2,4,6,7,9,10,13,14,16,20
2017-07-28,17:00,3547,9,2,3,5,9,12,13,15,16,18,20
2017-07-28,18:00,3548,3,1,4,6,7,13,14,15,16,17,19
2017-07-28,19:00,3549,5,1,6,8,11,12,15,16,17,18,19
2017-07-28,20:00,3550,11,3,5,6,7,8,9,10,13,15,17
2017-07-28,21:00,3551,5,1,4,5,6,11,12,14,17,18,20
2017-07-28,22:00,3552,1,1,3,6,7,8,9,10,14,15,18
2017-07-28,23:00,3553,6,2,3,6,7,8,9,10,15,18,20
2017-07-29,07:00,3554,2,5,6,7,9,10,12,14,15,16,20
2017-07-29,08:00,3555,2,1,4,5,6,7,9,12,13,16,17
2017-07-29,09:00,3556,19,1,3,5,9,12,13,14,15,19,20
2017-07-29,10:00,3557,9,4,5,8,9,11,12,13,14,19,20
2017-07-29,11:00,3558,9,2,3,5,6,7,9,10,15,18,20
2017-07-29,12:00,3559,19,2,3,5,9,12,13,14,16,18,20
2017-07-29,13:00,3560,4,1,4,5,6,7,8,9,10,14,17
2017-07-29,14:00,3561,16,2,3,9,10,13,15,16,17,18,19
2017-07-29,15:00,3562,15,1,2,3,5,9,10,13,14,15,18
2017-07-29,16:00,3563,12,2,4,8,9,10,14,15,16,17,20
2017-07-29,17:00,3564,20,2,4,10,12,13,15,16,18,19,20
2017-07-29,18:00,3565,6,1,2,5,9,13,14,16,17,18,20
2017-07-29,19:00,3566,10,3,4,6,7,10,13,17,18,19,20
2017-07-29,20:00,3567,15,1,3,6,8,9,15,16,17,18,20
2017-07-29,21:00,3568,15,1,2,6,9,12,14,16,18,19,20
2017-07-29,22:00,3569,16,1,4,7,8,11,15,16,17,19,20
2017-07-29,23:00,3570,1,3,4,5,6,7,8,9,11,14,18
2017-07-30,07:00,3571,5,2,5,6,8,11,12,15,16,19,20
2017-07-30,08:00,3572,10,3,4,5,9,10,12,15,16,19,20
2017-07-30,09:00,3573,7,1,5,6,7,9,11,15,16,18,20
2017-07-30,10:00,3574,4,6,7,8,12,13,14,15,16,17,18
2017-07-30,11:00,3575,17,3,4,5,7,9,14,15,16,19,20
2017-07-30,12:00,3576,18,1,3,4,5,8,9,10,12,13,17
2017-07-30,13:00,3577,16,1,2,3,4,9,11,15,16,18,20
2017-07-30,14:00,3578,18,3,7,9,10,11,12,14,15,19,20
2017-07-30,15:00,3579,6,1,4,6,7,11,14,15,16,18,19
2017-07-30,16:00,3580,3,3,5,8,9,11,13,14,17,18,20
2017-07-30,17:00,3581,2,2,4,6,8,12,13,16,18,19,20
2017-07-30,18:00,3582,10,2,4,5,7,8,9,10,11,14,16
2017-07-30,19:00,3583,14,3,5,6,7,8,11,12,13,15,19
2017-07-30,20:00,3584,13,3,5,7,10,12,13,14,15,17,19
2017-07-30,21:00,3585,10,1,7,9,11,14,15,16,17,18,20
2017-07-30,22:00,3586,1,1,3,4,8,9,11,12,15,19,20
2017-07-30,23:00,3587,3,1,2,4,7,8,11,15,16,17,19
2017-07-31,07:00,3588,2,1,3,4,7,8,9,13,16,17,19
2017-07-31,08:00,3589,19,1,3,4,7,10,12,13,14,15,19
2017-07-31,09:00,3590,7,1,3,6,7,8,10,16,17,19,20
2017-07-31,10:00,3591,8,3,5,9,11,12,13,14,15,16,18
2017-07-31,11:00,3592,1,1,4,8,9,10,11,13,14,15,16
2017-07-31,12:00,3593,6,2,5,7,8,9,13,15,16,18,19
2017-07-31,13:00,3594,10,1,2,3,7,12,13,15,16,17,19
2017-07-31,14:00,3595,5,2,4,5,7,8,9,12,14,15,16
2017-07-31,15:00,3596,15,1,2,4,6,7,8,12,13,14,17
2017-07-31,16:00,3597,8,3,4,6,8,11,13,16,18,19,20
2017-07-31,17:00,3598,19,3,5,6,8,10,12,13,15,17,19
2017-07-31,18:00,3599,15,4,6,7,8,10,12,13,16,18,20
2017-07-31,19:00,3600,13,1,2,3,5,9,11,16,17,18,20
2017-07-31,20:00,3601,20,2,3,4,5,7,11,13,18,19,20
2017-07-31,21:00,3602,5,1,3,5,6,8,9,11,16,17,20
2017-07-31,22:00,3603,19,1,3,7,8,9,11,13,14,15,16
2017-07-31,23:00,3604,10,1,2,6,7,9,11,12,14,15,19
2017-08-01,07:00,3605,15,1,3,4,5,12,13,16,17,18,20
2017-08-01,08:00,3606,4,4,7,8,11,12,14,16,17,18,20
2017-08-01,09:00,3607,19,1,3,8,10,11,12,13,14,16,19
2017-08-01,10:00,3608,16,2,5,7,8,9,10,11,12,14,18
2017-08-01,11:00,3609,16,1,2,4,6,7,8,10,11,14,18
2017-08-01,12:00,3610,20,3,5,6,8,9,11,12,13,18,19
2017-08-01,13:00,3611,3,1,4,5,8,9,11,12,14,15,19
2017-08-01,14:00,3612,5,3,5,7,8,10,14,16,18,19,20
2017-08-01,15:00,3613,12,6,7,9,10,11,13,16,17,18,20
2017-08-01,16:00,3614,6,1,3,4,7,11,14,15,16,19,20
2017-08-01,17:00,3615,14,4,5,6,10,11,15,16,18,19,20
2017-08-01,18:00,3616,12,2,3,6,7,8,9,10,12,13,18
2017-08-01,19:00,3617,8,2,4,7,9,11,12,13,15,16,17
2017-08-01,20:00,3618,16,1,3,4,6,7,10,11,13,16,20
2017-08-01,21:00,3619,12,2,3,4,8,10,11,12,14,17,20
2017-08-01,22:00,3620,10,2,7,9,12,13,14,15,16,18,19
2017-08-01,23:00,3621,16,1,2,7,11,13,14,15,18,19,20
2017-08-02,07:00,3622,2,1,2,3,4,8,10,11,16,19,20
2017-08-02,08:00,3623,16,1,2,5,6,7,13,14,15,17,20
2017-08-02,09:00,3624,9,2,3,4,8,11,13,14,15,17,19
2017-08-02,10:00,3625,6,3,6,7,8,9,13,14,15,16,20
2017-08-02,11:00,3626,8,3,4,5,6,11,13,14,15,18,20
2017-08-02,12:00,3627,15,2,6,7,8,9,14,15,16,18,19
2017-08-02,13:00,3628,16,1,2,4,5,7,10,13,15,16,19
2017-08-02,14:00,3629,11,4,5,6,7,8,9,13,16,17,20
2017-08-02,15:00,3630,20,1,4,5,6,10,11,12,15,16,19
2017-08-02,16:00,3631,20,1,3,4,7,9,10,11,13,15,19
2017-08-02,17:00,3632,10,1,2,3,4,11,12,14,16,19,20
2017-08-02,18:00,3633,14,2,3,5,6,8,9,10,15,19,20
2017-08-02,19:00,3634,10,1,3,6,7,8,12,13,17,18,20
2017-08-02,20:00,3635,5,1,2,3,5,9,11,12,14,15,16
2017-08-02,21:00,3636,18,1,3,8,10,11,13,14,15,17,18
2017-08-02,22:00,3637,10,5,7,8,9,11,12,14,15,16,18
2017-08-02,23:00,3638,9,1,4,6,7,8,10,11,14,15,17
2017-08-03,07:00,3639,19,1,2,4,5,10,11,12,13,17,18
2017-08-03,08:00,3640,1,1,2,6,9,10,12,13,14,15,19
2017-08-03,09:00,3641,1,2,4,7,10,12,13,15,16,18,19
2017-08-03,10:00,3642,11,1,2,4,9,10,11,13,15,17,18
2017-08-03,11:00,3643,17,2,5,6,9,12,15,16,17,19,20
2017-08-03,12:00,3644,12,2,3,5,7,9,13,16,18,19,20
2017-08-03,13:00,3645,6,2,8,9,11,12,14,15,17,18,19
2017-08-03,14:00,3646,4,1,2,7,8,10,11,12,13,18,20
2017-08-03,15:00,3647,6,1,3,5,7,10,13,15,17,18,19
2017-08-03,16:00,3648,1,4,6,7,9,10,11,14,15,16,20
2017-08-03,17:00,3649,6,2,3,8,9,11,13,14,15,16,18
2017-08-03,18:00,3650,5,2,3,5,6,7,9,10,11,13,20
2017-08-03,19:00,3651,2,1,2,4,10,11,13,15,18,19,20
2017-08-03,20:00,3652,5,2,4,5,7,10,12,13,14,16,19
2017-08-03,21:00,3653,6,1,2,5,6,9,10,13,15,18,19
2017-08-03,22:00,3654,14,2,3,5,7,9,10,11,13,17,19
2017-08-03,23:00,3655,6,6,7,8,9,10,11,13,15,16,19
2017-08-04,07:00,3656,13,3,5,8,10,11,14,16,17,18,19
2017-08-04,08:00,3657,5,1,4,5,7,9,12,14,15,19,20
2017-08-04,09:00,3658,19,1,2,7,8,9,10,14,15,18,20
2017-08-04,10:00,3659,20,1,4,6,7,8,9,15,18,19,20
2017-08-04,11:00,3660,6,1,4,6,10,11,15,16,18,19,20
2017-08-04,12:00,3661,9,1,4,5,7,9,10,11,17,18,20
2017-08-04,13:00,3662,4,2,3,9,10,13,15,17,18,19,20
2017-08-04,14:00,3663,9,1,4,6,7,8,10,11,14,16,17
2017-08-04,15:00,3664,8,1,3,4,5,6,7,11,13,14,20
2017-08-04,16:00,3665,1,3,4,5,10,11,12,13,17,18,20
2017-08-04,17:00,3666,12,7,8,10,11,12,14,17,18,19,20
2017-08-04,18:00,3667,5,2,3,9,10,12,15,16,17,18,19
2017-08-04,19:00,3668,5,3,4,6,8,9,10,12,13,15,19
2017-08-04,20:00,3669,16,3,4,8,9,10,12,14,15,17,19
2017-08-04,21:00,3670,10,5,7,8,9,11,14,15,18,19,20
2017-08-04,22:00,3671,16,1,5,6,7,8,9,10,11,13,17
2017-08-04,23:00,3672,1,2,3,4,10,12,13,14,17,18,20
2017-08-05,07:00,3673,6,3,5,6,9,10,11,13,16,17,20
2017-08-05,08:00,3674,20,4,5,7,8,11,12,13,14,15,20
2017-08-05,09:00,3675,20,6,7,8,10,11,13,14,15,17,19
2017-08-05,10:00,3676,12,2,5,7,9,10,13,15,16,18,19
2017-08-05,11:00,3677,20,2,3,4,5,6,7,11,15,17,20
2017-08-05,12:00,3678,15,2,3,6,7,11,13,14,15,17,20
2017-08-05,13:00,3679,7,2,3,7,9,10,15,16,17,18,19
2017-08-05,14:00,3680,15,1,3,7,8,9,13,14,17,19,20
2017-08-05,15:00,3681,11,2,6,7,9,10,13,16,17,19,20
2017-08-05,16:00,3682,7,1,2,5,8,9,13,14,15,17,18
2017-08-05,17:00,3683,11,1,2,4,7,9,13,14,16,17,20
2017-08-05,18:00,3684,20,2,3,5,7,9,10,11,12,15,20
2017-08-05,19:00,3685,9,1,3,4,5,7,10,11,12,18,20
2017-08-05,20:00,3686,13,2,4,6,7,8,12,13,14,19,20
2017-08-05,21:00,3687,14,2,4,6,9,11,14,15,17,19,20
2017-08-05,22:00,3688,18,4,5,6,7,8,10,13,14,15,20
2017-08-05,23:00,3689,5,3,4,5,6,8,11,13,14,17,19
2017-08-06,07:00,3690,14,1,2,3,7,11,12,14,15,19,20
2017-08-06,08:00,3691,11,2,4,6,8,10,11,12,13,16,17
2017-08-06,09:00,3692,11,2,3,4,7,8,9,12,17,18,19
2017-08-06,10:00,3693,15,4,6,9,10,11,12,16,18,19,20
2017-08-06,11:00,3694,18,6,9,11,12,13,14,15,16,17,19
2017-08-06,12:00,3695,7,3,5,6,7,10,12,13,15,19,20
2017-08-06,13:00,3696,20,3,5,7,8,11,12,13,18,19,20
2017-08-06,14:00,3697,12,3,4,7,8,12,14,15,16,18,19
2017-08-06,15:00,3698,17,3,4,7,8,11,12,14,16,18,20
2017-08-06,16:00,3699,4,1,3,4,5,8,13,16,18,19,20
2017-08-06,17:00,3700,18,1,2,5,6,8,9,12,13,15,17
2017-08-06,18:00,3701,2,1,2,3,4,6,12,13,16,18,20
2017-08-06,19:00,3702,19,8,9,10,11,12,13,14,15,16,17
2017-08-06,20:00,3703,8,1,2,3,7,9,12,13,17,19,20
2017-08-06,21:00,3704,18,2,3,6,7,8,9,16,18,19,20
2017-08-06,22:00,3705,16,1,4,7,10,12,13,15,16,17,18
2017-08-06,23:00,3706,4,1,2,3,5,7,9,10,13,18,20
2017-08-07,07:00,3707,11,2,4,7,9,10,12,13,14,19,20
2017-08-07,08:00,3708,5,2,10,12,13,14,16,17,18,19,20
2017-08-07,09:00,3709,12,1,3,4,9,11,14,15,17,18,19
2017-08-07,10:00,3710,14,2,3,4,5,8,9,11,14,16,18
2017-08-07,11:00,3711,1,1,3,5,6,8,13,15,18,19,20
2017-08-07,12:00,3712,15,1,2,3,5,7,8,10,13,16,19
2017-08-07,13:00,3713,9,1,2,3,4,6,7,8,9,11,14
2017-08-07,14:00,3714,11,2,3,5,7,11,12,15,16,17,20
2017-08-07,15:00,3715,14,2,5,8,10,11,15,16,17,19,20
2017-08-07,16:00,3716,12,1,5,7,8,10,12,14,15,16,19
2017-08-07,17:00,3717,18,1,2,5,8,9,13,15,16,17,20
2017-08-07,18:00,3718,11,3,6,7,8,10,11,15,16,19,20
2017-08-07,19:00,3719,18,4,5,6,7,8,10,11,12,14,19
2017-08-07,20:00,3720,7,1,4,5,6,8,14,15,16,19,20
2017-08-07,21:00,3721,1,2,3,4,9,12,13,14,16,19,20
2017-08-07,22:00,3722,2,2,3,5,7,9,12,13,15,16,17
2017-08-07,23:00,3723,12,4,5,6,7,8,11,14,17,18,19
2017-08-08,07:00,3724,1,2,3,4,5,9,13,14,15,16,18
2017-08-08,08:00,3725,3,1,2,4,6,7,8,10,12,18,20
2017-08-08,09:00,3726,16,1,4,10,11,13,15,17,18,19,20
2017-08-08,10:00,3727,14,3,4,5,6,9,13,14,15,16,19
2017-08-08,11:00,3728,14,3,4,6,7,9,12,14,16,18,19
2017-08-08,12:00,3729,6,2,3,4,7,10,11,13,14,19,20
2017-08-08,13:00,3730,15,4,6,8,9,12,14,17,18,19,20
2017-08-08,14:00,3731,5,2,3,4,6,8,11,12,13,15,19
2017-08-08,15:00,3732,10,1,3,5,6,11,13,15,16,18,20
2017-08-08,16:00,3733,20,1,3,6,8,9,11,12,13,15,18
2017-08-08,17:00,3734,7,2,3,5,7,9,11,12,13,17,20
2017-08-08,18:00,3735,16,2,3,6,7,9,10,11,12,13,14
2017-08-08,19:00,3736,2,4,5,6,7,8,12,15,16,17,18
2017-08-08,20:00,3737,8,1,3,4,6,7,8,10,11,12,15
2017-08-08,21:00,3738,15,2,3,4,6,10,14,15,17,18,20
2017-08-08,22:00,3739,8,2,3,5,8,9,11,14,15,19,20
2017-08-08,23:00,3740,6,2,4,5,7,11,12,13,14,17,19
2017-08-09,07:00,3741,2,1,3,4,5,7,12,15,18,19,20
2017-08-09,08:00,3742,9,2,3,10,11,12,13,14,15,16,17
2017-08-09,09:00,3743,12,1,2,3,4,10,11,14,16,18,19
2017-08-09,10:00,3744,14,4,6,9,10,11,13,15,16,17,19
2017-08-09,11:00,3745,7,4,5,10,11,13,14,16,17,18,20
2017-08-09,12:00,3746,9,4,8,9,12,14,15,16,17,19,20
2017-08-09,13:00,3747,2,3,4,5,7,8,9,10,12,16,17
2017-08-09,14:00,3748,13,1,2,4,8,12,13,14,16,19,20
2017-08-09,15:00,3749,2,1,3,5,6,11,13,14,15,19,20
2017-08-09,16:00,3750,4,2,5,8,10,11,12,16,18,19,20
2017-08-09,17:00,3751,4,3,8,9,10,11,12,16,18,19,20
2017-08-09,18:00,3752,16,2,3,5,7,8,9,12,14,15,18
2017-08-09,19:00,3753,3,1,5,7,9,10,12,14,15,19,20
2017-08-09,20:00,3754,19,1,2,4,5,9,11,12,14,16,17
2017-08-09,21:00,3755,1,4,5,6,7,9,12,14,16,17,19
2017-08-09,22:00,3756,5,1,3,6,7,9,10,14,15,17,19
2017-08-09,23:00,3757,12,6,7,8,10,11,13,17,18,19,20
2017-08-10,07:00,3758,5,4,5,6,10,12,15,16,17,18,19
2017-08-10,08:00,3759,14,3,4,5,7,9,13,14,18,19,20
2017-08-10,09:00,3760,10,1,2,5,6,7,13,14,15,17,18
2017-08-10,10:00,3761,16,1,4,5,8,12,13,14,17,19,20
2017-08-10,11:00,3762,19,1,5,6,7,8,9,12,17,18,19
2017-08-10,12:00,3763,9,7,8,9,10,11,12,14,15,17,20
2017-08-10,13:00,3764,1,4,5,6,8,9,14,15,17,18,19
2017-08-10,14:00,3765,5,1,2,3,7,11,12,13,14,15,18
2017-08-10,15:00,3766,18,2,6,7,8,9,10,11,13,15,16
2017-08-10,16:00,3767,15,1,3,4,5,8,13,14,16,17,19
2017-08-10,17:00,3768,11,4,9,10,11,13,15,17,18,19,20
2017-08-10,18:00,3769,12,1,2,4,5,8,9,13,14,18,20
2017-08-10,19:00,3770,3,1,2,3,8,9,11,13,14,15,19
2017-08-10,20:00,3771,6,1,2,4,9,10,11,15,17,18,19
2017-08-10,21:00,3772,11,1,2,5,8,9,12,15,16,17,20
2017-08-10,22:00,3773,10,3,6,8,11,13,14,15,17,18,20
2017-08-10,23:00,3774,10,2,3,7,9,10,11,12,15,16,18
2017-08-11,07:00,3775,13,2,3,4,5,6,8,9,11,12,13
2017-08-11,08:00,3776,15,4,5,7,8,14,15,17,18,19,20
2017-08-11,09:00,3777,17,3,4,5,8,9,12,13,14,17,20
2017-08-11,10:00,3778,5,2,3,4,5,7,8,10,11,12,20
2017-08-11,11:00,3779,12,2,3,4,5,7,8,10,13,18,19
2017-08-11,12:00,3780,9,1,2,4,5,6,8,11,16,17,20
2017-08-11,13:00,3781,3,2,3,4,6,8,9,10,11,16,18
2017-08-11,14:00,3782,12,2,4,5,7,12,15,17,18,19,20
2017-08-11,15:00,3783,9,3,4,6,9,11,12,14,16,17,20
2017-08-11,16:00,3784,6,2,3,4,5,11,12,13,14,15,20
2017-08-11,17:00,3785,9,1,3,6,8,11,12,15,17,19,20
2017-08-11,18:00,3786,4,4,5,6,8,10,11,12,14,15,19
2017-08-11,19:00,3787,7,1,2,3,5,6,8,9,10,11,20
2017-08-11,20:00,3788,13,1,4,5,6,8,9,14,16,17,18
2017-08-11,21:00,3789,14,1,2,3,8,9,11,16,17,19,20
2017-08-11,22:00,3790,12,1,3,4,5,7,8,13,15,19,20
2017-08-11,23:00,3791,13,1,4,6,7,9,11,15,16,18,20
2017-08-12,07:00,3792,9,1,4,6,9,11,13,15,16,17,19
2017-08-12,08:00,3793,15,2,3,6,7,8,10,15,18,19,20
2017-08-12,09:00,3794,6,1,4,7,12,13,14,15,17,18,20
2017-08-12,10:00,3795,5,3,6,7,8,9,10,14,16,17,18
2017-08-12,11:00,3796,20,2,4,6,8,11,12,13,14,19,20
2017-08-12,12:00,3797,5,1,5,8,11,12,13,14,15,16,20
2017-08-12,13:00,3798,15,1,3,4,6,8,11,13,14,18,19
2017-08-12,14:00,3799,14,3,4,9,10,11,12,14,15,17,19
2017-08-12,15:00,3800,13,4,7,8,11,13,14,15,16,19,20
2017-08-12,16:00,3801,14,1,4,6,9,10,13,16,18,19,20
2017-08-12,17:00,3802,13,2,8,9,10,11,12,14,17,18,19
2017-08-12,18:00,3803,6,4,6,9,11,12,16,17,18,19,20
2017-08-12,19:00,3804,8,2,3,4,5,9,11,13,16,18,20
2017-08-12,20:00,3805,17,2,3,6,7,8,12,13,15,16,19
2017-08-12,21:00,3806,12,2,3,4,5,6,9,10,11,12,19
2017-08-12,22:00,3807,6,2,3,4,5,9,10,12,16,18,20
2017-08-12,23:00,3808,13,4,8,10,11,12,13,14,15,17,19
2017-08-13,07:00,3809,4,2,4,5,8,9,13,14,15,16,18
2017-08-13,08:00,3810,17,2,6,7,11,12,13,14,15,18,19
2017-08-13,09:00,3811,14,2,3,4,7,8,13,14,15,18,19
2017-08-13,10:00,3812,15,1,2,3,7,9,10,13,15,18,19
2017-08-13,11:00,3813,19,1,2,6,7,9,11,13,14,16,18
2017-08-13,12:00,3814,15,1,2,4,5,10,12,13,14,15,19
2017-08-13,13:00,3815,7,1,2,4,5,6,7,9,15,17,19
2017-08-13,14:00,3816,15,1,2,3,5,14,15,16,18,19,20
2017-08-13,15:00,3817,7,1,3,6,8,9,10,11,13,14,15
2017-08-13,16:00,3818,1,2,5,7,10,11,12,15,16,19,20
2017-08-13,17:00,3819,5,1,3,5,6,7,10,11,13,14,16
2017-08-13,18:00,3820,6,1,2,5,6,9,12,14,16,18,19
2017-08-13,19:00,3821,12,2,4,5,6,11,12,15,16,17,18
2017-08-13,20:00,3822,7,1,2,6,8,10,11,13,14,16,20
2017-08-13,21:00,3823,10,2,4,6,10,13,14,15,18,19,20
2017-08-13,22:00,3824,11,1,4,5,8,9,12,14,15,16,19
2017-08-13,23:00,3825,19,3,4,5,6,7,13,14,15,17,19
2017-08-14,07:00,3826,13,2,3,7,9,10,11,12,13,15,18
2017-08-14,08:00,3827,20,1,2,3,4,7,10,11,12,17,20
2017-08-14,09:00,3828,10,2,4,8,9,10,14,16,17,18,19
2017-08-14,10:00,3829,15,2,3,9,10,11,12,14,16,17,20
2017-08-14,11:00,3830,19,2,5,7,8,9,10,11,16,19,20
2017-08-14,12:00,3831,8,3,4,7,8,9,10,11,12,13,18
2017-08-14,13:00,3832,10,3,4,6,7,8,9,10,13,14,18
2017-08-14,14:00,3833,19,4,6,8,9,12,13,15,16,17,18
2017-08-14,15:00,3834,10,1,2,6,7,8,12,14,15,19,20
2017-08-14,16:00,3835,4,4,7,9,11,13,15,16,17,18,20
2017-08-14,17:00,3836,8,2,4,7,8,9,11,14,15,18,19
2017-08-14,18:00,3837,17,1,3,4,5,7,10,13,14,15,18
2017-08-14,19:00,3838,14,1,2,3,10,12,15,16,17,19,20
2017-08-14,20:00,3839,19,1,2,4,5,11,12,13,14,17,18
2017-08-14,21:00,3840,20,2,5,6,9,10,11,12,13,14,15
2017-08-14,22:00,3841,5,4,5,9,10,11,14,15,17,18,20
2017-08-14,23:00,3842,1,1,2,4,5,12,13,14,15,19,20
2017-08-15,07:00,3843,1,2,3,4,5,7,8,12,14,16,20
2017-08-15,08:00,3844,5,1,2,4,5,6,8,9,10,13,18
2017-08-15,09:00,3845,14,7,8,9,10,12,13,14,15,19,20
2017-08-15,10:00,3846,11,1,2,4,5,6,8,9,17,19,20
2017-08-15,11:00,3847,10,1,4,5,6,8,9,12,15,16,18
2017-08-15,12:00,3848,1,2,4,11,12,13,14,15,16,17,18
2017-08-15,13:00,3849,9,1,2,6,7,9,13,14,15,16,19
2017-08-15,14:00,3850,18,1,2,4,5,6,9,17,18,19,20
2017-08-15,15:00,3851,17,4,6,9,11,12,13,15,17,19,20
2017-08-15,16:00,3852,10,1,3,6,10,11,13,15,16,17,20
2017-08-15,17:00,3853,15,1,7,9,10,11,12,13,14,16,18
2017-08-15,18:00,3854,7,3,5,8,9,11,12,13,16,17,18
2017-08-15,19:00,3855,15,2,5,7,8,9,10,13,15,17,20
2017-08-15,20:00,3856,3,4,5,9,11,13,15,17,18,19,20
2017-08-15,21:00,3857,9,4,5,9,10,11,12,16,17,18,20
2017-08-15,22:00,3858,17,2,3,7,8,9,15,16,18,19,20
2017-08-15,23:00,3859,15,3,4,7,8,10,11,12,15,17,20
2017-08-16,07:00,3860,17,2,3,5,7,9,10,12,13,14,17
2017-08-16,08:00,3861,11,2,3,8,9,10,11,14,16,17,18
2017-08-16,09:00,3862,14,1,2,3,4,8,9,10,12,13,16
2017-08-16,10:00,3863,1,1,4,7,8,9,11,12,13,15,17
2017-08-16,11:00,3864,20,3,4,6,7,9,10,11,13,17,18
2017-08-16,12:00,3865,20,3,6,9,10,12,13,15,16,17,19
2017-08-16,13:00,3866,13,1,2,3,4,6,8,10,12,14,15
2017-08-16,14:00,3867,11,2,3,4,5,9,10,12,14,17,20
2017-08-16,15:00,3868,17,1,2,3,5,6,9,11,17,19,20
2017-08-16,16:00,3869,19,1,5,7,8,9,13,16,17,18,19
2017-08-16,17:00,3870,6,2,4,5,6,9,10,13,14,18,19
2017-08-16,18:00,3871,6,1,3,4,7,8,10,12,17,18,19
2017-08-16,19:00,3872,2,2,4,5,7,8,11,15,16,17,20
2017-08-16,20:00,3873,8,1,3,4,5,6,7,9,14,18,20
2017-08-16,21:00,3874,16,5,6,9,10,12,13,15,16,18,20
2017-08-16,22:00,3875,7,1,2,4,8,11,15,16,17,18,19
2017-08-16,23:00,3876,15,1,5,6,9,14,15,17,18,19,20
2017-08-17,07:00,3877,3,2,3,4,7,9,12,14,16,17,18
2017-08-17,08:00,3878,4,2,5,7,8,9,11,13,14,16,19
2017-08-17,09:00,3879,12,1,2,5,6,8,11,12,14,15,19
2017-08-17,10:00,3880,19,1,3,4,7,8,9,10,11,13,17
2017-08-17,11:00,3881,19,2,4,9,10,11,13,16,17,19,20
2017-08-17,12:00,3882,5,1,5,6,8,13,15,16,18,19,20
2017-08-17,13:00,3883,9,1,3,6,10,11,12,16,17,18,20
2017-08-17,14:00,3884,1,2,5,7,9,10,11,12,13,15,19
2017-08-17,15:00,3885,10,1,2,4,6,7,9,11,13,16,17
2017-08-17,16:00,3886,6,4,5,6,9,11,13,14,16,17,19
2017-08-17,17:00,3887,20,3,4,5,6,8,9,10,13,14,16
2017-08-17,18:00,3888,20,1,3,4,8,10,11,12,15,18,19
2017-08-17,19:00,3889,17,1,6,7,9,10,11,12,14,18,19
2017-08-17,20:00,3890,3,1,2,3,7,8,10,14,15,17,19
2017-08-17,21:00,3891,16,3,6,8,9,10,11,12,13,16,18
2017-08-17,22:00,3892,13,4,7,8,9,10,11,13,14,16,19
2017-08-17,23:00,3893,2,1,2,3,11,15,16,17,18,19,20
2017-08-18,07:00,3894,7,2,3,5,8,11,12,13,14,15,16
2017-08-18,08:00,3895,20,1,3,4,6,8,13,15,17,18,19
2017-08-18,09:00,3896,18,2,6,7,9,10,11,13,14,17,18
2017-08-18,10:00,3897,2,1,3,6,8,9,10,13,14,17,19
2017-08-18,11:00,3898,10,3,8,9,11,13,14,15,16,18,20
2017-08-18,12:00,3899,12,1,2,3,4,6,7,9,10,12,14
2017-08-18,13:00,3900,20,4,7,10,12,13,14,15,18,19,20
2017-08-18,14:00,3901,17,2,3,4,8,10,14,15,16,18,20
2017-08-18,15:00,3902,17,1,2,4,6,7,12,13,17,18,19
2017-08-18,16:00,3903,3,4,7,8,13,14,15,16,17,18,19
2017-08-18,17:00,3904,5,1,2,3,7,10,11,12,16,18,20
2017-08-18,18:00,3905,6,3,4,5,7,8,10,14,15,19,20
2017-08-18,19:00,3906,16,2,5,7,8,10,11,14,15,17,19
2017-08-18,20:00,3907,1,4,6,8,11,13,14,15,18,19,20
2017-08-18,21:00,3908,2,1,2,3,4,5,6,15,16,17,18
2017-08-18,22:00,3909,18,3,4,5,7,9,11,12,14,15,20
2017-08-18,23:00,3910,6,2,4,6,8,11,13,14,18,19,20
2017-08-19,07:00,3911,18,3,4,5,6,7,9,11,14,15,17
2017-08-19,08:00,3912,5,2,3,5,7,10,12,14,18,19,20
2017-08-19,09:00,3913,8,1,3,5,6,9,11,12,15,18,19
2017-08-19,10:00,3914,10,1,3,4,8,9,11,13,14,18,20
2017-08-19,11:00,3915,4,2,3,4,7,8,11,17,18,19,20
2017-08-19,12:00,3916,15,2,3,4,5,6,7,9,10,15,18
2017-08-19,13:00,3917,11,2,3,6,8,9,11,13,15,16,19
2017-08-19,14:00,3918,1,2,3,6,9,11,14,15,17,19,20
2017-08-19,15:00,3919,13,1,2,3,5,6,9,11,13,15,17
2017-08-19,16:00,3920,5,1,2,4,5,7,8,14,15,18,20
2017-08-19,17:00,3921,4,2,4,5,9,12,16,17,18,19,20
2017-08-19,18:00,3922,17,2,7,8,9,10,11,13,15,17,19
2017-08-19,19:00,3923,14,2,6,7,8,9,12,15,16,17,20
2017-08-19,20:00,3924,5,1,2,5,6,10,11,12,16,19,20
2017-08-19,21:00,3925,18,1,4,7,8,10,11,12,17,18,19
2017-08-19,22:00,3926,12,5,6,7,8,11,12,14,17,18,20
2017-08-19,23:00,3927,10,1,2,3,4,6,9,10,13,14,16
2017-08-20,07:00,3928,3,1,8,9,10,13,14,17,18,19,20
2017-08-20,08:00,3929,17,4,5,8,10,12,16,17,18,19,20
2017-08-20,09:00,3930,18,2,3,6,8,9,10,12,13,18,20
2017-08-20,10:00,3931,10,1,4,5,8,11,12,14,15,17,19
2017-08-20,11:00,3932,17,4,6,7,8,9,10,12,16,17,20
2017-08-20,12:00,3933,5,5,6,8,10,11,13,14,18,19,20
2017-08-20,13:00,3934,16,1,2,4,5,9,10,12,14,19,20
2017-08-20,14:00,3935,9,2,4,6,7,8,10,11,18,19,20
2017-08-20,15:00,3936,18,1,7,8,11,12,13,14,17,18,20
2017-08-20,16:00,3937,16,1,3,4,10,12,13,15,17,18,19
2017-08-20,17:00,3938,15,2,3,6,8,11,12,14,17,18,19
2017-08-20,18:00,3939,6,5,6,8,9,11,12,14,15,19,20
2017-08-20,19:00,3940,18,1,4,5,6,9,12,13,15,17,18
2017-08-20,20:00,3941,5,4,6,7,8,10,11,12,14,19,20
2017-08-20,21:00,3942,9,4,6,7,8,11,12,14,17,18,20
2017-08-20,22:00,3943,11,2,3,4,6,7,9,10,14,18,19
2017-08-20,23:00,3944,1,1,2,3,4,5,8,9,10,16,17
2017-08-21,07:00,3945,15,1,2,4,5,8,11,12,16,17,18
2017-08-21,08:00,3946,8,1,2,4,7,9,12,13,14,16,19
2017-08-21,09:00,3947,14,2,3,5,6,8,14,16,17,18,19
2017-08-21,10:00,3948,13,4,7,8,9,10,13,14,15,17,20
2017-08-21,11:00,3949,3,1,2,3,5,7,13,14,16,18,19
2017-08-21,12:00,3950,10,3,5,6,7,8,11,14,16,17,19
2017-08-21,13:00,3951,1,2,4,5,7,8,9,14,15,17,18
2017-08-21,14:00,3952,5,2,3,5,9,10,11,12,15,16,18
2017-08-21,15:00,3953,14,3,5,7,8,11,13,14,15,17,20
2017-08-21,16:00,3954,14,1,4,5,6,7,8,11,13,17,19
2017-08-21,17:00,3955,8,1,4,9,12,13,14,15,17,18,20
2017-08-21,18:00,3956,14,3,5,7,10,12,13,16,17,18,19
2017-08-21,19:00,3957,19,1,2,3,4,6,11,13,16,17,20
2017-08-21,20:00,3958,8,1,2,3,6,8,9,12,13,16,20
2017-08-21,21:00,3959,2,1,5,7,8,9,12,14,16,17,18
2017-08-21,22:00,3960,11,1,3,4,5,7,10,13,14,17,18
2017-08-21,23:00,3961,8,2,3,5,6,7,8,9,12,17,19
2017-08-22,07:00,3962,7,4,10,11,12,13,16,17,18,19,20
2017-08-22,08:00,3963,18,2,3,4,5,10,11,12,13,17,20
2017-08-22,09:00,3964,10,1,2,3,7,9,11,13,14,16,19
2017-08-22,10:00,3965,3,1,3,4,5,8,9,11,12,18,20
2017-08-22,11:00,3966,11,3,5,8,12,13,14,15,17,18,19
2017-08-22,12:00,3967,20,1,2,3,8,9,12,15,18,19,20
2017-08-22,13:00,3968,8,1,4,6,7,8,10,15,17,18,20
2017-08-22,14:00,3969,7,3,6,9,13,14,15,16,18,19,20
2017-08-22,15:00,3970,19,1,6,8,9,11,13,15,17,18,20
2017-08-22,16:00,3971,8,1,4,6,8,9,10,13,14,15,17
2017-08-22,17:00,3972,7,1,6,7,9,12,13,15,17,18,20
2017-08-22,18:00,3973,4,1,4,7,10,11,13,14,15,17,18
2017-08-22,19:00,3974,18,4,5,6,7,9,10,11,15,16,19
2017-08-22,20:00,3975,15,1,8,9,10,11,14,15,18,19,20
2017-08-22,21:00,3976,20,1,2,3,6,9,13,16,18,19,20
2017-08-22,22:00,3977,1,1,3,4,5,10,12,16,18,19,20
2017-08-22,23:00,3978,14,2,4,7,8,9,12,15,17,18,20
2017-08-23,07:00,3979,5,2,4,5,6,8,11,14,15,18,20
2017-08-23,08:00,3980,9,1,2,5,7,9,12,13,14,16,20
2017-08-23,09:00,3981,18,4,5,6,7,8,12,14,15,17,19
2017-08-23,10:00,3982,4,2,3,4,5,10,13,16,18,19,20
2017-08-23,11:00,3983,4,4,6,7,8,9,12,13,15,16,17
2017-08-23,12:00,3984,6,1,2,7,8,10,11,13,15,19,20
2017-08-23,13:00,3985,14,1,2,4,5,6,8,15,16,19,20
2017-08-23,14:00,3986,19,2,3,6,8,11,12,13,14,16,19
2017-08-23,15:00,3987,9,1,2,3,5,6,8,9,11,13,19
2017-08-23,16:00,3988,11,1,3,5,7,8,12,14,15,16,20
2017-08-23,17:00,3989,1,1,4,6,7,8,10,14,17,18,19
2017-08-23,18:00,3990,16,1,2,4,5,9,10,12,15,16,18
2017-08-23,19:00,3991,17,6,8,9,10,11,14,16,18,19,20
2017-08-23,20:00,3992,13,1,2,3,8,9,10,11,15,18,20
2017-08-23,21:00,3993,7,1,3,4,5,8,10,11,12,15,20
2017-08-23,22:00,3994,14,1,3,4,6,8,12,17,18,19,20
2017-08-23,23:00,3995,3,1,2,4,7,9,13,14,15,18,20
2017-08-24,07:00,3996,9,1,2,7,11,13,14,15,16,17,19
2017-08-24,08:00,3997,4,1,2,3,8,9,10,11,13,17,19
2017-08-24,09:00,3998,18,6,8,9,10,12,13,14,15,18,19
2017-08-24,10:00,3999,3,2,4,7,10,11,13,14,15,18,19
2017-08-24,11:00,4000,10,5,6,7,9,11,12,13,15,16,19
2017-08-24,12:00,4001,4,1,2,3,5,6,8,11,13,16,19
2017-08-24,13:00,4002,9,2,3,5,9,10,11,12,15,18,20
2017-08-24,14:00,4003,2,3,4,5,9,11,13,14,15,17,19
2017-08-24,15:00,4004,18,2,3,5,9,11,12,14,15,18,19
2017-08-24,16:00,4005,4,2,5,6,7,10,13,14,16,17,19
2017-08-24,17:00,4006,3,2,3,6,8,9,11,12,16,17,18
2017-08-24,18:00,4007,14,2,3,4,5,6,9,14,15,16,17
2017-08-24,19:00,4008,13,1,3,5,6,10,11,13,18,19,20
2017-08-24,20:00,4009,13,1,2,4,12,13,14,16,18,19,20
2017-08-24,21:00,4010,13,1,2,4,5,6,7,9,10,12,20
2017-08-24,22:00,4011,10,1,2,3,4,10,11,12,13,17,18
2017-08-24,23:00,4012,1,3,6,9,11,12,14,15,16,18,20
2017-08-25,07:00,4013,18,1,2,4,7,8,10,13,15,17,18
2017-08-25,08:00,4014,14,1,5,7,8,9,10,11,14,17,20
2017-08-25,09:00,4015,18,2,6,8,11,13,14,15,16,19,20
2017-08-25,10:00,4016,6,1,3,5,9,11,12,13,18,19,20
2017-08-25,11:00,4017,17,1,3,4,6,10,12,13,14,15,20
2017-08-25,12:00,4018,18,1,6,7,11,12,14,17,18,19,20
2017-08-25,13:00,4019,20,2,5,6,7,11,13,15,16,18,19
2017-08-25,14:00,4020,6,2,3,6,8,11,12,13,14,15,19
2017-08-25,15:00,4021,6,1,4,7,9,10,11,12,16,18,20
2017-08-25,16:00,4022,8,1,3,5,6,8,12,14,16,18,19
2017-08-25,17:00,4023,19,1,3,4,5,6,7,9,11,16,20
2017-08-25,18:00,4024,18,2,4,5,7,9,10,11,12,19,20
2017-08-25,19:00,4025,8,2,5,6,8,11,13,16,17,18,20
2017-08-25,20:00,4026,16,6,8,9,10,11,13,14,16,18,20
2017-08-25,21:00,4027,5,6,7,8,10,11,12,14,15,18,19
2017-08-25,22:00,4028,1,1,2,6,7,9,10,11,14,16,17
2017-08-25,23:00,4029,11,3,4,5,6,9,11,14,15,16,19
2017-08-26,07:00,4030,7,3,5,6,7,8,10,13,15,17,20
2017-08-26,08:00,4031,12,1,6,7,12,14,15,16,17,18,20
2017-08-26,09:00,4032,15,5,7,10,11,13,14,16,17,18,20
2017-08-26,10:00,4033,12,3,4,5,6,7,9,11,12,14,19
2017-08-26,11:00,4034,15,1,3,4,5,8,11,15,16,18,20
2017-08-26,12:00,4035,16,1,3,4,8,9,11,15,16,17,18
2017-08-26,13:00,4036,20,1,2,5,6,7,10,12,13,15,18
2017-08-26,14:00,4037,4,1,3,4,5,8,9,11,15,17,18
2017-08-26,15:00,4038,11,1,2,3,6,8,10,12,14,18,20
2017-08-26,16:00,4039,13,1,2,5,6,7,9,10,14,16,18
2017-08-26,17:00,4040,2,1,2,3,6,9,11,13,15,18,20
2017-08-26,18:00,4041,5,1,2,3,4,6,11,13,16,17,19
2017-08-26,19:00,4042,14,3,4,5,6,11,12,15,16,18,20
2017-08-26,20:00,4043,10,2,6,7,8,9,11,12,15,17,19
2017-08-26,21:00,4044,8,2,4,6,8,9,11,13,15,17,18
2017-08-26,22:00,4045,9,1,2,11,12,13,15,16,17,18,19
2017-08-26,23:00,4046,13,3,4,6,10,13,14,16,17,18,20
2017-08-27,07:00,4047,6,1,2,3,4,5,7,8,9,17,19
2017-08-27,08:00,4048,16,1,4,6,7,8,11,12,16,18,20
2017-08-27,09:00,4049,16,1,5,6,8,9,10,12,13,14,18
2017-08-27,10:00,4050,9,4,5,6,7,8,9,10,13,15,16
2017-08-27,11:00,4051,15,2,4,7,8,10,11,12,13,19,20
2017-08-27,12:00,4052,6,3,4,7,9,10,11,15,16,17,18
2017-08-27,13:00,4053,9,5,7,9,10,11,13,14,15,18,19
2017-08-27,14:00,4054,6,1,3,7,8,9,10,12,14,17,20
2017-08-27,15:00,4055,13,1,2,5,8,10,11,12,16,17,19
2017-08-27,16:00,4056,9,3,4,7,11,13,15,16,17,18,19
2017-08-27,17:00,4057,7,1,4,5,6,7,8,9,12,14,17
2017-08-27,18:00,4058,12,1,2,3,4,5,7,10,15,16,17
2017-08-27,19:00,4059,19,3,5,7,9,10,11,12,14,18,19
2017-08-27,20:00,4060,3,1,5,9,11,12,13,15,16,18,20
2017-08-27,21:00,4061,2,2,4,6,7,8,10,13,16,18,19
2017-08-27,22:00,4062,5,1,3,4,6,9,10,12,13,16,19
2017-08-27,23:00,4063,2,1,3,4,5,8,9,14,17,18,20
2017-08-28,07:00,4064,16,1,3,5,11,12,14,15,17,19,20
2017-08-28,08:00,4065,9,1,8,9,10,11,12,13,14,18,20
2017-08-28,09:00,4066,1,1,2,3,5,8,9,14,15,16,20
2017-08-28,10:00,4067,4,2,3,4,5,7,8,11,13,17,20
2017-08-28,11:00,4068,17,1,6,8,10,12,15,17,18,19,20
2017-08-28,12:00,4069,17,2,4,5,7,10,11,13,15,18,20
2017-08-28,13:00,4070,18,5,6,9,10,13,14,15,16,18,20
2017-08-28,14:00,4071,1,1,3,9,12,14,16,17,18,19,20
2017-08-28,15:00,4072,14,4,5,9,10,12,15,16,18,19,20
2017-08-28,16:00,4073,13,1,2,5,6,9,10,14,16,17,19
2017-08-28,17:00,4074,13,4,5,6,10,11,14,16,18,19,20
2017-08-28,18:00,4075,3,1,6,8,9,11,12,14,16,17,19
2017-08-28,19:00,4076,16,1,3,7,9,11,12,14,15,18,20
2017-08-28,20:00,4077,17,2,3,4,5,6,7,9,12,13,17
2017-08-28,21:00,4078,15,1,2,7,9,10,11,13,15,18,19
2017-08-28,22:00,4079,4,2,3,4,5,6,9,14,16,18,20
2017-08-28,23:00,4080,3,1,5,9,10,12,13,17,18,19,20
2017-08-29,07:00,4081,16,4,5,10,11,12,13,15,17,18,19
2017-08-29,08:00,4082,8,1,2,6,7,9,10,12,14,15,18
2017-08-29,09:00,4083,20,2,3,6,9,11,12,14,15,17,18
2017-08-29,10:00,4084,20,3,4,5,6,10,11,12,17,19,20
2017-08-29,11:00,4085,8,3,4,9,11,12,15,16,18,19,20
2017-08-29,12:00,4086,15,1,2,4,5,7,8,12,14,17,18
2017-08-29,13:00,4087,1,1,5,6,9,10,11,12,13,14,15
2017-08-29,14:00,4088,5,3,6,7,8,10,13,14,15,16,18
2017-08-29,15:00,4089,19,3,4,8,9,10,13,17,18,19,20
2017-08-29,16:00,4090,9,1,3,6,7,9,12,14,16,17,18
2017-08-29,17:00,4091,3,4,5,6,7,8,14,15,17,19,20
2017-08-29,18:00,4092,14,2,5,8,11,12,13,15,16,17,20
2017-08-29,19:00,4093,9,1,6,7,8,12,13,15,16,17,20
2017-08-29,20:00,4094,5,1,2,3,7,8,9,11,15,17,18
2017-08-29,21:00,4095,10,3,5,7,8,10,12,13,16,18,19
2017-08-29,22:00,4096,8,1,2,3,8,13,14,15,16,18,20
2017-08-29,23:00,4097,15,1,2,3,5,6,8,10,11,13,14
2017-08-30,07:00,4098,14,1,3,4,7,10,11,12,13,15,18
2017-08-30,08:00,4099,16,1,4,5,6,9,10,13,14,17,20
2017-08-30,09:00,4100,11,1,3,5,7,8,11,14,15,19,20
2017-08-30,10:00,4101,17,1,2,4,10,11,16,17,18,19,20
2017-08-30,11:00,4102,12,4,5,6,8,12,15,17,18,19,20
2017-08-30,12:00,4103,13,3,6,8,9,14,15,16,18,19,20
2017-08-30,13:00,4104,7,1,2,4,7,10,11,15,16,17,18
2017-08-30,14:00,4105,8,1,4,7,8,9,11,14,17,19,20
2017-08-30,15:00,4106,3,2,4,7,10,12,13,14,16,17,20
2017-08-30,16:00,4107,18,8,10,12,13,14,15,16,17,18,20
2017-08-30,17:00,4108,1,2,4,5,11,12,14,15,16,17,18
2017-08-30,18:00,4109,7,1,2,4,8,9,11,13,15,17,20
2017-08-30,19:00,4110,6,2,4,6,7,8,9,12,15,18,19
2017-08-30,20:00,4111,2,4,5,6,7,8,13,14,18,19,20
2017-08-30,21:00,4112,16,1,3,8,9,10,12,14,16,19,20
2017-08-30,22:00,4113,20,1,3,4,5,10,11,12,18,19,20
2017-08-30,23:00,4114,15,2,5,6,10,11,12,13,14,15,20
2017-08-31,07:00,4115,2,4,5,9,12,13,14,15,16,18,19
2017-08-31,08:00,4116,20,1,2,3,4,8,9,10,15,17,18
2017-08-31,09:00,4117,18,1,6,7,9,10,12,14,18,19,20
2017-08-31,10:00,4118,13,3,5,7,8,9,11,12,14,17,19
2017-08-31,11:00,4119,20,2,4,5,6,9,11,15,18,19,20
2017-08-31,12:00,4120,12,5,6,7,8,9,11,12,14,15,18
2017-08-31,13:00,4121,9,2,3,4,9,10,12,13,14,15,18
2017-08-31,14:00,4122,13,2,5,7,11,12,15,16,17,19,20
2017-08-31,15:00,4123,20,1,8,9,12,14,15,16,17,18,20
2017-08-31,16:00,4124,4,6,7,9,11,13,14,15,18,19,20
2017-08-31,17:00,4125,18,1,2,3,5,7,8,11,17,18,19
2017-08-31,18:00,4126,10,2,3,5,6,9,12,13,18,19,20
2017-08-31,19:00,4127,10,1,2,4,5,6,7,14,15,16,18
2017-08-31,20:00,4128,9,2,3,5,6,7,10,11,13,14,18
2017-08-31,21:00,4129,5,1,4,7,8,9,11,12,14,15,19
2017-08-31,22:00,4130,11,1,3,5,6,9,10,12,14,17,19
2017-08-31,23:00,4131,11,2,3,4,11,12,13,15,18,19,20
2017-09-01,07:00,4132,10,8,9,11,12,13,14,15,17,18,20
2017-09-01,08:00,4133,16,2,3,5,6,10,11,12,16,17,19
2017-09-01,09:00,4134,9,2,3,8,9,12,13,14,16,19,20
2017-09-01,10:00,4135,1,2,4,6,9,13,14,17,18,19,20
2017-09-01,11:00,4136,13,2,4,5,6,7,8,9,18,19,20
2017-09-01,12:00,4137,2,2,4,5,9,10,12,14,15,18,19
2017-09-01,13:00,4138,8,1,2,5,6,7,8,10,13,14,15
2017-09-01,14:00,4139,13,2,3,5,7,10,11,14,15,18,20
2017-09-01,15:00,4140,15,1,3,5,6,7,10,13,17,18,19
2017-09-01,16:00,4141,19,1,2,3,7,11,13,14,17,18,20
2017-09-01,17:00,4142,15,4,8,12,14,15,16,17,18,19,20
2017-09-01,18:00,4143,12,3,6,7,8,9,11,12,14,15,20
2017-09-01,19:00,4144,8,2,3,4,6,7,9,13,14,17,19
2017-09-01,20:00,4145,10,3,4,6,7,11,13,14,17,18,20
2017-09-01,21:00,4146,16,1,2,4,6,7,9,10,13,15,19
2017-09-01,22:00,4147,8,1,2,5,6,9,11,13,15,16,19
2017-09-01,23:00,4148,4,3,4,5,7,8,13,14,17,18,19
2017-09-02,07:00,4149,12,6,7,8,9,12,13,14,15,17,20
2017-09-02,08:00,4150,18,2,4,5,6,8,9,10,11,12,18
2017-09-02,09:00,4151,2,1,3,4,7,8,9,12,14,19,20
2017-09-02,10:00,4152,9,1,4,6,7,12,13,14,16,17,19
2017-09-02,11:00,4153,19,1,2,6,8,10,11,13,14,17,20
2017-09-02,12:00,4154,4,1,3,5,6,8,11,12,16,17,19
2017-09-02,13:00,4155,1,3,4,6,7,8,9,10,12,16,17
2017-09-02,14:00,4156,2,2,3,5,9,11,13,14,15,16,19
2017-09-02,15:00,4157,5,1,4,5,6,8,10,11,15,16,18
2017-09-02,16:00,4158,11,1,3,5,7,10,14,15,16,18,19
2017-09-02,17:00,4159,2,1,2,3,4,8,9,12,16,18,19
2017-09-02,18:00,4160,19,2,3,4,6,13,14,15,16,19,20
2017-09-02,19:00,4161,14,1,2,3,4,6,10,11,13,14,16
2017-09-02,20:00,4162,20,1,2,4,6,9,11,12,14,16,18
2017-09-02,21:00,4163,5,1,2,3,6,8,9,13,15,17,18
2017-09-02,22:00,4164,20,3,8,10,12,13,14,15,16,17,19
2017-09-02,23:00,4165,9,1,3,5,8,10,13,16,17,18,20
2017-09-03,07:00,4166,10,4,8,10,11,12,13,15,16,17,20
2017-09-03,08:00,4167,1,2,4,5,6,7,9,12,13,17,18
2017-09-03,09:00,4168,5,2,4,6,7,8,10,15,17,18,19
2017-09-03,10:00,4169,10,2,5,6,7,8,10,14,18,19,20
2017-09-03,11:00,4170,17,2,3,5,12,13,15,16,17,19,20
2017-09-03,12:00,4171,1,1,2,3,5,9,10,17,18,19,20
2017-09-03,13:00,4172,6,4,5,6,11,12,13,14,15,16,17
2017-09-03,14:00,4173,19,1,3,6,8,9,12,15,16,18,19
2017-09-03,15:00,4174,4,1,3,5,8,9,12,14,17,18,20
2017-09-03,16:00,4175,7,3,4,5,8,10,11,12,15,17,19
2017-09-03,17:00,4176,19,5,6,7,8,11,12,13,15,18,19
2017-09-03,18:00,4177,12,2,4,11,12,14,15,16,17,19,20
2017-09-03,19:00,4178,11,2,3,4,5,7,11,12,15,17,18
2017-09-03,20:00,4179,8,2,3,4,7,11,13,14,16,17,18
2017-09-03,21:00,4180,6,2,4,5,6,7,8,9,10,11,14
2017-09-03,22:00,4181,13,4,5,7,9,10,11,13,18,19,20
2017-09-03,23:00,4182,14,3,8,9,10,13,15,16,17,19,20
2017-09-04,07:00,4183,8,1,2,3,5,10,12,14,16,19,20
2017-09-04,08:00,4184,3,3,6,7,11,12,14,15,17,18,19
2017-09-04,09:00,4185,9,3,7,10,11,12,13,16,17,19,20
2017-09-04,10:00,4186,11,1,2,5,9,10,11,13,15,18,20
2017-09-04,11:00,4187,4,2,3,4,6,8,9,10,13,17,19
2017-09-04,12:00,4188,7,2,3,6,7,8,10,11,12,16,19
2017-09-04,13:00,4189,1,4,5,9,10,11,12,13,15,16,18
2017-09-04,14:00,4190,16,3,6,8,9,11,12,13,14,15,18
2017-09-04,15:00,4191,4,4,9,10,11,14,16,17,18,19,20
2017-09-04,16:00,4192,19,2,5,9,11,12,15,16,17,18,20
2017-09-04,17:00,4193,9,4,7,10,11,14,15,17,18,19,20
2017-09-04,18:00,4194,4,4,5,6,7,14,15,17,18,19,20
2017-09-04,19:00,4195,9,2,4,5,7,10,11,12,13,17,19
2017-09-04,20:00,4196,20,1,2,3,7,8,9,12,15,17,19
2017-09-04,21:00,4197,4,3,4,7,8,13,14,15,16,18,19
2017-09-04,22:00,4198,6,2,3,4,10,11,12,15,17,18,19
2017-09-04,23:00,4199,2,1,2,6,7,8,10,11,13,18,20
2017-09-05,07:00,4200,15,5,8,9,10,11,12,13,14,16,18
2017-09-05,08:00,4201,14,1,4,8,9,10,13,14,15,16,18
2017-09-05,09:00,4202,17,2,3,6,8,9,10,11,12,13,19
2017-09-05,10:00,4203,10,3,6,7,8,9,11,13,15,17,19
2017-09-05,11:00,4204,18,1,2,3,6,7,8,9,12,15,20
2017-09-05,12:00,4205,12,1,3,4,6,9,11,13,17,18,20
2017-09-05,13:00,4206,9,1,5,6,9,11,14,15,16,18,19
2017-09-05,14:00,4207,6,1,2,3,7,9,12,15,18,19,20
2017-09-05,15:00,4208,13,1,2,4,6,8,13,14,17,19,20
2017-09-05,16:00,4209,8,2,3,4,6,7,8,11,15,17,20
2017-09-05,17:00,4210,17,1,2,4,5,6,9,10,14,15,17
2017-09-05,18:00,4211,18,3,4,8,11,13,14,16,17,18,20
2017-09-05,19:00,4212,18,2,5,8,9,13,14,15,17,19,20
2017-09-05,20:00,4213,8,4,5,6,7,10,14,15,16,17,19
2017-09-05,21:00,4214,7,2,3,4,7,8,9,15,17,18,20
2017-09-05,22:00,4215,15,2,3,5,6,7,11,13,15,18,20
2017-09-05,23:00,4216,13,1,3,8,10,11,12,13,14,15,18
2017-09-06,07:00,4217,10,1,4,6,12,13,14,16,17,19,20
2017-09-06,08:00,4218,13,1,2,4,7,12,13,15,17,18,20
2017-09-06,09:00,4219,8,2,4,7,8,12,14,16,17,18,19
2017-09-06,10:00,4220,6,1,3,4,7,9,11,13,16,19,20
2017-09-06,11:00,4221,2,1,2,3,9,10,12,14,17,18,20
2017-09-06,12:00,4222,19,3,4,5,7,9,10,11,13,14,15
2017-09-06,13:00,4223,1,4,6,7,9,10,12,14,16,18,19
2017-09-06,14:00,4224,17,1,6,7,10,11,12,14,15,16,17
2017-09-06,15:00,4225,15,3,4,7,8,12,13,14,16,17,20
2017-09-06,16:00,4226,7,5,7,8,11,12,13,14,16,17,19
2017-09-06,17:00,4227,3,6,8,9,11,14,15,16,18,19,20
2017-09-06,18:00,4228,19,1,2,3,4,6,7,9,10,12,19
2017-09-06,19:00,4229,4,1,6,8,10,11,13,14,17,18,20
2017-09-06,20:00,4230,9,1,2,3,4,6,9,11,12,14,19
2017-09-06,21:00,4231,3,3,4,5,7,8,9,11,13,19,20
2017-09-06,22:00,4232,10,2,3,6,8,9,11,16,17,19,20
2017-09-06,23:00,4233,3,1,2,3,8,10,11,17,18,19,20
2017-09-07,07:00,4234,14,1,7,10,11,12,13,14,18,19,20
2017-09-07,08:00,4235,8,1,2,3,4,5,7,11,12,15,19
2017-09-07,09:00,4236,7,1,5,6,7,8,9,11,14,15,18
2017-09-07,10:00,4237,6,1,2,3,4,5,8,11,13,15,17
2017-09-07,11:00,4238,10,3,4,6,10,11,12,13,14,16,18
2017-09-07,12:00,4239,2,2,5,7,8,10,11,12,15,16,20
2017-09-07,13:00,4240,17,3,4,5,6,8,9,12,14,18,20
2017-09-07,14:00,4241,18,3,7,8,11,12,13,14,17,18,19
2017-09-07,15:00,4242,4,4,5,6,7,8,14,16,17,18,20
2017-09-07,16:00,4243,11,1,2,5,6,8,9,10,11,16,17
2017-09-07,17:00,4244,3,3,7,8,9,10,14,15,16,17,19
2017-09-07,18:00,4245,11,2,5,7,10,11,13,14,16,19,20
2017-09-07,19:00,4246,15,1,3,4,5,8,9,11,13,17,20
2017-09-07,20:00,4247,4,1,2,4,7,8,12,13,17,18,19
2017-09-07,21:00,4248,14,2,5,6,7,8,9,11,15,16,20
2017-09-07,22:00,4249,11,2,3,5,10,11,12,15,17,19,20
2017-09-07,23:00,4250,15,1,6,8,10,11,12,14,15,16,18
2017-09-08,07:00,4251,18,3,5,6,8,11,12,13,14,16,20
2017-09-08,08:00,4252,7,2,4,6,7,8,9,13,16,17,19
2017-09-08,09:00,4253,15,2,3,5,6,8,11,12,13,17,20
2017-09-08,10:00,4254,2,1,4,6,7,9,12,13,17,18,19
2017-09-08,11:00,4255,2,1,4,7,8,11,13,14,15,16,18
2017-09-08,12:00,4256,16,3,5,6,8,12,13,15,16,17,20
2017-09-08,13:00,4257,20,1,2,4,6,7,12,14,15,16,17
2017-09-08,14:00,4258,11,1,2,5,6,8,9,10,12,14,15
2017-09-08,15:00,4259,20,1,3,5,7,9,10,11,16,19,20
2017-09-08,16:00,4260,11,1,4,8,10,14,15,17,18,19,20
2017-09-08,17:00,4261,7,2,4,5,7,9,13,15,16,17,18
2017-09-08,18:00,4262,20,1,2,4,5,6,7,8,11,13,18
2017-09-08,19:00,4263,8,4,5,8,10,11,12,14,15,16,19
2017-09-08,20:00,4264,15,2,3,5,7,11,14,15,16,18,19
2017-09-08,21:00,4265,2,6,7,9,10,11,14,16,18,19,20
2017-09-08,22:00,4266,11,1,4,7,9,10,11,12,16,18,19
2017-09-08,23:00,4267,1,1,4,5,8,9,10,11,12,14,19
2017-09-09,07:00,4268,20,1,3,6,9,11,13,15,17,18,20
2017-09-09,08:00,4269,6,1,3,4,5,9,10,14,15,16,20
2017-09-09,09:00,4270,13,2,5,6,7,8,13,15,16,17,18
2017-09-09,10:00,4271,5,1,2,3,5,6,8,9,13,18,19
2017-09-09,11:00,4272,16,1,8,12,14,15,16,17,18,19,20
2017-09-09,12:00,4273,15,3,4,6,7,10,11,12,14,15,19
2017-09-09,13:00,4274,8,5,6,7,8,10,15,16,17,19,20
2017-09-09,14:00,4275,12,1,3,4,6,7,8,9,12,18,20
2017-09-09,15:00,4276,13,2,5,6,7,9,11,13,16,19,20
2017-09-09,16:00,4277,20,4,5,7,8,10,11,13,15,18,19
2017-09-09,17:00,4278,2,3,4,9,12,13,14,15,17,18,20
2017-09-09,18:00,4279,14,1,2,7,8,10,14,15,16,17,19
2017-09-09,19:00,4280,15,1,2,6,8,10,13,14,15,16,19
2017-09-09,20:00,4281,12,1,9,11,13,14,15,16,17,19,20
2017-09-09,21:00,4282,4,1,2,3,4,6,7,11,14,16,17
2017-09-09,22:00,4283,17,3,5,7,9,10,14,17,18,19,20
2017-09-09,23:00,4284,3,1,4,5,10,11,13,15,17,18,20
2017-09-10,07:00,4285,13,2,3,6,9,12,13,14,16,17,19
2017-09-10,08:00,4286,14,1,4,7,8,11,12,13,14,16,18
2017-09-10,09:00,4287,3,1,2,4,5,7,8,10,14,15,19
2017-09-10,10:00,4288,7,5,6,7,8,10,11,12,14,15,17
2017-09-10,11:00,4289,13,2,3,4,10,11,12,13,16,17,20
2017-09-10,12:00,4290,5,2,3,4,8,9,11,13,15,16,19
2017-09-10,13:00,4291,11,2,3,4,5,6,10,15,17,19,20
2017-09-10,14:00,4292,4,1,4,5,6,10,11,12,14,19,20
2017-09-10,15:00,4293,12,4,6,7,8,9,10,11,16,17,19
2017-09-10,16:00,4294,15,2,4,5,6,7,11,12,16,18,20
2017-09-10,17:00,4295,2,1,3,4,5,9,12,16,17,18,19
2017-09-10,18:00,4296,1,2,6,7,9,10,13,14,15,17,20
2017-09-10,19:00,4297,2,2,4,5,7,8,9,14,15,16,20
2017-09-10,20:00,4298,8,2,7,8,10,14,15,16,17,19,20
2017-09-10,21:00,4299,12,1,2,4,6,10,12,14,15,16,17
2017-09-10,22:00,4300,4,1,5,6,7,10,11,13,15,16,18
2017-09-10,23:00,4301,6,1,5,6,7,9,10,16,17,18,19
2017-09-11,07:00,4302,9,3,5,6,8,9,11,14,16,17,18
2017-09-11,08:00,4303,9,1,2,3,4,8,9,11,14,16,19
2017-09-11,09:00,4304,6,1,2,6,7,8,12,13,15,19,20
2017-09-11,10:00,4305,8,2,3,5,7,11,12,13,16,18,19
2017-09-11,11:00,4306,11,3,4,6,7,8,15,16,17,18,19
2017-09-11,12:00,4307,16,1,2,3,4,8,13,15,17,18,20
2017-09-11,13:00,4308,20,1,2,3,6,7,9,10,11,13,18
2017-09-11,14:00,4309,14,1,2,3,6,10,12,14,15,16,18
2017-09-11,15:00,4310,6,3,4,6,11,12,14,15,16,18,19
2017-09-11,16:00,4311,11,3,4,6,7,8,9,10,12,13,17
2017-09-11,17:00,4312,2,1,2,6,7,8,9,11,13,15,17
2017-09-11,18:00,4313,3,3,5,8,10,11,12,13,15,16,18
2017-09-11,19:00,4314,1,5,6,8,10,12,13,14,16,17,20
2017-09-11,20:00,4315,18,2,3,6,8,9,10,11,12,13,19
2017-09-11,21:00,4316,12,3,4,8,9,10,11,13,15,19,20
2017-09-11,22:00,4317,8,1,2,3,5,6,8,12,13,15,16
2017-09-11,23:00,4318,11,1,4,5,6,8,13,14,15,17,18
2017-09-12,07:00,4319,11,1,5,6,7,9,13,16,17,18,19
2017-09-12,08:00,4320,13,1,3,6,8,10,11,13,15,17,19
2017-09-12,09:00,4321,4,2,3,4,5,10,13,14,17,19,20
2017-09-12,10:00,4322,14,1,3,4,6,7,9,10,13,14,20
2017-09-12,11:00,4323,13,1,2,4,5,6,10,11,14,18,19
2017-09-12,12:00,4324,15,2,3,4,6,10,12,13,14,18,20
2017-09-12,13:00,4325,7,1,3,4,5,6,9,11,14,17,18
2017-09-12,14:00,4326,16,1,3,4,6,9,13,15,17,18,20
2017-09-12,15:00,4327,19,2,5,6,8,10,14,15,17,19,20
2017-09-12,16:00,4328,9,2,3,5,6,7,12,14,15,16,19
2017-09-12,17:00,4329,9,1,2,4,7,11,12,13,17,18,20
2017-09-12,18:00,4330,9,1,2,9,11,12,14,17,18,19,20
2017-09-12,19:00,4331,10,1,2,4,6,7,9,11,15,16,19
2017-09-12,20:00,4332,13,1,2,3,8,9,11,14,17,18,19
2017-09-12,21:00,4333,12,2,5,9,10,11,14,16,17,18,19
2017-09-12,22:00,4334,8,2,5,6,9,10,12,13,15,18,19
2017-09-12,23:00,4335,15,1,3,4,9,11,12,13,14,15,18
2017-09-13,07:00,4336,10,1,2,4,6,8,9,11,12,18,20
2017-09-13,08:00,4337,17,2,5,8,12,14,15,16,17,19,20
2017-09-13,09:00,4338,12,3,5,10,14,15,16,17,18,19,20
2017-09-13,10:00,4339,13,3,5,6,8,10,11,13,16,17,19
2017-09-13,11:00,4340,13,1,2,3,6,9,11,12,13,15,16
2017-09-13,12:00,4341,16,3,4,6,7,9,11,12,16,18,19
2017-09-13,13:00,4342,12,1,2,5,9,10,11,14,15,17,18
2017-09-13,14:00,4343,6,4,5,7,8,9,10,11,12,14,17
2017-09-13,15:00,4344,11,1,2,4,5,6,7,12,14,18,19
2017-09-13,16:00,4345,1,3,5,8,9,11,14,15,16,18,19
2017-09-13,17:00,4346,11,1,2,8,9,12,13,14,16,18,19
2017-09-13,18:00,4347,4,1,2,7,10,11,12,13,14,15,16
2017-09-13,19:00,4348,3,3,5,9,10,11,13,15,16,17,20
2017-09-13,20:00,4349,2,1,2,5,6,8,9,12,16,18,19
2017-09-13,21:00,4350,20,5,6,7,8,10,12,14,16,17,20
2017-09-13,22:00,4351,1,1,2,3,5,6,7,8,9,14,20
2017-09-13,23:00,4352,13,1,3,4,6,7,8,10,14,17,20
2017-09-14,07:00,4353,16,1,5,6,8,11,13,15,16,17,18
2017-09-14,08:00,4354,20,1,4,5,6,7,13,14,17,19,20
2017-09-14,09:00,4355,9,3,5,6,7,8,11,12,15,16,20
2017-09-14,10:00,4356,12,1,2,4,6,7,11,12,16,17,18
2017-09-14,11:00,4357,1,1,2,3,4,5,10,11,15,16,18
2017-09-14,12:00,4358,5,1,2,3,6,11,12,13,16,17,18
2017-09-14,13:00,4359,14,2,5,6,7,8,13,15,16,18,20
2017-09-14,14:00,4360,14,2,4,5,8,10,12,15,18,19,20
2017-09-14,15:00,4361,5,1,4,5,6,7,13,14,15,17,18
2017-09-14,16:00,4362,14,1,3,4,5,6,10,13,14,15,18
2017-09-14,17:00,4363,13,2,6,8,9,14,15,16,18,19,20
2017-09-14,18:00,4364,4,2,4,5,6,8,11,14,16,18,19
2017-09-14,19:00,4365,6,1,4,5,6,8,12,14,15,16,18
2017-09-14,20:00,4366,20,1,2,5,8,11,13,14,16,17,18
2017-09-14,21:00,4367,7,2,3,8,9,10,11,13,15,16,19
2017-09-14,22:00,4368,18,6,8,9,10,11,13,14,17,18,19
2017-09-14,23:00,4369,6,1,2,5,6,10,11,13,16,18,19
2017-09-15,07:00,4370,11,2,4,6,8,11,12,13,18,19,20
2017-09-15,08:00,4371,12,1,2,7,8,9,10,13,15,16,17
2017-09-15,09:00,4372,2,4,6,8,9,10,12,13,17,18,20
2017-09-15,10:00,4373,8,1,2,5,7,8,10,11,12,19,20
2017-09-15,11:00,4374,2,3,4,5,8,9,10,11,13,15,17
2017-09-15,12:00,4375,20,1,2,4,5,6,7,8,9,14,16
2017-09-15,13:00,4376,20,1,4,6,7,8,11,12,14,18,19
2017-09-15,14:00,4377,5,2,3,7,10,12,15,16,17,18,20
2017-09-15,15:00,4378,2,1,5,6,7,9,11,13,16,17,18
2017-09-15,16:00,4379,1,3,5,6,7,9,10,11,12,13,15
2017-09-15,17:00,4380,8,2,3,6,8,11,13,14,15,16,19
2017-09-15,18:00,4381,2,2,3,8,9,10,11,14,15,16,19
2017-09-15,19:00,4382,17,1,2,6,9,10,12,17,18,19,20
2017-09-15,20:00,4383,15,1,4,8,9,10,11,12,13,16,18
2017-09-15,21:00,4384,1,2,5,10,11,14,15,16,18,19,20
2017-09-15,22:00,4385,4,1,2,3,7,8,9,12,13,15,17
2017-09-15,23:00,4386,3,4,7,8,12,13,14,15,17,18,19
2017-09-16,07:00,4387,1,1,3,4,9,13,14,15,17,19,20
2017-09-16,08:00,4388,12,2,6,8,9,11,15,16,17,18,19
2017-09-16,09:00,4389,10,2,3,4,9,11,12,13,16,18,19
2017-09-16,10:00,4390,13,2,5,6,8,9,11,12,13,16,18
2017-09-16,11:00,4391,16,2,3,5,8,10,11,13,14,15,19
2017-09-16,12:00,4392,17,1,2,4,6,7,10,15,17,18,19
2017-09-16,13:00,4393,7,2,3,5,6,7,9,11,12,15,19
2017-09-16,14:00,4394,15,1,5,6,7,9,10,15,16,17,18
2017-09-16,15:00,4395,20,2,3,5,8,10,14,15,16,19,20
2017-09-16,16:00,4396,1,1,3,5,6,7,9,11,12,14,18
2017-09-16,17:00,4397,17,3,6,8,9,10,11,14,17,18,20
2017-09-16,18:00,4398,9,1,3,4,10,13,14,15,16,17,20
2017-09-16,19:00,4399,5,2,3,4,5,6,7,9,15,16,19
2017-09-16,20:00,4400,6,3,4,7,10,11,12,14,15,16,17
2017-09-16,21:00,4401,5,1,2,7,8,10,11,13,14,16,17
2017-09-16,22:00,4402,10,2,8,9,10,11,14,16,17,18,19
2017-09-16,23:00,4403,10,2,6,7,8,9,10,13,17,18,19
2017-09-17,07:00,4404,1,1,3,5,7,10,11,12,14,17,20
2017-09-17,08:00,4405,14,1,3,4,5,9,12,15,17,18,19
2017-09-17,09:00,4406,16,3,5,6,9,10,12,14,16,17,19
2017-09-17,10:00,4407,17,3,4,5,6,7,8,10,13,17,18
2017-09-17,11:00,4408,4,2,4,6,7,9,10,11,13,18,19
2017-09-17,12:00,4409,7,2,4,5,6,7,8,10,12,15,19
2017-09-17,13:00,4410,13,3,5,6,8,9,10,14,15,16,20
2017-09-17,14:00,4411,2,1,3,4,7,8,9,10,11,12,19
2017-09-17,15:00,4412,12,1,5,7,9,10,11,13,14,18,19
2017-09-17,16:00,4413,12,4,5,8,11,12,14,15,17,18,20
2017-09-17,17:00,4414,7,1,4,5,7,8,9,17,18,19,20
2017-09-17,18:00,4415,1,1,2,5,6,7,11,13,17,19,20
2017-09-17,19:00,4416,9,1,3,4,6,9,12,14,16,17,19
2017-09-17,20:00,4417,17,1,2,6,7,12,14,17,18,19,20
2017-09-17,21:00,4418,4,1,2,4,5,7,10,11,14,16,17
2017-09-17,22:00,4419,20,1,4,5,7,11,13,16,17,18,20
2017-09-17,23:00,4420,19,1,3,5,6,7,10,13,15,19,20
2017-09-18,07:00,4421,7,1,3,4,5,6,10,11,15,16,17
2017-09-18,08:00,4422,19,5,6,8,9,11,12,13,15,17,20
2017-09-18,09:00,4423,1,2,3,4,7,8,9,13,16,18,20
2017-09-18,10:00,4424,16,1,2,8,10,11,12,14,17,19,20
2017-09-18,11:00,4425,11,3,6,8,10,12,13,15,17,18,20
2017-09-18,12:00,4426,3,1,2,4,7,13,15,16,18,19,20
2017-09-18,13:00,4427,11,1,7,8,9,10,11,12,15,16,18
2017-09-18,14:00,4428,5,1,4,8,9,10,13,14,15,16,17
2017-09-18,15:00,4429,16,1,2,3,4,5,8,13,16,19,20
2017-09-18,16:00,4430,14,1,3,4,6,10,12,16,18,19,20
2017-09-18,17:00,4431,6,1,2,4,6,7,9,11,13,17,20
2017-09-18,18:00,4432,20,3,6,8,11,13,14,16,17,19,20
2017-09-18,19:00,4433,4,2,4,8,9,11,12,15,16,17,19
2017-09-18,20:00,4434,20,1,2,3,4,6,8,10,12,14,16
2017-09-18,21:00,4435,10,2,5,6,7,8,10,13,15,16,20
2017-09-18,22:00,4436,4,6,7,8,9,10,12,13,17,18,20
2017-09-18,23:00,4437,12,1,2,6,9,13,14,16,17,18,19
2017-09-19,07:00,4438,18,1,2,3,4,7,10,14,15,17,18
2017-09-19,08:00,4439,18,2,3,4,5,7,8,15,16,18,19
2017-09-19,09:00,4440,19,2,4,6,7,9,12,13,14,16,18
2017-09-19,10:00,4441,4,5,6,7,8,13,14,15,16,18,19
2017-09-19,11:00,4442,1,2,4,5,8,9,11,15,18,19,20
2017-09-19,12:00,4443,3,2,3,4,11,12,13,14,15,18,19
2017-09-19,13:00,4444,7,2,3,6,8,9,11,14,15,17,18
2017-09-19,14:00,4445,6,1,2,4,5,6,12,15,16,19,20
2017-09-19,15:00,4446,16,3,4,5,7,8,10,15,17,19,20
2017-09-19,16:00,4447,13,1,2,3,4,6,7,13,14,18,20
2017-09-19,17:00,4448,1,1,2,5,6,7,8,11,12,14,17
2017-09-19,18:00,4449,5,3,7,9,10,12,15,16,18,19,20
2017-09-19,19:00,4450,6,1,3,4,6,7,12,15,17,18,19
2017-09-19,20:00,4451,8,4,5,6,8,9,11,12,15,19,20
2017-09-19,21:00,4452,8,2,3,8,9,10,11,14,16,19,20
2017-09-19,22:00,4453,17,1,2,3,4,6,9,11,14,18,20
2017-09-19,23:00,4454,8,1,5,7,10,11,12,14,15,17,19
2017-09-20,07:00,4455,9,1,2,3,5,8,9,11,15,16,18
2017-09-20,08:00,4456,19,2,3,4,5,7,8,9,10,14,15
2017-09-20,09:00,4457,17,1,2,3,5,12,13,14,15,18,19
2017-09-20,10:00,4458,1,1,5,8,10,11,12,14,15,19,20
2017-09-20,11:00,4459,5,6,7,9,10,11,12,15,17,18,20
2017-09-20,12:00,4460,7,4,5,6,7,11,12,13,14,18,19
2017-09-20,13:00,4461,16,2,5,8,10,11,13,16,18,19,20
2017-09-20,14:00,4462,15,1,2,3,5,6,10,14,16,19,20
2017-09-20,15:00,4463,13,2,4,5,9,10,11,13,14,15,17
2017-09-20,16:00,4464,10,1,3,4,6,8,10,11,13,16,17
2017-09-20,17:00,4465,12,1,2,4,5,7,11,13,14,19,20
2017-09-20,18:00,4466,7,1,2,3,10,12,13,16,17,18,19
2017-09-20,19:00,4467,2,2,3,4,7,10,11,13,15,18,19
2017-09-20,20:00,4468,17,1,3,4,5,6,10,16,17,18,19
2017-09-20,21:00,4469,3,1,4,7,8,9,10,12,17,18,19
2017-09-20,22:00,4470,4,1,4,5,6,9,10,13,14,18,19
2017-09-20,23:00,4471,12,1,3,4,5,12,13,17,18,19,20
2017-09-21,07:00,4472,12,3,7,9,10,11,12,13,14,17,18
2017-09-21,08:00,4473,8,1,2,3,7,8,10,15,16,17,18
2017-09-21,09:00,4474,1,2,3,4,6,8,9,10,11,15,19
2017-09-21,10:00,4475,8,1,2,4,5,7,11,12,13,16,17
2017-09-21,11:00,4476,12,1,2,5,7,9,10,11,12,15,16
2017-09-21,12:00,4477,18,1,2,3,9,11,13,15,17,19,20
2017-09-21,13:00,4478,5,1,2,3,6,8,11,12,14,18,20
2017-09-21,14:00,4479,20,1,5,6,7,8,10,13,14,17,18
2017-09-21,15:00,4480,1,2,3,4,6,9,13,15,16,18,19
2017-09-21,16:00,4481,15,2,9,10,12,13,14,15,16,18,19
2017-09-21,17:00,4482,8,1,3,4,7,8,11,13,14,15,18
2017-09-21,18:00,4483,8,3,6,9,10,11,13,14,15,17,19
2017-09-21,19:00,4484,19,2,4,6,8,13,16,17,18,19,20
2017-09-21,20:00,4485,9,1,2,5,6,8,10,13,14,18,20
2017-09-21,21:00,4486,5,1,3,4,5,6,13,14,17,18,20
2017-09-21,22:00,4487,13,1,2,6,7,10,11,12,13,14,16
2017-09-21,23:00,4488,1,2,5,7,8,11,12,16,17,19,20
2017-09-22,07:00,4489,19,4,5,6,9,11,13,14,16,17,20
2017-09-22,08:00,4490,5,1,2,7,8,9,10,13,18,19,20
2017-09-22,09:00,4491,1,2,4,5,6,9,10,11,12,14,20
2017-09-22,10:00,4492,17,2,4,5,7,8,9,14,15,16,19
2017-09-22,11:00,4493,13,1,6,7,8,9,12,13,14,15,20
2017-09-22,12:00,4494,17,2,4,9,10,12,13,16,17,18,20
2017-09-22,13:00,4495,3,2,7,10,11,12,13,14,17,18,19
2017-09-22,14:00,4496,10,3,5,6,9,10,12,15,16,19,20
2017-09-22,15:00,4497,1,2,3,6,7,10,13,14,17,19,20
2017-09-22,16:00,4498,5,1,3,5,9,10,11,12,14,15,19
2017-09-22,17:00,4499,6,2,3,5,7,9,11,12,14,16,20
2017-09-22,18:00,4500,6,1,2,3,6,9,10,11,16,18,19
2017-09-22,19:00,4501,15,2,4,5,6,7,10,12,13,17,20
2017-09-22,20:00,4502,5,1,3,6,8,10,12,14,18,19,20
2017-09-22,21:00,4503,4,2,3,6,7,8,10,14,16,19,20
2017-09-22,22:00,4504,14,1,4,5,10,12,13,14,16,18,19
2017-09-22,23:00,4505,5,1,3,5,6,7,8,13,14,16,18
2017-09-23,07:00,4506,1,4,6,8,9,10,11,13,14,16,17
2017-09-23,08:00,4507,9,2,4,6,7,8,11,12,13,15,19
2017-09-23,09:00,4508,3,2,5,7,8,9,10,14,15,16,17
2017-09-23,10:00,4509,6,3,5,6,8,11,12,13,14,16,18
2017-09-23,11:00,4510,16,1,3,6,11,12,13,14,17,18,20
2017-09-23,12:00,4511,9,2,3,5,7,9,10,11,13,14,15
2017-09-23,13:00,4512,19,3,5,6,7,9,11,13,16,17,19
2017-09-23,14:00,4513,16,1,5,6,7,8,12,14,15,19,20
2017-09-23,15:00,4514,10,2,3,4,11,12,13,14,15,16,18
2017-09-23,16:00,4515,2,2,7,9,10,11,12,14,15,16,20
2017-09-23,17:00,4516,7,1,2,4,5,8,10,13,15,16,20
2017-09-23,18:00,4517,13,2,4,6,9,10,11,13,18,19,20
2017-09-23,19:00,4518,14,3,4,6,8,10,11,13,17,18,19
2017-09-23,20:00,4519,12,1,5,7,9,11,12,15,17,18,19
2017-09-23,21:00,4520,3,1,2,3,4,7,9,10,13,15,16
2017-09-23,22:00,4521,3,2,5,6,10,12,13,14,17,18,19
2017-09-23,23:00,4522,3,3,4,5,6,7,12,13,16,18,20
2017-09-24,07:00,4523,10,2,3,4,6,7,9,13,14,18,20
2017-09-24,08:00,4524,19,3,5,6,7,9,11,12,13,16,18
2017-09-24,09:00,4525,17,2,4,5,7,8,12,13,17,18,20
2017-09-24,10:00,4526,12,1,3,4,6,7,11,13,14,18,20
2017-09-24,11:00,4527,5,1,3,4,5,6,7,9,14,16,20
2017-09-24,12:00,4528,5,1,3,4,5,6,10,11,12,15,19
2017-09-24,13:00,4529,18,5,8,9,10,11,12,13,16,18,19
2017-09-24,14:00,4530,12,1,4,6,9,11,15,16,18,19,20
2017-09-24,15:00,4531,9,1,2,5,6,8,11,14,15,16,20
2017-09-24,16:00,4532,17,2,3,4,5,7,8,13,14,16,19
2017-09-24,17:00,4533,3,2,4,7,10,11,14,16,17,18,20
2017-09-24,18:00,4534,1,1,7,8,11,13,14,15,16,17,20
2017-09-24,19:00,4535,4,1,7,9,10,11,12,13,14,16,17
2017-09-24,20:00,4536,18,3,6,8,9,11,12,13,15,16,18
2017-09-24,21:00,4537,12,1,2,3,4,5,6,10,13,15,16
2017-09-24,22:00,4538,3,3,6,7,8,9,10,11,16,17,20
2017-09-24,23:00,4539,3,1,3,5,9,12,13,14,15,16,20
2017-09-25,07:00,4540,1,1,2,8,10,11,14,15,16,18,20
2017-09-25,08:00,4541,13,2,3,4,6,8,10,11,12,17,18
2017-09-25,09:00,4542,18,2,3,8,9,11,14,15,17,18,20
2017-09-25,10:00,4543,6,1,2,3,6,7,8,11,16,17,19
2017-09-25,11:00,4544,20,2,3,5,6,10,11,12,13,16,19
2017-09-25,12:00,4545,14,1,3,4,8,12,13,14,17,18,19
2017-09-25,13:00,4546,10,2,3,7,8,9,11,13,15,17,19
2017-09-25,14:00,4547,11,2,5,6,8,12,13,15,18,19,20
2017-09-25,15:00,4548,2,2,6,7,8,9,11,12,17,18,20
2017-09-25,16:00,4549,5,1,3,4,5,6,7,12,14,18,19
2017-09-25,17:00,4550,4,1,2,4,8,9,10,12,13,16,20
2017-09-25,18:00,4551,14,3,4,9,10,11,12,13,14,15,18
2017-09-25,19:00,4552,8,1,3,4,5,7,9,10,12,19,20
2017-09-25,20:00,4553,16,1,5,6,7,9,10,13,18,19,20
2017-09-25,21:00,4554,12,1,2,4,5,7,8,11,12,13,18
2017-09-25,22:00,4555,13,1,2,3,5,7,8,14,17,18,19
2017-09-25,23:00,4556,20,1,3,6,7,8,11,16,17,19,20
2017-09-26,07:00,4557,15,4,10,11,12,15,16,17,18,19,20
2017-09-26,08:00,4558,12,2,6,7,8,9,10,11,12,18,19
2017-09-26,09:00,4559,13,4,5,6,7,8,9,10,12,13,17
2017-09-26,10:00,4560,11,2,4,5,6,9,10,11,13,14,18
2017-09-26,11:00,4561,3,3,5,10,12,14,15,16,18,19,20
2017-09-26,12:00,4562,19,1,4,5,7,8,9,11,14,16,17
2017-09-26,13:00,4563,3,1,2,3,4,5,6,9,14,16,20
2017-09-26,14:00,4564,17,1,3,6,8,9,15,16,18,19,20
2017-09-26,15:00,4565,10,1,5,6,8,11,12,15,16,18,19
2017-09-26,16:00,4566,14,4,5,6,8,10,11,14,16,18,20
2017-09-26,17:00,4567,20,1,6,7,8,9,10,11,12,14,15
2017-09-26,18:00,4568,14,2,3,5,7,8,10,12,15,16,18
2017-09-26,19:00,4569,16,1,3,8,10,11,12,16,17,18,20
2017-09-26,20:00,4570,20,2,3,4,8,10,12,15,16,19,20
2017-09-26,21:00,4571,18,1,3,7,10,11,12,13,16,17,19
2017-09-26,22:00,4572,19,1,3,5,6,9,10,12,18,19,20
2017-09-26,23:00,4573,7,1,3,7,11,13,14,16,18,19,20
2017-09-27,07:00,4574,11,2,3,4,5,6,7,15,17,18,19
2017-09-27,08:00,4575,7,3,4,7,9,10,14,15,16,18,19
2017-09-27,09:00,4576,1,1,3,4,6,8,9,10,14,18,20
2017-09-27,10:00,4577,14,1,3,7,8,9,10,13,14,16,19
2017-09-27,11:00,4578,18,2,4,5,10,12,13,14,16,17,19
2017-09-27,12:00,4579,12,1,2,5,8,11,14,15,16,18,19
2017-09-27,13:00,4580,19,1,6,8,9,10,13,14,15,19,20
2017-09-27,14:00,4581,2,1,2,3,5,8,9,13,15,16,18
2017-09-27,15:00,4582,5,2,4,6,7,9,10,14,17,19,20
2017-09-27,16:00,4583,14,2,3,6,7,10,11,12,18,19,20
2017-09-27,17:00,4584,11,2,3,4,10,13,15,17,18,19,20
2017-09-27,18:00,4585,19,2,3,5,8,9,12,13,17,18,19
2017-09-27,19:00,4586,13,4,6,7,11,12,13,14,18,19,20
2017-09-27,20:00,4587,12,2,3,5,7,9,12,13,15,16,19
2017-09-27,21:00,4588,13,2,3,7,9,10,12,14,15,18,19
2017-09-27,22:00,4589,15,1,3,5,6,13,16,17,18,19,20
2017-09-27,23:00,4590,13,2,3,5,8,11,12,13,16,17,18
2017-09-28,07:00,4591,14,2,4,5,6,7,11,13,14,16,18
2017-09-28,08:00,4592,11,2,4,5,10,12,13,16,17,18,19
2017-09-28,09:00,4593,9,2,5,8,10,11,13,16,17,18,20
2017-09-28,10:00,4594,7,2,3,4,5,7,11,12,15,18,20
2017-09-28,11:00,4595,15,4,5,6,7,9,10,11,15,19,20
2017-09-28,12:00,4596,2,1,3,4,6,9,10,13,14,18,19
2017-09-28,13:00,4597,6,2,4,6,8,10,12,13,16,18,19
2017-09-28,14:00,4598,16,2,5,6,10,11,12,13,16,17,19
2017-09-28,15:00,4599,4,3,4,7,9,10,11,12,16,17,19
2017-09-28,16:00,4600,3,3,7,8,9,11,13,14,15,16,19
2017-09-28,17:00,4601,10,2,3,4,6,8,11,12,16,17,20
2017-09-28,18:00,4602,12,1,4,12,13,15,16,17,18,19,20
2017-09-28,19:00,4603,13,2,3,4,5,7,9,12,15,16,20
2017-09-28,20:00,4604,6,1,3,4,7,9,11,13,14,16,18
2017-09-28,21:00,4605,7,1,3,6,9,12,13,15,17,18,19
2017-09-28,22:00,4606,12,1,3,6,8,9,15,17,18,19,20
2017-09-28,23:00,4607,10,1,4,8,10,12,13,15,17,18,19
2017-09-29,07:00,4608,8,1,2,5,7,10,11,15,18,19,20
2017-09-29,08:00,4609,11,1,3,6,7,14,15,16,17,19,20
2017-09-29,09:00,4610,3,4,5,6,7,8,10,11,13,15,16
2017-09-29,10:00,4611,15,2,5,7,8,10,15,16,17,19,20
2017-09-29,11:00,4612,8,3,4,5,6,9,15,16,17,18,19
2017-09-29,12:00,4613,9,1,4,8,9,10,11,13,14,15,18
2017-09-29,13:00,4614,9,1,4,6,7,10,11,12,14,17,18
2017-09-29,14:00,4615,16,1,2,3,7,9,10,13,17,19,20
2017-09-29,15:00,4616,15,4,5,6,8,10,11,12,16,18,19
2017-09-29,16:00,4617,15,1,2,3,6,7,8,12,16,19,20
2017-09-29,17:00,4618,7,3,4,5,7,8,10,11,12,19,20
2017-09-29,18:00,4619,8,2,4,6,7,8,12,13,16,17,19
2017-09-29,19:00,4620,17,1,3,5,8,11,13,15,16,19,20
2017-09-29,20:00,4621,3,3,4,5,6,8,10,14,16,18,20
2017-09-29,21:00,4622,20,1,5,7,9,11,14,15,16,18,20
2017-09-29,22:00,4623,12,1,3,5,7,9,10,11,13,15,20
2017-09-29,23:00,4624,4,3,4,5,6,10,11,12,13,14,17
2017-09-30,07:00,4625,9,1,3,8,9,10,11,12,14,16,19
2017-09-30,08:00,4626,20,3,5,7,11,15,16,17,18,19,20
2017-09-30,09:00,4627,14,1,2,6,7,10,12,13,15,16,18
2017-09-30,10:00,4628,5,1,2,3,5,7,10,11,13,15,20
2017-09-30,11:00,4629,12,1,3,7,8,10,12,13,14,16,17
2017-09-30,12:00,4630,17,1,4,5,10,12,13,16,17,18,20
2017-09-30,13:00,4631,17,1,2,3,6,7,9,12,14,18,19
2017-09-30,14:00,4632,20,3,4,5,8,9,14,15,16,19,20
2017-09-30,15:00,4633,3,1,5,6,7,8,9,11,12,17,20
2017-09-30,16:00,4634,11,1,2,3,6,8,9,10,17,19,20
2017-09-30,17:00,4635,12,1,2,5,6,7,9,10,13,15,16
2017-09-30,18:00,4636,13,2,4,5,6,10,13,14,17,18,19
2017-09-30,19:00,4637,3,1,4,5,8,10,11,12,15,17,20
2017-09-30,20:00,4638,6,1,3,4,6,8,10,12,14,19,20
2017-09-30,21:00,4639,6,1,2,4,6,8,10,11,14,16,20
2017-09-30,22:00,4640,9,2,3,5,7,8,10,12,16,17,20
2017-09-30,23:00,4641,11,1,2,4,7,11,12,15,16,17,20
2017-10-01,07:00,4642,10,2,8,9,11,12,15,17,18,19,20
2017-10-01,08:00,4643,3,3,10,11,12,13,15,16,17,18,20
2017-10-01,09:00,4644,6,2,3,4,8,10,11,14,15,18,19
2017-10-01,10:00,4645,19,1,4,5,8,9,10,15,16,18,20
2017-10-01,11:00,4646,19,2,4,6,7,8,9,10,11,12,14
2017-10-01,12:00,4647,10,1,5,6,8,9,12,15,16,17,18
2017-10-01,13:00,4648,15,6,7,9,10,11,14,15,16,17,18
2017-10-01,14:00,4649,14,3,5,6,9,10,11,12,18,19,20
2017-10-01,15:00,4650,6,1,4,5,6,7,8,9,14,15,17
2017-10-01,16:00,4651,16,2,3,6,7,8,10,12,14,18,20
2017-10-01,17:00,4652,11,1,6,7,8,13,14,16,17,18,20
2017-10-01,18:00,4653,15,1,3,4,5,9,12,13,16,17,19
2017-10-01,19:00,4654,18,3,5,6,7,8,10,11,13,17,18
2017-10-01,20:00,4655,8,1,2,3,5,6,10,11,12,13,17
2017-10-01,21:00,4656,15,2,5,6,9,10,11,14,17,18,20
2017-10-01,22:00,4657,15,1,2,11,12,13,15,16,17,19,20
2017-10-01,23:00,4658,16,3,4,5,6,7,8,11,14,16,20
2017-10-02,07:00,4659,7,1,2,6,7,8,9,10,11,17,18
2017-10-02,08:00,4660,6,1,8,9,10,14,15,16,17,18,20
2017-10-02,09:00,4661,15,2,3,4,5,8,11,13,16,18,19
2017-10-02,10:00,4662,11,1,2,3,5,8,9,10,11,14,20
2017-10-02,11:00,4663,2,4,5,7,9,10,11,12,13,15,20
2017-10-02,12:00,4664,18,2,4,6,8,9,12,13,18,19,20
2017-10-02,13:00,4665,18,1,3,5,6,7,8,15,17,19,20
2017-10-02,14:00,4666,10,1,3,4,7,8,10,13,14,17,20
2017-10-02,15:00,4667,9,1,2,4,9,10,12,13,14,18,19
2017-10-02,16:00,4668,8,3,6,8,9,11,13,15,16,18,20
2017-10-02,17:00,4669,14,2,3,4,9,11,12,15,18,19,20
2017-10-02,18:00,4670,16,1,2,6,9,10,12,14,17,19,20
2017-10-02,19:00,4671,6,1,3,6,7,8,9,10,11,19,20
2017-10-02,20:00,4672,4,2,3,4,5,6,7,10,13,14,20
2017-10-02,21:00,4673,7,2,4,5,6,8,9,15,16,17,19
2017-10-02,22:00,4674,17,3,4,6,7,10,12,15,16,17,20
2017-10-02,23:00,4675,7,1,2,6,7,8,9,10,12,17,19
2017-10-03,07:00,4676,2,1,3,4,5,7,9,11,12,14,18
2017-10-03,08:00,4677,1,1,2,3,4,7,9,11,15,16,19
2017-10-03,09:00,4678,5,3,4,5,6,7,8,14,17,19,20
2017-10-03,10:00,4679,15,3,4,6,7,9,10,11,12,14,15
2017-10-03,11:00,4680,13,3,5,9,12,15,16,17,18,19,20
2017-10-03,12:00,4681,19,2,5,7,8,10,14,15,16,18,19
2017-10-03,13:00,4682,12,1,5,9,10,12,14,15,16,18,20
2017-10-03,14:00,4683,7,3,7,8,10,11,12,14,15,17,19
2017-10-03,15:00,4684,1,6,9,10,11,13,14,16,17,18,19
2017-10-03,16:00,4685,3,3,4,5,6,8,11,12,16,17,19
2017-10-03,17:00,4686,16,3,5,6,7,9,12,13,14,18,20
2017-10-03,18:00,4687,16,3,4,5,6,7,8,9,13,14,16
2017-10-03,19:00,4688,6,1,2,4,5,7,8,14,15,16,20
2017-10-03,20:00,4689,18,2,3,5,6,7,9,10,11,15,19
2017-10-03,21:00,4690,15,1,2,5,6,7,8,10,11,13,18
2017-10-03,22:00,4691,14,3,7,8,9,13,15,16,17,18,19
2017-10-03,23:00,4692,20,1,2,5,9,10,12,15,16,18,19
2017-10-04,07:00,4693,1,2,3,5,6,11,12,15,17,19,20
2017-10-04,08:00,4694,8,2,5,9,12,13,14,15,16,18,19
2017-10-04,09:00,4695,9,4,6,9,10,11,12,13,15,16,17
2017-10-04,10:00,4696,4,3,4,5,6,7,8,9,10,12,15
2017-10-04,11:00,4697,15,2,3,6,7,8,9,16,17,18,19
2017-10-04,12:00,4698,11,2,3,5,8,10,12,13,14,16,20
2017-10-04,13:00,4699,17,2,3,9,10,11,12,13,14,15,16
2017-10-04,14:00,4700,7,2,3,4,5,6,7,8,9,11,16
2017-10-04,15:00,4701,9,3,4,5,6,10,12,14,15,16,20
2017-10-04,16:00,4702,19,1,3,4,6,8,9,10,11,13,16
2017-10-04,17:00,4703,6,1,2,3,4,5,6,9,10,12,17
2017-10-04,18:00,4704,8,1,4,5,7,8,9,11,13,15,18
2017-10-04,19:00,4705,11,2,3,5,8,10,11,12,13,16,20
2017-10-04,20:00,4706,3,3,4,7,9,10,12,14,17,18,19
2017-10-04,21:00,4707,1,1,5,9,10,12,13,14,15,17,18
2017-10-04,22:00,4708,3,3,4,10,11,15,16,17,18,19,20
2017-10-04,23:00,4709,19,4,5,6,8,9,10,13,16,17,19
2017-10-05,07:00,4710,9,3,4,5,7,11,13,15,16,18,19
2017-10-05,08:00,4711,18,5,8,9,10,11,12,15,16,18,19
2017-10-05,09:00,4712,1,3,4,5,11,13,14,15,16,17,19
2017-10-05,10:00,4713,14,1,7,8,9,10,11,12,14,15,18
2017-10-05,11:00,4714,17,4,6,7,10,11,13,14,16,17,18
2017-10-05,12:00,4715,1,2,3,4,6,7,8,10,13,16,18
2017-10-05,13:00,4716,15,1,4,5,6,10,11,12,15,18,20
2017-10-05,14:00,4717,8,5,9,10,12,13,14,16,18,19,20
2017-10-05,15:00,4718,7,3,5,6,7,8,14,15,18,19,20
2017-10-05,16:00,4719,3,2,4,5,7,11,12,13,16,17,18
2017-10-05,17:00,4720,18,1,4,7,8,9,11,12,15,16,18
2017-10-05,18:00,4721,4,1,3,4,6,9,11,16,17,18,19
2017-10-05,19:00,4722,10,2,3,4,7,12,14,15,16,18,19
2017-10-05,20:00,4723,2,1,3,4,6,8,12,13,17,18,20
2017-10-05,21:00,4724,9,1,2,4,9,11,12,14,15,16,19
2017-10-05,22:00,4725,3,5,9,10,11,12,14,15,16,18,19
2017-10-05,23:00,4726,16,4,5,10,13,14,15,16,17,18,20
2017-10-06,07:00,4727,16,2,3,5,6,7,8,10,17,19,20
2017-10-06,08:00,4728,17,4,7,11,12,13,15,16,17,18,20
2017-10-06,09:00,4729,3,1,2,3,4,5,6,12,15,18,19
2017-10-06,10:00,4730,19,1,2,6,12,13,15,16,18,19,20
2017-10-06,11:00,4731,12,1,2,4,6,7,9,10,13,17,20
2017-10-06,12:00,4732,15,1,2,7,10,11,13,14,16,19,20
2017-10-06,13:00,4733,12,2,3,4,6,9,11,12,13,14,17
2017-10-06,14:00,4734,1,1,2,3,4,5,6,13,16,17,19
2017-10-06,15:00,4735,20,2,3,5,9,11,12,16,17,18,20
2017-10-06,16:00,4736,8,3,4,5,7,8,9,11,13,16,20
2017-10-06,17:00,4737,17,3,5,9,10,12,13,16,18,19,20
2017-10-06,18:00,4738,10,1,2,3,6,9,10,12,16,17,20
2017-10-06,19:00,4739,18,1,3,8,10,12,13,14,18,19,20
2017-10-06,20:00,4740,9,1,3,4,5,10,11,14,16,17,18
2017-10-06,21:00,4741,15,1,4,5,8,11,12,14,15,17,19
2017-10-06,22:00,4742,4,2,6,7,8,11,12,13,14,18,19
2017-10-06,23:00,4743,16,2,7,8,9,11,12,14,17,19,20
2017-10-07,07:00,4744,18,4,5,6,10,11,12,13,14,15,19
2017-10-07,08:00,4745,9,5,6,7,8,9,11,12,13,15,18
2017-10-07,09:00,4746,15,1,2,6,9,10,12,13,14,15,16
2017-10-07,10:00,4747,18,3,4,5,7,8,9,10,11,13,19
2017-10-07,11:00,4748,7,2,3,4,5,7,12,13,15,16,19
2017-10-07,12:00,4749,8,1,4,7,9,10,11,12,15,16,18
2017-10-07,13:00,4750,20,1,3,5,6,8,9,10,13,14,19
2017-10-07,14:00,4751,1,3,7,8,10,11,12,13,15,18,19
2017-10-07,15:00,4752,18,3,5,10,11,12,14,15,16,18,20
2017-10-07,16:00,4753,11,1,4,5,6,7,8,13,15,17,20
2017-10-07,17:00,4754,3,2,4,5,8,12,14,16,17,18,19
2017-10-07,18:00,4755,1,3,5,10,11,12,13,16,17,19,20
2017-10-07,19:00,4756,17,3,4,5,9,10,13,15,17,18,20
2017-10-07,20:00,4757,9,2,3,4,9,12,13,14,16,19,20
2017-10-07,21:00,4758,1,3,5,6,8,9,10,12,14,15,19
2017-10-07,22:00,4759,14,1,3,4,5,6,9,10,12,16,17
2017-10-07,23:00,4760,13,5,10,11,12,13,15,16,17,18,19
2017-10-08,07:00,4761,5,1,2,5,6,9,12,14,15,17,20
2017-10-08,08:00,4762,6,2,4,5,6,7,8,13,14,15,18
2017-10-08,09:00,4763,8,1,4,6,7,8,10,12,13,18,20
2017-10-08,10:00,4764,2,1,2,5,7,8,11,12,14,15,18
2017-10-08,11:00,4765,17,2,5,7,9,10,11,13,14,16,19
2017-10-08,12:00,4766,4,1,2,3,4,11,14,15,16,17,19
2017-10-08,13:00,4767,14,1,2,6,8,9,14,15,16,18,20
2017-10-08,14:00,4768,7,1,4,5,6,8,10,11,13,17,19
2017-10-08,15:00,4769,12,3,4,6,7,8,11,17,18,19,20
2017-10-08,16:00,4770,11,4,5,8,9,10,11,14,16,18,20
2017-10-08,17:00,4771,19,1,2,5,6,8,12,13,15,18,20
2017-10-08,18:00,4772,13,2,5,6,8,9,11,12,14,19,20
2017-10-08,19:00,4773,14,1,4,5,7,10,11,13,15,18,20
2017-10-08,20:00,4774,7,2,3,4,5,7,10,13,15,17,19
2017-10-08,21:00,4775,16,2,4,5,7,9,15,16,17,18,20
2017-10-08,22:00,4776,12,1,2,3,5,10,11,13,14,15,20
2017-10-08,23:00,4777,11,3,4,8,9,10,11,12,14,15,18
2017-10-09,07:00,4778,19,2,3,6,7,9,12,14,18,19,20
2017-10-09,08:00,4779,9,2,5,7,12,14,15,16,17,19,20
2017-10-09,09:00,4780,16,1,2,6,10,11,14,15,17,19,20
2017-10-09,10:00,4781,15,1,2,4,6,7,9,14,17,18,19
2017-10-09,11:00,4782,7,1,3,6,8,11,13,14,15,16,18
2017-10-09,12:00,4783,10,1,3,4,5,6,8,9,12,14,15
2017-10-09,13:00,4784,7,1,2,5,7,11,13,16,17,19,20
2017-10-09,14:00,4785,14,4,5,7,9,11,15,16,17,19,20
2017-10-09,15:00,4786,2,2,5,9,10,11,12,13,17,18,19
2017-10-09,16:00,4787,17,1,2,5,7,8,10,11,12,13,20
2017-10-09,17:00,4788,4,3,4,5,9,11,12,13,14,16,17
2017-10-09,18:00,4789,5,4,7,9,11,12,13,14,15,17,18
2017-10-09,19:00,4790,5,1,3,4,6,8,9,12,16,17,20
2017-10-09,20:00,4791,6,1,6,7,9,14,15,17,18,19,20
2017-10-09,21:00,4792,4,8,9,10,11,15,16,17,18,19,20
2017-10-09,22:00,4793,15,4,5,6,7,9,11,13,17,18,19
2017-10-09,23:00,4794,19,2,3,6,7,10,11,12,17,19,20
2017-10-10,07:00,4795,3,2,3,5,7,8,9,12,13,14,19
2017-10-10,08:00,4796,19,2,5,8,9,10,13,14,16,17,20
2017-10-10,09:00,4797,6,4,5,6,9,10,11,14,15,17,19
2017-10-10,10:00,4798,19,1,2,5,7,8,10,11,13,16,20
2017-10-10,11:00,4799,16,2,3,4,5,6,7,8,9,17,18
2017-10-10,12:00,4800,18,2,3,5,6,12,13,14,15,16,17
2017-10-10,13:00,4801,6,2,3,4,8,11,12,13,16,17,18
2017-10-10,14:00,4802,4,2,4,6,7,10,11,14,16,17,18
2017-10-10,15:00,4803,17,1,2,4,5,11,13,15,16,18,20
2017-10-10,16:00,4804,16,1,5,6,7,10,12,13,15,17,20
2017-10-10,17:00,4805,3,1,3,5,6,7,9,11,14,18,20
2017-10-10,18:00,4806,1,2,3,4,5,7,8,10,11,16,20
2017-10-10,19:00,4807,15,1,2,3,5,7,9,13,16,17,18
2017-10-10,20:00,4808,20,2,3,4,8,11,12,13,14,15,18
2017-10-10,21:00,4809,5,1,6,8,12,13,14,15,16,18,19
2017-10-10,22:00,4810,18,1,3,7,9,10,11,13,14,18,19
2017-10-10,23:00,4811,10,1,4,5,8,9,11,14,15,16,18
2017-10-11,07:00,4812,1,1,3,8,9,13,14,15,17,18,19
2017-10-11,08:00,4813,14,3,6,9,10,11,14,16,17,19,20
2017-10-11,09:00,4814,12,7,9,10,11,14,16,17,18,19,20
2017-10-11,10:00,4815,9,2,3,10,12,14,16,17,18,19,20
2017-10-11,11:00,4816,19,5,7,9,12,13,14,15,16,17,19
2017-10-11,12:00,4817,9,3,4,6,8,9,12,14,15,16,18
2017-10-11,13:00,4818,2,3,6,7,8,9,11,12,13,14,15
2017-10-11,14:00,4819,14,1,7,8,9,12,13,15,18,19,20
2017-10-11,15:00,4820,14,3,4,5,7,8,10,13,16,17,19
2017-10-11,16:00,4821,2,1,5,6,8,12,15,16,17,18,19
2017-10-11,17:00,4822,7,2,3,4,5,7,9,11,14,17,18
2017-10-11,18:00,4823,20,1,2,4,6,12,13,14,16,17,19
2017-10-11,19:00,4824,10,1,5,10,12,13,14,16,17,18,20
2017-10-11,20:00,4825,8,4,8,9,10,11,12,13,14,15,18
2017-10-11,21:00,4826,10,1,5,10,12,13,14,15,17,19,20
2017-10-11,22:00,4827,19,1,2,3,4,6,7,15,16,19,20
2017-10-11,23:00,4828,9,2,4,6,7,8,13,14,15,16,17
2017-10-12,07:00,4829,1,1,2,4,6,9,10,12,13,14,20
2017-10-12,08:00,4830,7,1,2,6,8,10,11,12,16,18,19
2017-10-12,09:00,4831,7,1,3,5,6,7,8,10,14,19,20
2017-10-12,10:00,4832,9,2,4,5,10,11,12,13,14,16,18
2017-10-12,11:00,4833,2,1,2,6,7,8,9,11,13,14,18
2017-10-12,12:00,4834,1,1,2,3,4,5,7,14,18,19,20
2017-10-12,13:00,4835,9,4,5,6,7,8,9,11,13,14,16
2017-10-12,14:00,4836,1,1,3,4,5,6,7,13,16,18,20
2017-10-12,15:00,4837,20,1,3,4,9,10,12,14,15,16,19
2017-10-12,16:00,4838,9,3,4,5,6,10,12,13,14,18,20
2017-10-12,17:00,4839,1,2,3,6,8,12,13,14,15,19,20
2017-10-12,18:00,4840,1,1,5,7,8,9,10,14,16,18,19
2017-10-12,19:00,4841,15,2,4,7,8,9,10,11,12,14,15
2017-10-12,20:00,4842,17,1,2,3,8,9,10,11,12,14,16
2017-10-12,21:00,4843,1,1,2,4,5,7,10,12,14,16,19
2017-10-12,22:00,4844,6,1,5,6,7,8,10,11,17,19,20
2017-10-12,23:00,4845,6,6,7,10,12,13,14,15,16,19,20
2017-10-13,07:00,4846,11,1,2,4,5,7,8,14,15,17,18
2017-10-13,08:00,4847,20,1,3,4,5,6,13,16,17,19,20
2017-10-13,09:00,4848,12,2,5,7,8,13,14,17,18,19,20
2017-10-13,10:00,4849,6,3,4,9,10,11,12,13,14,15,19
2017-10-13,11:00,4850,19,2,7,9,12,14,16,17,18,19,20
2017-10-13,12:00,4851,16,2,4,7,8,10,13,14,15,18,20
2017-10-13,13:00,4852,10,1,6,7,8,9,12,13,14,19,20
2017-10-13,14:00,4853,8,3,6,7,10,11,13,17,18,19,20
2017-10-13,15:00,4854,17,1,2,3,4,5,8,9,11,14,17
2017-10-13,16:00,4855,17,1,4,6,8,10,11,13,14,16,17
2017-10-13,17:00,4856,8,2,3,6,7,9,12,13,15,18,19
2017-10-13,18:00,4857,4,1,4,5,6,10,11,17,18,19,20
2017-10-13,19:00,4858,6,2,5,7,8,9,13,14,16,19,20
2017-10-13,20:00,4859,2,1,2,3,5,8,10,12,13,14,16
2017-10-13,21:00,4860,16,2,3,5,6,7,14,15,16,19,20
2017-10-13,22:00,4861,3,4,6,8,10,11,12,13,16,19,20
2017-10-13,23:00,4862,8,3,5,7,9,10,11,13,15,17,18
2017-10-14,07:00,4863,16,4,5,7,8,9,10,11,14,15,17
2017-10-14,08:00,4864,16,2,4,6,9,10,13,14,15,16,19
2017-10-14,09:00,4865,18,1,3,5,7,10,11,12,14,17,18
2017-10-14,10:00,4866,15,3,6,7,12,13,15,17,18,19,20
2017-10-14,11:00,4867,4,3,6,7,10,11,12,13,15,18,20
2017-10-14,12:00,4868,5,1,2,3,5,6,7,12,15,19,20
2017-10-14,13:00,4869,6,2,4,6,7,8,10,15,16,17,19
2017-10-14,14:00,4870,12,2,3,5,6,7,8,9,15,18,20
2017-10-14,15:00,4871,19,3,8,9,10,12,16,17,18,19,20
2017-10-14,16:00,4872,1,1,2,4,5,8,9,15,16,17,20
2017-10-14,17:00,4873,9,2,3,4,5,6,7,16,17,18,20
2017-10-14,18:00,4874,18,2,3,5,6,7,12,14,15,17,20
2017-10-14,19:00,4875,11,1,2,3,8,9,11,12,14,17,18
2017-10-14,20:00,4876,6,1,2,3,4,6,12,14,15,16,17
2017-10-14,21:00,4877,17,2,4,6,9,10,13,14,16,17,18
2017-10-14,22:00,4878,12,1,2,5,6,8,9,10,13,17,19
2017-10-14,23:00,4879,4,2,4,8,11,14,15,17,18,19,20
2017-10-15,07:00,4880,15,1,5,8,13,14,15,17,18,19,20
2017-10-15,08:00,4881,12,1,4,6,7,9,10,16,17,18,20
2017-10-15,09:00,4882,9,1,3,5,7,8,9,10,12,13,15
2017-10-15,10:00,4883,1,2,4,6,7,9,10,15,16,17,19
2017-10-15,11:00,4884,11,1,3,4,7,8,11,14,15,17,19
2017-10-15,12:00,4885,20,1,3,4,6,7,8,9,12,16,18
2017-10-15,13:00,4886,10,2,3,7,9,10,13,15,18,19,20
2017-10-15,14:00,4887,2,1,2,11,12,13,14,16,17,19,20
2017-10-15,15:00,4888,1,2,4,5,8,10,11,13,14,19,20
2017-10-15,16:00,4889,17,1,2,6,7,8,11,12,13,18,19
2017-10-15,17:00,4890,16,2,4,6,8,10,11,15,16,17,20
2017-10-15,18:00,4891,17,1,2,3,7,9,12,13,14,19,20
2017-10-15,19:00,4892,3,1,2,4,5,6,10,11,12,17,20
2017-10-15,20:00,4893,16,1,3,6,7,10,11,13,14,17,19
2017-10-15,21:00,4894,19,2,4,6,8,9,12,14,17,18,19
2017-10-15,22:00,4895,16,1,2,7,11,12,13,16,17,19,20
2017-10-15,23:00,4896,12,1,2,3,5,7,9,10,11,17,18
2017-10-16,07:00,4897,18,4,5,8,9,13,16,17,18,19,20
2017-10-16,08:00,4898,16,6,9,11,12,14,15,16,17,18,20
2017-10-16,09:00,4899,10,1,2,3,4,7,8,12,13,16,17
2017-10-16,10:00,4900,13,1,2,3,7,8,9,10,12,14,19
2017-10-16,11:00,4901,8,2,3,5,9,12,13,16,17,18,20
2017-10-16,12:00,4902,6,7,8,10,11,14,15,17,18,19,20
2017-10-16,13:00,4903,18,4,7,8,9,12,13,15,17,18,19
2017-10-16,14:00,4904,6,1,3,4,7,8,10,12,13,18,20
2017-10-16,15:00,4905,6,2,3,5,6,9,10,13,18,19,20
2017-10-16,16:00,4906,12,2,4,5,7,11,13,14,16,17,19
2017-10-16,17:00,4907,11,3,5,7,8,11,12,13,14,17,19
2017-10-16,18:00,4908,8,1,2,5,7,11,12,13,16,18,20
2017-10-16,19:00,4909,2,3,4,8,9,12,13,14,15,19,20
2017-10-16,20:00,4910,17,3,8,10,13,15,16,17,18,19,20
2017-10-16,21:00,4911,2,2,3,7,11,12,13,14,15,19,20
2017-10-16,22:00,4912,19,2,3,10,11,12,14,15,16,19,20
2017-10-16,23:00,4913,6,1,3,5,8,10,11,14,16,17,20
2017-10-17,07:00,4914,7,3,4,5,8,9,11,12,14,15,16
2017-10-17,08:00,4915,4,1,3,4,5,7,8,9,11,14,20
2017-10-17,09:00,4916,2,1,3,4,5,7,8,11,12,15,17
2017-10-17,10:00,4917,15,2,3,7,8,9,10,11,12,16,19
2017-10-17,11:00,4918,1,2,3,5,8,9,10,12,14,15,19
2017-10-17,12:00,4919,18,3,4,5,6,8,10,12,14,16,19
2017-10-17,13:00,4920,17,1,3,6,7,8,9,10,14,15,17
2017-10-17,14:00,4921,16,4,5,9,13,15,16,17,18,19,20
2017-10-17,15:00,4922,13,1,3,4,5,6,7,10,11,13,19
2017-10-17,16:00,4923,12,1,3,5,6,7,8,9,10,13,20
2017-10-17,17:00,4924,6,1,4,6,9,10,11,12,13,14,19
2017-10-17,18:00,4925,17,2,3,5,9,11,14,16,17,18,20
2017-10-17,19:00,4926,5,3,4,7,8,9,12,15,16,18,20
2017-10-17,20:00,4927,9,1,3,4,5,6,10,11,16,18,20
2017-10-17,21:00,4928,2,1,2,5,6,8,9,10,14,16,19
2017-10-17,22:00,4929,16,1,2,3,5,7,9,10,16,17,20
2017-10-17,23:00,4930,10,3,4,6,8,9,11,15,16,18,20
2017-10-18,07:00,4931,18,1,4,7,9,10,12,13,15,19,20
2017-10-18,08:00,4932,2,4,6,7,8,12,13,16,18,19,20
2017-10-18,09:00,4933,20,1,5,7,10,11,13,14,15,17,19
2017-10-18,10:00,4934,9,3,9,10,11,13,14,15,16,18,20
2017-10-18,11:00,4935,12,2,8,12,13,14,15,17,18,19,20
2017-10-18,12:00,4936,10,1,4,5,6,9,10,16,18,19,20
2017-10-18,13:00,4937,15,5,7,8,10,11,12,16,17,18,20
2017-10-18,14:00,4938,3,4,5,6,7,8,10,15,16,17,19
2017-10-18,15:00,4939,20,1,3,5,6,8,14,15,16,17,20
2017-10-18,16:00,4940,5,3,4,6,8,10,12,14,15,16,19
2017-10-18,17:00,4941,7,2,3,4,5,6,7,11,16,17,18
2017-10-18,18:00,4942,8,3,4,7,8,14,15,17,18,19,20
2017-10-18,19:00,4943,14,3,5,10,11,13,15,17,18,19,20
2017-10-18,20:00,4944,20,2,3,4,5,6,8,12,13,14,16
2017-10-18,21:00,4945,12,1,6,9,11,12,13,14,15,17,18
2017-10-18,22:00,4946,2,2,3,4,5,6,7,8,10,14,19
2017-10-18,23:00,4947,14,2,3,4,5,7,9,11,14,15,19
2017-10-19,07:00,4948,20,1,2,6,7,9,10,13,15,17,19
2017-10-19,08:00,4949,19,1,3,4,5,7,9,10,11,16,19
2017-10-19,09:00,4950,3,3,5,8,10,11,13,14,15,16,18
2017-10-19,10:00,4951,11,1,2,3,9,12,14,15,17,18,19
2017-10-19,11:00,4952,18,1,5,9,10,11,15,17,18,19,20
2017-10-19,12:00,4953,13,2,5,6,8,10,12,14,18,19,20
2017-10-19,13:00,4954,4,1,2,3,5,8,9,10,13,15,20
2017-10-19,14:00,4955,18,2,4,8,9,11,12,13,14,19,20
2017-10-19,15:00,4956,3,1,2,3,5,7,10,13,16,19,20
2017-10-19,16:00,4957,6,1,3,6,7,10,12,16,17,19,20
2017-10-19,17:00,4958,16,2,4,8,10,11,12,14,17,19,20
2017-10-19,18:00,4959,1,1,2,3,7,9,11,12,15,16,17
2017-10-19,19:00,4960,2,1,3,5,6,10,11,13,14,15,18
2017-10-19,20:00,4961,20,3,4,5,7,9,11,12,13,14,20
2017-10-19,21:00,4962,5,2,4,6,9,10,12,17,18,19,20
2017-10-19,22:00,4963,14,2,3,4,5,6,11,12,15,16,20
2017-10-19,23:00,4964,9,1,3,4,8,9,11,13,15,18,19
2017-10-20,07:00,4965,14,1,2,4,6,7,9,11,12,16,17
2017-10-20,08:00,4966,13,1,4,8,11,13,16,17,18,19,20
2017-10-20,09:00,4967,14,4,5,8,11,12,14,15,16,18,19
2017-10-20,10:00,4968,9,2,4,7,9,10,11,12,15,16,17
2017-10-20,11:00,4969,16,1,3,5,6,8,12,14,17,18,19
2017-10-20,12:00,4970,8,4,5,6,7,10,11,12,13,14,16
2017-10-20,13:00,4971,2,2,3,4,6,7,8,16,17,18,19
2017-10-20,14:00,4972,11,2,7,8,10,12,14,15,17,18,20
2017-10-20,15:00,4973,3,4,5,6,7,10,11,14,18,19,20
2017-10-20,16:00,4974,2,2,3,4,6,11,12,15,17,18,20
2017-10-20,17:00,4975,3,4,7,8,9,12,14,15,16,17,19
2017-10-20,18:00,4976,1,1,2,4,5,6,8,14,16,19,20
2017-10-20,19:00,4977,5,4,6,8,11,12,13,14,16,18,20
2017-10-20,20:00,4978,12,1,5,7,8,11,12,16,17,19,20
2017-10-20,21:00,4979,1,1,3,5,6,8,10,11,12,13,17
2017-10-20,22:00,4980,14,1,2,3,5,6,9,11,17,19,20
2017-10-20,23:00,4981,6,4,5,6,7,8,9,11,13,15,17
2017-10-21,07:00,4982,9,1,2,3,4,5,8,10,11,17,19
2017-10-21,08:00,4983,14,2,3,4,10,14,15,16,17,18,19
2017-10-21,09:00,4984,11,2,3,4,5,9,10,12,15,16,19
2017-10-21,10:00,4985,20,1,2,4,6,11,14,15,17,19,20
2017-10-21,11:00,4986,5,1,5,7,9,11,12,15,16,17,20
2017-10-21,12:00,4987,3,3,4,5,6,7,11,12,14,17,20
2017-10-21,13:00,4988,6,1,4,9,10,12,13,14,15,19,20
2017-10-21,14:00,4989,17,4,6,7,8,9,10,11,12,15,16
2017-10-21,15:00,4990,7,2,4,6,9,10,12,16,17,19,20
2017-10-21,16:00,4991,16,2,5,6,7,8,16,17,18,19,20
2017-10-21,17:00,4992,14,3,4,5,6,8,10,12,13,14,15
2017-10-21,18:00,4993,19,1,3,4,5,7,10,11,12,17,20
2017-10-21,19:00,4994,9,1,2,4,8,13,14,15,17,18,20
2017-10-21,20:00,4995,4,1,2,4,6,8,9,11,13,16,20
2017-10-21,21:00,4996,1,1,2,9,11,12,13,15,16,17,19
2017-10-21,22:00,4997,13,1,2,3,4,9,11,12,14,16,19
2017-10-21,23:00,4998,5,2,3,4,10,14,15,16,17,18,19
2017-10-22,07:00,4999,17,1,4,5,9,10,12,14,17,18,20
2017-10-22,08:00,5000,13,1,2,5,8,10,13,14,15,19,20
2017-10-22,09:00,5001,19,5,8,10,13,14,16,17,18,19,20
2017-10-22,10:00,5002,6,2,5,7,8,9,10,11,12,15,19
2017-10-22,11:00,5003,4,1,3,5,6,7,12,13,14,15,17
2017-10-22,12:00,5004,20,3,6,9,10,12,13,15,16,17,18
2017-10-22,13:00,5005,10,1,2,7,8,11,13,15,16,18,20
2017-10-22,14:00,5006,2,2,4,6,7,11,14,15,17,18,20
2017-10-22,15:00,5007,17,3,6,7,8,9,12,13,18,19,20
2017-10-22,16:00,5008,16,2,3,4,5,9,12,14,16,17,19
2017-10-22,17:00,5009,19,1,3,4,6,7,11,12,13,16,20
2017-10-22,18:00,5010,10,3,4,6,8,9,11,12,14,16,20
2017-10-22,19:00,5011,10,2,3,5,7,11,12,14,17,19,20
2017-10-22,20:00,5012,12,4,6,7,9,13,14,16,17,18,19
2017-10-22,21:00,5013,12,4,6,9,10,13,14,17,18,19,20
2017-10-22,22:00,5014,17,1,2,3,4,5,7,14,15,16,19
2017-10-22,23:00,5015,4,3,5,6,9,12,14,15,16,19,20
2017-10-23,07:00,5016,4,1,2,3,7,8,9,15,16,19,20
2017-10-23,08:00,5017,17,1,3,4,5,7,8,16,17,18,20
2017-10-23,09:00,5018,7,2,3,4,7,8,12,14,15,16,17
2017-10-23,10:00,5019,17,2,3,5,6,12,14,17,18,19,20
2017-10-23,11:00,5020,20,1,2,5,7,8,9,11,15,16,19
2017-10-23,12:00,5021,12,1,3,5,6,7,9,11,12,18,20
2017-10-23,13:00,5022,3,2,3,7,10,11,12,13,15,19,20
2017-10-23,14:00,5023,2,2,3,5,6,8,10,11,15,18,19
2017-10-23,15:00,5024,2,1,6,9,11,12,13,14,15,17,18
2017-10-23,16:00,5025,15,1,2,4,7,8,10,13,14,15,17
2017-10-23,17:00,5026,6,1,2,4,7,10,14,15,16,19,20
2017-10-23,18:00,5027,19,2,4,5,7,9,10,12,17,18,19
2017-10-23,19:00,5028,17,1,3,4,6,9,10,12,18,19,20
2017-10-23,20:00,5029,9,3,4,5,6,11,13,15,16,18,20
2017-10-23,21:00,5030,20,2,4,7,8,9,10,14,15,16,19
2017-10-23,22:00,5031,4,4,6,8,9,10,11,12,13,16,17
2017-10-23,23:00,5032,20,1,3,4,6,13,14,15,16,19,20
2017-10-24,07:00,5033,20,1,2,4,8,9,10,11,12,13,19
2017-10-24,08:00,5034,6,1,3,6,8,10,11,12,16,19,20
2017-10-24,09:00,5035,1,1,4,7,8,13,14,16,17,18,20
2017-10-24,10:00,5036,12,2,3,5,6,7,10,11,13,17,20
2017-10-24,11:00,5037,20,1,4,5,7,11,15,16,18,19,20
2017-10-24,12:00,5038,10,1,2,5,6,7,10,11,15,17,18
2017-10-24,13:00,5039,16,1,2,6,8,9,11,12,16,18,20
2017-10-24,14:00,5040,1,3,9,10,11,12,13,17,18,19,20
2017-10-24,15:00,5041,9,1,3,4,6,7,9,13,16,17,19
2017-10-24,16:00,5042,6,1,2,3,4,6,8,17,18,19,20
2017-10-24,17:00,5043,8,1,2,5,12,13,14,15,17,18,19
2017-10-24,18:00,5044,13,2,4,6,8,13,14,16,17,18,19
2017-10-24,19:00,5045,7,1,3,5,6,8,10,12,17,18,20
2017-10-24,20:00,5046,5,1,3,5,7,8,9,13,17,18,20
2017-10-24,21:00,5047,7,2,3,9,12,13,15,16,18,19,20
2017-10-24,22:00,5048,13,4,6,9,11,13,14,15,16,18,20
2017-10-24,23:00,5049,15,7,9,10,11,12,13,14,15,19,20
2017-10-25,07:00,5050,2,5,7,8,10,12,13,14,15,18,20
2017-10-25,08:00,5051,1,2,4,5,6,7,9,10,13,17,20
2017-10-25,09:00,5052,13,2,3,5,8,11,12,13,15,18,20
2017-10-25,10:00,5053,9,4,5,7,8,10,12,16,17,19,20
2017-10-25,11:00,5054,17,1,2,4,7,8,9,11,12,15,20
2017-10-25,12:00,5055,18,1,2,7,8,10,14,17,18,19,20
2017-10-25,13:00,5056,14,1,2,3,8,10,12,13,15,19,20
2017-10-25,14:00,5057,18,4,5,8,9,12,13,14,17,19,20
2017-10-25,15:00,5058,14,3,4,5,8,11,12,13,14,17,20
2017-10-25,16:00,5059,4,1,2,5,8,9,11,14,17,19,20
2017-10-25,17:00,5060,17,2,4,5,6,7,9,10,14,15,20
2017-10-25,18:00,5061,9,1,7,8,9,13,14,15,16,18,19
2017-10-25,19:00,5062,10,7,8,9,11,12,14,16,17,18,20
2017-10-25,20:00,5063,20,2,4,6,7,8,9,11,13,15,16
2017-10-25,21:00,5064,20,1,3,7,11,12,13,14,18,19,20
2017-10-25,22:00,5065,6,4,5,6,9,11,12,13,16,17,20
2017-10-25,23:00,5066,10,1,2,4,6,7,8,13,16,17,20
2017-10-26,07:00,5067,17,1,5,9,11,13,15,16,17,18,20
2017-10-26,08:00,5068,16,5,6,8,9,10,11,12,13,14,18
2017-10-26,09:00,5069,8,2,3,4,5,8,10,11,12,15,19
2017-10-26,10:00,5070,9,1,4,7,8,10,11,13,16,17,20
2017-10-26,11:00,5071,19,1,2,5,6,7,9,13,14,16,17
2017-10-26,12:00,5072,2,1,2,3,4,5,6,13,14,15,19
2017-10-26,13:00,5073,1,1,2,3,8,10,11,15,18,19,20
2017-10-26,14:00,5074,5,1,2,5,9,10,11,13,15,17,19
2017-10-26,15:00,5075,5,2,4,5,7,10,12,13,15,17,18
2017-10-26,16:00,5076,10,1,2,3,8,10,11,12,13,15,20
2017-10-26,17:00,5077,14,1,2,3,8,10,12,16,18,19,20
2017-10-26,18:00,5078,19,2,5,7,8,9,13,15,16,18,19
2017-10-26,19:00,5079,13,1,2,5,6,9,11,12,15,16,20
2017-10-26,20:00,5080,15,2,3,4,6,7,9,11,12,13,15
2017-10-26,21:00,5081,18,2,3,4,5,7,10,13,15,17,20
2017-10-26,22:00,5082,16,1,2,4,7,9,10,11,16,17,18
2017-10-26,23:00,5083,8,1,3,7,8,9,11,12,17,18,20
2017-10-27,07:00,5084,12,4,9,10,12,13,14,15,17,19,20
2017-10-27,08:00,5085,6,1,2,4,5,6,9,11,15,16,18
2017-10-27,09:00,5086,5,3,4,6,11,12,13,14,15,17,20
2017-10-27,10:00,5087,18,1,2,5,6,7,9,10,11,16,19
2017-10-27,11:00,5088,17,3,4,5,9,11,15,16,17,18,20
2017-10-27,12:00,5089,1,1,2,4,6,7,8,10,12,18,19
2017-10-27,13:00,5090,7,1,3,7,10,11,12,15,18,19,20
2017-10-27,14:00,5091,9,2,3,7,9,13,14,17,18,19,20
2017-10-27,15:00,5092,7,3,8,12,13,14,15,16,17,18,19
2017-10-27,16:00,5093,19,8,9,10,11,12,13,15,16,17,20
2017-10-27,17:00,5094,3,3,5,6,7,8,11,13,15,16,18
2017-10-27,18:00,5095,6,2,3,8,11,14,15,17,18,19,20
2017-10-27,19:00,5096,4,3,4,5,6,8,14,15,16,18,20
2017-10-27,20:00,5097,16,2,3,4,5,7,8,11,12,13,18
2017-10-27,21:00,5098,2,1,2,4,5,6,9,11,12,17,18
2017-10-27,22:00,5099,10,1,4,6,8,10,12,14,15,16,20
2017-10-27,23:00,5100,20,1,3,7,10,11,12,14,15,17,18
2017-10-28,07:00,5101,5,2,3,5,6,7,9,11,12,13,18
2017-10-28,08:00,5102,19,1,4,6,7,10,12,13,14,17,20
2017-10-28,09:00,5103,8,2,3,7,8,12,13,16,17,18,20
2017-10-28,10:00,5104,5,1,3,6,13,14,15,16,17,18,20
2017-10-28,11:00,5105,15,1,2,7,9,10,11,12,14,15,19
2017-10-28,12:00,5106,4,1,6,7,8,9,12,17,18,19,20
2017-10-28,13:00,5107,9,1,4,7,8,10,12,16,17,18,19
2017-10-28,14:00,5108,17,1,6,7,8,12,13,14,15,17,19
2017-10-28,15:00,5109,5,2,3,7,9,12,13,14,16,18,19
2017-10-28,16:00,5110,9,1,2,4,9,10,11,17,18,19,20
2017-10-28,17:00,5111,13,2,3,4,5,6,7,12,16,19,20
2017-10-28,18:00,5112,11,1,3,5,8,10,11,12,16,19,20
2017-10-28,19:00,5113,4,1,5,6,7,9,12,13,17,18,19
2017-10-28,20:00,5114,8,1,5,10,11,13,15,17,18,19,20
2017-10-28,21:00,5115,5,2,3,4,5,8,11,14,17,19,20
2017-10-28,22:00,5116,3,1,2,3,4,7,10,11,13,14,15
2017-10-28,23:00,5117,7,2,3,4,5,6,8,14,17,18,19
2017-10-29,07:00,5118,12,3,4,6,8,10,11,13,15,16,20
2017-10-29,08:00,5119,6,2,4,7,9,12,13,14,15,19,20
2017-10-29,09:00,5120,15,6,7,8,9,11,12,14,16,18,20
2017-10-29,10:00,5121,3,5,6,7,8,9,11,12,14,18,19
2017-10-29,11:00,5122,13,1,2,3,6,8,11,14,15,17,19
2017-10-29,12:00,5123,17,1,2,3,4,5,6,11,17,18,20
2017-10-29,13:00,5124,14,1,2,5,7,8,9,12,13,16,19
2017-10-29,14:00,5125,10,1,2,4,5,7,8,9,10,13,19
2017-10-29,15:00,5126,17,1,2,4,7,8,10,12,17,18,20
2017-10-29,16:00,5127,18,3,5,6,8,9,10,11,17,18,20
2017-10-29,17:00,5128,14,1,8,11,12,13,14,15,16,19,20
2017-10-29,18:00,5129,10,1,5,6,7,9,12,13,14,17,20
2017-10-29,19:00,5130,6,1,2,4,8,10,11,12,14,18,19
2017-10-29,20:00,5131,16,1,2,3,4,8,9,11,13,14,15
2017-10-29,21:00,5132,3,1,2,3,6,10,12,13,16,17,19
2017-10-29,22:00,5133,3,2,5,6,7,8,10,14,16,19,20
2017-10-29,23:00,5134,6,1,3,4,5,7,9,12,14,19,20
2017-10-30,07:00,5135,12,2,4,5,7,8,12,14,15,18,20
2017-10-30,08:00,5136,11,1,3,5,7,9,10,11,13,15,20
2017-10-30,09:00,5137,7,2,5,7,8,10,12,13,17,18,20
2017-10-30,10:00,5138,1,1,4,8,11,13,14,15,17,18,19
2017-10-30,11:00,5139,2,2,5,7,8,9,11,14,15,17,20
2017-10-30,12:00,5140,14,2,3,4,5,6,9,10,12,15,20
2017-10-30,13:00,5141,18,2,4,5,9,11,13,16,18,19,20
2017-10-30,14:00,5142,5,2,4,5,8,10,12,15,17,18,20
2017-10-30,15:00,5143,10,1,2,3,7,8,13,14,15,18,19
2017-10-30,16:00,5144,5,1,2,3,5,7,10,12,13,14,20
2017-10-30,17:00,5145,6,1,3,8,9,12,13,14,17,18,19
2017-10-30,18:00,5146,16,1,2,3,8,10,11,15,16,17,18
2017-10-30,19:00,5147,4,2,3,5,6,12,13,14,15,17,20
2017-10-30,20:00,5148,16,2,3,4,6,11,13,15,16,19,20
2017-10-30,21:00,5149,16,2,3,4,6,7,9,13,15,16,19
2017-10-30,22:00,5150,17,1,4,5,7,12,15,16,17,19,20
2017-10-30,23:00,5151,15,1,3,4,5,8,10,16,17,18,20
2017-10-31,07:00,5152,16,1,3,4,7,8,9,10,12,14,19
2017-10-31,08:00,5153,8,3,4,5,7,9,11,12,13,19,20
2017-10-31,09:00,5154,10,2,3,6,9,11,13,15,16,17,20
2017-10-31,10:00,5155,9,1,3,5,6,8,9,13,14,17,20
2017-10-31,11:00,5156,5,2,4,5,7,8,10,11,12,14,19
2017-10-31,12:00,5157,11,3,8,9,10,11,12,13,17,19,20
2017-10-31,13:00,5158,6,2,5,6,7,10,11,13,16,17,19
2017-10-31,14:00,5159,17,1,2,5,6,9,10,13,17,18,19
2017-10-31,15:00,5160,13,1,3,7,9,11,12,13,15,16,17
2017-10-31,16:00,5161,14,1,2,4,6,9,13,15,17,18,20
2017-10-31,17:00,5162,5,1,2,3,4,5,8,11,14,15,18
2017-10-31,18:00,5163,17,1,5,7,8,9,11,15,16,18,20
2017-10-31,19:00,5164,19,4,7,8,10,11,16,17,18,19,20
2017-10-31,20:00,5165,3,5,7,8,10,12,13,14,16,19,20
2017-10-31,21:00,5166,11,1,2,3,5,9,10,11,13,14,19
2017-10-31,22:00,5167,12,1,2,3,7,8,9,14,16,17,20
2017-10-31,23:00,5168,9,2,4,6,7,8,9,10,11,12,18
2017-11-01,07:00,5169,4,1,3,5,9,10,11,12,14,16,18
2017-11-01,08:00,5170,17,1,5,7,11,12,14,16,17,18,19
2017-11-01,09:00,5171,16,1,4,5,7,8,10,12,13,15,20
2017-11-01,10:00,5172,19,1,3,5,7,8,9,13,14,15,19
2017-11-01,11:00,5173,15,1,2,4,5,7,8,11,14,16,19
2017-11-01,12:00,5174,8,2,5,6,7,8,10,12,16,17,18
2017-11-01,13:00,5175,8,1,4,5,6,10,12,13,17,19,20
2017-11-01,14:00,5176,20,3,4,5,10,11,12,13,14,16,19
2017-11-01,15:00,5177,14,1,2,3,10,11,12,14,15,18,20
2017-11-01,16:00,5178,3,2,4,5,6,7,9,10,12,16,20
2017-11-01,17:00,5179,18,1,5,6,11,14,15,16,17,18,19
2017-11-01,18:00,5180,1,2,3,7,9,10,12,13,14,17,20
2017-11-01,19:00,5181,13,2,4,6,7,8,10,12,14,19,20
2017-11-01,20:00,5182,5,6,8,9,10,13,14,15,17,18,19
2017-11-01,21:00,5183,10,1,2,4,9,10,11,15,17,18,19
2017-11-01,22:00,5184,20,1,2,5,10,12,13,15,17,19,20
2017-11-01,23:00,5185,13,1,7,8,9,10,11,13,14,18,19
2017-11-02,07:00,5186,13,2,3,4,8,10,11,14,15,19,20
2017-11-02,08:00,5187,7,1,3,4,6,7,8,10,11,18,19
2017-11-02,09:00,5188,11,5,6,7,9,11,13,15,17,18,19
2017-11-02,10:00,5189,6,4,5,6,8,10,11,15,16,17,19
2017-11-02,11:00,5190,5,3,4,5,6,7,8,9,11,14,15
2017-11-02,12:00,5191,12,3,4,8,9,13,14,15,16,17,18
2017-11-02,13:00,5192,6,2,5,6,7,8,10,13,18,19,20
2017-11-02,14:00,5193,2,1,2,3,6,8,10,12,13,17,18
2017-11-02,15:00,5194,1,1,6,7,10,11,13,14,16,17,18
2017-11-02,16:00,5195,2,2,4,5,7,9,14,16,17,18,20
2017-11-02,17:00,5196,6,1,4,7,8,9,10,11,12,13,18
2017-11-02,18:00,5197,20,1,3,4,9,10,13,15,18,19,20
2017-11-02,19:00,5198,2,1,2,7,8,9,11,12,13,15,18
2017-11-02,20:00,5199,15,1,2,4,5,8,9,11,12,13,15
2017-11-02,21:00,5200,3,1,2,3,5,6,7,8,9,11,20
2017-11-02,22:00,5201,1,3,5,8,9,11,13,14,15,16,19
2017-11-02,23:00,5202,20,8,9,10,11,12,15,16,17,18,20
2017-11-03,07:00,5203,10,1,7,8,9,11,12,14,15,16,19
2017-11-03,08:00,5204,4,2,3,4,6,7,8,10,12,18,19
2017-11-03,09:00,5205,8,1,6,8,9,11,15,16,17,18,20
2017-11-03,10:00,5206,15,2,8,9,11,12,13,15,16,18,19
2017-11-03,11:00,5207,10,1,2,3,5,8,14,15,16,19,20
2017-11-03,12:00,5208,19,2,3,4,5,6,8,10,11,13,16
2017-11-03,13:00,5209,20,1,2,3,4,5,7,8,11,19,20
2017-11-03,14:00,5210,6,1,2,7,9,12,13,14,15,16,17
2017-11-03,15:00,5211,11,2,3,4,6,8,9,11,12,19,20
2017-11-03,16:00,5212,5,1,2,5,6,7,9,10,15,18,19
2017-11-03,17:00,5213,3,4,5,6,7,9,10,13,16,17,20
2017-11-03,18:00,5214,11,3,7,8,10,11,14,15,17,19,20
2017-11-03,19:00,5215,9,4,6,11,12,13,14,15,16,19,20
2017-11-03,20:00,5216,19,2,4,6,8,10,13,16,17,18,19
2017-11-03,21:00,5217,9,2,6,7,9,13,14,16,17,18,19
2017-11-03,22:00,5218,8,1,2,3,4,6,10,11,15,17,20
2017-11-03,23:00,5219,17,2,5,6,8,9,11,13,14,16,18
2017-11-04,07:00,5220,18,3,6,8,10,11,12,13,14,16,19
2017-11-04,08:00,5221,12,2,3,4,5,7,9,11,13,14,18
2017-11-04,09:00,5222,11,2,3,5,6,8,10,13,16,18,20
2017-11-04,10:00,5223,8,1,4,6,10,11,12,13,15,16,20
2017-11-04,11:00,5224,13,1,3,4,6,7,11,12,13,15,19
2017-11-04,12:00,5225,4,3,7,10,11,14,15,16,17,18,20
2017-11-04,13:00,5226,9,3,7,8,9,10,15,16,17,18,19
2017-11-04,14:00,5227,18,1,2,5,6,7,11,12,17,18,19
2017-11-04,15:00,5228,18,5,7,8,9,10,14,15,16,18,20
2017-11-04,16:00,5229,1,2,3,5,7,8,11,14,15,16,19
2017-11-04,17:00,5230,13,2,3,6,8,11,12,13,15,16,18
2017-11-04,18:00,5231,7,2,3,6,10,11,13,14,16,19,20
2017-11-04,19:00,5232,19,1,2,5,6,8,10,12,14,19,20
2017-11-04,20:00,5233,17,1,2,3,6,7,10,14,16,18,20
2017-11-04,21:00,5234,13,2,3,4,5,6,10,13,15,17,20
2017-11-04,22:00,5235,16,1,3,4,8,11,12,13,14,19,20
2017-11-04,23:00,5236,8,2,3,7,8,11,13,14,15,16,18
2017-11-05,07:00,5237,2,3,5,9,10,11,13,14,15,18,19
2017-11-05,08:00,5238,1,1,3,5,6,8,10,11,16,18,20
2017-11-05,09:00,5239,14,1,2,3,5,6,10,12,16,18,19
2017-11-05,10:00,5240,17,3,5,6,7,8,13,14,17,18,19
2017-11-05,11:00,5241,13,2,4,7,10,11,13,15,17,18,20
2017-11-05,12:00,5242,19,1,2,4,5,6,7,10,13,19,20
2017-11-05,13:00,5243,11,1,2,5,11,13,14,15,16,18,20
2017-11-05,14:00,5244,1,3,5,7,8,10,11,12,13,16,17
2017-11-05,15:00,5245,13,2,4,6,7,10,14,15,17,19,20
2017-11-05,16:00,5246,2,5,6,8,9,14,15,16,18,19,20
2017-11-05,17:00,5247,17,1,2,4,5,11,12,16,18,19,20
2017-11-05,18:00,5248,9,1,3,4,5,8,9,13,15,18,20
2017-11-05,19:00,5249,1,3,4,5,6,9,11,12,13,17,20
2017-11-05,20:00,5250,16,2,3,5,8,9,13,14,15,17,20
2017-11-05,21:00,5251,5,1,2,4,6,7,8,9,13,17,20
2017-11-05,22:00,5252,5,1,2,3,5,7,10,13,15,18,20
2017-11-05,23:00,5253,9,1,2,4,9,10,11,13,18,19,20
2017-11-06,07:00,5254,1,3,5,6,9,11,12,13,14,16,19
2017-11-06,08:00,5255,17,2,5,10,12,13,14,15,16,17,19
2017-11-06,09:00,5256,7,1,3,4,7,8,12,14,16,19,20
2017-11-06,10:00,5257,8,2,6,7,9,12,13,14,15,19,20
2017-11-06,11:00,5258,11,1,2,5,6,7,8,11,12,14,16
2017-11-06,12:00,5259,13,2,3,6,10,11,12,14,17,18,19
2017-11-06,13:00,5260,17,1,4,7,8,12,13,14,15,18,19
2017-11-06,14:00,5261,7,2,4,5,6,8,9,10,14,17,18
2017-11-06,15:00,5262,3,7,8,10,11,12,15,16,18,19,20
2017-11-06,16:00,5263,14,4,5,7,10,12,13,14,16,19,20
2017-11-06,17:00,5264,15,1,3,5,8,9,10,12,15,17,19
2017-11-06,18:00,5265,8,2,5,6,7,8,12,13,15,18,20
2017-11-06,19:00,5266,8,4,5,8,9,10,11,12,13,17,19
2017-11-06,20:00,5267,17,4,5,7,9,10,12,14,15,16,17
2017-11-06,21:00,5268,3,1,2,3,5,6,10,13,14,16,19
2017-11-06,22:00,5269,3,1,2,3,5,8,9,13,15,18,19
2017-11-06,23:00,5270,20,2,3,6,7,9,12,13,17,18,19
2017-11-07,07:00,5271,11,4,6,7,8,11,12,13,15,18,19
2017-11-07,08:00,5272,15,2,3,4,6,8,9,11,13,16,18
2017-11-07,09:00,5273,19,1,3,5,6,8,9,10,11,12,14
2017-11-07,10:00,5274,18,1,2,3,5,6,7,12,13,15,19
2017-11-07,11:00,5275,18,2,4,6,7,8,9,10,11,12,20
2017-11-07,12:00,5276,3,1,4,6,7,10,11,12,13,15,16
2017-11-07,13:00,5277,19,1,3,6,7,8,9,16,17,18,20
2017-11-07,14:00,5278,10,1,2,5,6,11,12,14,17,19,20
2017-11-07,15:00,5279,16,1,2,3,6,7,9,12,13,14,20
2017-11-07,16:00,5280,2,1,2,3,6,7,9,13,15,16,18
2017-11-07,17:00,5281,13,1,3,4,5,6,9,11,15,16,19
2017-11-07,18:00,5282,9,4,7,8,9,10,11,13,18,19,20
2017-11-07,19:00,5283,15,4,5,7,8,9,12,13,17,18,20
2017-11-07,20:00,5284,8,2,3,5,9,12,14,16,17,18,19
2017-11-07,21:00,5285,14,2,5,7,8,11,14,15,17,18,20
2017-11-07,22:00,5286,19,4,7,9,10,12,13,14,15,17,20
2017-11-07,23:00,5287,20,2,3,9,10,11,13,14,17,18,20
2017-11-08,07:00,5288,9,1,3,4,6,7,11,13,15,19,20
2017-11-08,08:00,5289,11,3,9,10,11,13,14,16,17,18,19
2017-11-08,09:00,5290,13,3,6,7,9,11,14,15,17,18,20
2017-11-08,10:00,5291,16,1,2,3,4,6,8,11,12,14,20
2017-11-08,11:00,5292,16,1,2,4,7,9,12,13,14,17,18
2017-11-08,12:00,5293,13,2,3,5,6,8,15,17,18,19,20
2017-11-08,13:00,5294,9,2,7,8,10,11,13,14,16,17,18
2017-11-08,14:00,5295,4,1,2,3,5,6,8,12,13,15,18
2017-11-08,15:00,5296,1,3,7,8,9,11,14,15,16,18,19
2017-11-08,16:00,5297,6,1,4,5,8,10,13,14,16,17,18
2017-11-08,17:00,5298,6,1,2,4,5,9,10,12,17,18,20
2017-11-08,18:00,5299,10,1,3,4,7,8,11,12,14,16,20
2017-11-08,19:00,5300,12,2,8,10,11,12,13,14,16,17,20
2017-11-08,20:00,5301,14,2,3,6,7,10,12,13,14,15,16
2017-11-08,21:00,5302,13,1,2,6,8,13,14,15,16,17,19
2017-11-08,22:00,5303,8,3,5,6,7,9,10,11,15,16,19
2017-11-08,23:00,5304,15,2,3,4,6,10,13,15,16,18,19
2017-11-09,07:00,5305,6,1,2,5,6,9,11,12,16,17,18
2017-11-09,08:00,5306,11,2,3,6,8,12,13,14,15,16,18
2017-11-09,09:00,5307,7,2,4,8,12,14,15,16,17,18,19
2017-11-09,10:00,5308,17,1,2,3,5,6,10,14,15,16,20
2017-11-09,11:00,5309,4,5,8,9,12,13,14,17,18,19,20
2017-11-09,12:00,5310,7,3,7,9,11,12,13,14,15,18,19
2017-11-09,13:00,5311,6,4,6,7,8,9,10,15,16,17,20
2017-11-09,14:00,5312,2,7,8,10,11,12,13,16,17,19,20
2017-11-09,15:00,5313,12,1,4,6,9,10,15,17,18,19,20
2017-11-09,16:00,5314,10,1,2,4,7,10,12,16,17,19,20
2017-11-09,17:00,5315,1,2,4,6,7,9,10,11,13,17,18
2017-11-09,18:00,5316,14,1,6,7,8,10,12,13,15,16,18
2017-11-09,19:00,5317,3,1,4,6,7,9,10,11,12,13,15
2017-11-09,20:00,5318,15,2,5,6,8,10,11,12,15,18,19
2017-11-09,21:00,5319,9,1,4,5,8,10,14,15,16,18,20
2017-11-09,22:00,5320,16,4,6,7,8,11,12,13,14,16,20
2017-11-09,23:00,5321,16,1,2,10,12,13,14,16,17,18,20
2017-11-10,07:00,5322,11,1,2,6,7,9,12,14,17,19,20
2017-11-10,08:00,5323,17,1,4,6,9,10,15,16,17,19,20
2017-11-10,09:00,5324,10,2,4,5,7,10,11,14,16,17,18
2017-11-10,10:00,5325,13,4,9,10,13,14,15,16,18,19,20
2017-11-10,11:00,5326,4,1,2,4,7,9,10,11,12,15,17
2017-11-10,12:00,5327,20,3,4,6,8,9,10,12,18,19,20
2017-11-10,13:00,5328,5,2,7,10,11,12,15,16,17,19,20
2017-11-10,14:00,5329,19,3,6,9,10,12,13,14,16,17,20
2017-11-10,15:00,5330,16,1,3,4,5,7,9,13,18,19,20
2017-11-10,16:00,5331,13,3,5,7,8,9,12,13,15,16,20
2017-11-10,17:00,5332,10,3,5,6,10,11,12,14,16,19,20
2017-11-10,18:00,5333,6,1,4,5,6,7,10,14,15,18,19
2017-11-10,19:00,5334,13,1,2,5,7,8,11,12,14,17,19
2017-11-10,20:00,5335,2,3,6,8,9,12,13,15,16,18,19
2017-11-10,21:00,5336,2,1,4,5,6,9,11,13,14,17,20
2017-11-10,22:00,5337,4,1,2,3,4,10,12,13,15,19,20
2017-11-10,23:00,5338,16,4,5,6,7,12,13,14,15,16,19
2017-11-11,07:00,5339,8,1,5,7,9,10,11,12,14,17,18
2017-11-11,08:00,5340,5,2,4,5,7,10,15,16,17,18,20
2017-11-11,09:00,5341,20,1,2,5,10,11,12,13,14,16,17
2017-11-11,10:00,5342,16,3,4,5,8,9,12,16,17,18,19
2017-11-11,11:00,5343,12,3,5,6,10,12,13,15,17,18,20
2017-11-11,12:00,5344,20,1,4,5,7,10,12,13,15,16,20
2017-11-11,13:00,5345,10,1,4,5,7,8,9,13,14,15,20
2017-11-11,14:00,5346,13,2,3,6,8,10,11,12,17,18,19
2017-11-11,15:00,5347,20,3,4,6,10,11,13,14,15,17,20
2017-11-11,16:00,5348,20,1,5,7,10,11,13,15,17,18,20
2017-11-11,17:00,5349,15,1,2,4,6,8,10,13,14,15,19
2017-11-11,18:00,5350,2,3,5,8,9,13,14,15,16,17,18
2017-11-11,19:00,5351,4,4,6,8,9,11,12,15,16,18,19
2017-11-11,20:00,5352,20,1,3,7,8,10,11,13,17,19,20
2017-11-11,21:00,5353,4,2,3,7,8,10,12,15,16,17,19
2017-11-11,22:00,5354,14,1,3,6,8,9,12,14,16,18,20
2017-11-11,23:00,5355,2,2,3,8,9,11,13,15,16,19,20
2017-11-12,07:00,5356,14,1,2,3,5,7,8,9,10,13,18
2017-11-12,08:00,5357,10,1,2,5,7,9,12,13,15,18,19
2017-11-12,09:00,5358,11,1,2,9,11,12,13,16,17,18,19
2017-11-12,10:00,5359,12,3,4,5,7,8,9,10,11,12,18
2017-11-12,11:00,5360,3,2,3,5,6,11,13,15,17,18,20
2017-11-12,12:00,5361,15,1,3,7,9,10,11,15,16,17,20
2017-11-12,13:00,5362,8,1,4,7,8,9,10,12,16,18,20
2017-11-12,14:00,5363,7,1,3,7,8,9,10,12,15,19,20
2017-11-12,15:00,5364,14,1,4,6,7,8,11,15,16,17,18
2017-11-12,16:00,5365,2,5,6,10,11,13,15,17,18,19,20
2017-11-12,17:00,5366,5,2,4,8,9,10,11,13,15,16,20
2017-11-12,18:00,5367,6,2,6,8,13,14,15,16,17,18,19
2017-11-12,19:00,5368,19,2,3,4,6,9,11,16,17,18,19
2017-11-12,20:00,5369,2,1,2,6,7,8,9,10,11,12,17
2017-11-12,21:00,5370,13,3,4,6,10,11,12,13,17,19,20
2017-11-12,22:00,5371,20,2,3,4,8,9,11,15,17,18,20
2017-11-12,23:00,5372,10,3,5,7,8,9,10,13,15,18,19
2017-11-13,07:00,5373,19,2,3,4,5,7,12,14,16,18,19
2017-11-13,08:00,5374,1,3,5,6,7,9,13,15,17,18,20
2017-11-13,09:00,5375,11,1,5,6,8,9,11,13,14,15,19
2017-11-13,10:00,5376,4,7,8,9,10,11,12,13,14,17,18
2017-11-13,11:00,5377,6,1,5,7,10,13,15,17,18,19,20
2017-11-13,12:00,5378,10,1,2,5,10,11,14,16,17,18,19
2017-11-13,13:00,5379,4,2,6,7,9,10,12,14,16,18,19
2017-11-13,14:00,5380,16,3,8,10,11,13,14,16,17,18,19
2017-11-13,15:00,5381,11,3,4,7,8,12,13,14,15,17,18
2017-11-13,16:00,5382,20,2,3,4,6,9,10,13,15,16,20
2017-11-13,17:00,5383,20,1,2,4,5,8,10,11,13,19,20
2017-11-13,18:00,5384,17,1,3,5,8,12,13,15,16,17,19
2017-11-13,19:00,5385,15,2,6,8,9,10,12,14,15,17,19
2017-11-13,20:00,5386,9,2,3,6,8,11,16,17,18,19,20
2017-11-13,21:00,5387,4,6,9,11,12,13,14,15,16,17,19
2017-11-13,22:00,5388,19,2,3,7,10,12,13,16,17,18,19
2017-11-13,23:00,5389,9,3,4,7,8,9,11,12,14,16,20
2017-11-14,07:00,5390,7,2,4,6,8,10,11,12,15,16,20
2017-11-14,08:00,5391,6,1,5,6,7,9,12,15,16,19,20
2017-11-14,09:00,5392,7,5,6,12,13,14,15,17,18,19,20
2017-11-14,10:00,5393,19,1,3,4,5,6,9,12,16,17,19
2017-11-14,11:00,5394,19,2,4,6,10,11,12,13,16,17,18
2017-11-14,12:00,5395,19,2,3,5,6,7,8,10,12,18,19
2017-11-14,13:00,5396,17,1,2,4,11,12,14,15,16,17,20
2017-11-14,14:00,5397,18,3,4,6,8,9,10,11,12,13,20
2017-11-14,15:00,5398,4,2,3,4,6,7,9,10,13,14,19
2017-11-14,16:00,5399,11,1,3,7,12,13,14,17,18,19,20
2017-11-14,17:00,5400,3,2,3,5,6,7,11,17,18,19,20
2017-11-14,18:00,5401,14,1,2,3,5,6,8,10,11,16,19
2017-11-14,19:00,5402,19,1,2,5,7,8,9,15,16,17,20
2017-11-14,20:00,5403,14,1,3,6,11,13,14,16,18,19,20
2017-11-14,21:00,5404,19,2,3,4,7,9,10,16,17,18,20
2017-11-14,22:00,5405,16,1,3,4,6,7,10,11,15,16,17
2017-11-14,23:00,5406,10,1,4,5,7,9,11,12,17,18,19
2017-11-15,07:00,5407,7,3,4,5,6,7,9,11,14,15,19
2017-11-15,08:00,5408,13,2,5,7,9,11,13,14,15,18,20
2017-11-15,09:00,5409,2,1,2,7,8,10,12,16,18,19,20
2017-11-15,10:00,5410,5,1,5,8,11,13,15,16,17,18,20
2017-11-15,11:00,5411,18,1,5,6,7,8,10,11,12,15,19
2017-11-15,12:00,5412,17,2,3,5,7,11,16,17,18,19,20
2017-11-15,13:00,5413,10,2,5,8,12,13,14,15,17,18,20
2017-11-15,14:00,5414,15,1,2,3,4,7,8,9,11,16,17
2017-11-15,15:00,5415,14,3,4,5,6,7,11,12,14,15,18
2017-11-15,16:00,5416,4,4,5,7,10,11,14,15,16,17,18
2017-11-15,17:00,5417,10,1,4,6,7,8,10,11,12,13,20
2017-11-15,18:00,5418,16,5,6,7,11,12,14,15,17,18,19
2017-11-15,19:00,5419,19,3,4,5,7,10,11,13,14,17,19
2017-11-15,20:00,5420,16,6,9,10,12,13,15,16,18,19,20
2017-11-15,21:00,5421,8,1,2,5,6,9,10,12,16,18,19
2017-11-15,22:00,5422,5,2,3,5,7,9,13,14,15,16,18
2017-11-15,23:00,5423,20,1,2,3,5,6,7,10,15,16,18
2017-11-16,07:00,5424,16,2,3,4,5,6,11,13,15,17,18
2017-11-16,08:00,5425,1,3,4,8,9,12,15,16,18,19,20
2017-11-16,09:00,5426,15,1,3,4,11,13,14,15,16,18,20
2017-11-16,10:00,5427,16,3,4,5,7,8,10,11,14,19,20
2017-11-16,11:00,5428,2,1,4,8,9,10,11,13,17,18,19
2017-11-16,12:00,5429,19,1,7,10,11,12,13,15,17,18,20
2017-11-16,13:00,5430,7,1,3,6,8,10,11,13,15,16,20
2017-11-16,14:00,5431,19,5,7,9,10,11,15,16,17,18,19
2017-11-16,15:00,5432,6,1,2,4,6,11,16,17,18,19,20
2017-11-16,16:00,5433,5,1,2,5,6,8,11,13,14,16,17
2017-11-16,17:00,5434,19,2,3,6,8,9,13,15,17,18,20
2017-11-16,18:00,5435,15,3,5,10,11,13,14,16,17,18,19
2017-11-16,19:00,5436,16,1,6,7,10,11,13,14,16,17,18
2017-11-16,20:00,5437,16,1,2,3,4,7,8,10,12,13,19
2017-11-16,21:00,5438,7,2,3,4,5,8,11,12,14,16,19
2017-11-16,22:00,5439,18,2,3,4,9,11,13,14,17,19,20
2017-11-16,23:00,5440,10,3,4,7,8,12,13,14,17,18,20
2017-11-17,07:00,5441,13,5,8,9,10,12,13,14,15,16,19
2017-11-17,08:00,5442,13,2,4,5,7,9,10,12,14,15,18
2017-11-17,09:00,5443,1,2,7,8,12,13,14,15,16,17,19
2017-11-17,10:00,5444,3,2,3,4,5,7,9,10,11,14,20
2017-11-17,11:00,5445,2,2,3,4,5,8,13,14,16,17,20
2017-11-17,12:00,5446,12,1,2,9,12,13,14,15,16,18,20
2017-11-17,13:00,5447,8,1,2,8,9,10,12,14,15,18,19
2017-11-17,14:00,5448,19,1,2,3,4,5,6,11,14,16,17
2017-11-17,15:00,5449,6,1,3,7,8,10,11,14,16,17,20
2017-11-17,16:00,5450,11,3,5,6,11,12,13,16,17,18,20
2017-11-17,17:00,5451,17,6,8,10,13,14,15,16,18,19,20
2017-11-17,18:00,5452,7,1,2,4,6,8,9,10,11,16,19
2017-11-17,19:00,5453,10,2,10,11,12,14,15,16,17,19,20
2017-11-17,20:00,5454,18,1,2,3,4,5,6,11,16,17,18
2017-11-17,21:00,5455,5,2,5,7,8,14,16,17,18,19,20
2017-11-17,22:00,5456,4,2,4,6,7,10,11,14,16,17,19
2017-11-17,23:00,5457,9,1,5,6,8,9,13,14,16,19,20
2017-11-18,07:00,5458,20,1,2,4,6,8,9,10,15,17,20
2017-11-18,08:00,5459,15,1,3,6,7,9,11,14,17,18,19
2017-11-18,09:00,5460,3,3,5,7,9,10,11,12,13,15,17
2017-11-18,10:00,5461,13,1,2,8,9,10,12,13,15,18,19
2017-11-18,11:00,5462,13,1,3,7,8,9,11,12,14,15,20
2017-11-18,12:00,5463,16,4,6,8,9,11,14,17,18,19,20
2017-11-18,13:00,5464,3,2,9,10,11,12,13,14,15,16,17
2017-11-18,14:00,5465,16,4,5,7,8,9,11,12,13,19,20
2017-11-18,15:00,5466,5,1,5,11,12,14,16,17,18,19,20
2017-11-18,16:00,5467,10,1,2,3,5,6,8,11,15,16,20
2017-11-18,17:00,5468,12,1,2,5,9,10,15,16,17,18,20
2017-11-18,18:00,5469,5,3,4,5,6,7,13,14,15,17,20
2017-11-18,19:00,5470,12,3,6,10,12,15,16,17,18,19,20
2017-11-18,20:00,5471,14,3,5,6,7,8,9,10,14,15,16
2017-11-18,21:00,5472,5,1,2,3,5,9,11,13,17,18,19
2017-11-18,22:00,5473,3,3,4,6,11,12,13,14,15,16,20
2017-11-18,23:00,5474,8,1,3,5,8,9,12,17,18,19,20
2017-11-19,07:00,5475,2,1,2,5,8,9,13,16,17,19,20
2017-11-19,08:00,5476,4,6,7,9,10,12,13,15,16,18,20
2017-11-19,09:00,5477,18,1,3,4,7,8,9,10,12,14,17
2017-11-19,10:00,5478,11,3,5,9,10,11,16,17,18,19,20
2017-11-19,11:00,5479,17,2,4,8,11,12,14,16,17,18,20
2017-11-19,12:00,5480,6,4,5,8,11,13,14,15,16,17,20
2017-11-19,13:00,5481,5,3,4,6,11,12,13,14,15,16,18
2017-11-19,14:00,5482,16,2,5,8,11,12,13,15,16,18,20
2017-11-19,15:00,5483,10,2,3,6,8,10,11,16,17,18,20
2017-11-19,16:00,5484,7,2,4,5,11,12,13,14,15,16,17
2017-11-19,17:00,5485,8,2,4,6,7,9,10,12,13,16,17
2017-11-19,18:00,5486,13,3,4,5,10,11,12,13,17,18,20
2017-11-19,19:00,5487,19,2,4,7,8,10,14,17,18,19,20
2017-11-19,20:00,5488,13,2,6,9,10,11,13,15,16,17,19
2017-11-19,21:00,5489,4,4,5,6,10,11,15,16,18,19,20
2017-11-19,22:00,5490,9,2,5,8,9,10,13,15,18,19,20
2017-11-19,23:00,5491,8,1,2,3,6,7,8,11,17,18,19
2017-11-20,07:00,5492,8,1,2,3,5,8,10,11,15,17,20
2017-11-20,08:00,5493,13,2,5,7,8,10,11,12,15,19,20
2017-11-20,09:00,5494,16,1,4,11,12,15,16,17,18,19,20
2017-11-20,10:00,5495,5,2,4,6,7,8,9,10,11,12,14
2017-11-20,11:00,5496,9,1,2,4,5,7,10,11,12,14,18
2017-11-20,12:00,5497,13,5,6,10,11,12,13,14,16,19,20
2017-11-20,13:00,5498,19,2,3,4,6,10,13,14,17,18,20
2017-11-20,14:00,5499,14,2,4,5,6,7,9,11,13,19,20
2017-11-20,15:00,5500,19,1,2,4,5,9,10,15,16,18,19
2017-11-20,16:00,5501,7,1,2,5,8,10,12,13,14,18,20
2017-11-20,17:00,5502,9,4,6,9,10,14,15,17,18,19,20
2017-11-20,18:00,5503,16,4,6,7,10,11,13,14,15,16,20
2017-11-20,19:00,5504,17,3,4,5,6,11,12,15,16,18,19
2017-11-20,20:00,5505,6,3,5,6,7,9,10,12,16,17,19
2017-11-20,21:00,5506,1,2,3,4,5,7,9,12,13,16,18
2017-11-20,22:00,5507,10,1,2,3,4,8,9,11,12,15,19
2017-11-20,23:00,5508,5,1,4,6,8,9,10,11,13,19,20
2017-11-21,07:00,5509,8,1,2,5,6,12,13,15,16,19,20
2017-11-21,08:00,5510,2,3,4,6,7,8,10,13,17,18,20
2017-11-21,09:00,5511,14,3,4,5,6,7,12,14,17,18,20
2017-11-21,10:00,5512,19,4,5,7,9,11,14,15,16,18,19
2017-11-21,11:00,5513,15,1,2,3,5,6,10,12,13,14,19
2017-11-21,12:00,5514,18,1,2,3,6,8,14,16,18,19,20
2017-11-21,13:00,5515,1,2,8,9,10,13,14,15,16,19,20
2017-11-21,14:00,5516,6,1,3,10,12,13,14,15,16,18,19
2017-11-21,15:00,5517,18,1,2,3,9,10,13,16,18,19,20
2017-11-21,16:00,5518,6,3,4,7,8,9,10,11,13,15,20
2017-11-21,17:00,5519,20,1,2,3,4,9,11,15,16,19,20
2017-11-21,18:00,5520,4,1,2,5,9,10,15,17,18,19,20
2017-11-21,19:00,5521,14,1,2,9,10,11,12,15,16,18,20
2017-11-21,20:00,5522,10,1,4,5,6,8,9,11,12,13,17
2017-11-21,21:00,5523,13,2,5,6,7,10,12,13,16,17,20
2017-11-21,22:00,5524,4,1,6,7,9,10,11,12,13,18,19
2017-11-21,23:00,5525,1,3,4,5,7,9,11,17,18,19,20
2017-11-22,07:00,5526,1,1,4,6,9,12,13,14,16,17,19
2017-11-22,08:00,5527,19,1,3,4,5,7,8,13,14,18,20
2017-11-22,09:00,5528,2,1,5,7,9,10,13,16,17,18,20
2017-11-22,10:00,5529,9,2,3,4,5,7,11,15,17,19,20
2017-11-22,11:00,5530,15,1,4,7,8,10,11,13,14,15,18
2017-11-22,12:00,5531,15,1,3,4,5,6,9,10,11,12,13
2017-11-22,13:00,5532,11,1,4,6,7,9,10,14,15,16,19
2017-11-22,14:00,5533,1,2,4,5,6,8,9,11,13,16,18
2017-11-22,15:00,5534,5,1,2,3,6,12,14,15,17,18,20
2017-11-22,16:00,5535,16,3,4,5,6,9,11,13,15,16,19
2017-11-22,17:00,5536,1,1,3,5,9,11,12,14,15,16,18
2017-11-22,18:00,5537,13,1,2,4,6,7,8,10,11,13,18
2017-11-22,19:00,5538,7,4,6,7,11,13,14,16,17,18,19
2017-11-22,20:00,5539,13,1,4,7,12,14,15,16,18,19,20
2017-11-22,21:00,5540,12,3,5,7,9,10,12,13,14,16,20
2017-11-22,22:00,5541,19,2,3,10,11,12,13,15,16,19,20
2017-11-22,23:00,5542,15,2,6,7,8,9,12,13,15,16,17
2017-11-23,07:00,5543,2,3,6,7,10,11,12,13,14,17,20
2017-11-23,08:00,5544,9,1,4,7,9,10,11,13,14,16,17
2017-11-23,09:00,5545,11,2,4,5,9,11,12,15,18,19,20
2017-11-23,10:00,5546,6,3,6,8,9,10,11,14,15,17,18
2017-11-23,11:00,5547,5,6,7,8,9,10,12,16,17,18,20
2017-11-23,12:00,5548,6,1,2,3,4,5,9,10,15,16,18
2017-11-23,13:00,5549,3,1,3,5,8,9,10,14,15,16,20
2017-11-23,14:00,5550,11,1,2,3,5,9,10,12,16,19,20
2017-11-23,15:00,5551,4,1,2,6,11,13,14,15,16,18,19
2017-11-23,16:00,5552,3,5,7,10,12,13,14,17,18,19,20
2017-11-23,17:00,5553,6,1,2,3,4,7,8,9,14,15,18
2017-11-23,18:00,5554,11,6,7,8,11,12,14,16,17,18,20
2017-11-23,19:00,5555,17,1,3,4,6,7,8,10,13,15,16
2017-11-23,20:00,5556,13,3,8,9,12,13,14,16,17,18,20
2017-11-23,21:00,5557,4,2,5,9,10,11,15,16,17,19,20
2017-11-23,22:00,5558,16,2,4,6,7,10,11,12,14,15,19
2017-11-23,23:00,5559,14,1,4,5,9,12,13,14,15,16,18
2017-11-24,07:00,5560,10,3,6,7,9,10,12,14,15,17,19
2017-11-24,08:00,5561,20,1,5,8,9,10,11,13,17,18,20
2017-11-24,09:00,5562,14,1,2,3,4,5,6,8,10,15,18
2017-11-24,10:00,5563,1,1,2,4,7,8,9,13,17,18,19
2017-11-24,11:00,5564,2,2,3,7,8,9,13,15,17,18,19
2017-11-24,12:00,5565,12,1,2,5,8,9,10,13,16,17,19
2017-11-24,13:00,5566,1,1,4,5,8,10,12,13,16,19,20
2017-11-24,14:00,5567,3,2,3,4,5,13,14,15,16,18,20
2017-11-24,15:00,5568,5,4,5,8,9,10,14,15,16,18,20
2017-11-24,16:00,5569,3,1,2,5,6,7,10,12,15,17,19
2017-11-24,17:00,5570,17,1,2,4,8,13,14,15,16,18,20
2017-11-24,18:00,5571,15,2,5,6,7,8,10,12,13,18,19
2017-11-24,19:00,5572,17,3,6,8,10,11,12,15,16,17,19
2017-11-24,20:00,5573,5,1,3,4,6,10,11,13,15,17,18
2017-11-24,21:00,5574,3,1,3,5,7,9,10,11,13,14,17
2017-11-24,22:00,5575,14,1,2,9,10,12,13,16,17,18,19
2017-11-24,23:00,5576,13,2,3,6,7,9,12,15,16,18,20
2017-11-25,07:00,5577,15,1,6,7,8,13,14,16,17,18,19
2017-11-25,08:00,5578,2,1,3,7,8,9,12,14,16,19,20
2017-11-25,09:00,5579,1,2,3,4,5,6,7,9,12,17,19
2017-11-25,10:00,5580,6,1,3,4,9,12,15,16,17,19,20
2017-11-25,11:00,5581,5,2,3,7,8,11,12,15,16,17,18
2017-11-25,12:00,5582,8,1,3,6,11,13,14,15,16,17,18
2017-11-25,13:00,5583,19,1,3,4,5,7,9,11,15,17,19
2017-11-25,14:00,5584,8,1,3,5,7,9,11,12,14,16,17
2017-11-25,15:00,5585,7,3,6,7,8,10,11,12,15,16,19
2017-11-25,16:00,5586,8,2,3,4,8,14,15,16,18,19,20
2017-11-25,17:00,5587,6,1,5,7,8,10,11,13,16,17,18
2017-11-25,18:00,5588,10,1,3,4,6,7,9,13,14,19,20
2017-11-25,19:00,5589,14,1,3,4,6,13,14,15,17,18,19
2017-11-25,20:00,5590,10,2,4,5,6,8,10,12,16,18,19
2017-11-25,21:00,5591,15,2,5,6,7,10,11,16,17,18,19
2017-11-25,22:00,5592,20,5,6,7,10,12,14,15,16,18,19
2017-11-25,23:00,5593,18,1,2,8,9,11,12,13,18,19,20
2017-11-26,07:00,5594,10,4,5,6,8,9,12,13,16,17,18
2017-11-26,08:00,5595,17,2,5,6,7,9,10,13,14,16,18
2017-11-26,09:00,5596,8,1,2,3,4,9,10,12,13,14,18
2017-11-26,10:00,5597,3,1,4,5,9,11,13,15,16,17,19
2017-11-26,11:00,5598,12,1,2,5,9,11,12,14,15,17,20
2017-11-26,12:00,5599,6,1,2,6,8,11,12,14,16,17,19
2017-11-26,13:00,5600,8,1,2,5,6,9,10,13,14,15,18
2017-11-26,14:00,5601,7,2,3,4,5,7,8,11,12,14,19
2017-11-26,15:00,5602,14,1,2,6,7,10,11,12,17,19,20
2017-11-26,16:00,5603,20,1,3,4,6,7,8,14,16,17,19
2017-11-26,17:00,5604,2,2,6,7,8,13,14,15,16,17,19
2017-11-26,18:00,5605,17,1,2,3,6,7,10,11,12,15,20
2017-11-26,19:00,5606,18,1,3,4,6,7,9,13,14,15,19
2017-11-26,20:00,5607,3,3,4,5,11,12,13,14,17,19,20
2017-11-26,21:00,5608,8,1,2,7,8,9,10,11,12,16,20
2017-11-26,22:00,5609,16,2,5,6,9,10,13,15,16,18,19
2017-11-26,23:00,5610,16,1,2,4,5,6,7,8,12,14,19
2017-11-27,07:00,5611,7,3,6,8,9,10,13,15,16,18,20
2017-11-27,08:00,5612,10,1,2,3,5,11,14,17,18,19,20
2017-11-27,09:00,5613,19,3,6,7,8,9,12,13,17,18,20
2017-11-27,10:00,5614,13,1,2,3,5,7,8,12,14,16,20
2017-11-27,11:00,5615,5,3,6,10,12,13,14,15,16,17,20
2017-11-27,12:00,5616,6,3,9,10,13,14,15,17,18,19,20
2017-11-27,13:00,5617,15,6,9,10,11,14,16,17,18,19,20
2017-11-27,14:00,5618,9,4,5,8,9,11,13,15,16,17,18
2017-11-27,15:00,5619,13,3,4,5,10,11,13,15,18,19,20
2017-11-27,16:00,5620,13,1,2,3,6,7,12,15,17,18,20
2017-11-27,17:00,5621,3,4,6,7,8,10,12,13,15,16,19
2017-11-27,18:00,5622,18,3,4,7,10,11,13,15,16,18,19
2017-11-27,19:00,5623,19,1,6,7,8,12,13,15,16,19,20
2017-11-27,20:00,5624,13,1,2,5,7,11,13,15,16,18,19
2017-11-27,21:00,5625,5,1,2,4,8,10,11,16,18,19,20
2017-11-27,22:00,5626,11,1,2,3,4,5,6,7,9,10,11
2017-11-27,23:00,5627,17,4,6,7,9,12,14,15,17,18,20
2017-11-28,07:00,5628,19,1,4,6,8,9,10,13,16,17,20
2017-11-28,08:00,5629,6,2,6,7,10,13,14,15,18,19,20
2017-11-28,09:00,5630,7,3,4,6,8,9,11,12,16,18,19
2017-11-28,10:00,5631,12,4,5,7,8,9,10,11,14,17,18
2017-11-28,11:00,5632,6,4,5,6,7,10,11,12,13,16,18
2017-11-28,12:00,5633,10,2,3,5,8,9,10,11,14,16,19
2017-11-28,13:00,5634,1,1,5,7,8,9,11,14,17,18,20
2017-11-28,14:00,5635,9,4,5,6,7,9,11,12,14,17,19
2017-11-28,15:00,5636,2,1,6,7,9,11,13,14,16,18,19
2017-11-28,16:00,5637,6,1,2,3,4,5,6,9,11,14,16
2017-11-28,17:00,5638,17,1,4,6,9,10,11,14,15,17,20
2017-11-28,18:00,5639,14,1,3,4,5,6,9,11,13,18,20
2017-11-28,19:00,5640,6,4,6,7,8,11,12,13,16,18,20
2017-11-28,20:00,5641,19,4,5,9,10,12,13,16,17,18,19
2017-11-28,21:00,5642,12,2,3,4,8,10,13,14,15,16,20
2017-11-28,22:00,5643,8,2,3,5,6,7,12,14,15,17,19
2017-11-28,23:00,5644,19,2,3,6,9,12,15,16,17,18,19
2017-11-29,07:00,5645,14,1,2,3,4,8,11,15,18,19,20
2017-11-29,08:00,5646,16,1,5,7,8,11,12,13,17,18,20
2017-11-29,09:00,5647,6,1,2,4,5,6,7,14,15,18,20
2017-11-29,10:00,5648,5,1,2,4,6,7,10,11,12,14,16
2017-11-29,11:00,5649,18,5,6,7,8,10,11,12,15,18,20
2017-11-29,12:00,5650,15,2,4,6,7,8,9,10,13,15,17
2017-11-29,13:00,5651,15,1,2,5,6,8,9,11,13,16,19
2017-11-29,14:00,5652,2,2,6,8,9,14,16,17,18,19,20
2017-11-29,15:00,5653,14,1,2,8,9,11,12,15,17,18,19
2017-11-29,16:00,5654,10,5,6,7,9,10,12,13,16,17,20
2017-11-29,17:00,5655,11,1,4,6,10,11,12,13,15,16,17
2017-11-29,18:00,5656,4,2,3,6,7,9,10,12,16,17,18
2017-11-29,19:00,5657,19,1,8,10,12,13,15,16,17,19,20
2017-11-29,20:00,5658,6,1,3,5,7,8,9,13,15,16,18
2017-11-29,21:00,5659,16,1,2,4,5,6,8,11,12,14,20
2017-11-29,22:00,5660,16,1,2,6,7,9,10,11,12,13,18
2017-11-29,23:00,5661,8,1,3,5,6,8,12,14,15,17,20
2017-11-30,07:00,5662,4,1,2,6,8,9,12,13,15,19,20
2017-11-30,08:00,5663,13,1,2,3,7,8,10,15,16,17,20
2017-11-30,09:00,5664,11,2,3,8,9,10,11,12,13,17,18
2017-11-30,10:00,5665,7,4,5,6,7,8,12,14,15,16,19
2017-11-30,11:00,5666,16,1,3,4,6,13,14,15,16,17,19
2017-11-30,12:00,5667,10,2,4,8,10,11,12,14,16,19,20
2017-11-30,13:00,5668,12,1,2,4,6,8,10,13,15,18,19
2017-11-30,14:00,5669,18,1,2,4,5,6,7,14,17,18,19
2017-11-30,15:00,5670,20,1,2,4,6,7,11,13,14,16,19
2017-11-30,16:00,5671,14,1,2,4,7,8,11,12,14,18,20
2017-11-30,17:00,5672,14,1,3,4,7,8,9,11,13,14,17
2017-11-30,18:00,5673,12,1,3,4,5,6,9,11,14,17,18
2017-11-30,19:00,5674,7,1,3,4,5,7,8,9,15,16,19
2017-11-30,20:00,5675,12,2,3,4,7,8,12,13,15,16,18
2017-11-30,21:00,5676,1,1,2,3,5,6,8,11,13,17,19
2017-11-30,22:00,5677,11,1,2,8,10,12,14,17,18,19,20
2017-11-30,23:00,5678,17,2,4,5,8,12,13,15,17,18,19
2017-12-01,07:00,5679,13,1,2,3,5,7,8,10,14,16,20
2017-12-01,08:00,5680,15,1,3,4,6,10,11,13,15,17,19
2017-12-01,09:00,5681,12,1,2,9,10,14,16,17,18,19,20
2017-12-01,10:00,5682,16,2,7,9,10,12,15,16,18,19,20
2017-12-01,11:00,5683,20,2,5,6,8,9,10,11,13,16,19
2017-12-01,12:00,5684,1,2,4,9,11,13,16,17,18,19,20
2017-12-01,13:00,5685,1,1,2,4,5,7,8,12,13,14,17
2017-12-01,14:00,5686,1,1,2,3,5,11,14,16,18,19,20
2017-12-01,15:00,5687,9,2,3,4,5,6,8,12,17,18,20
2017-12-01,16:00,5688,17,1,5,8,9,10,11,13,14,16,17
2017-12-01,17:00,5689,11,2,5,7,9,10,11,12,16,17,20
2017-12-01,18:00,5690,10,2,4,6,7,8,9,11,15,18,20
2017-12-01,19:00,5691,7,1,3,4,8,9,13,15,17,18,19
2017-12-01,20:00,5692,17,3,4,6,7,8,9,12,13,17,20
2017-12-01,21:00,5693,19,2,4,5,7,9,10,13,17,18,20
2017-12-01,22:00,5694,15,2,3,4,5,9,10,12,15,16,20
2017-12-01,23:00,5695,10,1,4,6,7,9,10,11,13,14,19
2017-12-02,07:00,5696,11,2,7,8,9,11,13,14,15,16,18
2017-12-02,08:00,5697,9,1,3,5,6,8,9,12,13,14,17
2017-12-02,09:00,5698,11,1,3,4,5,9,12,14,15,16,18
2017-12-02,10:00,5699,8,1,3,4,6,8,12,14,15,17,19
2017-12-02,11:00,5700,1,1,5,6,7,9,11,13,14,18,19
2017-12-02,12:00,5701,11,1,4,5,7,8,9,10,11,15,16
2017-12-02,13:00,5702,16,2,4,6,7,8,9,10,11,14,18
2017-12-02,14:00,5703,3,2,5,8,9,12,13,15,16,17,18
2017-12-02,15:00,5704,10,1,2,4,7,9,10,15,16,17,18
2017-12-02,16:00,5705,12,1,3,8,10,11,12,13,15,17,20
2017-12-02,17:00,5706,14,2,4,5,6,7,10,11,15,18,20
2017-12-02,18:00,5707,1,2,3,5,6,10,12,14,16,19,20
2017-12-02,19:00,5708,9,1,2,5,9,12,14,15,16,17,19
2017-12-02,20:00,5709,5,5,9,10,11,12,13,15,16,17,20
2017-12-02,21:00,5710,12,1,3,4,7,8,12,14,15,17,20
2017-12-02,22:00,5711,12,3,4,9,11,12,14,15,17,19,20
2017-12-02,23:00,5712,2,4,5,8,10,11,15,17,18,19,20
2017-12-03,07:00,5713,12,4,5,8,9,10,12,13,15,18,19
2017-12-03,08:00,5714,3,1,2,5,6,7,9,10,12,13,17
2017-12-03,09:00,5715,13,1,2,3,5,7,12,13,14,18,19
2017-12-03,10:00,5716,15,1,3,5,7,10,11,16,17,18,19
2017-12-03,11:00,5717,9,2,4,6,7,9,10,12,16,17,19
2017-12-03,12:00,5718,7,3,4,5,7,8,9,13,18,19,20
2017-12-03,13:00,5719,5,6,7,8,9,10,11,13,15,16,18
2017-12-03,14:00,5720,4,1,2,4,5,6,7,12,13,17,18
2017-12-03,15:00,5721,17,2,3,4,6,9,11,16,17,18,19
2017-12-03,16:00,5722,19,2,4,5,8,9,10,11,12,17,20
2017-12-03,17:00,5723,11,2,5,9,10,11,14,17,18,19,20
2017-12-03,18:00,5724,11,1,2,5,8,9,10,11,14,15,20
2017-12-03,19:00,5725,19,2,3,4,6,8,10,12,15,19,20
2017-12-03,20:00,5726,19,1,2,6,7,10,11,12,13,15,19
2017-12-03,21:00,5727,13,3,4,9,10,13,14,15,16,17,18
2017-12-03,22:00,5728,11,1,2,5,6,7,11,13,14,15,18
2017-12-03,23:00,5729,19,1,2,3,5,8,14,15,16,17,20
2017-12-04,07:00,5730,16,2,3,5,8,9,12,14,16,19,20
2017-12-04,08:00,5731,20,6,8,9,10,11,12,15,16,17,19
2017-12-04,09:00,5732,14,2,4,5,7,11,12,13,15,16,20
2017-12-04,10:00,5733,1,1,3,4,5,8,10,12,13,14,19
2017-12-04,11:00,5734,13,1,2,3,6,8,12,13,15,18,19
2017-12-04,12:00,5735,20,1,2,3,6,10,14,15,16,19,20
2017-12-04,13:00,5736,16,1,2,6,7,9,11,14,16,17,18
2017-12-04,14:00,5737,6,1,2,3,6,7,12,15,17,19,20
2017-12-04,15:00,5738,4,1,2,6,8,11,12,14,15,18,20
2017-12-04,16:00,5739,10,1,3,5,7,10,11,12,16,17,19
2017-12-04,17:00,5740,8,4,5,8,9,10,14,15,17,18,20
2017-12-04,18:00,5741,8,3,6,7,8,9,10,12,15,16,20
2017-12-04,19:00,5742,2,3,8,9,11,14,15,16,17,18,19
2017-12-04,20:00,5743,11,1,3,5,7,9,12,13,15,19,20
2017-12-04,21:00,5744,13,4,5,8,9,10,14,15,18,19,20
2017-12-04,22:00,5745,8,3,4,5,7,8,9,10,13,14,15
2017-12-04,23:00,5746,13,3,5,8,9,11,14,16,18,19,20
2017-12-05,07:00,5747,7,1,3,5,7,8,9,15,16,17,19
2017-12-05,08:00,5748,19,1,2,4,5,9,11,12,14,16,18
2017-12-05,09:00,5749,2,2,4,5,7,8,10,11,12,15,16
2017-12-05,10:00,5750,15,1,3,6,11,12,13,14,16,19,20
2017-12-05,11:00,5751,3,2,5,7,8,10,15,16,17,18,19
2017-12-05,12:00,5752,4,6,7,9,10,11,12,13,14,16,20
2017-12-05,13:00,5753,5,1,6,7,8,10,11,13,14,17,18
2017-12-05,14:00,5754,5,4,6,10,11,13,15,16,17,18,19
2017-12-05,15:00,5755,11,2,3,4,5,6,7,9,13,17,18
2017-12-05,16:00,5756,10,3,5,6,7,8,9,13,16,17,18
2017-12-05,17:00,5757,15,2,4,8,9,10,11,12,15,17,20
2017-12-05,18:00,5758,18,4,5,8,11,12,13,15,16,19,20
2017-12-05,19:00,5759,18,1,4,9,10,11,15,17,18,19,20
2017-12-05,20:00,5760,1,3,4,5,6,8,10,12,13,15,19
2017-12-05,21:00,5761,13,2,4,8,9,10,11,12,17,18,19
2017-12-05,22:00,5762,8,2,3,7,9,10,11,15,16,17,19
2017-12-05,23:00,5763,18,1,3,5,7,11,13,15,17,18,19
2017-12-06,07:00,5764,7,1,4,5,6,9,10,11,12,18,19
2017-12-06,08:00,5765,16,1,4,5,6,7,8,9,12,13,16
2017-12-06,09:00,5766,7,1,2,8,9,10,12,13,14,15,19
2017-12-06,10:00,5767,19,1,3,4,5,6,9,11,13,14,15
2017-12-06,11:00,5768,15,1,9,10,11,13,14,15,16,17,19
2017-12-06,12:00,5769,17,1,4,5,6,8,12,13,14,17,19
2017-12-06,13:00,5770,7,1,6,7,8,10,11,12,13,17,18
2017-12-06,14:00,5771,9,2,4,5,7,8,9,14,15,17,20
2017-12-06,15:00,5772,10,3,5,6,7,9,12,13,15,17,18
2017-12-06,16:00,5773,11,2,4,10,13,15,16,17,18,19,20
2017-12-06,17:00,5774,14,1,2,5,7,12,13,15,16,17,18
2017-12-06,18:00,5775,17,1,3,5,6,9,11,13,15,16,19
2017-12-06,19:00,5776,17,3,5,6,7,10,11,12,13,15,20
2017-12-06,20:00,5777,2,2,5,6,12,13,14,15,16,17,18
2017-12-06,21:00,5778,12,3,4,6,10,11,12,13,16,19,20
2017-12-06,22:00,5779,2,1,2,4,5,6,11,13,14,15,20
2017-12-06,23:00,5780,1,2,3,4,6,7,8,12,16,18,19
2017-12-07,07:00,5781,8,2,3,9,11,13,14,15,16,19,20
2017-12-07,08:00,5782,12,4,5,6,8,10,11,12,13,19,20
2017-12-07,09:00,5783,18,1,2,3,5,6,8,14,16,19,20
2017-12-07,10:00,5784,10,3,6,9,10,11,12,13,17,18,19
2017-12-07,11:00,5785,11,1,2,4,6,8,10,12,16,18,19
2017-12-07,12:00,5786,6,2,6,7,8,9,12,14,16,17,20
2017-12-07,13:00,5787,17,1,2,4,8,9,10,14,15,16,17
2017-12-07,14:00,5788,15,1,6,7,8,9,11,12,16,17,18
2017-12-07,15:00,5789,12,2,3,4,12,13,14,17,18,19,20
2017-12-07,16:00,5790,5,1,2,4,5,8,9,11,12,14,17
2017-12-07,17:00,5791,13,2,3,4,5,6,7,8,10,13,19
2017-12-07,18:00,5792,12,2,4,7,8,11,14,15,16,17,19
2017-12-07,19:00,5793,2,1,3,5,6,7,8,10,13,14,20
2017-12-07,20:00,5794,11,5,8,10,11,13,14,16,17,19,20
2017-12-07,21:00,5795,12,1,3,5,6,11,14,16,17,19,20
2017-12-07,22:00,5796,1,1,2,4,5,9,10,11,15,18,19
2017-12-07,23:00,5797,13,3,4,5,6,9,10,13,14,15,16
2017-12-08,07:00,5798,15,3,4,5,6,7,12,15,16,18,20
2017-12-08,08:00,5799,15,1,2,3,5,6,8,14,16,19,20
2017-12-08,09:00,5800,20,1,2,6,9,11,12,15,16,17,19
2017-12-08,10:00,5801,17,3,5,8,10,12,13,14,17,18,19
2017-12-08,11:00,5802,16,1,3,4,6,8,9,10,12,13,20
2017-12-08,12:00,5803,3,1,3,8,10,11,12,13,18,19,20
2017-12-08,13:00,5804,16,2,4,5,6,9,13,16,17,18,19
2017-12-08,14:00,5805,12,3,6,7,9,12,14,15,18,19,20
2017-12-08,15:00,5806,19,2,3,5,8,9,11,14,16,17,18
2017-12-08,16:00,5807,2,2,5,6,9,11,12,13,16,17,20
2017-12-08,17:00,5808,19,1,2,3,5,6,7,12,14,17,20
2017-12-08,18:00,5809,19,2,4,7,8,9,11,13,14,19,20
2017-12-08,19:00,5810,7,2,6,9,10,11,12,16,17,19,20
2017-12-08,20:00,5811,13,1,3,4,6,8,9,12,16,17,20
2017-12-08,21:00,5812,8,1,2,3,4,5,6,9,13,17,20
2017-12-08,22:00,5813,4,3,4,5,6,9,11,13,14,17,20
2017-12-08,23:00,5814,16,1,2,3,6,10,12,15,16,17,18
2017-12-09,07:00,5815,7,2,3,4,7,8,12,15,16,17,19
2017-12-09,08:00,5816,12,2,6,9,13,14,15,16,17,19,20
2017-12-09,09:00,5817,15,3,4,6,9,11,14,17,18,19,20
2017-12-09,10:00,5818,5,1,3,4,6,7,9,12,13,17,20
2017-12-09,11:00,5819,3,1,4,5,9,11,12,15,16,17,20
2017-12-09,12:00,5820,18,1,3,5,6,7,10,11,14,19,20
2017-12-09,13:00,5821,14,2,4,5,6,7,9,10,12,13,14
2017-12-09,14:00,5822,4,5,7,8,9,11,14,15,16,17,18
2017-12-09,15:00,5823,19,2,3,4,6,8,11,12,15,16,18
2017-12-09,16:00,5824,15,2,3,4,5,6,10,11,14,19,20
2017-12-09,17:00,5825,3,1,2,3,10,13,14,15,17,19,20
2017-12-09,18:00,5826,18,1,2,3,7,10,12,15,16,19,20
2017-12-09,19:00,5827,13,1,3,5,6,9,15,16,18,19,20
2017-12-09,20:00,5828,8,2,3,4,5,6,7,11,15,16,17
2017-12-09,21:00,5829,18,3,4,6,7,10,13,14,16,18,19
2017-12-09,22:00,5830,8,4,5,6,7,8,10,11,12,18,20
2017-12-09,23:00,5831,16,3,5,7,9,10,12,13,14,16,17
2017-12-10,07:00,5832,15,1,4,5,7,9,10,11,13,17,18
2017-12-10,08:00,5833,14,6,8,9,10,11,12,13,16,19,20
2017-12-10,09:00,5834,10,2,4,7,8,10,15,16,18,19,20
2017-12-10,10:00,5835,7,1,3,5,6,8,15,17,18,19,20
2017-12-10,11:00,5836,14,3,4,5,6,10,11,12,14,18,20
2017-12-10,12:00,5837,11,3,4,6,9,10,11,13,14,17,18
2017-12-10,13:00,5838,2,1,4,5,6,7,9,11,12,14,17
2017-12-10,14:00,5839,8,1,2,5,6,8,11,14,16,18,19
2017-12-10,15:00,5840,9,1,3,6,7,8,11,12,13,15,17
2017-12-10,16:00,5841,9,1,2,5,6,8,9,11,15,16,19
2017-12-10,17:00,5842,3,2,5,7,10,11,12,13,14,18,19
2017-12-10,18:00,5843,3,3,4,5,6,7,11,12,15,16,18
2017-12-10,19:00,5844,14,1,3,7,8,9,10,15,16,17,18
2017-12-10,20:00,5845,8,2,5,6,7,10,12,14,16,18,19
2017-12-10,21:00,5846,14,1,3,4,6,7,9,10,11,18,19
2017-12-10,22:00,5847,20,6,7,8,9,10,12,13,14,19,20
2017-12-10,23:00,5848,18,2,3,6,7,11,12,15,16,17,18
2017-12-11,07:00,5849,4,1,2,8,10,12,14,15,16,19,20
2017-12-11,08:00,5850,17,2,3,4,5,7,9,14,16,17,19
2017-12-11,09:00,5851,13,2,6,7,10,11,12,13,14,15,18
2017-12-11,10:00,5852,5,3,5,7,10,11,12,13,14,17,19
2017-12-11,11:00,5853,17,1,2,3,5,6,7,12,17,18,19
2017-12-11,12:00,5854,8,1,2,3,4,5,7,8,9,13,19
2017-12-11,13:00,5855,20,1,2,7,10,11,12,13,15,17,18
2017-12-11,14:00,5856,18,1,4,6,8,10,11,12,13,15,18
2017-12-11,15:00,5857,1,3,4,5,8,9,10,12,15,16,19
2017-12-11,16:00,5858,15,2,3,4,6,8,9,12,13,17,18
2017-12-11,17:00,5859,7,3,4,7,8,10,11,13,14,19,20
2017-12-11,18:00,5860,1,2,5,6,8,9,11,14,15,16,20
2017-12-11,19:00,5861,5,3,4,5,7,8,10,11,13,15,16
2017-12-11,20:00,5862,12,1,4,6,7,10,11,14,15,18,20
2017-12-11,21:00,5863,7,3,4,7,9,10,11,13,15,16,20
2017-12-11,22:00,5864,9,1,3,7,9,11,15,17,18,19,20
2017-12-11,23:00,5865,4,5,6,8,12,13,14,15,17,19,20
2017-12-12,07:00,5866,19,1,2,4,6,7,8,9,15,16,19
2017-12-12,08:00,5867,1,3,4,6,7,8,9,14,15,16,18
2017-12-12,09:00,5868,19,2,9,12,13,14,15,16,17,19,20
2017-12-12,10:00,5869,19,1,2,4,7,10,13,14,15,16,17
2017-12-12,11:00,5870,14,2,5,8,10,12,13,14,16,19,20
2017-12-12,12:00,5871,13,2,5,7,9,10,12,13,15,17,20
2017-12-12,13:00,5872,16,1,5,9,10,11,13,14,15,17,19
2017-12-12,14:00,5873,5,2,3,5,6,7,8,10,13,16,17
2017-12-12,15:00,5874,6,1,4,6,8,10,12,13,14,15,19
2017-12-12,16:00,5875,12,1,4,6,7,8,9,11,14,18,20
2017-12-12,17:00,5876,1,1,2,4,5,7,11,13,14,18,20
2017-12-12,18:00,5877,15,1,2,5,8,9,12,16,17,18,20
2017-12-12,19:00,5878,12,1,5,6,8,9,10,11,12,15,18
2017-12-12,20:00,5879,14,1,6,7,8,9,13,15,17,18,20
2017-12-12,21:00,5880,15,2,3,5,6,7,9,10,13,14,20
2017-12-12,22:00,5881,19,4,5,6,8,10,14,16,17,18,19
2017-12-12,23:00,5882,6,2,5,6,8,11,12,13,14,15,16
2017-12-13,07:00,5883,7,7,8,9,10,12,13,15,18,19,20
2017-12-13,08:00,5884,10,2,3,7,8,9,11,12,14,15,18
2017-12-13,09:00,5885,5,1,3,4,8,10,11,12,16,18,19
2017-12-13,10:00,5886,17,3,4,7,8,11,12,15,16,17,19
2017-12-13,11:00,5887,15,2,3,9,13,14,15,17,18,19,20
2017-12-13,12:00,5888,17,2,3,4,6,7,9,11,13,15,19
2017-12-13,13:00,5889,16,2,3,7,9,10,15,17,18,19,20
2017-12-13,14:00,5890,19,1,2,4,9,10,12,15,16,18,20
2017-12-13,15:00,5891,17,3,4,6,7,9,12,14,15,18,20
2017-12-13,16:00,5892,12,3,4,5,9,11,12,14,15,19,20
2017-12-13,17:00,5893,11,1,2,3,7,9,13,14,16,17,19
2017-12-13,18:00,5894,16,3,9,10,12,13,14,16,17,19,20
2017-12-13,19:00,5895,15,2,5,6,7,8,10,11,17,18,19
2017-12-13,20:00,5896,20,1,2,8,9,10,11,12,14,15,16
2017-12-13,21:00,5897,1,1,2,3,5,8,9,10,15,19,20
2017-12-13,22:00,5898,17,1,3,4,5,6,9,10,14,15,16
2017-12-13,23:00,5899,12,1,2,4,6,7,9,10,12,15,19
2017-12-14,07:00,5900,19,3,4,6,9,12,15,17,18,19,20
2017-12-14,08:00,5901,6,1,3,6,7,9,11,13,14,16,18
2017-12-14,09:00,5902,2,1,3,6,7,8,9,11,15,16,19
2017-12-14,10:00,5903,8,1,2,3,5,9,11,12,16,17,19
2017-12-14,11:00,5904,3,2,4,5,7,10,11,14,16,19,20
2017-12-14,12:00,5905,7,5,7,8,10,14,15,16,18,19,20
2017-12-14,13:00,5906,15,3,5,6,7,8,11,13,14,15,17
2017-12-14,14:00,5907,17,2,4,5,11,15,16,17,18,19,20
2017-12-14,15:00,5908,2,3,4,5,6,7,9,10,11,13,15
2017-12-14,16:00,5909,8,1,2,3,5,6,8,12,13,16,20
2017-12-14,17:00,5910,6,2,3,5,6,8,10,11,12,13,16
2017-12-14,18:00,5911,10,1,2,3,5,10,11,12,13,19,20
2017-12-14,19:00,5912,3,1,4,5,6,7,8,14,16,18,19
2017-12-14,20:00,5913,9,2,3,6,7,9,11,12,13,15,18
2017-12-14,21:00,5914,13,4,5,8,9,10,13,14,15,16,19
2017-12-14,22:00,5915,12,2,3,5,6,9,12,15,18,19,20
2017-12-14,23:00,5916,8,1,5,7,9,10,13,14,17,18,19
2017-12-15,07:00,5917,13,1,4,6,8,10,14,15,16,18,19
2017-12-15,08:00,5918,6,4,6,8,11,12,13,14,15,17,20
2017-12-15,09:00,5919,13,3,4,7,8,9,13,14,15,17,20
2017-12-15,10:00,5920,11,6,7,8,9,11,12,13,16,17,18
2017-12-15,11:00,5921,19,3,4,6,7,10,13,14,16,17,19
2017-12-15,12:00,5922,12,1,3,7,9,11,12,13,15,16,19
2017-12-15,13:00,5923,7,1,2,3,4,6,7,10,15,19,20
2017-12-15,14:00,5924,1,1,2,3,4,5,6,11,15,16,18
2017-12-15,15:00,5925,10,3,5,7,8,10,11,12,13,14,19
2017-12-15,16:00,5926,12,1,2,3,6,11,13,17,18,19,20
2017-12-15,17:00,5927,18,1,2,3,7,9,11,12,13,18,20
2017-12-15,18:00,5928,14,2,3,4,6,8,9,10,14,15,16
2017-12-15,19:00,5929,17,1,2,4,5,6,7,8,12,15,18
2017-12-15,20:00,5930,10,1,5,6,9,10,11,12,17,18,20
2017-12-15,21:00,5931,6,1,2,3,5,7,8,11,13,17,18
2017-12-15,22:00,5932,14,3,4,8,10,12,13,15,16,18,20
2017-12-15,23:00,5933,8,1,2,3,6,7,9,10,11,19,20
2017-12-16,07:00,5934,2,3,4,5,6,7,10,11,12,13,18
2017-12-16,08:00,5935,2,2,4,5,7,8,9,12,15,19,20
2017-12-16,09:00,5936,17,4,5,7,8,9,12,13,14,16,18
2017-12-16,10:00,5937,13,3,5,6,8,10,12,13,14,18,19
2017-12-16,11:00,5938,6,5,8,10,12,13,14,16,17,19,20
2017-12-16,12:00,5939,13,1,4,5,6,7,10,15,16,17,19
2017-12-16,13:00,5940,19,1,4,5,8,9,14,15,16,17,20
2017-12-16,14:00,5941,1,1,3,4,5,8,14,15,16,19,20
2017-12-16,15:00,5942,17,1,3,6,7,10,13,15,16,17,20
2017-12-16,16:00,5943,4,1,3,4,5,8,10,12,13,18,19
2017-12-16,17:00,5944,13,2,4,5,10,11,14,15,17,18,19
2017-12-16,18:00,5945,12,1,5,7,8,9,11,12,14,15,17
2017-12-16,19:00,5946,14,1,2,3,4,5,6,10,16,17,20
2017-12-16,20:00,5947,16,1,6,7,11,12,13,14,16,18,20
2017-12-16,21:00,5948,19,2,4,5,9,10,13,15,17,19,20
2017-12-16,22:00,5949,12,3,8,9,14,15,16,17,18,19,20
2017-12-16,23:00,5950,19,2,8,9,10,11,12,14,15,16,19
2017-12-17,07:00,5951,11,2,5,6,7,13,14,16,17,18,20
2017-12-17,08:00,5952,15,1,4,5,8,9,10,11,14,17,19
2017-12-17,09:00,5953,15,1,2,3,4,6,7,8,9,17,20
2017-12-17,10:00,5954,3,1,5,6,8,9,10,11,12,19,20
2017-12-17,11:00,5955,19,4,5,6,7,10,11,14,15,17,18
2017-12-17,12:00,5956,17,1,2,4,5,8,9,11,12,13,18
2017-12-17,13:00,5957,1,6,7,8,9,10,11,13,14,16,18
2017-12-17,14:00,5958,12,2,6,7,8,11,15,16,17,18,20
2017-12-17,15:00,5959,6,1,2,3,5,8,9,11,12,18,20
2017-12-17,16:00,5960,17,5,9,11,12,13,14,16,18,19,20
2017-12-17,17:00,5961,7,1,2,5,6,7,8,9,11,17,20
2017-12-17,18:00,5962,13,2,5,6,7,8,9,16,18,19,20
2017-12-17,19:00,5963,2,1,7,9,11,13,16,17,18,19,20
2017-12-17,20:00,5964,11,2,3,5,7,8,9,11,13,14,20
2017-12-17,21:00,5965,15,3,4,5,6,7,8,9,11,16,18
2017-12-17,22:00,5966,18,2,4,7,9,12,14,15,16,17,18
2017-12-17,23:00,5967,12,1,5,6,7,8,14,16,17,19,20
2017-12-18,07:00,5968,19,1,3,4,5,6,10,12,17,19,20
2017-12-18,08:00,5969,10,1,3,5,9,12,13,14,15,19,20
2017-12-18,09:00,5970,2,3,4,5,6,8,10,13,15,17,18
2017-12-18,10:00,5971,8,4,6,8,10,12,13,16,18,19,20
2017-12-18,11:00,5972,17,1,3,4,8,9,10,13,14,15,19
2017-12-18,12:00,5973,12,3,4,6,9,10,16,17,18,19,20
2017-12-18,13:00,5974,19,3,4,5,6,12,14,17,18,19,20
2017-12-18,14:00,5975,11,4,5,9,11,13,14,15,16,18,19
2017-12-18,15:00,5976,2,3,4,5,7,8,10,12,15,16,18
2017-12-18,16:00,5977,20,3,4,6,7,9,13,14,17,19,20
2017-12-18,17:00,5978,5,1,2,5,6,7,8,11,18,19,20
2017-12-18,18:00,5979,7,5,6,10,12,13,14,15,16,17,20
2017-12-18,19:00,5980,11,3,4,5,10,12,14,15,16,17,20
2017-12-18,20:00,5981,5,3,7,9,11,12,13,15,16,17,19
2017-12-18,21:00,5982,15,4,5,6,8,9,11,12,16,18,19
2017-12-18,22:00,5983,13,2,4,7,8,9,11,12,14,17,18
2017-12-18,23:00,5984,5,2,4,6,8,9,10,11,13,16,20
2017-12-19,07:00,5985,14,3,4,6,10,11,12,14,15,18,19
2017-12-19,08:00,5986,1,1,4,6,8,9,14,15,17,19,20
2017-12-19,09:00,5987,1,1,3,5,10,12,13,16,17,18,20
2017-12-19,10:00,5988,7,1,2,3,11,12,14,15,16,17,19
2017-12-19,11:00,5989,5,3,4,5,7,11,12,13,15,17,20
2017-12-19,12:00,5990,16,2,7,8,10,12,13,14,15,16,20
2017-12-19,13:00,5991,9,1,2,3,4,7,8,9,14,15,20
2017-12-19,14:00,5992,9,3,5,6,7,8,11,14,16,17,19
2017-12-19,15:00,5993,17,4,5,6,11,12,13,14,15,16,19
2017-12-19,16:00,5994,1,1,3,5,6,7,10,12,14,15,16
2017-12-19,17:00,5995,3,1,7,8,11,12,13,14,15,16,18
2017-12-19,18:00,5996,3,1,4,5,8,11,12,13,14,15,19
2017-12-19,19:00,5997,3,1,2,3,4,5,8,9,13,15,17
2017-12-19,20:00,5998,2,2,4,5,10,11,16,17,18,19,20
2017-12-19,21:00,5999,17,1,4,7,9,10,12,14,15,17,19
2017-12-19,22:00,6000,1,1,4,5,7,8,14,16,17,18,19
2017-12-19,23:00,6001,1,6,8,9,10,13,15,16,17,18,19
2017-12-20,07:00,6002,4,2,3,4,5,7,8,11,14,17,18
2017-12-20,08:00,6003,10,1,2,3,8,9,14,15,17,18,19
2017-12-20,09:00,6004,18,3,4,5,7,10,12,13,14,16,19
2017-12-20,10:00,6005,4,4,5,6,8,10,13,14,16,17,20
2017-12-20,11:00,6006,18,1,3,5,6,7,10,14,15,16,18
2017-12-20,12:00,6007,18,3,4,7,8,11,12,13,14,19,20
2017-12-20,13:00,6008,13,4,5,9,10,11,15,16,17,18,19
2017-12-20,14:00,6009,12,2,7,8,9,10,14,15,16,19,20
2017-12-20,15:00,6010,13,1,2,4,7,9,11,12,16,18,19
2017-12-20,16:00,6011,16,1,3,5,7,9,11,14,17,18,19
2017-12-20,17:00,6012,7,1,3,5,6,8,9,10,16,17,20
2017-12-20,18:00,6013,15,1,5,7,8,9,10,14,16,18,20
2017-12-20,19:00,6014,12,2,3,4,5,6,11,12,13,18,20
2017-12-20,20:00,6015,5,4,6,8,9,10,13,15,18,19,20
2017-12-20,21:00,6016,12,4,5,6,7,9,10,11,13,16,20
2017-12-20,22:00,6017,1,1,2,3,7,9,11,14,15,19,20
2017-12-20,23:00,6018,12,1,2,3,5,6,7,8,9,15,20
2017-12-21,07:00,6019,13,2,4,6,8,13,14,15,17,18,19
2017-12-21,08:00,6020,5,1,4,6,7,9,10,12,15,17,20
2017-12-21,09:00,6021,16,1,6,8,9,10,11,13,14,16,19
2017-12-21,10:00,6022,13,2,4,6,8,10,13,15,16,17,19
2017-12-21,11:00,6023,9,1,2,4,8,11,12,13,16,17,18
2017-12-21,12:00,6024,2,2,4,5,6,8,9,12,13,16,18
2017-12-21,13:00,6025,17,1,3,6,7,8,11,15,16,19,20
2017-12-21,14:00,6026,6,2,3,5,8,10,11,12,13,15,17
2017-12-21,15:00,6027,5,1,2,6,8,10,14,16,18,19,20
2017-12-21,16:00,6028,8,2,4,5,6,7,10,13,15,16,17
2017-12-21,17:00,6029,2,2,4,8,11,13,14,16,18,19,20
2017-12-21,18:00,6030,2,5,8,9,10,11,13,14,17,19,20
2017-12-21,19:00,6031,4,1,3,4,7,9,15,16,17,19,20
2017-12-21,20:00,6032,20,1,3,5,6,8,9,10,12,18,20
2017-12-21,21:00,6033,12,1,4,6,7,11,12,14,17,18,19
2017-12-21,22:00,6034,4,1,2,4,7,8,10,14,16,17,20
2017-12-21,23:00,6035,4,1,3,5,7,9,10,14,16,17,19
2017-12-22,07:00,6036,15,1,4,5,6,7,8,13,17,18,19
2017-12-22,08:00,6037,14,1,3,5,7,9,10,12,14,15,19
2017-12-22,09:00,6038,6,2,4,6,7,10,11,12,17,19,20
2017-12-22,10:00,6039,18,1,3,4,5,7,8,9,10,16,20
2017-12-22,11:00,6040,8,2,5,6,7,8,12,15,16,17,19
2017-12-22,12:00,6041,13,1,2,5,9,12,14,15,18,19,20
2017-12-22,13:00,6042,18,1,4,5,7,10,11,13,16,17,18
2017-12-22,14:00,6043,18,2,4,5,8,9,12,13,15,16,19
2017-12-22,15:00,6044,5,3,5,6,8,9,14,15,16,17,20
2017-12-22,16:00,6045,5,2,4,5,7,9,13,14,15,19,20
2017-12-22,17:00,6046,18,1,3,7,8,9,10,11,12,17,19
2017-12-22,18:00,6047,19,1,4,5,8,10,12,13,15,18,20
2017-12-22,19:00,6048,18,2,5,6,7,8,11,12,13,14,17
2017-12-22,20:00,6049,6,1,4,7,11,12,13,15,16,18,20
2017-12-22,21:00,6050,4,1,2,3,4,7,8,11,12,13,16
2017-12-22,22:00,6051,9,1,3,7,9,11,12,17,18,19,20
2017-12-22,23:00,6052,1,3,8,9,12,13,14,16,17,19,20
2017-12-23,07:00,6053,9,3,4,5,8,11,14,15,17,18,20
2017-12-23,08:00,6054,5,3,4,5,9,10,12,13,14,18,19
2017-12-23,09:00,6055,17,3,4,6,7,8,12,13,15,18,20
2017-12-23,10:00,6056,10,1,3,4,6,8,9,14,15,19,20
2017-12-23,11:00,6057,8,1,3,6,7,8,9,11,14,15,18
2017-12-23,12:00,6058,6,3,6,7,10,12,13,14,15,17,20
2017-12-23,13:00,6059,9,1,3,5,7,8,9,12,15,16,19
2017-12-23,14:00,6060,18,4,5,6,10,11,13,17,18,19,20
2017-12-23,15:00,6061,18,2,3,8,10,11,12,14,15,17,20
2017-12-23,16:00,6062,1,1,2,3,4,6,12,13,14,16,17
2017-12-23,17:00,6063,6,1,2,4,5,9,13,16,18,19,20
2017-12-23,18:00,6064,7,1,4,5,9,11,13,15,17,18,19
2017-12-23,19:00,6065,2,1,3,4,5,9,12,13,14,15,16
2017-12-23,20:00,6066,9,2,4,6,7,8,9,11,12,14,16
2017-12-23,21:00,6067,5,1,2,3,4,5,9,12,14,17,18
2017-12-23,22:00,6068,19,2,5,7,8,10,11,14,18,19,20
2017-12-23,23:00,6069,11,2,3,6,7,10,11,16,17,19,20
2017-12-24,07:00,6070,12,2,6,7,10,11,13,15,16,18,20
2017-12-24,08:00,6071,1,2,3,5,7,11,12,13,17,18,20
2017-12-24,09:00,6072,11,2,5,9,11,13,14,16,17,18,19
2017-12-24,10:00,6073,13,3,6,7,9,10,11,14,15,16,17
2017-12-24,11:00,6074,13,1,5,6,8,9,10,11,15,16,17
2017-12-24,12:00,6075,13,2,4,5,9,11,14,16,17,18,20
2017-12-24,13:00,6076,3,2,3,4,5,13,15,16,17,18,20
2017-12-24,14:00,6077,16,1,2,5,9,10,14,15,16,18,20
2017-12-24,15:00,6078,2,2,3,5,6,8,11,12,13,16,19
2017-12-24,16:00,6079,8,1,3,4,5,7,11,12,17,19,20
2017-12-24,17:00,6080,3,4,5,10,11,13,14,15,17,18,19
2017-12-24,18:00,6081,1,2,5,6,7,8,9,11,13,17,20
2017-12-24,19:00,6082,6,3,4,6,7,10,12,14,15,18,20
2017-12-24,20:00,6083,12,3,7,9,11,12,14,15,16,19,20
2017-12-24,21:00,6084,18,2,3,4,6,7,9,10,17,19,20
2017-12-24,22:00,6085,16,3,4,5,6,11,13,15,16,17,18
2017-12-24,23:00,6086,13,1,5,6,9,10,13,14,15,16,17
2017-12-25,07:00,6087,19,1,2,4,5,7,8,10,12,14,19
2017-12-25,08:00,6088,4,3,4,5,10,11,12,14,15,18,20
2017-12-25,09:00,6089,2,2,4,7,9,10,12,15,16,17,20
2017-12-25,10:00,6090,19,4,5,6,10,11,12,15,17,18,19
2017-12-25,11:00,6091,4,2,6,7,8,9,11,12,13,16,17
2017-12-25,12:00,6092,19,1,3,4,5,7,9,11,12,17,20
2017-12-25,13:00,6093,2,5,6,8,10,11,14,15,18,19,20
2017-12-25,14:00,6094,1,1,2,3,6,11,12,14,17,18,19
2017-12-25,15:00,6095,14,1,3,4,6,7,8,9,11,17,19
2017-12-25,16:00,6096,20,2,4,5,9,12,14,16,18,19,20
2017-12-25,17:00,6097,20,1,2,4,5,6,8,10,18,19,20
2017-12-25,18:00,6098,20,1,2,3,6,7,9,12,13,15,17
2017-12-25,19:00,6099,20,1,2,7,8,10,11,12,13,14,17
2017-12-25,20:00,6100,9,4,5,8,11,12,15,16,18,19,20
2017-12-25,21:00,6101,15,1,2,5,6,11,13,15,17,19,20
2017-12-25,22:00,6102,16,2,3,4,6,9,10,11,16,17,20
2017-12-25,23:00,6103,20,1,3,4,11,12,15,16,17,18,20
2017-12-26,07:00,6104,8,4,5,7,8,10,11,15,16,18,20
2017-12-26,08:00,6105,9,2,5,6,7,11,13,15,17,18,20
2017-12-26,09:00,6106,10,2,3,4,5,6,8,10,11,13,17
2017-12-26,10:00,6107,14,2,6,7,8,9,10,11,15,16,17
2017-12-26,11:00,6108,10,1,4,5,7,8,11,15,17,18,20
2017-12-26,12:00,6109,7,3,4,7,9,10,11,16,17,18,19
2017-12-26,13:00,6110,4,3,6,7,8,9,10,12,15,19,20
2017-12-26,14:00,6111,18,1,4,6,7,10,12,13,14,18,20
2017-12-26,15:00,6112,13,4,5,6,8,10,13,14,18,19,20
2017-12-26,16:00,6113,6,1,3,4,7,8,11,14,15,19,20
2017-12-26,17:00,6114,18,1,4,5,7,11,13,14,15,17,19
2017-12-26,18:00,6115,14,2,3,5,6,7,8,9,13,16,19
2017-12-26,19:00,6116,4,1,2,3,5,7,8,11,12,19,20
2017-12-26,20:00,6117,12,1,3,4,5,9,10,14,18,19,20
2017-12-26,21:00,6118,15,1,4,6,9,10,12,14,18,19,20
2017-12-26,22:00,6119,3,2,3,4,5,6,11,15,17,18,19
2017-12-26,23:00,6120,18,1,5,6,9,12,15,16,18,19,20
2017-12-27,07:00,6121,13,2,3,8,9,10,11,14,16,17,18
2017-12-27,08:00,6122,2,2,3,7,8,10,12,14,17,18,20
2017-12-27,09:00,6123,20,3,6,7,8,12,13,14,16,19,20
2017-12-27,10:00,6124,9,1,4,5,6,8,10,11,12,16,18
2017-12-27,11:00,6125,1,3,4,5,6,9,12,16,17,18,19
2017-12-27,12:00,6126,10,2,4,5,8,10,12,13,15,16,20
2017-12-27,13:00,6127,19,5,7,8,10,12,13,14,15,16,18
2017-12-27,14:00,6128,10,6,7,8,10,11,14,15,17,18,19
2017-12-27,15:00,6129,19,2,4,6,8,10,15,16,17,18,19
2017-12-27,16:00,6130,7,1,4,6,9,11,15,16,18,19,20
2017-12-27,17:00,6131,7,2,4,6,7,9,11,12,13,17,20
2017-12-27,18:00,6132,14,2,3,4,5,6,7,8,10,14,15
2017-12-27,19:00,6133,5,1,2,5,7,11,12,13,14,16,20
2017-12-27,20:00,6134,7,3,4,5,6,7,8,11,13,19,20
2017-12-27,21:00,6135,11,1,4,5,10,13,15,16,18,19,20
2017-12-27,22:00,6136,7,4,5,10,11,12,14,15,17,18,20
2017-12-27,23:00,6137,11,6,9,10,13,14,16,17,18,19,20
2017-12-28,07:00,6138,1,1,5,7,8,12,13,14,15,16,18
2017-12-28,08:00,6139,4,1,2,7,8,9,12,13,15,18,20
2017-12-28,09:00,6140,8,2,4,7,9,11,14,16,17,18,20
2017-12-28,10:00,6141,10,2,4,6,7,8,10,11,12,17,18
2017-12-28,11:00,6142,11,1,2,3,4,5,8,10,11,12,15
2017-12-28,12:00,6143,11,3,4,5,6,7,8,10,13,18,20
2017-12-28,13:00,6144,13,1,2,3,10,12,14,16,17,19,20
2017-12-28,14:00,6145,5,1,2,6,7,8,9,10,11,12,19
2017-12-28,15:00,6146,16,3,4,5,7,9,10,11,12,16,17
2017-12-28,16:00,6147,2,3,7,8,9,11,12,13,16,18,19
2017-12-28,17:00,6148,18,1,3,8,13,14,15,16,17,18,19
2017-12-28,18:00,6149,10,5,6,7,8,9,11,14,15,18,20
2017-12-28,19:00,6150,16,1,2,4,5,6,9,13,14,15,20
2017-12-28,20:00,6151,4,5,9,11,13,15,16,17,18,19,20
2017-12-28,21:00,6152,4,3,4,5,8,10,13,16,17,19,20
2017-12-28,22:00,6153,11,1,5,6,7,8,10,11,14,15,18
2017-12-28,23:00,6154,7,2,4,6,9,12,13,15,16,18,20
2017-12-29,07:00,6155,13,3,4,5,7,9,10,11,13,14,18
2017-12-29,08:00,6156,4,2,3,4,5,6,7,9,13,15,18
2017-12-29,09:00,6157,10,1,8,10,11,12,14,15,16,18,19
2017-12-29,10:00,6158,7,1,3,5,6,7,11,15,18,19,20
2017-12-29,11:00,6159,17,1,2,3,5,7,14,16,17,18,19
2017-12-29,12:00,6160,6,2,5,6,7,8,10,12,13,14,15
2017-12-29,13:00,6161,15,1,4,6,7,9,14,17,18,19,20
2017-12-29,14:00,6162,11,3,4,6,8,11,12,16,17,19,20
2017-12-29,15:00,6163,15,1,2,3,9,10,11,13,14,18,20
2017-12-29,16:00,6164,19,1,4,5,6,8,10,12,16,18,19
2017-12-29,17:00,6165,18,2,4,5,8,9,10,11,12,15,16
2017-12-29,18:00,6166,15,3,5,6,9,10,11,12,15,17,18
2017-12-29,19:00,6167,8,3,5,7,8,10,11,12,13,16,18
2017-12-29,20:00,6168,7,2,4,6,7,8,9,14,16,18,19
2017-12-29,21:00,6169,18,1,10,11,12,13,15,16,17,19,20
2017-12-29,22:00,6170,4,1,3,4,5,7,8,9,11,13,17
2017-12-29,23:00,6171,7,5,6,7,8,9,11,14,15,18,20
2017-12-30,07:00,6172,7,1,6,7,9,10,11,14,15,18,20
2017-12-30,08:00,6173,14,5,7,9,13,14,15,17,18,19,20
2017-12-30,09:00,6174,4,1,2,3,10,14,15,16,18,19,20
2017-12-30,10:00,6175,1,1,3,4,6,9,10,12,14,15,16
2017-12-30,11:00,6176,13,2,4,7,9,10,12,14,15,17,20
2017-12-30,12:00,6177,14,1,2,3,7,9,10,11,12,13,20
2017-12-30,13:00,6178,15,1,2,3,5,8,12,13,17,18,19
2017-12-30,14:00,6179,10,4,5,6,8,9,12,14,15,17,19
2017-12-30,15:00,6180,10,2,5,7,8,10,11,12,13,17,19
2017-12-30,16:00,6181,5,4,6,7,9,10,12,14,15,17,19
2017-12-30,17:00,6182,2,4,5,7,8,10,12,16,17,19,20
2017-12-30,18:00,6183,3,4,5,6,8,10,11,12,13,14,16
2017-12-30,19:00,6184,13,4,5,7,9,12,13,15,16,17,19
2017-12-30,20:00,6185,13,5,6,7,10,11,13,14,15,17,18
2017-12-30,21:00,6186,7,1,2,4,7,9,11,13,14,16,19
2017-12-30,22:00,6187,8,2,5,10,11,12,13,16,17,18,19
2017-12-30,23:00,6188,13,2,4,5,6,7,10,12,15,17,18
2017-12-31,07:00,6189,7,2,3,6,8,9,10,11,16,19,20
2017-12-31,08:00,6190,8,1,2,6,7,9,10,11,12,16,19
2017-12-31,09:00,6191,7,1,6,9,12,13,15,16,17,18,19
2017-12-31,10:00,6192,3,2,5,6,8,9,10,11,13,15,17
2017-12-31,11:00,6193,5,1,3,4,7,8,10,14,16,17,19
2017-12-31,12:00,6194,14,1,3,5,7,8,9,10,16,19,20
2017-12-31,13:00,6195,18,1,4,5,6,7,11,14,17,18,20
2017-12-31,14:00,6196,1,1,2,4,5,10,11,14,16,18,19
2017-12-31,15:00,6197,6,1,3,5,6,8,10,11,15,17,18
2017-12-31,16:00,6198,13,2,4,5,7,8,10,11,14,16,19
2017-12-31,17:00,6199,19,2,4,5,8,9,10,11,16,18,20
2017-12-31,18:00,6200,8,1,3,4,5,6,12,14,15,16,18
2017-12-31,19:00,6201,12,1,2,3,5,8,9,10,14,16,18
2017-12-31,20:00,6202,20,3,4,5,6,8,9,13,14,16,19
2017-12-31,21:00,6203,19,1,2,3,4,5,7,9,18,19,20
2017-12-31,22:00,6204,2,4,6,9,10,12,15,16,17,18,20
2017-12-31,23:00,6205,19,2,3,7,8,9,10,12,14,17,18
